#VRML V2.0 utf8
# 3D model generated by easyeda2kicad.py (https://github.com/uPesy/easyeda2kicad.py)

Shape{
    appearance Appearance {
        material  Material 	{
            diffuseColor 0.7686274509803922 0.7686274509803922 0.7686274509803922
            specularColor 0.615686274509804 0.615686274509804 0.615686274509804
            ambientIntensity 0.2
            transparency 0
            shininess 0.5
        }
    }
    geometry IndexedFaceSet {
        ccw TRUE
        solid FALSE
        coord DEF co Coordinate {
            point [
                0.2597 -0.8675 0.0, 0.1664 -0.8896 0.0, 0.1664 -0.3725 0.0, -0.8509 -0.3097 0.0, -0.8679 -0.2529 0.0, -0.6988 -0.2529 0.0, -0.8811 -0.2088 0.0, -0.887 -0.1753 0.0, -0.6988 -0.1753 0.0, -0.4888 0.0255 0.0, -0.4921 0.0 0.0, 0.2986 -0.0255 0.0, 0.2636 -0.1753 0.0, 0.2953 0.0 0.0, 0.2636 0.8661 0.0, 0.2986 0.0255 0.0, 0.3937 0.0984 0.0, 0.3682 0.0951 0.0, 0.3445 0.0852 0.0, 0.3085 -0.0492 0.0, 0.3241 -0.0696 0.0, 0.3445 -0.0852 0.0, 0.3682 -0.0951 0.0, 0.3937 -0.0984 0.0, 0.4192 -0.0951 0.0, 0.3241 0.0696 0.0, 0.3085 0.0492 0.0, 0.4429 -0.0852 0.0, 0.4633 -0.0696 0.0, 0.887 -0.1753 0.0, 0.4789 -0.0492 0.0, 0.8994 -0.1051 0.0, 0.4888 -0.0255 0.0, 0.9055 0.0 0.0, 0.4921 -0.0 0.0, 0.8994 0.1051 0.0, 0.4888 0.0255 0.0, 0.8811 0.2088 0.0, 0.4789 0.0492 0.0, 0.3587 0.8315 0.0, 0.4528 0.7842 0.0, 0.4192 0.0951 0.0, 0.4429 0.0852 0.0, 0.7565 0.4976 0.0, 0.4633 0.0696 0.0, 0.8092 0.4064 0.0, 0.8509 0.3097 0.0, 0.5407 0.7263 0.0, 0.6214 0.6586 0.0, 0.6937 0.5821 0.0, 0.1572 0.8918 0.0, 0.1664 0.8896 0.0, 0.1664 -0.1753 0.0, 0.2597 0.8675 0.0, 0.0619 0.9029 0.0, 0.0619 -0.1753 0.0, 0.0527 0.904 0.0, -0.0245 -0.1753 0.0, -0.1354 -0.1753 0.0, -0.0527 0.904 0.0, -0.0245 0.904 0.0, -0.2597 0.8675 0.0, -0.1572 0.8918 0.0, -0.1354 0.8943 0.0, -0.4888 -0.0255 0.0, -0.4789 -0.0492 0.0, -0.4633 -0.0696 0.0, -0.2708 0.8634 0.0, -0.2708 -0.1753 0.0, -0.2953 -0.0 0.0, -0.2986 0.0255 0.0, -0.3085 0.0492 0.0, -0.3241 0.0696 0.0, -0.3241 -0.0696 0.0, -0.3445 -0.0852 0.0, -0.3682 -0.0951 0.0, -0.3085 -0.0492 0.0, -0.2986 -0.0255 0.0, -0.4429 -0.0852 0.0, -0.4192 -0.0951 0.0, -0.3937 -0.0984 0.0, -0.3445 0.0852 0.0, -0.3682 0.0951 0.0, -0.3587 0.8315 0.0, -0.3937 0.0984 0.0, -0.4528 0.7842 0.0, -0.4192 0.0951 0.0, -0.5407 0.7263 0.0, -0.6214 0.6586 0.0, -0.6937 0.5821 0.0, -0.4429 0.0852 0.0, -0.6988 0.5751 0.0, -0.4633 0.0696 0.0, -0.4789 0.0492 0.0, -0.8994 -0.1051 0.0, -0.9055 0.0 0.0, -0.8994 0.1051 0.0, -0.8811 0.2088 0.0, -0.8509 0.3097 0.0, -0.8092 0.4064 0.0, -0.7565 0.4976 0.0, -0.6988 -0.5751 0.0, -0.7565 -0.4976 0.0, -0.6988 -0.3725 0.0, -0.8092 -0.4064 0.0, -0.8238 -0.3725 0.0, -0.6937 -0.5821 0.0, -0.2708 -0.3725 0.0, -0.6214 -0.6586 0.0, -0.2597 -0.8675 0.0, -0.2708 -0.8634 0.0, -0.3587 -0.8315 0.0, -0.4528 -0.7842 0.0, -0.5407 -0.7263 0.0, 0.0527 -0.904 0.0, -0.0245 -0.904 0.0, -0.0245 -0.3725 0.0, -0.0527 -0.904 0.0, -0.1354 -0.3725 0.0, -0.1354 -0.8943 0.0, -0.1572 -0.8918 0.0, 0.0619 -0.3725 0.0, 0.0619 -0.9029 0.0, 0.1572 -0.8918 0.0, 0.1129 -0.3725 0.0, 0.4528 -0.7842 0.0, 0.3587 -0.8315 0.0, 0.2636 -0.3725 0.0, 0.2636 -0.8661 0.0, 0.8238 -0.3725 0.0, 0.8092 -0.4064 0.0, 0.7565 -0.4976 0.0, 0.6937 -0.5821 0.0, 0.6214 -0.6586 0.0, 0.5407 -0.7263 0.0, 0.8509 -0.3097 0.0, 0.2636 -0.2529 0.0, 0.8679 -0.2529 0.0, 0.8811 -0.2088 0.0, 0.0735 -0.3656 0.0, 0.0735 -0.3527 0.0, 0.0619 -0.2529 0.0, 0.086 -0.3708 0.0, 0.098 -0.3725 0.0, 0.1027 -0.3731 0.0, 0.106 -0.3732 0.0, 0.0908 -0.2529 0.0, 0.0871 -0.2532 0.0, 0.0735 -0.2569 0.0, 0.0735 -0.2727 0.0, 0.0868 -0.267 0.0, 0.0756 -0.3539 0.0, 0.1011 -0.2652 0.0, 0.1127 -0.2665 0.0, 0.1216 -0.2697 0.0, 0.1298 -0.2751 0.0, 0.1369 -0.283 0.0, 0.1455 -0.314 0.0, 0.1443 -0.3268 0.0, 0.1411 -0.3369 0.0, 0.1148 -0.359 0.0, 0.1038 -0.3602 0.0, 0.1234 -0.3558 0.0, 0.1306 -0.351 0.0, 0.1362 -0.3451 0.0, 0.0881 -0.3585 0.0, 0.1418 -0.2921 0.0, 0.1449 -0.3048 0.0, 0.1101 -0.2529 0.0, 0.1013 -0.2522 0.0, 0.132 -0.3678 0.0, 0.1415 -0.3617 0.0, 0.1503 -0.3523 0.0, 0.1566 -0.3411 0.0, 0.1205 -0.3717 0.0, 0.1551 -0.2848 0.0, 0.1482 -0.2737 0.0, 0.1664 -0.2529 0.0, 0.1375 -0.2635 0.0, 0.1263 -0.257 0.0, 0.1131 -0.2532 0.0, 0.1602 -0.3286 0.0, 0.1613 -0.3149 0.0, 0.1596 -0.2981 0.0, 0.1714 -0.3588 0.0, 0.1714 -0.3718 0.0, 0.2319 -0.3718 0.0, 0.2319 -0.2537 0.0, 0.2161 -0.2537 0.0, -0.0101 -0.2537 0.0, -0.0245 -0.2529 0.0, 0.0504 -0.3718 0.0, 0.0504 -0.2537 0.0, -0.0101 -0.2666 0.0, -0.013 -0.3588 0.0, -0.013 -0.3718 0.0, 0.0346 -0.3185 0.0, 0.0346 -0.3588 0.0, -0.0072 -0.3185 0.0, -0.0072 -0.3055 0.0, 0.0346 -0.3055 0.0, 0.0346 -0.2666 0.0, -0.1252 -0.3394 0.0, -0.1294 -0.327 0.0, -0.1311 -0.3112 0.0, -0.0864 -0.2555 0.0, -0.1354 -0.2529 0.0, -0.0693 -0.2537 0.0, -0.1184 -0.35 0.0, -0.1087 -0.3593 0.0, -0.0963 -0.3664 0.0, -0.1002 -0.2603 0.0, -0.1131 -0.2689 0.0, -0.1132 -0.2691 0.0, -0.1216 -0.2783 0.0, -0.127 -0.2885 0.0, -0.1302 -0.3001 0.0, -0.0827 -0.3705 0.0, -0.0681 -0.3718 0.0, -0.036 -0.3718 0.0, -0.036 -0.2537 0.0, -0.157 -0.3718 0.0, -0.1397 -0.3718 0.0, -0.2002 -0.2537 0.0, -0.2463 -0.3718 0.0, -0.229 -0.3718 0.0, -0.2171 -0.3386 0.0, -0.1683 -0.3386 0.0, -0.2708 -0.2529 0.0, -0.1844 -0.2537 0.0, 0.2161 -0.3588 0.0, -0.2597 -0.8675 2.7559, -0.1572 -0.8918 2.7559, 0.1572 0.8918 2.7559, -0.0527 -0.904 2.7559, 0.2207 -0.8782 2.7559, 0.2207 0.8782 2.7559, 0.1572 -0.8918 2.7559, 0.0527 -0.904 2.7559, -0.6214 -0.6586 2.7559, -0.5407 -0.7263 2.7559, -0.0527 0.904 2.7559, -0.1572 0.8918 2.7559, -0.6937 -0.5821 2.7559, -0.2597 0.8675 2.7559, -0.8811 0.2088 2.7559, -0.8994 0.1051 2.7559, -0.4528 -0.7842 2.7559, -0.3587 -0.8315 2.7559, 0.0527 0.904 2.7559, -0.3587 0.8315 2.7559, -0.4528 0.7842 2.7559, -0.5407 0.7263 2.7559, -0.6214 0.6586 2.7559, -0.6937 0.5821 2.7559, -0.7565 0.4976 2.7559, -0.8509 -0.3097 2.7559, -0.8092 -0.4064 2.7559, -0.8811 -0.2088 2.7559, -0.8994 -0.1051 2.7559, -0.9055 0.0 2.7559, -0.7565 -0.4976 2.7559, -0.8092 0.4064 2.7559, -0.8509 0.3097 2.7559, -0.9776 0.1143 0.2133, -0.9776 0.1143 0.0787, -0.9843 0.0 0.2133, -0.9843 0.0 0.0787, -0.9776 -0.1143 0.2133, -0.9776 -0.1143 0.0787, -0.9692 -0.1617 0.2133, -0.9692 -0.1617 0.0787, -0.9577 -0.227 0.2133, -0.9577 -0.227 0.0787, -0.9301 -0.3193 0.2133, -0.9301 -0.3193 0.0787, -0.9249 -0.3366 0.2133, -0.9249 -0.3366 0.0787, -0.8796 -0.4417 0.2133, -0.8796 -0.4417 0.0787, -0.8645 -0.4678 0.2133, -0.8645 -0.4678 0.0787, -0.8223 -0.5409 0.2133, -0.8223 -0.5409 0.0787, -0.7756 -0.6037 0.2133, -0.7756 -0.6037 0.0787, -0.754 -0.6327 0.2133, -0.754 -0.6327 0.0787, -0.6754 -0.7159 0.2133, -0.6754 -0.7159 0.0787, -0.6662 -0.7237 0.2133, -0.6662 -0.7237 0.0787, -0.5878 -0.7895 0.2133, -0.5878 -0.7895 0.0787, -0.5374 -0.8226 0.2133, -0.5374 -0.8226 0.0787, -0.4921 -0.8524 0.2133, -0.4921 -0.8524 0.0787, -0.3952 -0.9011 0.2133, -0.3952 -0.9011 0.0787, -0.3898 -0.9038 0.2133, -0.3898 -0.9038 0.0787, -0.2823 -0.9429 0.2133, -0.2823 -0.9429 0.0787, -0.2413 -0.9526 0.2133, -0.2413 -0.9526 0.0787, -0.1709 -0.9693 0.2133, -0.1709 -0.9693 0.0787, -0.0812 -0.9798 0.2133, -0.0812 -0.9798 0.0787, -0.0572 -0.9826 0.2133, -0.0572 -0.9826 0.0787, 0.0572 -0.9826 0.2133, 0.0572 -0.9826 0.0787, 0.0812 -0.9798 0.2133, 0.0812 -0.9798 0.0787, 0.1709 -0.9693 0.2133, 0.1709 -0.9693 0.0787, 0.2413 -0.9526 0.2133, 0.2413 -0.9526 0.0787, 0.2823 -0.9429 0.2133, 0.2823 -0.9429 0.0787, 0.3898 -0.9038 0.2133, 0.3898 -0.9038 0.0787, 0.3952 -0.9011 0.2133, 0.3952 -0.9011 0.0787, 0.4921 -0.8524 0.2133, 0.4921 -0.8524 0.0787, 0.5374 -0.8226 0.2133, 0.5374 -0.8226 0.0787, 0.5878 -0.7895 0.2133, 0.5878 -0.7895 0.0787, 0.6662 -0.7237 0.2133, 0.6662 -0.7237 0.0787, 0.6754 -0.7159 0.2133, 0.6754 -0.7159 0.0787, 0.754 -0.6327 0.2133, 0.754 -0.6327 0.0787, 0.7756 -0.6037 0.2133, 0.7756 -0.6037 0.0787, 0.8223 -0.5409 0.2133, 0.8223 -0.5409 0.0787, 0.8645 -0.4678 0.2133, 0.8645 -0.4678 0.0787, 0.8796 -0.4417 0.2133, 0.8796 -0.4417 0.0787, 0.9249 -0.3366 0.2133, 0.9249 -0.3366 0.0787, 0.9301 -0.3193 0.2133, 0.9301 -0.3193 0.0787, 0.9577 -0.227 0.2133, 0.9577 -0.227 0.0787, 0.9692 -0.1617 0.2133, 0.9692 -0.1617 0.0787, 0.9776 -0.1143 0.2133, 0.9776 -0.1143 0.0787, 0.9843 0.0 0.2133, 0.9843 0.0 0.0787, 0.9776 0.1143 0.2133, 0.9776 0.1143 0.0787, 0.9692 0.1617 0.2133, 0.9692 0.1617 0.0787, 0.9577 0.227 0.2133, 0.9577 0.227 0.0787, 0.9301 0.3193 0.2133, 0.9301 0.3193 0.0787, 0.9249 0.3366 0.2133, 0.9249 0.3366 0.0787, 0.8796 0.4417 0.2133, 0.8796 0.4417 0.0787, 0.8645 0.4678 0.2133, 0.8645 0.4678 0.0787, 0.8223 0.5409 0.2133, 0.8223 0.5409 0.0787, 0.7756 0.6037 0.2133, 0.7756 0.6037 0.0787, 0.754 0.6327 0.2133, 0.754 0.6327 0.0787, 0.6754 0.7159 0.2133, 0.6754 0.7159 0.0787, 0.6662 0.7237 0.2133, 0.6662 0.7237 0.0787, 0.5878 0.7895 0.2133, 0.5878 0.7895 0.0787, 0.5374 0.8226 0.2133, 0.5374 0.8226 0.0787, 0.4921 0.8524 0.2133, 0.4921 0.8524 0.0787, 0.3952 0.9011 0.2133, 0.3952 0.9011 0.0787, 0.3898 0.9038 0.2133, 0.3898 0.9038 0.0787, 0.2823 0.9429 0.2133, 0.2823 0.9429 0.0787, 0.2413 0.9526 0.2133, 0.2413 0.9526 0.0787, 0.1709 0.9693 0.2133, 0.1709 0.9693 0.0787, 0.0812 0.9798 0.2133, 0.0812 0.9798 0.0787, 0.0572 0.9826 0.2133, 0.0572 0.9826 0.0787, -0.0572 0.9826 0.2133, -0.0572 0.9826 0.0787, -0.0812 0.9798 0.2133, -0.0812 0.9798 0.0787, -0.1709 0.9693 0.2133, -0.1709 0.9693 0.0787, -0.2413 0.9526 0.2133, -0.2413 0.9526 0.0787, -0.2823 0.9429 0.2133, -0.2823 0.9429 0.0787, -0.3898 0.9038 0.2133, -0.3898 0.9038 0.0787, -0.3952 0.9011 0.2133, -0.3952 0.9011 0.0787, -0.4921 0.8524 0.2133, -0.4921 0.8524 0.0787, -0.5374 0.8226 0.2133, -0.5374 0.8226 0.0787, -0.5878 0.7895 0.2133, -0.5878 0.7895 0.0787, -0.6662 0.7237 0.2133, -0.6662 0.7237 0.0787, -0.6754 0.7159 0.2133, -0.6754 0.7159 0.0787, -0.754 0.6327 0.2133, -0.754 0.6327 0.0787, -0.7756 0.6037 0.2133, -0.7756 0.6037 0.0787, -0.8223 0.5409 0.2133, -0.8223 0.5409 0.0787, -0.8645 0.4678 0.2133, -0.8645 0.4678 0.0787, -0.8796 0.4417 0.2133, -0.8796 0.4417 0.0787, -0.9249 0.3366 0.2133, -0.9249 0.3366 0.0787, -0.9301 0.3193 0.2133, -0.9301 0.3193 0.0787, -0.9577 0.227 0.2133, -0.9577 0.227 0.0787, -0.9692 0.1617 0.2133, -0.9692 0.1617 0.0787, -0.9307 0.1088 0.502, -0.9303 0.1108 0.502, -0.9046 0.1077 0.4863, -0.9118 0.2161 0.502, -0.9106 0.22 0.502, -0.8855 0.214 0.4863, -0.8805 0.3205 0.502, -0.8781 0.3261 0.502, -0.854 0.3172 0.4863, -0.8373 0.4205 0.502, -0.8332 0.4276 0.502, -0.8105 0.416 0.4863, -0.7829 0.5149 0.502, -0.7767 0.5231 0.502, -0.7556 0.5089 0.4863, -0.7178 0.6023 0.502, -0.7093 0.6113 0.502, -0.6901 0.5947 0.4863, -0.643 0.6816 0.502, -0.632 0.6908 0.502, -0.6149 0.6722 0.4863, -0.5595 0.7516 0.502, -0.5458 0.7606 0.502, -0.5311 0.7402 0.4863, -0.1627 0.9228 0.502, -0.1382 0.9256 0.502, -0.1345 0.901 0.4863, -0.0545 0.9354 0.502, -0.0278 0.9354 0.502, -0.027 0.9106 0.4863, 0.0545 0.9354 0.502, 0.0831 0.9321 0.502, 0.0809 0.9074 0.4863, 0.1627 0.9228 0.502, 0.1927 0.9157 0.502, 0.1876 0.8915 0.4863, 0.2687 0.8976 0.502, 0.2996 0.8864 0.502, 0.2918 0.863 0.4863, 0.3711 0.8604 0.502, 0.4024 0.8447 0.502, 0.3918 0.8224 0.4863, 0.4685 0.8115 0.502, 0.4994 0.7911 0.502, 0.4863 0.7703 0.4863, 0.5595 0.7516 0.502, 0.5895 0.7265 0.502, 0.574 0.7074 0.4863, 0.643 0.6816 0.502, 0.6712 0.6517 0.502, 0.6536 0.6345 0.4863, 0.7178 0.6023 0.502, 0.7436 0.5677 0.502, 0.7241 0.5528 0.4863, 0.7829 0.5149 0.502, 0.8055 0.4757 0.502, 0.7844 0.4633 0.4863, 0.8373 0.4205 0.502, 0.8561 0.3771 0.502, 0.8337 0.3672 0.4863, 0.8805 0.3205 0.502, 0.8946 0.2732 0.502, 0.8713 0.2661 0.4863, 0.9118 0.2161 0.502, 0.9207 0.1655 0.502, 0.8966 0.1611 0.4863, -0.6149 0.6722 0.3011, -0.6901 0.5947 0.3011, -0.674 0.5809 0.3228, -0.4685 0.8115 0.2855, -0.5458 0.7606 0.2855, -0.5311 0.7402 0.3011, -0.3711 0.8604 0.2855, -0.452 0.8198 0.2855, -0.4398 0.7978 0.3011, -0.2687 0.8976 0.2855, -0.3518 0.8674 0.2855, -0.3424 0.8442 0.3011, -0.1627 0.9228 0.2855, -0.2467 0.9029 0.2855, -0.2401 0.8788 0.3011, -0.0545 0.9354 0.2855, -0.1382 0.9256 0.2855, -0.1345 0.901 0.3011, 0.0545 0.9354 0.2855, -0.0278 0.9354 0.2855, -0.027 0.9106 0.3011, 0.1627 0.9228 0.2855, 0.0831 0.9321 0.2855, 0.0809 0.9074 0.3011, 0.2687 0.8976 0.2855, 0.1927 0.9157 0.2855, 0.1876 0.8915 0.3011, 0.3711 0.8604 0.2855, 0.2996 0.8864 0.2855, 0.2918 0.863 0.3011, 0.4685 0.8115 0.2855, 0.4024 0.8447 0.2855, 0.3918 0.8224 0.3011, 0.9307 -0.1088 0.2855, 0.9338 -0.0554 0.2855, 0.9094 -0.054 0.3011, 0.9118 -0.2161 0.2855, 0.9207 -0.1655 0.2855, 0.8966 -0.1611 0.3011, 0.8805 -0.3205 0.2855, 0.8946 -0.2732 0.2855, 0.8713 -0.2661 0.3011, 0.8373 -0.4205 0.2855, 0.8561 -0.3771 0.2855, 0.8337 -0.3672 0.3011, 0.7829 -0.5149 0.2855, 0.8055 -0.4757 0.2855, 0.7844 -0.4633 0.3011, 0.7178 -0.6023 0.2855, 0.7436 -0.5677 0.2855, 0.7241 -0.5528 0.3011, 0.643 -0.6816 0.2855, 0.6712 -0.6517 0.2855, 0.6536 -0.6345 0.3011, 0.5595 -0.7516 0.2855, 0.5895 -0.7265 0.2855, 0.574 -0.7074 0.3011, 0.4685 -0.8115 0.2855, 0.4994 -0.7911 0.2855, 0.4863 -0.7703 0.3011, 0.3711 -0.8604 0.2855, 0.4024 -0.8447 0.2855, 0.3918 -0.8224 0.3011, 0.2687 -0.8976 0.2855, 0.2996 -0.8864 0.2855, 0.2918 -0.863 0.3011, 0.1627 -0.9228 0.2855, 0.1927 -0.9157 0.2855, 0.1876 -0.8915 0.3011, 0.0545 -0.9354 0.2855, 0.0831 -0.9321 0.2855, 0.0809 -0.9074 0.3011, -0.0545 -0.9354 0.2855, -0.0278 -0.9354 0.2855, -0.027 -0.9106 0.3011, -0.1627 -0.9228 0.2855, -0.1382 -0.9256 0.2855, -0.1345 -0.901 0.3011, -0.2687 -0.8976 0.2855, -0.2467 -0.9029 0.2855, -0.2401 -0.8788 0.3011, -0.3711 -0.8604 0.2855, -0.3518 -0.8674 0.2855, -0.3424 -0.8442 0.3011, -0.4685 -0.8115 0.2855, -0.452 -0.8198 0.2855, -0.4398 -0.7978 0.3011, -0.911 0.0 0.3011, -0.937 0.0 0.2855, -0.9307 -0.1088 0.2855, -0.9303 -0.1108 0.2855, -0.9046 -0.1077 0.3011, -0.9118 -0.2161 0.2855, -0.9106 -0.22 0.2855, -0.8855 -0.214 0.3011, -0.8805 -0.3205 0.2855, -0.8781 -0.3261 0.2855, -0.854 -0.3172 0.3011, -0.8373 -0.4205 0.2855, -0.8332 -0.4276 0.2855, -0.8105 -0.416 0.3011, -0.7829 -0.5149 0.2855, -0.7767 -0.5231 0.2855, -0.7556 -0.5089 0.3011, -0.7178 -0.6023 0.2855, -0.7093 -0.6113 0.2855, -0.6901 -0.5947 0.3011, -0.643 -0.6816 0.2855, -0.632 -0.6908 0.2855, -0.6149 -0.6722 0.3011, -0.5595 -0.7516 0.2855, -0.5458 -0.7606 0.2855, -0.5311 -0.7402 0.3011, 0.937 0.0 0.2855, 0.9094 0.054 0.3011, 0.9338 0.0554 0.2855, 0.9307 0.1088 0.2855, 0.9207 0.1655 0.2855, 0.8966 0.1611 0.3011, 0.9118 0.2161 0.2855, 0.8946 0.2732 0.2855, 0.8713 0.2661 0.3011, 0.8805 0.3205 0.2855, 0.8561 0.3771 0.2855, 0.8337 0.3672 0.3011, 0.8373 0.4205 0.2855, 0.8055 0.4757 0.2855, 0.7844 0.4633 0.3011, 0.7829 0.5149 0.2855, 0.7436 0.5677 0.2855, 0.7241 0.5528 0.3011, 0.7178 0.6023 0.2855, 0.6712 0.6517 0.2855, 0.6536 0.6345 0.3011, 0.643 0.6816 0.2855, 0.5895 0.7265 0.2855, 0.574 0.7074 0.3011, 0.5595 0.7516 0.2855, 0.4994 0.7911 0.2855, 0.4863 0.7703 0.3011, -0.5595 0.7516 0.2855, -0.632 0.6908 0.2855, -0.643 0.6816 0.2855, -0.7093 0.6113 0.2855, -0.7178 0.6023 0.2855, -0.7556 0.5089 0.3011, -0.7767 0.5231 0.2855, -0.7829 0.5149 0.2855, -0.8105 0.416 0.3011, -0.8332 0.4276 0.2855, -0.8373 0.4205 0.2855, -0.854 0.3172 0.3011, -0.8781 0.3261 0.2855, -0.8805 0.3205 0.2855, -0.8855 0.214 0.3011, -0.9106 0.22 0.2855, -0.9118 0.2161 0.2855, -0.9046 0.1077 0.3011, -0.9303 0.1108 0.2855, -0.9307 0.1088 0.2855, -0.7256 0.4887 0.3492, -0.738 0.4971 0.3228, -0.7714 0.396 0.3785, -0.7783 0.3995 0.3492, -0.7916 0.4063 0.3228, -0.8129 0.3019 0.4089, -0.8129 0.3019 0.3785, -0.8201 0.3046 0.3492, -0.8341 0.3098 0.3228, -0.8504 0.2055 0.4382, -0.8429 0.2037 0.4089, -0.8429 0.2037 0.3785, -0.8504 0.2055 0.3492, -0.8649 0.209 0.3228, -0.8836 0.1052 0.4646, -0.8687 0.1035 0.4382, -0.861 0.1026 0.4089, -0.861 0.1026 0.3785, -0.8687 0.1035 0.3492, -0.8836 0.1052 0.3228, -0.911 0.0 0.4863, -0.8898 0.0 0.4646, -0.8749 0.0 0.4382, -0.8671 0.0 0.4089, -0.8671 0.0 0.3785, -0.8749 0.0 0.3492, -0.8898 0.0 0.3228, -0.3424 0.8442 0.4863, -0.2401 0.8788 0.4863, -0.2345 0.8583 0.4646, -0.9046 -0.1077 0.4863, -0.9303 -0.1108 0.502, -0.9307 -0.1088 0.502, -0.8836 -0.1052 0.3228, -0.8687 -0.1035 0.3492, -0.861 -0.1026 0.3785, -0.861 -0.1026 0.4089, -0.8687 -0.1035 0.4382, -0.8836 -0.1052 0.4646, -0.937 0.0 0.502, -0.8855 -0.214 0.4863, -0.9106 -0.22 0.502, -0.9118 -0.2161 0.502, -0.8649 -0.209 0.3228, -0.8504 -0.2055 0.3492, -0.8429 -0.2037 0.3785, -0.8429 -0.2037 0.4089, -0.8504 -0.2055 0.4382, -0.8649 -0.209 0.4646, -0.854 -0.3172 0.4863, -0.8781 -0.3261 0.502, -0.8805 -0.3205 0.502, -0.8341 -0.3098 0.3228, -0.8201 -0.3046 0.3492, -0.8129 -0.3019 0.3785, -0.8129 -0.3019 0.4089, -0.8201 -0.3046 0.4382, -0.8341 -0.3098 0.4646, -0.8105 -0.416 0.4863, -0.8332 -0.4276 0.502, -0.8373 -0.4205 0.502, -0.7916 -0.4063 0.3228, -0.7783 -0.3995 0.3492, -0.7714 -0.396 0.3785, -0.7714 -0.396 0.4089, -0.7783 -0.3995 0.4382, -0.7916 -0.4063 0.4646, -0.7556 -0.5089 0.4863, -0.7767 -0.5231 0.502, -0.7829 -0.5149 0.502, -0.738 -0.4971 0.3228, -0.7256 -0.4887 0.3492, -0.7192 -0.4844 0.3785, -0.7192 -0.4844 0.4089, -0.7256 -0.4887 0.4382, -0.738 -0.4971 0.4646, -0.6901 -0.5947 0.4863, -0.7093 -0.6113 0.502, -0.7178 -0.6023 0.502, -0.674 -0.5809 0.3228, -0.6627 -0.5711 0.3492, -0.6569 -0.5661 0.3785, -0.6569 -0.5661 0.4089, -0.6627 -0.5711 0.4382, -0.674 -0.5809 0.4646, -0.6149 -0.6722 0.4863, -0.632 -0.6908 0.502, -0.643 -0.6816 0.502, -0.6006 -0.6565 0.3228, -0.5905 -0.6455 0.3492, -0.5853 -0.6398 0.3785, -0.5853 -0.6398 0.4089, -0.5905 -0.6455 0.4382, -0.6006 -0.6565 0.4646, -0.5311 -0.7402 0.4863, -0.5458 -0.7606 0.502, -0.5595 -0.7516 0.502, -0.5187 -0.723 0.3228, -0.51 -0.7108 0.3492, -0.5055 -0.7045 0.3785, -0.5055 -0.7045 0.4089, -0.51 -0.7108 0.4382, -0.5187 -0.723 0.4646, -0.4398 -0.7978 0.4863, -0.452 -0.8198 0.502, -0.4685 -0.8115 0.502, -0.4296 -0.7792 0.3228, -0.4224 -0.7661 0.3492, -0.4186 -0.7594 0.3785, -0.4186 -0.7594 0.4089, -0.4224 -0.7661 0.4382, -0.4296 -0.7792 0.4646, -0.3424 -0.8442 0.4863, -0.3518 -0.8674 0.502, -0.3711 -0.8604 0.502, -0.3344 -0.8246 0.3228, -0.3288 -0.8107 0.3492, -0.3259 -0.8036 0.3785, -0.3259 -0.8036 0.4089, -0.3288 -0.8107 0.4382, -0.3344 -0.8246 0.4646, -0.2401 -0.8788 0.4863, -0.2467 -0.9029 0.502, -0.2687 -0.8976 0.502, -0.2345 -0.8583 0.3228, -0.2306 -0.8439 0.3492, -0.2286 -0.8365 0.3785, -0.2286 -0.8365 0.4089, -0.2306 -0.8439 0.4382, -0.2345 -0.8583 0.4646, -0.1345 -0.901 0.4863, -0.1382 -0.9256 0.502, -0.1627 -0.9228 0.502, -0.1314 -0.8801 0.3228, -0.1292 -0.8653 0.3492, -0.128 -0.8576 0.3785, -0.128 -0.8576 0.4089, -0.1292 -0.8653 0.4382, -0.1314 -0.8801 0.4646, -0.027 -0.9106 0.4863, -0.0278 -0.9354 0.502, -0.0545 -0.9354 0.502, -0.0264 -0.8894 0.3228, -0.0259 -0.8745 0.3492, -0.0257 -0.8667 0.3785, -0.0257 -0.8667 0.4089, -0.0259 -0.8745 0.4382, -0.0264 -0.8894 0.4646, 0.0809 -0.9074 0.4863, 0.0831 -0.9321 0.502, 0.0545 -0.9354 0.502, 0.079 -0.8863 0.3228, 0.0777 -0.8714 0.3492, 0.077 -0.8637 0.3785, 0.077 -0.8637 0.4089, 0.0777 -0.8714 0.4382, 0.079 -0.8863 0.4646, 0.1876 -0.8915 0.4863, 0.1927 -0.9157 0.502, 0.1627 -0.9228 0.502, 0.1833 -0.8707 0.3228, 0.1802 -0.8561 0.3492, 0.1786 -0.8485 0.3785, 0.1786 -0.8485 0.4089, 0.1802 -0.8561 0.4382, 0.1833 -0.8707 0.4646, 0.2918 -0.863 0.4863, 0.2996 -0.8864 0.502, 0.2687 -0.8976 0.502, 0.285 -0.8429 0.3228, 0.2802 -0.8288 0.3492, 0.2777 -0.8214 0.3785, 0.2777 -0.8214 0.4089, 0.2802 -0.8288 0.4382, 0.285 -0.8429 0.4646, 0.3918 -0.8224 0.4863, 0.4024 -0.8447 0.502, 0.3711 -0.8604 0.502, 0.3827 -0.8033 0.3228, 0.3762 -0.7898 0.3492, 0.3729 -0.7828 0.3785, 0.3729 -0.7828 0.4089, 0.3762 -0.7898 0.4382, 0.3827 -0.8033 0.4646, 0.4863 -0.7703 0.4863, 0.4994 -0.7911 0.502, 0.4685 -0.8115 0.502, 0.475 -0.7524 0.3228, 0.467 -0.7398 0.3492, 0.4629 -0.7332 0.3785, 0.4629 -0.7332 0.4089, 0.467 -0.7398 0.4382, 0.475 -0.7524 0.4646, 0.574 -0.7074 0.4863, 0.5895 -0.7265 0.502, 0.5595 -0.7516 0.502, 0.5607 -0.691 0.3228, 0.5512 -0.6793 0.3492, 0.5464 -0.6733 0.3785, 0.5464 -0.6733 0.4089, 0.5512 -0.6793 0.4382, 0.5607 -0.691 0.4646, 0.6536 -0.6345 0.4863, 0.6712 -0.6517 0.502, 0.643 -0.6816 0.502, 0.6384 -0.6198 0.3228, 0.6277 -0.6094 0.3492, 0.6222 -0.604 0.3785, 0.6222 -0.604 0.4089, 0.6277 -0.6094 0.4382, 0.6384 -0.6198 0.4646, 0.7241 -0.5528 0.4863, 0.7436 -0.5677 0.502, 0.7178 -0.6023 0.502, 0.7073 -0.5399 0.3228, 0.6954 -0.5309 0.3492, 0.6892 -0.5262 0.3785, 0.6892 -0.5262 0.4089, 0.6954 -0.5309 0.4382, 0.7073 -0.5399 0.4646, 0.7844 -0.4633 0.4863, 0.8055 -0.4757 0.502, 0.7829 -0.5149 0.502, 0.7662 -0.4525 0.3228, 0.7533 -0.4449 0.3492, 0.7466 -0.441 0.3785, 0.7466 -0.441 0.4089, 0.7533 -0.4449 0.4382, 0.7662 -0.4525 0.4646, 0.8337 -0.3672 0.4863, 0.8561 -0.3771 0.502, 0.8373 -0.4205 0.502, 0.8143 -0.3587 0.3228, 0.8006 -0.3527 0.3492, 0.7935 -0.3496 0.3785, 0.7935 -0.3496 0.4089, 0.8006 -0.3527 0.4382, 0.8143 -0.3587 0.4646, 0.8713 -0.2661 0.4863, 0.8946 -0.2732 0.502, 0.8805 -0.3205 0.502, 0.851 -0.2599 0.3228, 0.8367 -0.2555 0.3492, 0.8293 -0.2532 0.3785, 0.8293 -0.2532 0.4089, 0.8367 -0.2555 0.4382, 0.851 -0.2599 0.4646, 0.8966 -0.1611 0.4863, 0.9207 -0.1655 0.502, 0.9118 -0.2161 0.502, 0.8758 -0.1574 0.3228, 0.8611 -0.1548 0.3492, 0.8534 -0.1534 0.3785, 0.8534 -0.1534 0.4089, 0.8611 -0.1548 0.4382, 0.8758 -0.1574 0.4646, 0.9094 -0.054 0.4863, 0.9338 -0.0554 0.502, 0.9307 -0.1088 0.502, 0.8882 -0.0527 0.3228, 0.8733 -0.0518 0.3492, 0.8656 -0.0514 0.3785, 0.8656 -0.0514 0.4089, 0.8733 -0.0518 0.4382, 0.8882 -0.0527 0.4646, 0.9307 0.1088 0.502, 0.9338 0.0554 0.502, 0.9094 0.054 0.4863, 0.937 0.0 0.502, 0.8882 0.0527 0.3228, 0.8733 0.0518 0.3492, 0.8656 0.0514 0.3785, 0.8656 0.0514 0.4089, 0.8733 0.0518 0.4382, 0.8882 0.0527 0.4646, 0.8758 0.1574 0.3228, 0.8611 0.1548 0.3492, 0.8534 0.1534 0.3785, 0.8534 0.1534 0.4089, 0.8611 0.1548 0.4382, 0.8758 0.1574 0.4646, 0.851 0.2599 0.3228, 0.8367 0.2555 0.3492, 0.8293 0.2532 0.3785, 0.8293 0.2532 0.4089, 0.8367 0.2555 0.4382, 0.851 0.2599 0.4646, 0.8143 0.3587 0.3228, 0.8006 0.3527 0.3492, 0.7935 0.3496 0.3785, 0.7935 0.3496 0.4089, 0.8006 0.3527 0.4382, 0.8143 0.3587 0.4646, 0.7662 0.4525 0.3228, 0.7533 0.4449 0.3492, 0.7466 0.441 0.3785, 0.7466 0.441 0.4089, 0.7533 0.4449 0.4382, 0.7662 0.4525 0.4646, 0.7073 0.5399 0.3228, 0.6954 0.5309 0.3492, 0.6892 0.5262 0.3785, 0.6892 0.5262 0.4089, 0.6954 0.5309 0.4382, 0.7073 0.5399 0.4646, 0.6384 0.6198 0.3228, 0.6277 0.6094 0.3492, 0.6222 0.604 0.3785, 0.6222 0.604 0.4089, 0.6277 0.6094 0.4382, 0.6384 0.6198 0.4646, 0.5607 0.691 0.3228, 0.5512 0.6793 0.3492, 0.5464 0.6733 0.3785, 0.5464 0.6733 0.4089, 0.5512 0.6793 0.4382, 0.5607 0.691 0.4646, 0.475 0.7524 0.3228, 0.467 0.7398 0.3492, 0.4629 0.7332 0.3785, 0.4629 0.7332 0.4089, 0.467 0.7398 0.4382, 0.475 0.7524 0.4646, 0.3827 0.8033 0.3228, 0.3762 0.7898 0.3492, 0.3729 0.7828 0.3785, 0.3729 0.7828 0.4089, 0.3762 0.7898 0.4382, 0.3827 0.8033 0.4646, 0.285 0.8429 0.3228, 0.2802 0.8288 0.3492, 0.2777 0.8214 0.3785, 0.2777 0.8214 0.4089, 0.2802 0.8288 0.4382, 0.285 0.8429 0.4646, 0.1802 0.8561 0.3492, 0.1786 0.8485 0.3785, 0.1786 0.8485 0.4089, 0.1802 0.8561 0.4382, 0.1833 0.8707 0.4646, 0.077 0.8637 0.3785, 0.077 0.8637 0.4089, 0.0777 0.8714 0.4382, 0.079 0.8863 0.4646, -0.0257 0.8667 0.4089, -0.0259 0.8745 0.4382, -0.0264 0.8894 0.4646, -0.1292 0.8653 0.4382, -0.1314 0.8801 0.4646, -0.2467 0.9029 0.502, -0.4685 0.8115 0.502, -0.452 0.8198 0.502, -0.4398 0.7978 0.4863, -0.3344 0.8246 0.4646, -0.2306 0.8439 0.4382, -0.128 0.8576 0.4089, -0.0257 0.8667 0.3785, 0.0777 0.8714 0.3492, 0.1833 0.8707 0.3228, -0.3711 0.8604 0.502, -0.3518 0.8674 0.502, -0.2687 0.8976 0.502, -0.4296 0.7792 0.4646, -0.3288 0.8107 0.4382, -0.2286 0.8365 0.4089, -0.128 0.8576 0.3785, -0.0259 0.8745 0.3492, 0.079 0.8863 0.3228, -0.5187 0.723 0.4646, -0.4224 0.7661 0.4382, -0.3259 0.8036 0.4089, -0.2286 0.8365 0.3785, -0.1292 0.8653 0.3492, -0.0264 0.8894 0.3228, -0.6006 0.6565 0.4646, -0.51 0.7108 0.4382, -0.4186 0.7594 0.4089, -0.3259 0.8036 0.3785, -0.2306 0.8439 0.3492, -0.1314 0.8801 0.3228, -0.674 0.5809 0.4646, -0.5905 0.6455 0.4382, -0.5055 0.7045 0.4089, -0.4186 0.7594 0.3785, -0.3288 0.8107 0.3492, -0.2345 0.8583 0.3228, -0.738 0.4971 0.4646, -0.6627 0.5711 0.4382, -0.5853 0.6398 0.4089, -0.5055 0.7045 0.3785, -0.4224 0.7661 0.3492, -0.3344 0.8246 0.3228, -0.7916 0.4063 0.4646, -0.7256 0.4887 0.4382, -0.6569 0.5661 0.4089, -0.5853 0.6398 0.3785, -0.51 0.7108 0.3492, -0.4296 0.7792 0.3228, -0.8341 0.3098 0.4646, -0.7783 0.3995 0.4382, -0.7192 0.4844 0.4089, -0.6569 0.5661 0.3785, -0.5905 0.6455 0.3492, -0.5187 0.723 0.3228, -0.8649 0.209 0.4646, -0.8201 0.3046 0.4382, -0.7714 0.396 0.4089, -0.7192 0.4844 0.3785, -0.6627 0.5711 0.3492, -0.6006 0.6565 0.3228, -0.6006 0.6565 0.3228
            ]
        }
        coordIndex [
            0,1,2,-1,3,4,5,-1,6,7,8,-1,9,10,8,-1,11,12,13,-1,13,12,14,-1,13,14,15,-1,16,17,14,-1,14,17,18,-1,11,19,12,-1,12,19,20,-1,12,20,21,-1,21,22,12,-1,12,22,23,-1,12,23,24,-1,18,25,14,-1,14,25,26,-1,14,26,15,-1,27,28,29,-1,29,28,30,-1,29,30,31,-1,31,30,32,-1,31,32,33,-1,33,32,34,-1,33,34,35,-1,35,34,36,-1,35,36,37,-1,37,36,38,-1,14,39,16,-1,16,39,40,-1,16,40,41,-1,42,43,44,-1,44,43,45,-1,44,45,38,-1,38,45,46,-1,38,46,37,-1,40,47,41,-1,41,47,48,-1,41,48,42,-1,42,48,49,-1,42,49,43,-1,50,51,52,-1,52,51,53,-1,54,55,56,-1,56,55,57,-1,58,59,57,-1,57,59,60,-1,57,60,56,-1,61,62,58,-1,58,62,63,-1,58,63,59,-1,10,64,8,-1,8,64,65,-1,8,65,66,-1,61,58,67,-1,67,58,68,-1,67,68,69,-1,69,70,67,-1,67,70,71,-1,67,71,72,-1,73,68,74,-1,74,68,75,-1,73,76,68,-1,68,76,77,-1,68,77,69,-1,66,78,8,-1,8,78,79,-1,8,79,68,-1,68,79,80,-1,68,80,75,-1,72,81,67,-1,67,81,82,-1,67,82,83,-1,83,82,84,-1,83,84,85,-1,85,84,86,-1,85,86,87,-1,87,86,88,-1,88,86,89,-1,89,86,90,-1,89,90,91,-1,91,90,92,-1,91,92,93,-1,7,94,8,-1,8,94,95,-1,8,95,96,-1,96,97,8,-1,8,97,98,-1,8,98,99,-1,93,9,91,-1,91,9,8,-1,91,8,100,-1,100,8,99,-1,101,102,103,-1,103,102,104,-1,103,104,105,-1,101,103,106,-1,106,103,107,-1,106,107,108,-1,109,110,107,-1,107,110,111,-1,111,112,107,-1,107,112,113,-1,107,113,108,-1,114,115,116,-1,116,115,117,-1,116,117,118,-1,118,117,119,-1,118,119,120,-1,121,122,114,-1,1,123,124,-1,125,126,127,-1,127,126,128,-1,127,128,0,-1,129,130,127,-1,127,130,131,-1,127,131,132,-1,132,133,127,-1,127,133,134,-1,127,134,125,-1,129,127,135,-1,135,127,136,-1,135,136,137,-1,137,136,138,-1,138,136,12,-1,138,12,29,-1,29,12,24,-1,29,24,27,-1,139,121,140,-1,140,121,141,-1,139,142,121,-1,121,142,143,-1,121,143,122,-1,122,143,144,-1,122,144,123,-1,123,144,145,-1,123,145,124,-1,141,146,147,-1,147,148,141,-1,141,148,149,-1,141,149,140,-1,140,149,150,-1,140,150,151,-1,151,150,152,-1,151,152,153,-1,153,154,151,-1,151,154,155,-1,151,155,156,-1,157,158,151,-1,151,158,159,-1,160,161,162,-1,162,161,163,-1,159,164,151,-1,151,164,163,-1,151,163,165,-1,165,163,161,-1,156,166,151,-1,151,166,167,-1,151,167,157,-1,168,169,55,-1,170,171,2,-1,2,171,172,-1,2,172,173,-1,1,124,2,-1,2,124,174,-1,2,174,170,-1,175,176,177,-1,177,176,178,-1,177,178,179,-1,54,50,55,-1,55,50,52,-1,55,52,168,-1,168,52,177,-1,168,177,180,-1,180,177,179,-1,173,181,2,-1,2,181,182,-1,2,182,177,-1,177,182,183,-1,177,183,175,-1,177,184,2,-1,2,184,185,-1,2,185,186,-1,0,2,127,-1,127,2,186,-1,127,186,136,-1,136,186,187,-1,136,187,188,-1,189,190,141,-1,114,116,121,-1,121,116,191,-1,121,191,141,-1,141,191,192,-1,141,192,189,-1,189,193,190,-1,190,193,194,-1,190,194,116,-1,116,194,195,-1,116,195,191,-1,196,197,198,-1,198,197,194,-1,198,194,199,-1,199,194,193,-1,199,193,200,-1,200,193,201,-1,202,118,203,-1,203,118,204,-1,205,206,207,-1,207,206,190,-1,202,208,118,-1,118,208,209,-1,118,209,210,-1,205,211,206,-1,206,211,212,-1,206,212,213,-1,213,214,206,-1,206,214,215,-1,206,215,216,-1,210,217,118,-1,118,217,218,-1,118,218,116,-1,116,218,219,-1,116,219,190,-1,190,219,220,-1,190,220,207,-1,221,222,118,-1,118,222,206,-1,118,206,204,-1,204,206,216,-1,223,224,107,-1,107,224,225,-1,226,227,225,-1,225,227,221,-1,225,221,107,-1,107,221,118,-1,107,118,109,-1,109,118,120,-1,105,3,103,-1,103,3,5,-1,103,5,107,-1,107,5,228,-1,107,228,223,-1,223,228,206,-1,223,206,229,-1,229,206,222,-1,230,184,188,-1,188,184,177,-1,188,177,136,-1,136,177,52,-1,136,52,12,-1,12,52,53,-1,12,53,14,-1,4,6,5,-1,5,6,8,-1,5,8,228,-1,228,8,68,-1,228,68,206,-1,206,68,58,-1,206,58,190,-1,190,58,57,-1,190,57,141,-1,141,57,55,-1,141,55,146,-1,146,55,169,-1,231,232,233,-1,233,232,234,-1,235,236,237,-1,237,236,233,-1,237,233,238,-1,238,233,234,-1,239,240,233,-1,241,242,243,-1,243,242,244,-1,245,246,243,-1,240,247,233,-1,233,247,248,-1,233,248,231,-1,239,233,243,-1,243,233,249,-1,243,249,241,-1,244,250,243,-1,243,250,251,-1,243,251,252,-1,252,253,243,-1,243,253,254,-1,243,254,255,-1,256,257,258,-1,258,257,259,-1,246,260,243,-1,243,260,259,-1,243,259,261,-1,261,259,257,-1,255,262,243,-1,243,262,263,-1,243,263,245,-1,264,265,266,-1,266,265,267,-1,266,267,268,-1,268,267,269,-1,268,269,270,-1,270,269,271,-1,270,271,272,-1,272,271,273,-1,272,273,274,-1,274,273,275,-1,274,275,276,-1,276,275,277,-1,276,277,278,-1,278,277,279,-1,278,279,280,-1,280,279,281,-1,280,281,282,-1,282,281,283,-1,282,283,284,-1,284,283,285,-1,284,285,286,-1,286,285,287,-1,286,287,288,-1,288,287,289,-1,288,289,290,-1,290,289,291,-1,290,291,292,-1,292,291,293,-1,292,293,294,-1,294,293,295,-1,294,295,296,-1,296,295,297,-1,296,297,298,-1,298,297,299,-1,298,299,300,-1,300,299,301,-1,300,301,302,-1,302,301,303,-1,302,303,304,-1,304,303,305,-1,304,305,306,-1,306,305,307,-1,306,307,308,-1,308,307,309,-1,308,309,310,-1,310,309,311,-1,310,311,312,-1,312,311,313,-1,312,313,314,-1,314,313,315,-1,314,315,316,-1,316,315,317,-1,316,317,318,-1,318,317,319,-1,318,319,320,-1,320,319,321,-1,320,321,322,-1,322,321,323,-1,322,323,324,-1,324,323,325,-1,324,325,326,-1,326,325,327,-1,326,327,328,-1,328,327,329,-1,328,329,330,-1,330,329,331,-1,330,331,332,-1,332,331,333,-1,332,333,334,-1,334,333,335,-1,334,335,336,-1,336,335,337,-1,336,337,338,-1,338,337,339,-1,338,339,340,-1,340,339,341,-1,340,341,342,-1,342,341,343,-1,342,343,344,-1,344,343,345,-1,344,345,346,-1,346,345,347,-1,346,347,348,-1,348,347,349,-1,348,349,350,-1,350,349,351,-1,350,351,352,-1,352,351,353,-1,352,353,354,-1,354,353,355,-1,354,355,356,-1,356,355,357,-1,356,357,358,-1,358,357,359,-1,358,359,360,-1,360,359,361,-1,360,361,362,-1,362,361,363,-1,362,363,364,-1,364,363,365,-1,364,365,366,-1,366,365,367,-1,366,367,368,-1,368,367,369,-1,368,369,370,-1,370,369,371,-1,370,371,372,-1,372,371,373,-1,372,373,374,-1,374,373,375,-1,374,375,376,-1,376,375,377,-1,376,377,378,-1,378,377,379,-1,378,379,380,-1,380,379,381,-1,380,381,382,-1,382,381,383,-1,382,383,384,-1,384,383,385,-1,384,385,386,-1,386,385,387,-1,386,387,388,-1,388,387,389,-1,388,389,390,-1,390,389,391,-1,390,391,392,-1,392,391,393,-1,392,393,394,-1,394,393,395,-1,394,395,396,-1,396,395,397,-1,396,397,398,-1,398,397,399,-1,398,399,400,-1,400,399,401,-1,400,401,402,-1,402,401,403,-1,402,403,404,-1,404,403,405,-1,404,405,406,-1,406,405,407,-1,406,407,408,-1,408,407,409,-1,408,409,410,-1,410,409,411,-1,410,411,412,-1,412,411,413,-1,412,413,414,-1,414,413,415,-1,414,415,416,-1,416,415,417,-1,416,417,418,-1,418,417,419,-1,418,419,420,-1,420,419,421,-1,420,421,422,-1,422,421,423,-1,422,423,424,-1,424,423,425,-1,424,425,426,-1,426,425,427,-1,426,427,428,-1,428,427,429,-1,428,429,430,-1,430,429,431,-1,430,431,432,-1,432,431,433,-1,432,433,434,-1,434,433,435,-1,434,435,436,-1,436,435,437,-1,436,437,438,-1,438,437,439,-1,438,439,440,-1,440,439,441,-1,440,441,442,-1,442,441,443,-1,442,443,264,-1,264,443,265,-1,444,445,446,-1,447,448,449,-1,450,451,452,-1,453,454,455,-1,456,457,458,-1,459,460,461,-1,462,463,464,-1,465,466,467,-1,468,469,470,-1,471,472,473,-1,474,475,476,-1,477,478,479,-1,480,481,482,-1,483,484,485,-1,486,487,488,-1,489,490,491,-1,492,493,494,-1,495,496,497,-1,498,499,500,-1,501,502,503,-1,504,505,506,-1,507,508,509,-1,510,511,512,-1,513,514,515,-1,516,517,518,-1,519,520,521,-1,522,523,524,-1,525,526,527,-1,528,529,530,-1,531,532,533,-1,534,535,536,-1,537,538,539,-1,540,541,542,-1,543,544,545,-1,546,547,548,-1,549,550,551,-1,552,553,554,-1,555,556,557,-1,558,559,560,-1,561,562,563,-1,564,565,566,-1,567,568,569,-1,570,571,572,-1,573,574,575,-1,576,577,578,-1,579,580,581,-1,582,583,584,-1,585,586,587,-1,588,589,590,-1,591,592,593,-1,594,595,596,-1,597,598,599,-1,599,600,601,-1,601,600,602,-1,602,603,604,-1,604,603,605,-1,605,606,607,-1,607,606,608,-1,608,609,610,-1,610,609,611,-1,611,612,613,-1,613,612,614,-1,614,615,616,-1,616,615,617,-1,617,618,619,-1,619,618,620,-1,620,621,622,-1,622,621,594,-1,591,593,595,-1,588,590,592,-1,585,587,589,-1,582,584,586,-1,579,581,583,-1,576,578,580,-1,573,575,577,-1,570,572,574,-1,567,569,571,-1,564,566,568,-1,561,563,565,-1,558,560,562,-1,555,557,559,-1,552,554,556,-1,549,551,553,-1,546,548,550,-1,543,545,547,-1,544,623,624,-1,624,623,625,-1,624,625,626,-1,626,627,628,-1,628,627,629,-1,629,630,631,-1,631,630,632,-1,632,633,634,-1,634,633,635,-1,635,636,637,-1,637,636,638,-1,638,639,640,-1,640,639,641,-1,641,642,643,-1,643,642,644,-1,644,645,646,-1,646,645,647,-1,647,648,649,-1,649,648,540,-1,650,651,510,-1,510,651,652,-1,510,652,511,-1,511,652,653,-1,511,653,654,-1,655,656,657,-1,658,659,660,-1,661,662,663,-1,664,665,666,-1,667,668,669,-1,670,512,671,-1,671,512,511,-1,671,511,655,-1,655,511,654,-1,655,654,656,-1,672,670,673,-1,673,670,671,-1,673,671,674,-1,674,671,655,-1,674,655,658,-1,658,655,657,-1,658,657,659,-1,675,672,676,-1,676,672,673,-1,676,673,677,-1,677,673,674,-1,677,674,678,-1,678,674,658,-1,678,658,661,-1,661,658,660,-1,661,660,662,-1,679,675,680,-1,680,675,676,-1,680,676,681,-1,681,676,677,-1,681,677,682,-1,682,677,678,-1,682,678,683,-1,683,678,661,-1,683,661,664,-1,664,661,663,-1,664,663,665,-1,684,679,685,-1,685,679,680,-1,685,680,686,-1,686,680,681,-1,686,681,687,-1,687,681,682,-1,687,682,688,-1,688,682,683,-1,688,683,689,-1,689,683,664,-1,689,664,667,-1,667,664,666,-1,667,666,668,-1,690,684,691,-1,691,684,685,-1,691,685,692,-1,692,685,686,-1,692,686,693,-1,693,686,687,-1,693,687,694,-1,694,687,688,-1,694,688,695,-1,695,688,689,-1,695,689,696,-1,696,689,667,-1,696,667,597,-1,597,667,669,-1,597,669,598,-1,697,698,699,-1,700,701,702,-1,599,601,597,-1,597,601,703,-1,597,703,696,-1,696,703,704,-1,696,704,695,-1,695,704,705,-1,695,705,694,-1,694,705,706,-1,694,706,693,-1,693,706,707,-1,693,707,692,-1,692,707,708,-1,692,708,691,-1,691,708,700,-1,691,700,690,-1,690,700,702,-1,690,702,709,-1,710,711,712,-1,602,604,601,-1,601,604,713,-1,601,713,703,-1,703,713,714,-1,703,714,704,-1,704,714,715,-1,704,715,705,-1,705,715,716,-1,705,716,706,-1,706,716,717,-1,706,717,707,-1,707,717,718,-1,707,718,708,-1,708,718,710,-1,708,710,700,-1,700,710,712,-1,700,712,701,-1,719,720,721,-1,605,607,604,-1,604,607,722,-1,604,722,713,-1,713,722,723,-1,713,723,714,-1,714,723,724,-1,714,724,715,-1,715,724,725,-1,715,725,716,-1,716,725,726,-1,716,726,717,-1,717,726,727,-1,717,727,718,-1,718,727,719,-1,718,719,710,-1,710,719,721,-1,710,721,711,-1,728,729,730,-1,608,610,607,-1,607,610,731,-1,607,731,722,-1,722,731,732,-1,722,732,723,-1,723,732,733,-1,723,733,724,-1,724,733,734,-1,724,734,725,-1,725,734,735,-1,725,735,726,-1,726,735,736,-1,726,736,727,-1,727,736,728,-1,727,728,719,-1,719,728,730,-1,719,730,720,-1,737,738,739,-1,611,613,610,-1,610,613,740,-1,610,740,731,-1,731,740,741,-1,731,741,732,-1,732,741,742,-1,732,742,733,-1,733,742,743,-1,733,743,734,-1,734,743,744,-1,734,744,735,-1,735,744,745,-1,735,745,736,-1,736,745,737,-1,736,737,728,-1,728,737,739,-1,728,739,729,-1,746,747,748,-1,614,616,613,-1,613,616,749,-1,613,749,740,-1,740,749,750,-1,740,750,741,-1,741,750,751,-1,741,751,742,-1,742,751,752,-1,742,752,743,-1,743,752,753,-1,743,753,744,-1,744,753,754,-1,744,754,745,-1,745,754,746,-1,745,746,737,-1,737,746,748,-1,737,748,738,-1,755,756,757,-1,617,619,616,-1,616,619,758,-1,616,758,749,-1,749,758,759,-1,749,759,750,-1,750,759,760,-1,750,760,751,-1,751,760,761,-1,751,761,752,-1,752,761,762,-1,752,762,753,-1,753,762,763,-1,753,763,754,-1,754,763,755,-1,754,755,746,-1,746,755,757,-1,746,757,747,-1,764,765,766,-1,620,622,619,-1,619,622,767,-1,619,767,758,-1,758,767,768,-1,758,768,759,-1,759,768,769,-1,759,769,760,-1,760,769,770,-1,760,770,761,-1,761,770,771,-1,761,771,762,-1,762,771,772,-1,762,772,763,-1,763,772,764,-1,763,764,755,-1,755,764,766,-1,755,766,756,-1,773,774,775,-1,594,596,622,-1,622,596,776,-1,622,776,767,-1,767,776,777,-1,767,777,768,-1,768,777,778,-1,768,778,769,-1,769,778,779,-1,769,779,770,-1,770,779,780,-1,770,780,771,-1,771,780,781,-1,771,781,772,-1,772,781,773,-1,772,773,764,-1,764,773,775,-1,764,775,765,-1,782,783,784,-1,595,593,596,-1,596,593,785,-1,596,785,776,-1,776,785,786,-1,776,786,777,-1,777,786,787,-1,777,787,778,-1,778,787,788,-1,778,788,779,-1,779,788,789,-1,779,789,780,-1,780,789,790,-1,780,790,781,-1,781,790,782,-1,781,782,773,-1,773,782,784,-1,773,784,774,-1,791,792,793,-1,592,590,593,-1,593,590,794,-1,593,794,785,-1,785,794,795,-1,785,795,786,-1,786,795,796,-1,786,796,787,-1,787,796,797,-1,787,797,788,-1,788,797,798,-1,788,798,789,-1,789,798,799,-1,789,799,790,-1,790,799,791,-1,790,791,782,-1,782,791,793,-1,782,793,783,-1,800,801,802,-1,589,587,590,-1,590,587,803,-1,590,803,794,-1,794,803,804,-1,794,804,795,-1,795,804,805,-1,795,805,796,-1,796,805,806,-1,796,806,797,-1,797,806,807,-1,797,807,798,-1,798,807,808,-1,798,808,799,-1,799,808,800,-1,799,800,791,-1,791,800,802,-1,791,802,792,-1,809,810,811,-1,586,584,587,-1,587,584,812,-1,587,812,803,-1,803,812,813,-1,803,813,804,-1,804,813,814,-1,804,814,805,-1,805,814,815,-1,805,815,806,-1,806,815,816,-1,806,816,807,-1,807,816,817,-1,807,817,808,-1,808,817,809,-1,808,809,800,-1,800,809,811,-1,800,811,801,-1,818,819,820,-1,583,581,584,-1,584,581,821,-1,584,821,812,-1,812,821,822,-1,812,822,813,-1,813,822,823,-1,813,823,814,-1,814,823,824,-1,814,824,815,-1,815,824,825,-1,815,825,816,-1,816,825,826,-1,816,826,817,-1,817,826,818,-1,817,818,809,-1,809,818,820,-1,809,820,810,-1,827,828,829,-1,580,578,581,-1,581,578,830,-1,581,830,821,-1,821,830,831,-1,821,831,822,-1,822,831,832,-1,822,832,823,-1,823,832,833,-1,823,833,824,-1,824,833,834,-1,824,834,825,-1,825,834,835,-1,825,835,826,-1,826,835,827,-1,826,827,818,-1,818,827,829,-1,818,829,819,-1,836,837,838,-1,577,575,578,-1,578,575,839,-1,578,839,830,-1,830,839,840,-1,830,840,831,-1,831,840,841,-1,831,841,832,-1,832,841,842,-1,832,842,833,-1,833,842,843,-1,833,843,834,-1,834,843,844,-1,834,844,835,-1,835,844,836,-1,835,836,827,-1,827,836,838,-1,827,838,828,-1,845,846,847,-1,574,572,575,-1,575,572,848,-1,575,848,839,-1,839,848,849,-1,839,849,840,-1,840,849,850,-1,840,850,841,-1,841,850,851,-1,841,851,842,-1,842,851,852,-1,842,852,843,-1,843,852,853,-1,843,853,844,-1,844,853,845,-1,844,845,836,-1,836,845,847,-1,836,847,837,-1,854,855,856,-1,571,569,572,-1,572,569,857,-1,572,857,848,-1,848,857,858,-1,848,858,849,-1,849,858,859,-1,849,859,850,-1,850,859,860,-1,850,860,851,-1,851,860,861,-1,851,861,852,-1,852,861,862,-1,852,862,853,-1,853,862,854,-1,853,854,845,-1,845,854,856,-1,845,856,846,-1,863,864,865,-1,568,566,569,-1,569,566,866,-1,569,866,857,-1,857,866,867,-1,857,867,858,-1,858,867,868,-1,858,868,859,-1,859,868,869,-1,859,869,860,-1,860,869,870,-1,860,870,861,-1,861,870,871,-1,861,871,862,-1,862,871,863,-1,862,863,854,-1,854,863,865,-1,854,865,855,-1,872,873,874,-1,565,563,566,-1,566,563,875,-1,566,875,866,-1,866,875,876,-1,866,876,867,-1,867,876,877,-1,867,877,868,-1,868,877,878,-1,868,878,869,-1,869,878,879,-1,869,879,870,-1,870,879,880,-1,870,880,871,-1,871,880,872,-1,871,872,863,-1,863,872,874,-1,863,874,864,-1,881,882,883,-1,562,560,563,-1,563,560,884,-1,563,884,875,-1,875,884,885,-1,875,885,876,-1,876,885,886,-1,876,886,877,-1,877,886,887,-1,877,887,878,-1,878,887,888,-1,878,888,879,-1,879,888,889,-1,879,889,880,-1,880,889,881,-1,880,881,872,-1,872,881,883,-1,872,883,873,-1,890,891,892,-1,559,557,560,-1,560,557,893,-1,560,893,884,-1,884,893,894,-1,884,894,885,-1,885,894,895,-1,885,895,886,-1,886,895,896,-1,886,896,887,-1,887,896,897,-1,887,897,888,-1,888,897,898,-1,888,898,889,-1,889,898,890,-1,889,890,881,-1,881,890,892,-1,881,892,882,-1,899,900,901,-1,556,554,557,-1,557,554,902,-1,557,902,893,-1,893,902,903,-1,893,903,894,-1,894,903,904,-1,894,904,895,-1,895,904,905,-1,895,905,896,-1,896,905,906,-1,896,906,897,-1,897,906,907,-1,897,907,898,-1,898,907,899,-1,898,899,890,-1,890,899,901,-1,890,901,891,-1,908,909,910,-1,553,551,554,-1,554,551,911,-1,554,911,902,-1,902,911,912,-1,902,912,903,-1,903,912,913,-1,903,913,904,-1,904,913,914,-1,904,914,905,-1,905,914,915,-1,905,915,906,-1,906,915,916,-1,906,916,907,-1,907,916,908,-1,907,908,899,-1,899,908,910,-1,899,910,900,-1,917,918,919,-1,550,548,551,-1,551,548,920,-1,551,920,911,-1,911,920,921,-1,911,921,912,-1,912,921,922,-1,912,922,913,-1,913,922,923,-1,913,923,914,-1,914,923,924,-1,914,924,915,-1,915,924,925,-1,915,925,916,-1,916,925,917,-1,916,917,908,-1,908,917,919,-1,908,919,909,-1,926,927,928,-1,547,545,548,-1,548,545,929,-1,548,929,920,-1,920,929,930,-1,920,930,921,-1,921,930,931,-1,921,931,922,-1,922,931,932,-1,922,932,923,-1,923,932,933,-1,923,933,924,-1,924,933,934,-1,924,934,925,-1,925,934,926,-1,925,926,917,-1,917,926,928,-1,917,928,918,-1,935,936,937,-1,937,936,938,-1,544,624,545,-1,545,624,939,-1,545,939,929,-1,929,939,940,-1,929,940,930,-1,930,940,941,-1,930,941,931,-1,931,941,942,-1,931,942,932,-1,932,942,943,-1,932,943,933,-1,933,943,944,-1,933,944,934,-1,934,944,937,-1,934,937,926,-1,926,937,938,-1,926,938,927,-1,626,628,624,-1,624,628,945,-1,624,945,939,-1,939,945,946,-1,939,946,940,-1,940,946,947,-1,940,947,941,-1,941,947,948,-1,941,948,942,-1,942,948,949,-1,942,949,943,-1,943,949,950,-1,943,950,944,-1,944,950,509,-1,944,509,937,-1,937,509,508,-1,937,508,935,-1,629,631,628,-1,628,631,951,-1,628,951,945,-1,945,951,952,-1,945,952,946,-1,946,952,953,-1,946,953,947,-1,947,953,954,-1,947,954,948,-1,948,954,955,-1,948,955,949,-1,949,955,956,-1,949,956,950,-1,950,956,506,-1,950,506,509,-1,509,506,505,-1,509,505,507,-1,632,634,631,-1,631,634,957,-1,631,957,951,-1,951,957,958,-1,951,958,952,-1,952,958,959,-1,952,959,953,-1,953,959,960,-1,953,960,954,-1,954,960,961,-1,954,961,955,-1,955,961,962,-1,955,962,956,-1,956,962,503,-1,956,503,506,-1,506,503,502,-1,506,502,504,-1,635,637,634,-1,634,637,963,-1,634,963,957,-1,957,963,964,-1,957,964,958,-1,958,964,965,-1,958,965,959,-1,959,965,966,-1,959,966,960,-1,960,966,967,-1,960,967,961,-1,961,967,968,-1,961,968,962,-1,962,968,500,-1,962,500,503,-1,503,500,499,-1,503,499,501,-1,638,640,637,-1,637,640,969,-1,637,969,963,-1,963,969,970,-1,963,970,964,-1,964,970,971,-1,964,971,965,-1,965,971,972,-1,965,972,966,-1,966,972,973,-1,966,973,967,-1,967,973,974,-1,967,974,968,-1,968,974,497,-1,968,497,500,-1,500,497,496,-1,500,496,498,-1,641,643,640,-1,640,643,975,-1,640,975,969,-1,969,975,976,-1,969,976,970,-1,970,976,977,-1,970,977,971,-1,971,977,978,-1,971,978,972,-1,972,978,979,-1,972,979,973,-1,973,979,980,-1,973,980,974,-1,974,980,494,-1,974,494,497,-1,497,494,493,-1,497,493,495,-1,644,646,643,-1,643,646,981,-1,643,981,975,-1,975,981,982,-1,975,982,976,-1,976,982,983,-1,976,983,977,-1,977,983,984,-1,977,984,978,-1,978,984,985,-1,978,985,979,-1,979,985,986,-1,979,986,980,-1,980,986,491,-1,980,491,494,-1,494,491,490,-1,494,490,492,-1,647,649,646,-1,646,649,987,-1,646,987,981,-1,981,987,988,-1,981,988,982,-1,982,988,989,-1,982,989,983,-1,983,989,990,-1,983,990,984,-1,984,990,991,-1,984,991,985,-1,985,991,992,-1,985,992,986,-1,986,992,488,-1,986,488,491,-1,491,488,487,-1,491,487,489,-1,540,542,649,-1,649,542,993,-1,649,993,987,-1,987,993,994,-1,987,994,988,-1,988,994,995,-1,988,995,989,-1,989,995,996,-1,989,996,990,-1,990,996,997,-1,990,997,991,-1,991,997,998,-1,991,998,992,-1,992,998,485,-1,992,485,488,-1,488,485,484,-1,488,484,486,-1,542,999,993,-1,993,999,1000,-1,993,1000,994,-1,994,1000,1001,-1,994,1001,995,-1,995,1001,1002,-1,995,1002,996,-1,996,1002,1003,-1,996,1003,997,-1,997,1003,1004,-1,997,1004,998,-1,998,1004,482,-1,998,482,485,-1,485,482,481,-1,485,481,483,-1,999,1005,1000,-1,1000,1005,1006,-1,1000,1006,1001,-1,1001,1006,1007,-1,1001,1007,1002,-1,1002,1007,1008,-1,1002,1008,1003,-1,1003,1008,1009,-1,1003,1009,1004,-1,1004,1009,479,-1,1004,479,482,-1,482,479,478,-1,482,478,480,-1,1005,1010,1006,-1,1006,1010,1011,-1,1006,1011,1007,-1,1007,1011,1012,-1,1007,1012,1008,-1,1008,1012,1013,-1,1008,1013,1009,-1,1009,1013,476,-1,1009,476,479,-1,479,476,475,-1,479,475,477,-1,1010,1014,1011,-1,1011,1014,1015,-1,1011,1015,1012,-1,1012,1015,1016,-1,1012,1016,1013,-1,1013,1016,473,-1,1013,473,476,-1,476,473,472,-1,476,472,474,-1,1014,1017,1015,-1,1015,1017,1018,-1,1015,1018,1016,-1,1016,1018,470,-1,1016,470,473,-1,473,470,469,-1,473,469,471,-1,1017,699,1018,-1,1018,699,698,-1,1018,698,470,-1,470,698,1019,-1,470,1019,468,-1,1020,1021,1022,-1,1022,1021,697,-1,1022,697,1023,-1,1023,697,699,-1,1023,699,1024,-1,1024,699,1017,-1,1024,1017,1025,-1,1025,1017,1014,-1,1025,1014,1026,-1,1026,1014,1010,-1,1026,1010,1027,-1,1027,1010,1005,-1,1027,1005,1028,-1,1028,1005,999,-1,1028,999,539,-1,539,999,542,-1,539,542,537,-1,537,542,541,-1,1021,1029,697,-1,697,1029,1030,-1,697,1030,698,-1,698,1030,1031,-1,698,1031,1019,-1,466,1020,467,-1,467,1020,1022,-1,467,1022,1032,-1,1032,1022,1023,-1,1032,1023,1033,-1,1033,1023,1024,-1,1033,1024,1034,-1,1034,1024,1025,-1,1034,1025,1035,-1,1035,1025,1026,-1,1035,1026,1036,-1,1036,1026,1027,-1,1036,1027,1037,-1,1037,1027,1028,-1,1037,1028,536,-1,536,1028,539,-1,536,539,534,-1,534,539,538,-1,463,465,464,-1,464,465,467,-1,464,467,1038,-1,1038,467,1032,-1,1038,1032,1039,-1,1039,1032,1033,-1,1039,1033,1040,-1,1040,1033,1034,-1,1040,1034,1041,-1,1041,1034,1035,-1,1041,1035,1042,-1,1042,1035,1036,-1,1042,1036,1043,-1,1043,1036,1037,-1,1043,1037,533,-1,533,1037,536,-1,533,536,531,-1,531,536,535,-1,460,462,461,-1,461,462,464,-1,461,464,1044,-1,1044,464,1038,-1,1044,1038,1045,-1,1045,1038,1039,-1,1045,1039,1046,-1,1046,1039,1040,-1,1046,1040,1047,-1,1047,1040,1041,-1,1047,1041,1048,-1,1048,1041,1042,-1,1048,1042,1049,-1,1049,1042,1043,-1,1049,1043,530,-1,530,1043,533,-1,530,533,528,-1,528,533,532,-1,457,459,458,-1,458,459,461,-1,458,461,1050,-1,1050,461,1044,-1,1050,1044,1051,-1,1051,1044,1045,-1,1051,1045,1052,-1,1052,1045,1046,-1,1052,1046,1053,-1,1053,1046,1047,-1,1053,1047,1054,-1,1054,1047,1048,-1,1054,1048,1055,-1,1055,1048,1049,-1,1055,1049,527,-1,527,1049,530,-1,527,530,525,-1,525,530,529,-1,454,456,455,-1,455,456,458,-1,455,458,1056,-1,1056,458,1050,-1,1056,1050,1057,-1,1057,1050,1051,-1,1057,1051,1058,-1,1058,1051,1052,-1,1058,1052,1059,-1,1059,1052,1053,-1,1059,1053,1060,-1,1060,1053,1054,-1,1060,1054,1061,-1,1061,1054,1055,-1,1061,1055,524,-1,524,1055,527,-1,524,527,522,-1,522,527,526,-1,451,453,452,-1,452,453,455,-1,452,455,1062,-1,1062,455,1056,-1,1062,1056,1063,-1,1063,1056,1057,-1,1063,1057,1064,-1,1064,1057,1058,-1,1064,1058,1065,-1,1065,1058,1059,-1,1065,1059,1066,-1,1066,1059,1060,-1,1066,1060,1067,-1,1067,1060,1061,-1,1067,1061,521,-1,521,1061,524,-1,521,524,519,-1,519,524,523,-1,448,450,449,-1,449,450,452,-1,449,452,1068,-1,1068,452,1062,-1,1068,1062,1069,-1,1069,1062,1063,-1,1069,1063,1070,-1,1070,1063,1064,-1,1070,1064,1071,-1,1071,1064,1065,-1,1071,1065,1072,-1,1072,1065,1066,-1,1072,1066,1073,-1,1073,1066,1067,-1,1073,1067,518,-1,518,1067,521,-1,518,521,516,-1,516,521,520,-1,445,447,446,-1,446,447,449,-1,446,449,1074,-1,1074,449,1068,-1,1074,1068,1075,-1,1075,1068,1069,-1,1075,1069,1076,-1,1076,1069,1070,-1,1076,1070,1077,-1,1077,1070,1071,-1,1077,1071,1078,-1,1078,1071,1072,-1,1078,1072,1079,-1,1079,1072,1073,-1,1079,1073,515,-1,515,1073,518,-1,515,518,513,-1,513,518,517,-1,709,444,690,-1,690,444,446,-1,690,446,684,-1,684,446,1074,-1,684,1074,679,-1,679,1074,1075,-1,679,1075,675,-1,675,1075,1076,-1,675,1076,672,-1,672,1076,1077,-1,672,1077,670,-1,670,1077,1078,-1,670,1078,512,-1,512,1078,1079,-1,512,1079,510,-1,510,1079,515,-1,510,515,650,-1,650,515,514,-1,
        ]
    }
}
Shape{
    appearance Appearance {
        material  Material 	{
            diffuseColor 0.48627450980392156 0.06666666666666667 0.06666666666666667
            specularColor 0.03529411764705882 0.00392156862745098 0.00392156862745098
            ambientIntensity 0.2
            transparency 0
            shininess 0.5
        }
    }
    geometry IndexedFaceSet {
        ccw TRUE
        solid FALSE
        coord DEF co Coordinate {
            point [
                0.2207 0.8782 2.7559, 0.2207 -0.8782 2.7559, 0.2597 -0.8675 2.7559, 0.6937 0.5821 2.7559, 0.3587 -0.8315 2.7559, 0.6214 0.6586 2.7559, 0.5407 0.7263 2.7559, 0.4528 0.7842 2.7559, 0.3587 0.8315 2.7559, 0.2597 0.8675 2.7559, 0.4528 -0.7842 2.7559, 0.5407 -0.7263 2.7559, 0.6214 -0.6586 2.7559, 0.8509 0.3097 2.7559, 0.8092 0.4064 2.7559, 0.7565 -0.4976 2.7559, 0.6937 -0.5821 2.7559, 0.7565 0.4976 2.7559, 0.8994 -0.1051 2.7559, 0.9055 -0.0 2.7559, 0.8811 -0.2088 2.7559, 0.8994 0.1051 2.7559, 0.8509 -0.3097 2.7559, 0.8092 -0.4064 2.7559, 0.8811 0.2088 2.7559, 0.8811 0.2088 2.7559
            ]
        }
        coordIndex [
            0,1,2,-1,3,2,4,-1,3,5,2,-1,2,5,6,-1,2,6,7,-1,7,8,2,-1,2,8,9,-1,2,9,0,-1,4,10,3,-1,3,10,11,-1,3,11,12,-1,13,14,15,-1,12,16,3,-1,3,16,15,-1,3,15,17,-1,17,15,14,-1,18,19,20,-1,20,19,21,-1,20,21,22,-1,22,21,23,-1,23,21,15,-1,15,21,24,-1,15,24,13,-1,
        ]
    }
}
Shape{
    appearance Appearance {
        material  Material 	{
            diffuseColor 0.7686274509803922 0.7686274509803922 0.7686274509803922
            specularColor 0.615686274509804 0.615686274509804 0.615686274509804
            ambientIntensity 0.2
            transparency 0
            shininess 0.5
        }
    }
    geometry IndexedFaceSet {
        ccw TRUE
        solid FALSE
        coord DEF co Coordinate {
            point [
                -0.9776 0.1143 2.6772, -0.9776 0.1143 0.5741, -0.9843 0.0 2.6772, -0.9843 0.0 0.5741, -0.9776 -0.1143 2.6772, -0.9776 -0.1143 0.5741, -0.9692 -0.1617 2.6772, -0.9692 -0.1617 0.5741, -0.9577 -0.227 2.6772, -0.9577 -0.227 0.5741, -0.9301 -0.3193 2.6772, -0.9301 -0.3193 0.5741, -0.9249 -0.3366 2.6772, -0.9249 -0.3366 0.5741, -0.8796 -0.4417 2.6772, -0.8796 -0.4417 0.5741, -0.8645 -0.4678 2.6772, -0.8645 -0.4678 0.5741, -0.8223 -0.5409 2.6772, -0.8223 -0.5409 0.5741, -0.7756 -0.6037 2.6772, -0.7756 -0.6037 0.5741, -0.754 -0.6327 2.6772, -0.754 -0.6327 0.5741, -0.6754 -0.7159 2.6772, -0.6754 -0.7159 0.5741, -0.6662 -0.7237 2.6772, -0.6662 -0.7237 0.5741, -0.5878 -0.7895 2.6772, -0.5878 -0.7895 0.5741, -0.5374 -0.8226 2.6772, -0.5374 -0.8226 0.5741, -0.4921 -0.8524 2.6772, -0.4921 -0.8524 0.5741, -0.3952 -0.9011 2.6772, -0.3952 -0.9011 0.5741, -0.3898 -0.9038 2.6772, -0.3898 -0.9038 0.5741, -0.2823 -0.9429 2.6772, -0.2823 -0.9429 0.5741, -0.2413 -0.9526 2.6772, -0.2413 -0.9526 0.5741, -0.1709 -0.9693 2.6772, -0.1709 -0.9693 0.5741, -0.0812 -0.9798 2.6772, -0.0812 -0.9798 0.5741, -0.0572 -0.9826 2.6772, -0.0572 -0.9826 0.5741, 0.0572 -0.9826 2.6772, 0.0572 -0.9826 0.5741, 0.0812 -0.9798 2.6772, 0.0812 -0.9798 0.5741, 0.1709 -0.9693 2.6772, 0.1709 -0.9693 0.5741, 0.2413 -0.9526 2.6772, 0.2413 -0.9526 0.5741, 0.2823 -0.9429 2.6772, 0.2823 -0.9429 0.5741, 0.3898 -0.9038 2.6772, 0.3898 -0.9038 0.5741, 0.3952 -0.9011 2.6772, 0.3952 -0.9011 0.5741, 0.4921 -0.8524 2.6772, 0.4921 -0.8524 0.5741, 0.5374 -0.8226 2.6772, 0.5374 -0.8226 0.5741, 0.5878 -0.7895 2.6772, 0.5878 -0.7895 0.5741, 0.6662 -0.7237 2.6772, 0.6662 -0.7237 0.5741, 0.6754 -0.7159 2.6772, 0.6754 -0.7159 0.5741, 0.754 -0.6327 2.6772, 0.754 -0.6327 0.5741, 0.7756 -0.6037 2.6772, 0.7756 -0.6037 0.5741, 0.8223 -0.5409 2.6772, 0.8223 -0.5409 0.5741, 0.8645 -0.4678 2.6772, 0.8645 -0.4678 0.5741, 0.8796 -0.4417 2.6772, 0.8796 -0.4417 0.5741, 0.9249 -0.3366 2.6772, 0.9249 -0.3366 0.5741, 0.9301 -0.3193 2.6772, 0.9301 -0.3193 0.5741, 0.9577 -0.227 2.6772, 0.9577 -0.227 0.5741, 0.9692 -0.1617 2.6772, 0.9692 -0.1617 0.5741, 0.9776 -0.1143 2.6772, 0.9776 -0.1143 0.5741, 0.9843 0.0 2.6772, 0.9843 0.0 0.5741, 0.9776 0.1143 2.6772, 0.9776 0.1143 0.5741, 0.9692 0.1617 2.6772, 0.9692 0.1617 0.5741, 0.9577 0.227 2.6772, 0.9577 0.227 0.5741, 0.9301 0.3193 2.6772, 0.9301 0.3193 0.5741, 0.9249 0.3366 2.6772, 0.9249 0.3366 0.5741, 0.8796 0.4417 2.6772, 0.8796 0.4417 0.5741, 0.8645 0.4678 2.6772, 0.8645 0.4678 0.5741, 0.8223 0.5409 2.6772, 0.8223 0.5409 0.5741, 0.7756 0.6037 2.6772, 0.7756 0.6037 0.5741, 0.754 0.6327 2.6772, 0.754 0.6327 0.5741, 0.6754 0.7159 2.6772, 0.6754 0.7159 0.5741, 0.6662 0.7237 2.6772, 0.6662 0.7237 0.5741, 0.5878 0.7895 2.6772, 0.5878 0.7895 0.5741, 0.5374 0.8226 2.6772, 0.5374 0.8226 0.5741, 0.4921 0.8524 2.6772, 0.4921 0.8524 0.5741, 0.3952 0.9011 2.6772, 0.3952 0.9011 0.5741, 0.3898 0.9038 2.6772, 0.3898 0.9038 0.5741, 0.2823 0.9429 2.6772, 0.2823 0.9429 0.5741, 0.2413 0.9526 2.6772, 0.2413 0.9526 0.5741, 0.1709 0.9693 2.6772, 0.1709 0.9693 0.5741, 0.0812 0.9798 2.6772, 0.0812 0.9798 0.5741, 0.0572 0.9826 2.6772, 0.0572 0.9826 0.5741, -0.0572 0.9826 2.6772, -0.0572 0.9826 0.5741, -0.0812 0.9798 2.6772, -0.0812 0.9798 0.5741, -0.1709 0.9693 2.6772, -0.1709 0.9693 0.5741, -0.2413 0.9526 2.6772, -0.2413 0.9526 0.5741, -0.2823 0.9429 2.6772, -0.2823 0.9429 0.5741, -0.3898 0.9038 2.6772, -0.3898 0.9038 0.5741, -0.3952 0.9011 2.6772, -0.3952 0.9011 0.5741, -0.4921 0.8524 2.6772, -0.4921 0.8524 0.5741, -0.5374 0.8226 2.6772, -0.5374 0.8226 0.5741, -0.5878 0.7895 2.6772, -0.5878 0.7895 0.5741, -0.6662 0.7237 2.6772, -0.6662 0.7237 0.5741, -0.6754 0.7159 2.6772, -0.6754 0.7159 0.5741, -0.754 0.6327 2.6772, -0.754 0.6327 0.5741, -0.7756 0.6037 2.6772, -0.7756 0.6037 0.5741, -0.8223 0.5409 2.6772, -0.8223 0.5409 0.5741, -0.8645 0.4678 2.6772, -0.8645 0.4678 0.5741, -0.8796 0.4417 2.6772, -0.8796 0.4417 0.5741, -0.9249 0.3366 2.6772, -0.9249 0.3366 0.5741, -0.9301 0.3193 2.6772, -0.9301 0.3193 0.5741, -0.9577 0.227 2.6772, -0.9577 0.227 0.5741, -0.9692 0.1617 2.6772, -0.9692 0.1617 0.5741, 0.8645 0.4678 0.2133, 0.8223 0.5409 0.2133, 0.8206 0.5397 0.2314, 0.6662 0.7237 0.2133, 0.5878 0.7895 0.2133, 0.5865 0.7878 0.2314, 0.3952 0.9011 0.2133, 0.3898 0.9038 0.2133, 0.389 0.9018 0.2314, 0.2413 0.9526 0.2133, 0.1709 0.9693 0.2133, 0.1705 0.9672 0.2314, -0.0812 0.9798 0.2133, -0.1709 0.9693 0.2133, -0.1705 0.9672 0.2314, -0.3952 0.9011 0.2133, -0.4921 0.8524 0.2133, -0.4911 0.8506 0.2314, -0.5374 0.8226 0.2133, -0.5878 0.7895 0.2133, -0.5865 0.7878 0.2314, -0.7756 0.6037 0.2133, -0.8223 0.5409 0.2133, -0.8206 0.5397 0.2314, -0.9301 0.3193 0.2133, -0.9577 0.227 0.2133, -0.9557 0.2265 0.2314, -0.9692 -0.1617 0.2133, -0.9577 -0.227 0.2133, -0.9557 -0.2265 0.2314, -0.8645 -0.4678 0.2133, -0.8223 -0.5409 0.2133, -0.8206 -0.5397 0.2314, -0.6662 -0.7237 0.2133, -0.5878 -0.7895 0.2133, -0.5865 -0.7878 0.2314, -0.3952 -0.9011 0.2133, -0.3898 -0.9038 0.2133, -0.389 -0.9018 0.2314, -0.2413 -0.9526 0.2133, -0.1709 -0.9693 0.2133, -0.1705 -0.9672 0.2314, 0.0812 -0.9798 0.2133, 0.1709 -0.9693 0.2133, 0.1705 -0.9672 0.2314, 0.3952 -0.9011 0.2133, 0.4921 -0.8524 0.2133, 0.4911 -0.8506 0.2314, 0.5374 -0.8226 0.2133, 0.5878 -0.7895 0.2133, 0.5865 -0.7878 0.2314, 0.7756 -0.6037 0.2133, 0.8223 -0.5409 0.2133, 0.8206 -0.5397 0.2314, 0.8055 0.4757 0.2855, 0.8373 0.4205 0.2855, 0.8514 0.4276 0.2763, 0.7436 0.5677 0.2855, 0.7829 0.5149 0.2855, 0.796 0.5235 0.2763, 0.6712 0.6517 0.2855, 0.7178 0.6023 0.2855, 0.7298 0.6124 0.2763, 0.5895 0.7265 0.2855, 0.643 0.6816 0.2855, 0.6538 0.693 0.2763, 0.4994 0.7911 0.2855, 0.5595 0.7516 0.2855, 0.5689 0.7642 0.2763, 0.4024 0.8447 0.2855, 0.4685 0.8115 0.2855, 0.4764 0.8251 0.2763, 0.2996 0.8864 0.2855, 0.3711 0.8604 0.2855, 0.3774 0.8748 0.2763, 0.1927 0.9157 0.2855, 0.2687 0.8976 0.2855, 0.2733 0.9127 0.2763, 0.0831 0.9321 0.2855, 0.1627 0.9228 0.2855, 0.1654 0.9383 0.2763, -0.0278 0.9354 0.2855, 0.0545 0.9354 0.2855, 0.0554 0.9511 0.2763, -0.1382 0.9256 0.2855, -0.0545 0.9354 0.2855, -0.0554 0.9511 0.2763, -0.2467 0.9029 0.2855, -0.1627 0.9228 0.2855, -0.1654 0.9383 0.2763, -0.3518 0.8674 0.2855, -0.2687 0.8976 0.2855, -0.2733 0.9127 0.2763, -0.452 0.8198 0.2855, -0.3711 0.8604 0.2855, -0.3774 0.8748 0.2763, -0.5458 0.7606 0.2855, -0.4685 0.8115 0.2855, -0.4764 0.8251 0.2763, -0.632 0.6908 0.2855, -0.5595 0.7516 0.2855, -0.5689 0.7642 0.2763, -0.7093 0.6113 0.2855, -0.643 0.6816 0.2855, -0.6538 0.693 0.2763, -0.7767 0.5231 0.2855, -0.7178 0.6023 0.2855, -0.7298 0.6124 0.2763, -0.8332 0.4276 0.2855, -0.7829 0.5149 0.2855, -0.796 0.5235 0.2763, -0.8781 0.3261 0.2855, -0.8373 0.4205 0.2855, -0.8514 0.4276 0.2763, -0.9106 0.22 0.2855, -0.8805 0.3205 0.2855, -0.8953 0.3259 0.2763, -0.9303 0.1108 0.2855, -0.9118 0.2161 0.2855, -0.9271 0.2197 0.2763, -0.9303 -0.1108 0.2855, -0.9307 -0.1088 0.2855, -0.9463 -0.1106 0.2763, -0.9106 -0.22 0.2855, -0.9118 -0.2161 0.2855, -0.9271 -0.2197 0.2763, -0.8781 -0.3261 0.2855, -0.8805 -0.3205 0.2855, -0.8953 -0.3259 0.2763, -0.8332 -0.4276 0.2855, -0.8373 -0.4205 0.2855, -0.8514 -0.4276 0.2763, -0.7767 -0.5231 0.2855, -0.7829 -0.5149 0.2855, -0.796 -0.5235 0.2763, 0.9463 -0.1106 0.2763, 0.9307 -0.1088 0.2855, 0.9271 -0.2197 0.2763, 0.9207 -0.1655 0.2855, 0.9118 -0.2161 0.2855, 0.8946 -0.2732 0.2855, 0.8953 -0.3259 0.2763, 0.8805 -0.3205 0.2855, 0.8561 -0.3771 0.2855, 0.8514 -0.4276 0.2763, 0.8373 -0.4205 0.2855, 0.8055 -0.4757 0.2855, 0.796 -0.5235 0.2763, 0.7829 -0.5149 0.2855, 0.7436 -0.5677 0.2855, 0.7298 -0.6124 0.2763, 0.7178 -0.6023 0.2855, 0.6712 -0.6517 0.2855, 0.6538 -0.693 0.2763, 0.643 -0.6816 0.2855, 0.5895 -0.7265 0.2855, 0.5689 -0.7642 0.2763, 0.5595 -0.7516 0.2855, 0.4994 -0.7911 0.2855, 0.4764 -0.8251 0.2763, 0.4685 -0.8115 0.2855, 0.4024 -0.8447 0.2855, 0.3774 -0.8748 0.2763, 0.3711 -0.8604 0.2855, 0.2996 -0.8864 0.2855, 0.2733 -0.9127 0.2763, 0.2687 -0.8976 0.2855, 0.1927 -0.9157 0.2855, 0.1654 -0.9383 0.2763, 0.1627 -0.9228 0.2855, 0.0831 -0.9321 0.2855, 0.0554 -0.9511 0.2763, 0.0545 -0.9354 0.2855, -0.0278 -0.9354 0.2855, -0.0554 -0.9511 0.2763, -0.0545 -0.9354 0.2855, -0.1382 -0.9256 0.2855, -0.1654 -0.9383 0.2763, -0.1627 -0.9228 0.2855, -0.2467 -0.9029 0.2855, -0.2733 -0.9127 0.2763, -0.2687 -0.8976 0.2855, -0.3518 -0.8674 0.2855, -0.3774 -0.8748 0.2763, -0.3711 -0.8604 0.2855, -0.452 -0.8198 0.2855, -0.4764 -0.8251 0.2763, -0.4685 -0.8115 0.2855, -0.5458 -0.7606 0.2855, -0.5689 -0.7642 0.2763, -0.5595 -0.7516 0.2855, -0.632 -0.6908 0.2855, -0.6538 -0.693 0.2763, -0.643 -0.6816 0.2855, -0.7093 -0.6113 0.2855, -0.7298 -0.6124 0.2763, -0.7178 -0.6023 0.2855, 0.8561 0.3771 0.2855, 0.8805 0.3205 0.2855, 0.8953 0.3259 0.2763, 0.8946 0.2732 0.2855, 0.9271 0.2197 0.2763, 0.9118 0.2161 0.2855, 0.9207 0.1655 0.2855, 0.9463 0.1106 0.2763, 0.9307 0.1088 0.2855, 0.9338 0.0554 0.2855, 0.9527 0.0 0.2763, 0.937 0.0 0.2855, 0.9338 -0.0554 0.2855, 0.9399 -0.2228 0.2637, 0.9594 -0.1121 0.2637, 0.966 0.0 0.2637, 0.9594 0.1121 0.2637, 0.9399 0.2228 0.2637, 0.9077 0.3304 0.2637, 0.9496 -0.2251 0.2485, 0.9693 -0.1133 0.2485, 0.9759 0.0 0.2485, 0.9693 0.1133 0.2485, 0.9496 0.2251 0.2485, 0.9171 0.3338 0.2485, 0.9557 -0.2265 0.2314, 0.9755 -0.114 0.2314, 0.8632 -0.4335 0.2637, 0.807 -0.5308 0.2637, 0.8721 -0.438 0.2485, 0.8154 -0.5363 0.2485, 0.8777 -0.4408 0.2314, 0.6629 -0.7026 0.2637, 0.5768 -0.7748 0.2637, 0.6697 -0.7099 0.2485, 0.5828 -0.7828 0.2485, 0.674 -0.7144 0.2314, 0.277 -0.9254 0.2637, 0.1677 -0.9513 0.2637, 0.2799 -0.9349 0.2485, 0.1695 -0.9611 0.2485, 0.2817 -0.9409 0.2314, -0.0562 -0.9643 0.2637, -0.1677 -0.9513 0.2637, -0.0567 -0.9743 0.2485, -0.1695 -0.9611 0.2485, -0.0571 -0.9805 0.2314, -0.483 -0.8365 0.2637, -0.5768 -0.7748 0.2637, -0.488 -0.8452 0.2485, -0.5828 -0.7828 0.2485, -0.4911 -0.8506 0.2314, -0.74 -0.6209 0.2637, -0.807 -0.5308 0.2637, -0.7476 -0.6273 0.2485, -0.8154 -0.5363 0.2485, -0.7524 -0.6313 0.2314, -0.9077 -0.3304 0.2637, -0.9399 -0.2228 0.2637, -0.9171 -0.3338 0.2485, -0.9496 -0.2251 0.2485, -0.9229 -0.3359 0.2314, -0.9307 0.1088 0.2855, -0.9463 0.1106 0.2763, -0.9594 0.1121 0.2637, -0.9399 0.2228 0.2637, -0.9693 0.1133 0.2485, -0.9496 0.2251 0.2485, -0.9755 0.114 0.2314, -0.8632 0.4335 0.2637, -0.807 0.5308 0.2637, -0.8721 0.438 0.2485, -0.8154 0.5363 0.2485, -0.8777 0.4408 0.2314, -0.6629 0.7026 0.2637, -0.5768 0.7748 0.2637, -0.6697 0.7099 0.2485, -0.5828 0.7828 0.2485, -0.674 0.7144 0.2314, -0.277 0.9254 0.2637, -0.1677 0.9513 0.2637, -0.2799 0.9349 0.2485, -0.1695 0.9611 0.2485, -0.2817 0.9409 0.2314, 0.0562 0.9643 0.2637, 0.1677 0.9513 0.2637, 0.0567 0.9743 0.2485, 0.1695 0.9611 0.2485, 0.0571 0.9805 0.2314, 0.483 0.8365 0.2637, 0.5768 0.7748 0.2637, 0.488 0.8452 0.2485, 0.5828 0.7828 0.2485, 0.4911 0.8506 0.2314, 0.74 0.6209 0.2637, 0.807 0.5308 0.2637, 0.7476 0.6273 0.2485, 0.8154 0.5363 0.2485, 0.7524 0.6313 0.2314, 0.9821 0.0 0.2314, 0.9755 0.114 0.2314, 0.9557 0.2265 0.2314, 0.9229 0.3359 0.2314, 0.9692 -0.1617 0.2133, 0.9577 -0.227 0.2133, 0.9301 -0.3193 0.2133, 0.9249 -0.3366 0.2133, 0.9229 -0.3359 0.2314, 0.9171 -0.3338 0.2485, 0.9077 -0.3304 0.2637, 0.8796 -0.4417 0.2133, 0.8645 -0.4678 0.2133, 0.754 -0.6327 0.2133, 0.7524 -0.6313 0.2314, 0.7476 -0.6273 0.2485, 0.74 -0.6209 0.2637, 0.6754 -0.7159 0.2133, 0.6662 -0.7237 0.2133, 0.488 -0.8452 0.2485, 0.483 -0.8365 0.2637, 0.3898 -0.9038 0.2133, 0.389 -0.9018 0.2314, 0.3865 -0.8961 0.2485, 0.3826 -0.887 0.2637, 0.2823 -0.9429 0.2133, 0.2413 -0.9526 0.2133, 0.0572 -0.9826 0.2133, 0.0571 -0.9805 0.2314, 0.0567 -0.9743 0.2485, 0.0562 -0.9643 0.2637, -0.0572 -0.9826 0.2133, -0.0812 -0.9798 0.2133, -0.2823 -0.9429 0.2133, -0.2817 -0.9409 0.2314, -0.2799 -0.9349 0.2485, -0.277 -0.9254 0.2637, -0.3826 -0.887 0.2637, -0.3865 -0.8961 0.2485, -0.4921 -0.8524 0.2133, -0.5374 -0.8226 0.2133, -0.6754 -0.7159 0.2133, -0.674 -0.7144 0.2314, -0.6697 -0.7099 0.2485, -0.6629 -0.7026 0.2637, -0.754 -0.6327 0.2133, -0.7756 -0.6037 0.2133, -0.8796 -0.4417 0.2133, -0.8777 -0.4408 0.2314, -0.8721 -0.438 0.2485, -0.8632 -0.4335 0.2637, -0.9249 -0.3366 0.2133, -0.9301 -0.3193 0.2133, -0.9776 -0.1143 0.2133, -0.9755 -0.114 0.2314, -0.9693 -0.1133 0.2485, -0.9594 -0.1121 0.2637, -0.937 0.0 0.2855, -0.9527 0.0 0.2763, -0.966 0.0 0.2637, -0.9759 0.0 0.2485, -0.9821 0.0 0.2314, -0.9843 0.0 0.2133, -0.9776 0.1143 0.2133, -0.9692 0.1617 0.2133, -0.9249 0.3366 0.2133, -0.9229 0.3359 0.2314, -0.9171 0.3338 0.2485, -0.9077 0.3304 0.2637, -0.8796 0.4417 0.2133, -0.8645 0.4678 0.2133, -0.754 0.6327 0.2133, -0.7524 0.6313 0.2314, -0.7476 0.6273 0.2485, -0.74 0.6209 0.2637, -0.6754 0.7159 0.2133, -0.6662 0.7237 0.2133, -0.488 0.8452 0.2485, -0.483 0.8365 0.2637, -0.3898 0.9038 0.2133, -0.389 0.9018 0.2314, -0.3865 0.8961 0.2485, -0.3826 0.887 0.2637, -0.2823 0.9429 0.2133, -0.2413 0.9526 0.2133, -0.0572 0.9826 0.2133, -0.0571 0.9805 0.2314, -0.0567 0.9743 0.2485, -0.0562 0.9643 0.2637, 0.0572 0.9826 0.2133, 0.0812 0.9798 0.2133, 0.2823 0.9429 0.2133, 0.2817 0.9409 0.2314, 0.2799 0.9349 0.2485, 0.277 0.9254 0.2637, 0.3826 0.887 0.2637, 0.3865 0.8961 0.2485, 0.4921 0.8524 0.2133, 0.5374 0.8226 0.2133, 0.6754 0.7159 0.2133, 0.674 0.7144 0.2314, 0.6697 0.7099 0.2485, 0.6629 0.7026 0.2637, 0.754 0.6327 0.2133, 0.7756 0.6037 0.2133, 0.8796 0.4417 0.2133, 0.8777 0.4408 0.2314, 0.8721 0.438 0.2485, 0.8632 0.4335 0.2637, 0.9249 0.3366 0.2133, 0.9776 -0.1143 0.2133, 0.9843 0.0 0.2133, 0.9776 0.1143 0.2133, 0.9692 0.1617 0.2133, 0.9577 0.227 0.2133, 0.9301 0.3193 0.2133, -0.8206 0.5397 0.556, -0.5865 0.7878 0.556, -0.389 0.9018 0.556, -0.1705 0.9672 0.556, 0.1705 0.9672 0.556, 0.4911 0.8506 0.556, 0.5865 0.7878 0.556, 0.8206 0.5397 0.556, 0.9557 0.2265 0.556, 0.9557 -0.2265 0.556, 0.8206 -0.5397 0.556, 0.5865 -0.7878 0.556, 0.389 -0.9018 0.556, 0.1705 -0.9672 0.556, -0.1705 -0.9672 0.556, -0.4911 -0.8506 0.556, -0.5865 -0.7878 0.556, -0.8206 -0.5397 0.556, -0.8332 0.4276 0.502, -0.8373 0.4205 0.502, -0.8514 0.4276 0.5111, -0.7767 0.5231 0.502, -0.7829 0.5149 0.502, -0.796 0.5235 0.5111, 0.9207 -0.1655 0.502, 0.9307 -0.1088 0.502, 0.9463 -0.1106 0.5111, 0.8946 -0.2732 0.502, 0.9118 -0.2161 0.502, 0.9271 -0.2197 0.5111, 0.8561 -0.3771 0.502, 0.8805 -0.3205 0.502, 0.8953 -0.3259 0.5111, 0.8055 -0.4757 0.502, 0.8373 -0.4205 0.502, 0.8514 -0.4276 0.5111, 0.7436 -0.5677 0.502, 0.7829 -0.5149 0.502, 0.796 -0.5235 0.5111, 0.6712 -0.6517 0.502, 0.7178 -0.6023 0.502, 0.7298 -0.6124 0.5111, 0.5895 -0.7265 0.502, 0.643 -0.6816 0.502, 0.6538 -0.693 0.5111, 0.4994 -0.7911 0.502, 0.5595 -0.7516 0.502, 0.5689 -0.7642 0.5111, 0.4024 -0.8447 0.502, 0.4685 -0.8115 0.502, 0.4764 -0.8251 0.5111, 0.2996 -0.8864 0.502, 0.3711 -0.8604 0.502, 0.3774 -0.8748 0.5111, 0.1927 -0.9157 0.502, 0.2687 -0.8976 0.502, 0.2733 -0.9127 0.5111, 0.0831 -0.9321 0.502, 0.1627 -0.9228 0.502, 0.1654 -0.9383 0.5111, -0.0278 -0.9354 0.502, 0.0545 -0.9354 0.502, 0.0554 -0.9511 0.5111, -0.1382 -0.9256 0.502, -0.0545 -0.9354 0.502, -0.0554 -0.9511 0.5111, -0.2467 -0.9029 0.502, -0.1627 -0.9228 0.502, -0.1654 -0.9383 0.5111, -0.3518 -0.8674 0.502, -0.2687 -0.8976 0.502, -0.2733 -0.9127 0.5111, -0.452 -0.8198 0.502, -0.3711 -0.8604 0.502, -0.3774 -0.8748 0.5111, -0.5458 -0.7606 0.502, -0.4685 -0.8115 0.502, -0.4764 -0.8251 0.5111, -0.632 -0.6908 0.502, -0.5595 -0.7516 0.502, -0.5689 -0.7642 0.5111, -0.7093 -0.6113 0.502, -0.643 -0.6816 0.502, -0.6538 -0.693 0.5111, -0.7767 -0.5231 0.502, -0.7178 -0.6023 0.502, -0.7298 -0.6124 0.5111, -0.8332 -0.4276 0.502, -0.7829 -0.5149 0.502, -0.796 -0.5235 0.5111, -0.8781 -0.3261 0.502, -0.8373 -0.4205 0.502, -0.8514 -0.4276 0.5111, -0.9106 -0.22 0.502, -0.8805 -0.3205 0.502, -0.8953 -0.3259 0.5111, 0.937 0.0 0.502, 0.9338 0.0554 0.502, 0.9463 0.1106 0.5111, 0.9307 0.1088 0.502, 0.9207 0.1655 0.502, 0.9271 0.2197 0.5111, 0.9118 0.2161 0.502, 0.8946 0.2732 0.502, 0.8953 0.3259 0.5111, 0.8805 0.3205 0.502, 0.8561 0.3771 0.502, 0.8514 0.4276 0.5111, 0.8373 0.4205 0.502, 0.8055 0.4757 0.502, 0.796 0.5235 0.5111, 0.7829 0.5149 0.502, 0.7436 0.5677 0.502, 0.7298 0.6124 0.5111, 0.7178 0.6023 0.502, 0.6712 0.6517 0.502, 0.6538 0.693 0.5111, 0.643 0.6816 0.502, 0.5895 0.7265 0.502, 0.5689 0.7642 0.5111, 0.5595 0.7516 0.502, 0.4994 0.7911 0.502, 0.4764 0.8251 0.5111, 0.4685 0.8115 0.502, 0.4024 0.8447 0.502, 0.3774 0.8748 0.5111, 0.3711 0.8604 0.502, 0.2996 0.8864 0.502, 0.2733 0.9127 0.5111, 0.2687 0.8976 0.502, 0.1927 0.9157 0.502, 0.1654 0.9383 0.5111, 0.1627 0.9228 0.502, 0.0831 0.9321 0.502, 0.0554 0.9511 0.5111, 0.0545 0.9354 0.502, -0.0278 0.9354 0.502, -0.0554 0.9511 0.5111, -0.0545 0.9354 0.502, -0.1382 0.9256 0.502, -0.1654 0.9383 0.5111, -0.1627 0.9228 0.502, -0.2467 0.9029 0.502, -0.2733 0.9127 0.5111, -0.2687 0.8976 0.502, -0.3518 0.8674 0.502, -0.3774 0.8748 0.5111, -0.3711 0.8604 0.502, -0.452 0.8198 0.502, -0.4764 0.8251 0.5111, -0.4685 0.8115 0.502, -0.5458 0.7606 0.502, -0.5689 0.7642 0.5111, -0.5595 0.7516 0.502, -0.632 0.6908 0.502, -0.6538 0.693 0.5111, -0.643 0.6816 0.502, -0.7093 0.6113 0.502, -0.7298 0.6124 0.5111, -0.7178 0.6023 0.502, -0.8781 0.3261 0.502, -0.8805 0.3205 0.502, -0.8953 0.3259 0.5111, -0.9106 0.22 0.502, -0.9271 0.2197 0.5111, -0.9118 0.2161 0.502, -0.9303 0.1108 0.502, -0.9463 0.1106 0.5111, -0.9118 -0.2161 0.502, -0.9271 -0.2197 0.5111, -0.9303 -0.1108 0.502, -0.9463 -0.1106 0.5111, -0.9307 -0.1088 0.502, -0.9527 0.0 0.5111, -0.937 0.0 0.502, -0.9307 0.1088 0.502, -0.9399 -0.2228 0.5237, -0.9594 -0.1121 0.5237, -0.966 0.0 0.5237, -0.9594 0.1121 0.5237, -0.9399 0.2228 0.5237, -0.9077 0.3304 0.5237, -0.9496 -0.2251 0.5389, -0.9693 -0.1133 0.5389, -0.9759 0.0 0.5389, -0.9693 0.1133 0.5389, -0.9496 0.2251 0.5389, -0.9171 0.3338 0.5389, -0.9557 -0.2265 0.556, -0.9755 -0.114 0.556, -0.8632 -0.4335 0.5237, -0.807 -0.5308 0.5237, -0.8721 -0.438 0.5389, -0.8154 -0.5363 0.5389, -0.8777 -0.4408 0.556, -0.6629 -0.7026 0.5237, -0.5768 -0.7748 0.5237, -0.6697 -0.7099 0.5389, -0.5828 -0.7828 0.5389, -0.674 -0.7144 0.556, -0.277 -0.9254 0.5237, -0.1677 -0.9513 0.5237, -0.2799 -0.9349 0.5389, -0.1695 -0.9611 0.5389, -0.2817 -0.9409 0.556, 0.0562 -0.9643 0.5237, 0.1677 -0.9513 0.5237, 0.0567 -0.9743 0.5389, 0.1695 -0.9611 0.5389, 0.0571 -0.9805 0.556, 0.483 -0.8365 0.5237, 0.5768 -0.7748 0.5237, 0.488 -0.8452 0.5389, 0.5828 -0.7828 0.5389, 0.4911 -0.8506 0.556, 0.74 -0.6209 0.5237, 0.807 -0.5308 0.5237, 0.7476 -0.6273 0.5389, 0.8154 -0.5363 0.5389, 0.7524 -0.6313 0.556, 0.9077 -0.3304 0.5237, 0.9399 -0.2228 0.5237, 0.9171 -0.3338 0.5389, 0.9496 -0.2251 0.5389, 0.9229 -0.3359 0.556, 0.9594 0.1121 0.5237, 0.9399 0.2228 0.5237, 0.9693 0.1133 0.5389, 0.9496 0.2251 0.5389, 0.9755 0.114 0.556, 0.8632 0.4335 0.5237, 0.807 0.5308 0.5237, 0.8721 0.438 0.5389, 0.8154 0.5363 0.5389, 0.8777 0.4408 0.556, 0.6629 0.7026 0.5237, 0.5768 0.7748 0.5237, 0.6697 0.7099 0.5389, 0.5828 0.7828 0.5389, 0.674 0.7144 0.556, 0.277 0.9254 0.5237, 0.1677 0.9513 0.5237, 0.2799 0.9349 0.5389, 0.1695 0.9611 0.5389, 0.2817 0.9409 0.556, -0.0562 0.9643 0.5237, -0.1677 0.9513 0.5237, -0.0567 0.9743 0.5389, -0.1695 0.9611 0.5389, -0.0571 0.9805 0.556, -0.483 0.8365 0.5237, -0.5768 0.7748 0.5237, -0.488 0.8452 0.5389, -0.5828 0.7828 0.5389, -0.4911 0.8506 0.556, -0.74 0.6209 0.5237, -0.807 0.5308 0.5237, -0.7476 0.6273 0.5389, -0.8154 0.5363 0.5389, -0.7524 0.6313 0.556, -0.9821 0.0 0.556, -0.9755 0.114 0.556, -0.9557 0.2265 0.556, -0.9229 0.3359 0.556, -0.9229 -0.3359 0.556, -0.9171 -0.3338 0.5389, -0.9077 -0.3304 0.5237, -0.7524 -0.6313 0.556, -0.7476 -0.6273 0.5389, -0.74 -0.6209 0.5237, -0.488 -0.8452 0.5389, -0.483 -0.8365 0.5237, -0.389 -0.9018 0.556, -0.3865 -0.8961 0.5389, -0.3826 -0.887 0.5237, -0.0571 -0.9805 0.556, -0.0567 -0.9743 0.5389, -0.0562 -0.9643 0.5237, 0.2817 -0.9409 0.556, 0.2799 -0.9349 0.5389, 0.277 -0.9254 0.5237, 0.3826 -0.887 0.5237, 0.3865 -0.8961 0.5389, 0.674 -0.7144 0.556, 0.6697 -0.7099 0.5389, 0.6629 -0.7026 0.5237, 0.8777 -0.4408 0.556, 0.8721 -0.438 0.5389, 0.8632 -0.4335 0.5237, 0.9755 -0.114 0.556, 0.9693 -0.1133 0.5389, 0.9594 -0.1121 0.5237, 0.9338 -0.0554 0.502, 0.9527 0.0 0.5111, 0.966 0.0 0.5237, 0.9759 0.0 0.5389, 0.9821 0.0 0.556, 0.9229 0.3359 0.556, 0.9171 0.3338 0.5389, 0.9077 0.3304 0.5237, 0.7524 0.6313 0.556, 0.7476 0.6273 0.5389, 0.74 0.6209 0.5237, 0.488 0.8452 0.5389, 0.483 0.8365 0.5237, 0.389 0.9018 0.556, 0.3865 0.8961 0.5389, 0.3826 0.887 0.5237, 0.0571 0.9805 0.556, 0.0567 0.9743 0.5389, 0.0562 0.9643 0.5237, -0.2817 0.9409 0.556, -0.2799 0.9349 0.5389, -0.277 0.9254 0.5237, -0.3826 0.887 0.5237, -0.3865 0.8961 0.5389, -0.674 0.7144 0.556, -0.6697 0.7099 0.5389, -0.6629 0.7026 0.5237, -0.8777 0.4408 0.556, -0.8721 0.438 0.5389, -0.8632 0.4335 0.5237, 0.9551 0.2264 2.6975, 0.8201 0.5394 2.6975, 0.5862 0.7873 2.6975, 0.3888 0.9013 2.6975, 0.1704 0.9667 2.6975, -0.1704 0.9667 2.6975, -0.4908 0.8501 2.6975, -0.5862 0.7873 2.6975, -0.8201 0.5394 2.6975, -0.9551 0.2264 2.6975, -0.9551 -0.2264 2.6975, -0.8201 -0.5394 2.6975, -0.5862 -0.7873 2.6975, -0.3888 -0.9013 2.6975, -0.1704 -0.9667 2.6975, 0.1704 -0.9667 2.6975, 0.4908 -0.8501 2.6975, 0.5862 -0.7873 2.6975, 0.8201 -0.5394 2.6975, 0.9551 -0.2264 2.6975, 0.2207 0.8782 2.7559, 0.2597 0.8675 2.7559, 0.2655 0.887 2.7532, 0.1572 0.8918 2.7559, 0.8994 -0.1051 2.7559, 0.8811 -0.2088 2.7559, 0.9196 -0.1075 2.7532, 0.9009 -0.2135 2.7532, 0.9385 -0.1097 2.7454, 0.9194 -0.2179 2.7454, 0.9547 -0.1116 2.7328, 0.9353 -0.2217 2.7328, 0.9671 -0.113 2.7165, 0.9475 -0.2246 2.7165, 0.9749 -0.114 2.6975, 0.8092 -0.4064 2.7559, 0.7565 -0.4976 2.7559, 0.8274 -0.4155 2.7532, 0.7736 -0.5088 2.7532, 0.8444 -0.4241 2.7454, 0.7894 -0.5192 2.7454, 0.859 -0.4314 2.7328, 0.8031 -0.5282 2.7328, 0.8701 -0.437 2.7165, 0.8135 -0.5351 2.7165, 0.8772 -0.4405 2.6975, 0.6214 -0.6586 2.7559, 0.5407 -0.7263 2.7559, 0.6354 -0.6735 2.7532, 0.5529 -0.7427 2.7532, 0.6484 -0.6873 2.7454, 0.5642 -0.7579 2.7454, 0.6596 -0.6991 2.7328, 0.574 -0.771 2.7328, 0.6682 -0.7082 2.7165, 0.5815 -0.781 2.7165, 0.6736 -0.714 2.6975, 0.2597 -0.8675 2.7559, 0.2207 -0.8782 2.7559, 0.2655 -0.887 2.7532, 0.1608 -0.9118 2.7532, 0.271 -0.9052 2.7454, 0.1641 -0.9305 2.7454, 0.2757 -0.9208 2.7328, 0.1669 -0.9466 2.7328, 0.2793 -0.9328 2.7165, 0.1691 -0.9589 2.7165, 0.2815 -0.9403 2.6975, -0.0538 -0.9243 2.7532, -0.1608 -0.9118 2.7532, -0.0549 -0.9433 2.7454, -0.1641 -0.9305 2.7454, -0.0559 -0.9596 2.7328, -0.1669 -0.9466 2.7328, -0.0566 -0.9721 2.7165, -0.1691 -0.9589 2.7165, -0.0571 -0.9799 2.6975, -0.4629 -0.8018 2.7532, -0.5529 -0.7427 2.7532, -0.4724 -0.8183 2.7454, -0.5642 -0.7579 2.7454, -0.4806 -0.8324 2.7328, -0.574 -0.771 2.7328, -0.4869 -0.8433 2.7165, -0.5815 -0.781 2.7165, -0.4908 -0.8501 2.6975, -0.7093 -0.5952 2.7532, -0.7736 -0.5088 2.7532, -0.7238 -0.6074 2.7454, -0.7894 -0.5192 2.7454, -0.7363 -0.6178 2.7328, -0.8031 -0.5282 2.7328, -0.7459 -0.6259 2.7165, -0.8135 -0.5351 2.7165, -0.7519 -0.6309 2.6975, -0.8701 -0.3167 2.7532, -0.9009 -0.2135 2.7532, -0.8879 -0.3232 2.7454, -0.9194 -0.2179 2.7454, -0.9032 -0.3287 2.7328, -0.9353 -0.2217 2.7328, -0.915 -0.333 2.7165, -0.9475 -0.2246 2.7165, -0.9224 -0.3357 2.6975, -0.9196 0.1075 2.7532, -0.9009 0.2135 2.7532, -0.9385 0.1097 2.7454, -0.9194 0.2179 2.7454, -0.9547 0.1116 2.7328, -0.9353 0.2217 2.7328, -0.9671 0.113 2.7165, -0.9475 0.2246 2.7165, -0.9749 0.114 2.6975, -0.8274 0.4155 2.7532, -0.7736 0.5088 2.7532, -0.8444 0.4241 2.7454, -0.7894 0.5192 2.7454, -0.859 0.4314 2.7328, -0.8031 0.5282 2.7328, -0.8701 0.437 2.7165, -0.8135 0.5351 2.7165, -0.8772 0.4405 2.6975, -0.6354 0.6735 2.7532, -0.5529 0.7427 2.7532, -0.6484 0.6873 2.7454, -0.5642 0.7579 2.7454, -0.6596 0.6991 2.7328, -0.574 0.771 2.7328, -0.6682 0.7082 2.7165, -0.5815 0.781 2.7165, -0.6736 0.714 2.6975, -0.2655 0.887 2.7532, -0.1608 0.9118 2.7532, -0.271 0.9052 2.7454, -0.1641 0.9305 2.7454, -0.2757 0.9208 2.7328, -0.1669 0.9466 2.7328, -0.2793 0.9328 2.7165, -0.1691 0.9589 2.7165, -0.2815 0.9403 2.6975, 0.0538 0.9243 2.7532, 0.1608 0.9118 2.7532, 0.0549 0.9433 2.7454, 0.1641 0.9305 2.7454, 0.0559 0.9596 2.7328, 0.1669 0.9466 2.7328, 0.0566 0.9721 2.7165, 0.1691 0.9589 2.7165, 0.0571 0.9799 2.6975, 0.4528 0.7842 2.7559, 0.5407 0.7263 2.7559, 0.4629 0.8018 2.7532, 0.5529 0.7427 2.7532, 0.4724 0.8183 2.7454, 0.5642 0.7579 2.7454, 0.4806 0.8324 2.7328, 0.574 0.771 2.7328, 0.4869 0.8433 2.7165, 0.5815 0.781 2.7165, 0.4908 0.8501 2.6975, 0.6937 0.5821 2.7559, 0.7565 0.4976 2.7559, 0.7093 0.5952 2.7532, 0.7736 0.5088 2.7532, 0.7238 0.6074 2.7454, 0.7894 0.5192 2.7454, 0.7363 0.6178 2.7328, 0.8031 0.5282 2.7328, 0.7459 0.6259 2.7165, 0.8135 0.5351 2.7165, 0.7519 0.6309 2.6975, 0.8509 0.3097 2.7559, 0.8811 0.2088 2.7559, 0.8701 0.3167 2.7532, 0.9009 0.2135 2.7532, 0.8879 0.3232 2.7454, 0.9194 0.2179 2.7454, 0.9032 0.3287 2.7328, 0.9353 0.2217 2.7328, 0.915 0.333 2.7165, 0.9475 0.2246 2.7165, 0.9224 0.3357 2.6975, 0.9055 -0.0 2.7559, 0.9259 0.0 2.7532, 0.9449 0.0 2.7454, 0.9612 0.0 2.7328, 0.9737 0.0 2.7165, 0.9816 0.0 2.6975, 0.9224 -0.3357 2.6975, 0.915 -0.333 2.7165, 0.9032 -0.3287 2.7328, 0.8879 -0.3232 2.7454, 0.8701 -0.3167 2.7532, 0.8509 -0.3097 2.7559, 0.7519 -0.6309 2.6975, 0.7459 -0.6259 2.7165, 0.7363 -0.6178 2.7328, 0.7238 -0.6074 2.7454, 0.7093 -0.5952 2.7532, 0.6937 -0.5821 2.7559, 0.4869 -0.8433 2.7165, 0.4806 -0.8324 2.7328, 0.4724 -0.8183 2.7454, 0.4629 -0.8018 2.7532, 0.4528 -0.7842 2.7559, 0.3888 -0.9013 2.6975, 0.3857 -0.8941 2.7165, 0.3807 -0.8826 2.7328, 0.3742 -0.8676 2.7454, 0.3667 -0.8502 2.7532, 0.3587 -0.8315 2.7559, 0.0571 -0.9799 2.6975, 0.0566 -0.9721 2.7165, 0.0559 -0.9596 2.7328, 0.0549 -0.9433 2.7454, 0.0538 -0.9243 2.7532, -0.2815 -0.9403 2.6975, -0.2793 -0.9328 2.7165, -0.2757 -0.9208 2.7328, -0.271 -0.9052 2.7454, -0.2655 -0.887 2.7532, -0.3667 -0.8502 2.7532, -0.3742 -0.8676 2.7454, -0.3807 -0.8826 2.7328, -0.3857 -0.8941 2.7165, -0.6736 -0.714 2.6975, -0.6682 -0.7082 2.7165, -0.6596 -0.6991 2.7328, -0.6484 -0.6873 2.7454, -0.6354 -0.6735 2.7532, -0.8772 -0.4405 2.6975, -0.8701 -0.437 2.7165, -0.859 -0.4314 2.7328, -0.8444 -0.4241 2.7454, -0.8274 -0.4155 2.7532, -0.9749 -0.114 2.6975, -0.9671 -0.113 2.7165, -0.9547 -0.1116 2.7328, -0.9385 -0.1097 2.7454, -0.9196 -0.1075 2.7532, -0.9259 0.0 2.7532, -0.9449 0.0 2.7454, -0.9612 0.0 2.7328, -0.9737 0.0 2.7165, -0.9816 0.0 2.6975, -0.9224 0.3357 2.6975, -0.915 0.333 2.7165, -0.9032 0.3287 2.7328, -0.8879 0.3232 2.7454, -0.8701 0.3167 2.7532, -0.7519 0.6309 2.6975, -0.7459 0.6259 2.7165, -0.7363 0.6178 2.7328, -0.7238 0.6074 2.7454, -0.7093 0.5952 2.7532, -0.4869 0.8433 2.7165, -0.4806 0.8324 2.7328, -0.4724 0.8183 2.7454, -0.4629 0.8018 2.7532, -0.3888 0.9013 2.6975, -0.3857 0.8941 2.7165, -0.3807 0.8826 2.7328, -0.3742 0.8676 2.7454, -0.3667 0.8502 2.7532, -0.0571 0.9799 2.6975, -0.0566 0.9721 2.7165, -0.0559 0.9596 2.7328, -0.0549 0.9433 2.7454, -0.0538 0.9243 2.7532, 0.2815 0.9403 2.6975, 0.2793 0.9328 2.7165, 0.2757 0.9208 2.7328, 0.271 0.9052 2.7454, 0.0527 0.904 2.7559, -0.0527 0.904 2.7559, -0.1572 0.8918 2.7559, -0.2597 0.8675 2.7559, -0.3587 0.8315 2.7559, -0.4528 0.7842 2.7559, -0.5407 0.7263 2.7559, -0.6214 0.6586 2.7559, -0.6937 0.5821 2.7559, -0.7565 0.4976 2.7559, -0.8092 0.4064 2.7559, -0.8509 0.3097 2.7559, -0.8811 0.2088 2.7559, -0.8994 0.1051 2.7559, -0.9055 0.0 2.7559, -0.8994 -0.1051 2.7559, -0.8811 -0.2088 2.7559, -0.8509 -0.3097 2.7559, -0.8092 -0.4064 2.7559, -0.7565 -0.4976 2.7559, -0.6937 -0.5821 2.7559, -0.6214 -0.6586 2.7559, -0.5407 -0.7263 2.7559, -0.4528 -0.7842 2.7559, -0.3587 -0.8315 2.7559, -0.2597 -0.8675 2.7559, -0.1572 -0.8918 2.7559, -0.0527 -0.904 2.7559, 0.0527 -0.904 2.7559, 0.1572 -0.8918 2.7559, 0.3587 0.8315 2.7559, 0.3667 0.8502 2.7532, 0.3742 0.8676 2.7454, 0.3807 0.8826 2.7328, 0.3857 0.8941 2.7165, 0.6736 0.714 2.6975, 0.6682 0.7082 2.7165, 0.6596 0.6991 2.7328, 0.6484 0.6873 2.7454, 0.6354 0.6735 2.7532, 0.6214 0.6586 2.7559, 0.8772 0.4405 2.6975, 0.8701 0.437 2.7165, 0.859 0.4314 2.7328, 0.8444 0.4241 2.7454, 0.8274 0.4155 2.7532, 0.8092 0.4064 2.7559, 0.9749 0.114 2.6975, 0.9671 0.113 2.7165, 0.9547 0.1116 2.7328, 0.9385 0.1097 2.7454, 0.9196 0.1075 2.7532, 0.8994 0.1051 2.7559, -0.8679 -0.2529 0.0, -0.8509 -0.3097 0.0, -0.8701 -0.3167 0.0027, -0.1354 -0.8943 0.0, -0.0527 -0.904 0.0, -0.0538 -0.9243 0.0027, -0.0245 -0.904 0.0, 0.0527 -0.904 0.0, 0.0538 -0.9243 0.0027, 0.0619 -0.9029 0.0, 0.1572 -0.8918 0.0, 0.1608 -0.9118 0.0027, 0.1664 -0.8896 0.0, 0.2597 -0.8675 0.0, 0.2655 -0.887 0.0027, -0.9196 -0.1075 0.0027, -0.9385 -0.1097 0.0105, -0.9449 0.0 0.0105, 0.9009 -0.2135 0.0027, 0.9194 -0.2179 0.0105, 0.8879 -0.3232 0.0105, -0.9547 -0.1116 0.0231, -0.9612 0.0 0.0231, 0.9353 -0.2217 0.0231, 0.9032 -0.3287 0.0231, -0.9671 -0.113 0.0394, -0.9737 0.0 0.0394, 0.9475 -0.2246 0.0394, 0.915 -0.333 0.0394, 0.4869 0.8433 0.0394, 0.4908 0.8501 0.0584, 0.5862 0.7873 0.0584, -0.9749 -0.114 0.0584, -0.9816 0.0 0.0584, 0.9551 -0.2264 0.0584, 0.9224 -0.3357 0.0584, 0.2413 0.9526 0.0787, 0.2823 0.9429 0.0787, 0.2815 0.9403 0.0584, -0.0812 0.9798 0.0787, -0.0572 0.9826 0.0787, -0.0571 0.9799 0.0584, -0.8645 -0.4678 0.0787, -0.8796 -0.4417 0.0787, -0.8772 -0.4405 0.0584, -0.6662 -0.7237 0.0787, -0.6754 -0.7159 0.0787, -0.6736 -0.714 0.0584, -0.3952 -0.9011 0.0787, -0.4921 -0.8524 0.0787, -0.4908 -0.8501 0.0584, -0.2413 -0.9526 0.0787, -0.2823 -0.9429 0.0787, -0.2815 -0.9403 0.0584, 0.0812 -0.9798 0.0787, 0.0572 -0.9826 0.0787, 0.0571 -0.9799 0.0584, 0.9301 -0.3193 0.0787, 0.9577 -0.227 0.0787, 0.9692 -0.1617 0.0787, 0.9249 -0.3366 0.0787, 0.8796 -0.4417 0.0787, 0.8772 -0.4405 0.0584, 0.8645 -0.4678 0.0787, 0.8201 -0.5394 0.0584, 0.8223 -0.5409 0.0787, 0.7519 -0.6309 0.0584, 0.7756 -0.6037 0.0787, 0.754 -0.6327 0.0787, 0.6754 -0.7159 0.0787, 0.6736 -0.714 0.0584, 0.6662 -0.7237 0.0787, 0.5862 -0.7873 0.0584, 0.5878 -0.7895 0.0787, 0.4908 -0.8501 0.0584, 0.5374 -0.8226 0.0787, 0.3898 -0.9038 0.0787, 0.3888 -0.9013 0.0584, 0.3952 -0.9011 0.0787, 0.4921 -0.8524 0.0787, 0.1709 -0.9693 0.0787, -0.1709 -0.9693 0.0787, -0.5878 -0.7895 0.0787, -0.8223 -0.5409 0.0787, -0.9577 -0.227 0.0787, -0.9692 -0.1617 0.0787, -0.9776 -0.1143 0.0787, -0.9843 0.0 0.0787, -0.9776 0.1143 0.0787, -0.9749 0.114 0.0584, -0.9692 0.1617 0.0787, -0.9551 0.2264 0.0584, -0.9577 0.227 0.0787, -0.9224 0.3357 0.0584, -0.9301 0.3193 0.0787, -0.9249 0.3366 0.0787, -0.8796 0.4417 0.0787, -0.8772 0.4405 0.0584, -0.8645 0.4678 0.0787, -0.8201 0.5394 0.0584, -0.8223 0.5409 0.0787, -0.7519 0.6309 0.0584, -0.7756 0.6037 0.0787, -0.754 0.6327 0.0787, -0.6754 0.7159 0.0787, -0.6736 0.714 0.0584, -0.6662 0.7237 0.0787, -0.5862 0.7873 0.0584, -0.5878 0.7895 0.0787, -0.4908 0.8501 0.0584, -0.5374 0.8226 0.0787, -0.3898 0.9038 0.0787, -0.3888 0.9013 0.0584, -0.3952 0.9011 0.0787, -0.4921 0.8524 0.0787, -0.1709 0.9693 0.0787, 0.1709 0.9693 0.0787, 0.5878 0.7895 0.0787, 0.5374 0.8226 0.0787, 0.4921 0.8524 0.0787, 0.3952 0.9011 0.0787, 0.6662 0.7237 0.0787, 0.6736 0.714 0.0584, 0.6754 0.7159 0.0787, 0.754 0.6327 0.0787, 0.7519 0.6309 0.0584, 0.7756 0.6037 0.0787, 0.8201 0.5394 0.0584, 0.8223 0.5409 0.0787, 0.8772 0.4405 0.0584, 0.8645 0.4678 0.0787, 0.8796 0.4417 0.0787, 0.9249 0.3366 0.0787, 0.9224 0.3357 0.0584, 0.9301 0.3193 0.0787, 0.9551 0.2264 0.0584, 0.9577 0.227 0.0787, 0.9749 0.114 0.0584, 0.9692 0.1617 0.0787, 0.9776 0.1143 0.0787, 0.9843 0.0 0.0787, 0.9816 0.0 0.0584, 0.9776 -0.1143 0.0787, 0.9749 -0.114 0.0584, 0.8701 -0.437 0.0394, 0.8135 -0.5351 0.0394, 0.7459 -0.6259 0.0394, 0.6682 -0.7082 0.0394, 0.5815 -0.781 0.0394, 0.4869 -0.8433 0.0394, 0.3857 -0.8941 0.0394, -0.9671 0.113 0.0394, -0.9475 0.2246 0.0394, -0.915 0.333 0.0394, -0.8701 0.437 0.0394, -0.8135 0.5351 0.0394, -0.7459 0.6259 0.0394, -0.6682 0.7082 0.0394, -0.5815 0.781 0.0394, -0.4869 0.8433 0.0394, -0.3857 0.8941 0.0394, 0.3898 0.9038 0.0787, 0.3888 0.9013 0.0584, 0.3857 0.8941 0.0394, 0.3807 0.8826 0.0231, 0.5815 0.781 0.0394, 0.6682 0.7082 0.0394, 0.7459 0.6259 0.0394, 0.8135 0.5351 0.0394, 0.8701 0.437 0.0394, 0.915 0.333 0.0394, 0.9475 0.2246 0.0394, 0.9671 0.113 0.0394, 0.9737 0.0 0.0394, 0.9671 -0.113 0.0394, 0.859 -0.4314 0.0231, 0.8031 -0.5282 0.0231, 0.7363 -0.6178 0.0231, 0.6596 -0.6991 0.0231, 0.574 -0.771 0.0231, 0.4806 -0.8324 0.0231, 0.3807 -0.8826 0.0231, -0.9547 0.1116 0.0231, -0.9353 0.2217 0.0231, -0.9032 0.3287 0.0231, -0.859 0.4314 0.0231, -0.8031 0.5282 0.0231, -0.7363 0.6178 0.0231, -0.6596 0.6991 0.0231, -0.574 0.771 0.0231, -0.4806 0.8324 0.0231, -0.3807 0.8826 0.0231, 0.2793 0.9328 0.0394, 0.2757 0.9208 0.0231, 0.271 0.9052 0.0105, 0.4806 0.8324 0.0231, 0.574 0.771 0.0231, 0.6596 0.6991 0.0231, 0.7363 0.6178 0.0231, 0.8031 0.5282 0.0231, 0.859 0.4314 0.0231, 0.9032 0.3287 0.0231, 0.9353 0.2217 0.0231, 0.9547 0.1116 0.0231, 0.9612 0.0 0.0231, 0.9547 -0.1116 0.0231, 0.8444 -0.4241 0.0105, 0.7894 -0.5192 0.0105, 0.7238 -0.6074 0.0105, 0.6484 -0.6873 0.0105, 0.5642 -0.7579 0.0105, 0.4724 -0.8183 0.0105, 0.3742 -0.8676 0.0105, -0.9385 0.1097 0.0105, -0.9194 0.2179 0.0105, -0.8879 0.3232 0.0105, -0.8444 0.4241 0.0105, -0.7894 0.5192 0.0105, -0.7238 0.6074 0.0105, -0.6484 0.6873 0.0105, -0.5642 0.7579 0.0105, -0.4724 0.8183 0.0105, -0.3742 0.8676 0.0105, 0.0812 0.9798 0.0787, 0.1704 0.9667 0.0584, 0.1691 0.9589 0.0394, 0.1669 0.9466 0.0231, 0.1641 0.9305 0.0105, 0.1608 0.9118 0.0027, 0.3742 0.8676 0.0105, 0.4724 0.8183 0.0105, 0.5642 0.7579 0.0105, 0.6484 0.6873 0.0105, 0.7238 0.6074 0.0105, 0.7894 0.5192 0.0105, 0.8444 0.4241 0.0105, 0.8879 0.3232 0.0105, 0.9194 0.2179 0.0105, 0.9385 0.1097 0.0105, 0.9449 0.0 0.0105, 0.9385 -0.1097 0.0105, 0.8701 -0.3167 0.0027, 0.8274 -0.4155 0.0027, 0.7736 -0.5088 0.0027, 0.7093 -0.5952 0.0027, 0.6354 -0.6735 0.0027, 0.5529 -0.7427 0.0027, 0.4629 -0.8018 0.0027, 0.3667 -0.8502 0.0027, -0.0812 -0.9798 0.0787, -0.1704 -0.9667 0.0584, -0.1691 -0.9589 0.0394, -0.2793 -0.9328 0.0394, -0.1669 -0.9466 0.0231, -0.2757 -0.9208 0.0231, -0.1641 -0.9305 0.0105, -0.271 -0.9052 0.0105, -0.1608 -0.9118 0.0027, -0.2655 -0.887 0.0027, -0.1572 -0.8918 0.0, -0.3898 -0.9038 0.0787, -0.3888 -0.9013 0.0584, -0.3857 -0.8941 0.0394, -0.4869 -0.8433 0.0394, -0.3807 -0.8826 0.0231, -0.4806 -0.8324 0.0231, -0.3742 -0.8676 0.0105, -0.4724 -0.8183 0.0105, -0.3667 -0.8502 0.0027, -0.4629 -0.8018 0.0027, -0.5374 -0.8226 0.0787, -0.5862 -0.7873 0.0584, -0.5815 -0.781 0.0394, -0.574 -0.771 0.0231, -0.5642 -0.7579 0.0105, -0.5529 -0.7427 0.0027, -0.6682 -0.7082 0.0394, -0.6596 -0.6991 0.0231, -0.6484 -0.6873 0.0105, -0.6354 -0.6735 0.0027, -0.754 -0.6327 0.0787, -0.7519 -0.6309 0.0584, -0.7459 -0.6259 0.0394, -0.7363 -0.6178 0.0231, -0.7238 -0.6074 0.0105, -0.7093 -0.5952 0.0027, -0.9249 -0.3366 0.0787, -0.9224 -0.3357 0.0584, -0.8701 -0.437 0.0394, -0.915 -0.333 0.0394, -0.859 -0.4314 0.0231, -0.9032 -0.3287 0.0231, -0.8444 -0.4241 0.0105, -0.8879 -0.3232 0.0105, -0.8274 -0.4155 0.0027, -0.9259 0.0 0.0027, -0.9196 0.1075 0.0027, -0.9009 0.2135 0.0027, -0.8701 0.3167 0.0027, -0.8274 0.4155 0.0027, -0.7736 0.5088 0.0027, -0.7093 0.5952 0.0027, -0.6354 0.6735 0.0027, -0.5529 0.7427 0.0027, -0.4629 0.8018 0.0027, -0.3667 0.8502 0.0027, -0.2413 0.9526 0.0787, -0.1704 0.9667 0.0584, -0.1691 0.9589 0.0394, -0.0566 0.9721 0.0394, -0.1669 0.9466 0.0231, -0.0559 0.9596 0.0231, -0.1641 0.9305 0.0105, -0.0549 0.9433 0.0105, -0.1608 0.9118 0.0027, -0.0538 0.9243 0.0027, 0.2655 0.887 0.0027, 0.3667 0.8502 0.0027, 0.4629 0.8018 0.0027, 0.5529 0.7427 0.0027, 0.6354 0.6735 0.0027, 0.7093 0.5952 0.0027, 0.7736 0.5088 0.0027, 0.8274 0.4155 0.0027, 0.8701 0.3167 0.0027, 0.9009 0.2135 0.0027, 0.9196 0.1075 0.0027, 0.9259 0.0 0.0027, 0.9196 -0.1075 0.0027, 0.8811 -0.2088 0.0, 0.887 -0.1753 0.0, 0.2636 -0.8661 0.0, 0.3587 -0.8315 0.0, 0.4528 -0.7842 0.0, 0.5407 -0.7263 0.0, 0.6214 -0.6586 0.0, 0.6937 -0.5821 0.0, 0.7565 -0.4976 0.0, 0.8092 -0.4064 0.0, 0.8238 -0.3725 0.0, 0.8509 -0.3097 0.0, 0.8679 -0.2529 0.0, 0.271 -0.9052 0.0105, 0.2757 -0.9208 0.0231, 0.2793 -0.9328 0.0394, 0.2815 -0.9403 0.0584, 0.2823 -0.9429 0.0787, 0.1641 -0.9305 0.0105, 0.1669 -0.9466 0.0231, 0.1691 -0.9589 0.0394, 0.1704 -0.9667 0.0584, 0.2413 -0.9526 0.0787, 0.0549 -0.9433 0.0105, 0.0559 -0.9596 0.0231, 0.0566 -0.9721 0.0394, -0.0549 -0.9433 0.0105, -0.0559 -0.9596 0.0231, -0.0566 -0.9721 0.0394, -0.0571 -0.9799 0.0584, -0.0572 -0.9826 0.0787, -0.3587 -0.8315 0.0, -0.2708 -0.8634 0.0, -0.2597 -0.8675 0.0, -0.6988 -0.5751 0.0, -0.6937 -0.5821 0.0, -0.6214 -0.6586 0.0, -0.5407 -0.7263 0.0, -0.4528 -0.7842 0.0, -0.7565 -0.4976 0.0, -0.7736 -0.5088 0.0027, -0.7894 -0.5192 0.0105, -0.8031 -0.5282 0.0231, -0.8135 -0.5351 0.0394, -0.8201 -0.5394 0.0584, -0.7756 -0.6037 0.0787, -0.8092 -0.4064 0.0, -0.8238 -0.3725 0.0, -0.9301 -0.3193 0.0787, -0.9551 -0.2264 0.0584, -0.9475 -0.2246 0.0394, -0.9353 -0.2217 0.0231, -0.9194 -0.2179 0.0105, -0.9009 -0.2135 0.0027, -0.8994 -0.1051 0.0, -0.887 -0.1753 0.0, -0.8811 -0.2088 0.0, -0.8092 0.4064 0.0, -0.8509 0.3097 0.0, -0.8811 0.2088 0.0, -0.8994 0.1051 0.0, -0.9055 0.0 0.0, -0.2708 0.8634 0.0, -0.3587 0.8315 0.0, -0.4528 0.7842 0.0, -0.5407 0.7263 0.0, -0.6214 0.6586 0.0, -0.6937 0.5821 0.0, -0.6988 0.5751 0.0, -0.7565 0.4976 0.0, -0.2597 0.8675 0.0, -0.2655 0.887 0.0027, -0.271 0.9052 0.0105, -0.2757 0.9208 0.0231, -0.2793 0.9328 0.0394, -0.2815 0.9403 0.0584, -0.2823 0.9429 0.0787, -0.1572 0.8918 0.0, 0.0619 0.9029 0.0, 0.0527 0.904 0.0, 0.0538 0.9243 0.0027, 0.0549 0.9433 0.0105, 0.0559 0.9596 0.0231, 0.0566 0.9721 0.0394, 0.0571 0.9799 0.0584, 0.0572 0.9826 0.0787, -0.0245 0.904 0.0, -0.0527 0.904 0.0, -0.1354 0.8943 0.0, 0.1572 0.8918 0.0, 0.1664 0.8896 0.0, 0.8994 -0.1051 0.0, 0.9055 0.0 0.0, 0.8994 0.1051 0.0, 0.8811 0.2088 0.0, 0.8509 0.3097 0.0, 0.8092 0.4064 0.0, 0.7565 0.4976 0.0, 0.6937 0.5821 0.0, 0.6214 0.6586 0.0, 0.5407 0.7263 0.0, 0.4528 0.7842 0.0, 0.3587 0.8315 0.0, 0.2636 0.8661 0.0, 0.2597 0.8675 0.0, 0.2597 0.8675 0.0
            ]
        }
        coordIndex [
            0,1,2,-1,2,1,3,-1,2,3,4,-1,4,3,5,-1,4,5,6,-1,6,5,7,-1,6,7,8,-1,8,7,9,-1,8,9,10,-1,10,9,11,-1,10,11,12,-1,12,11,13,-1,12,13,14,-1,14,13,15,-1,14,15,16,-1,16,15,17,-1,16,17,18,-1,18,17,19,-1,18,19,20,-1,20,19,21,-1,20,21,22,-1,22,21,23,-1,22,23,24,-1,24,23,25,-1,24,25,26,-1,26,25,27,-1,26,27,28,-1,28,27,29,-1,28,29,30,-1,30,29,31,-1,30,31,32,-1,32,31,33,-1,32,33,34,-1,34,33,35,-1,34,35,36,-1,36,35,37,-1,36,37,38,-1,38,37,39,-1,38,39,40,-1,40,39,41,-1,40,41,42,-1,42,41,43,-1,42,43,44,-1,44,43,45,-1,44,45,46,-1,46,45,47,-1,46,47,48,-1,48,47,49,-1,48,49,50,-1,50,49,51,-1,50,51,52,-1,52,51,53,-1,52,53,54,-1,54,53,55,-1,54,55,56,-1,56,55,57,-1,56,57,58,-1,58,57,59,-1,58,59,60,-1,60,59,61,-1,60,61,62,-1,62,61,63,-1,62,63,64,-1,64,63,65,-1,64,65,66,-1,66,65,67,-1,66,67,68,-1,68,67,69,-1,68,69,70,-1,70,69,71,-1,70,71,72,-1,72,71,73,-1,72,73,74,-1,74,73,75,-1,74,75,76,-1,76,75,77,-1,76,77,78,-1,78,77,79,-1,78,79,80,-1,80,79,81,-1,80,81,82,-1,82,81,83,-1,82,83,84,-1,84,83,85,-1,84,85,86,-1,86,85,87,-1,86,87,88,-1,88,87,89,-1,88,89,90,-1,90,89,91,-1,90,91,92,-1,92,91,93,-1,92,93,94,-1,94,93,95,-1,94,95,96,-1,96,95,97,-1,96,97,98,-1,98,97,99,-1,98,99,100,-1,100,99,101,-1,100,101,102,-1,102,101,103,-1,102,103,104,-1,104,103,105,-1,104,105,106,-1,106,105,107,-1,106,107,108,-1,108,107,109,-1,108,109,110,-1,110,109,111,-1,110,111,112,-1,112,111,113,-1,112,113,114,-1,114,113,115,-1,114,115,116,-1,116,115,117,-1,116,117,118,-1,118,117,119,-1,118,119,120,-1,120,119,121,-1,120,121,122,-1,122,121,123,-1,122,123,124,-1,124,123,125,-1,124,125,126,-1,126,125,127,-1,126,127,128,-1,128,127,129,-1,128,129,130,-1,130,129,131,-1,130,131,132,-1,132,131,133,-1,132,133,134,-1,134,133,135,-1,134,135,136,-1,136,135,137,-1,136,137,138,-1,138,137,139,-1,138,139,140,-1,140,139,141,-1,140,141,142,-1,142,141,143,-1,142,143,144,-1,144,143,145,-1,144,145,146,-1,146,145,147,-1,146,147,148,-1,148,147,149,-1,148,149,150,-1,150,149,151,-1,150,151,152,-1,152,151,153,-1,152,153,154,-1,154,153,155,-1,154,155,156,-1,156,155,157,-1,156,157,158,-1,158,157,159,-1,158,159,160,-1,160,159,161,-1,160,161,162,-1,162,161,163,-1,162,163,164,-1,164,163,165,-1,164,165,166,-1,166,165,167,-1,166,167,168,-1,168,167,169,-1,168,169,170,-1,170,169,171,-1,170,171,172,-1,172,171,173,-1,172,173,174,-1,174,173,175,-1,174,175,176,-1,176,175,177,-1,176,177,178,-1,178,177,179,-1,178,179,0,-1,0,179,1,-1,180,181,182,-1,183,184,185,-1,186,187,188,-1,189,190,191,-1,192,193,194,-1,195,196,197,-1,198,199,200,-1,201,202,203,-1,204,205,206,-1,207,208,209,-1,210,211,212,-1,213,214,215,-1,216,217,218,-1,219,220,221,-1,222,223,224,-1,225,226,227,-1,228,229,230,-1,231,232,233,-1,234,235,236,-1,237,238,239,-1,240,241,242,-1,243,244,245,-1,246,247,248,-1,249,250,251,-1,252,253,254,-1,255,256,257,-1,258,259,260,-1,261,262,263,-1,264,265,266,-1,267,268,269,-1,270,271,272,-1,273,274,275,-1,276,277,278,-1,279,280,281,-1,282,283,284,-1,285,286,287,-1,288,289,290,-1,291,292,293,-1,294,295,296,-1,297,298,299,-1,300,301,302,-1,303,304,305,-1,306,307,308,-1,309,310,311,-1,312,313,314,-1,315,316,317,-1,317,316,318,-1,319,320,321,-1,322,323,324,-1,325,326,327,-1,328,329,330,-1,331,332,333,-1,334,335,336,-1,337,338,339,-1,340,341,342,-1,343,344,345,-1,346,347,348,-1,349,350,351,-1,352,353,354,-1,355,356,357,-1,358,359,360,-1,361,362,363,-1,364,365,366,-1,367,368,369,-1,370,371,372,-1,373,374,375,-1,312,314,376,-1,377,378,379,-1,379,378,380,-1,379,380,381,-1,380,382,381,-1,381,382,383,-1,381,383,384,-1,383,385,384,-1,384,385,386,-1,384,386,387,-1,387,386,388,-1,387,388,315,-1,315,388,389,-1,315,389,316,-1,317,390,391,-1,317,391,315,-1,315,391,392,-1,315,392,387,-1,387,392,393,-1,387,393,384,-1,384,393,394,-1,384,394,381,-1,381,394,395,-1,381,395,379,-1,390,396,397,-1,390,397,391,-1,391,397,398,-1,391,398,392,-1,392,398,399,-1,392,399,393,-1,393,399,400,-1,393,400,394,-1,394,400,401,-1,394,401,395,-1,396,402,403,-1,323,325,324,-1,324,325,327,-1,324,327,404,-1,404,327,405,-1,404,405,406,-1,406,405,407,-1,406,407,408,-1,408,407,233,-1,332,334,333,-1,333,334,336,-1,333,336,409,-1,409,336,410,-1,409,410,411,-1,411,410,412,-1,411,412,413,-1,413,412,230,-1,344,346,345,-1,345,346,348,-1,345,348,414,-1,414,348,415,-1,414,415,416,-1,416,415,417,-1,416,417,418,-1,418,417,224,-1,353,355,354,-1,354,355,357,-1,354,357,419,-1,419,357,420,-1,419,420,421,-1,421,420,422,-1,421,422,423,-1,423,422,221,-1,365,367,366,-1,366,367,369,-1,366,369,424,-1,424,369,425,-1,424,425,426,-1,426,425,427,-1,426,427,428,-1,428,427,215,-1,374,376,375,-1,375,376,314,-1,375,314,429,-1,429,314,430,-1,429,430,431,-1,431,430,432,-1,431,432,433,-1,433,432,212,-1,307,303,308,-1,308,303,305,-1,308,305,434,-1,434,305,435,-1,434,435,436,-1,436,435,437,-1,436,437,438,-1,438,437,209,-1,439,297,440,-1,440,297,299,-1,440,299,441,-1,441,299,442,-1,441,442,443,-1,443,442,444,-1,443,444,445,-1,445,444,206,-1,292,288,293,-1,293,288,290,-1,293,290,446,-1,446,290,447,-1,446,447,448,-1,448,447,449,-1,448,449,450,-1,450,449,203,-1,283,279,284,-1,284,279,281,-1,284,281,451,-1,451,281,452,-1,451,452,453,-1,453,452,454,-1,453,454,455,-1,455,454,200,-1,271,267,272,-1,272,267,269,-1,272,269,456,-1,456,269,457,-1,456,457,458,-1,458,457,459,-1,458,459,460,-1,460,459,194,-1,262,258,263,-1,263,258,260,-1,263,260,461,-1,461,260,462,-1,461,462,463,-1,463,462,464,-1,463,464,465,-1,465,464,191,-1,250,246,251,-1,251,246,248,-1,251,248,466,-1,466,248,467,-1,466,467,468,-1,468,467,469,-1,468,469,470,-1,470,469,185,-1,241,237,242,-1,242,237,239,-1,242,239,471,-1,471,239,472,-1,471,472,473,-1,473,472,474,-1,473,474,475,-1,475,474,182,-1,396,403,397,-1,397,403,476,-1,397,476,398,-1,398,476,477,-1,398,477,399,-1,399,477,478,-1,399,478,400,-1,400,478,479,-1,400,479,401,-1,480,403,481,-1,481,403,402,-1,481,402,482,-1,483,482,484,-1,484,482,402,-1,484,402,485,-1,485,402,396,-1,485,396,486,-1,486,396,390,-1,486,390,321,-1,321,390,317,-1,321,317,319,-1,319,317,318,-1,320,322,321,-1,321,322,324,-1,321,324,486,-1,486,324,404,-1,486,404,485,-1,485,404,406,-1,485,406,484,-1,484,406,408,-1,484,408,483,-1,483,408,487,-1,233,232,408,-1,408,232,488,-1,408,488,487,-1,489,231,490,-1,490,231,233,-1,490,233,491,-1,491,233,407,-1,491,407,492,-1,492,407,405,-1,492,405,330,-1,330,405,327,-1,330,327,328,-1,328,327,326,-1,329,331,330,-1,330,331,333,-1,330,333,492,-1,492,333,409,-1,492,409,491,-1,491,409,411,-1,491,411,490,-1,490,411,413,-1,490,413,489,-1,489,413,493,-1,230,229,413,-1,413,229,494,-1,413,494,493,-1,226,228,227,-1,227,228,230,-1,227,230,495,-1,495,230,412,-1,495,412,496,-1,496,412,410,-1,496,410,339,-1,339,410,336,-1,339,336,337,-1,337,336,335,-1,497,225,498,-1,498,225,227,-1,498,227,499,-1,499,227,495,-1,499,495,500,-1,500,495,496,-1,500,496,342,-1,342,496,339,-1,342,339,340,-1,340,339,338,-1,341,343,342,-1,342,343,345,-1,342,345,500,-1,500,345,414,-1,500,414,499,-1,499,414,416,-1,499,416,498,-1,498,416,418,-1,498,418,497,-1,497,418,501,-1,224,223,418,-1,418,223,502,-1,418,502,501,-1,503,222,504,-1,504,222,224,-1,504,224,505,-1,505,224,417,-1,505,417,506,-1,506,417,415,-1,506,415,351,-1,351,415,348,-1,351,348,349,-1,349,348,347,-1,350,352,351,-1,351,352,354,-1,351,354,506,-1,506,354,419,-1,506,419,505,-1,505,419,421,-1,505,421,504,-1,504,421,423,-1,504,423,503,-1,503,423,507,-1,221,220,423,-1,423,220,508,-1,423,508,507,-1,509,219,510,-1,510,219,221,-1,510,221,511,-1,511,221,422,-1,511,422,512,-1,512,422,420,-1,512,420,360,-1,360,420,357,-1,360,357,358,-1,358,357,356,-1,359,361,360,-1,360,361,363,-1,360,363,512,-1,512,363,513,-1,512,513,511,-1,511,513,514,-1,511,514,510,-1,510,514,218,-1,510,218,509,-1,509,218,217,-1,515,216,428,-1,428,216,218,-1,428,218,426,-1,426,218,514,-1,426,514,424,-1,424,514,513,-1,424,513,366,-1,366,513,363,-1,366,363,364,-1,364,363,362,-1,215,214,428,-1,428,214,516,-1,428,516,515,-1,517,213,518,-1,518,213,215,-1,518,215,519,-1,519,215,427,-1,519,427,520,-1,520,427,425,-1,520,425,372,-1,372,425,369,-1,372,369,370,-1,370,369,368,-1,371,373,372,-1,372,373,375,-1,372,375,520,-1,520,375,429,-1,520,429,519,-1,519,429,431,-1,519,431,518,-1,518,431,433,-1,518,433,517,-1,517,433,521,-1,212,211,433,-1,433,211,522,-1,433,522,521,-1,523,210,524,-1,524,210,212,-1,524,212,525,-1,525,212,432,-1,525,432,526,-1,526,432,430,-1,526,430,311,-1,311,430,314,-1,311,314,309,-1,309,314,313,-1,310,306,311,-1,311,306,308,-1,311,308,526,-1,526,308,434,-1,526,434,525,-1,525,434,436,-1,525,436,524,-1,524,436,438,-1,524,438,523,-1,523,438,527,-1,209,208,438,-1,438,208,528,-1,438,528,527,-1,529,207,530,-1,530,207,209,-1,530,209,531,-1,531,209,437,-1,531,437,532,-1,532,437,435,-1,532,435,302,-1,302,435,305,-1,302,305,300,-1,300,305,304,-1,301,533,302,-1,302,533,534,-1,302,534,532,-1,532,534,535,-1,532,535,531,-1,531,535,536,-1,531,536,530,-1,530,536,537,-1,530,537,529,-1,529,537,538,-1,533,439,534,-1,534,439,440,-1,534,440,535,-1,535,440,441,-1,535,441,536,-1,536,441,443,-1,536,443,537,-1,537,443,445,-1,537,445,538,-1,538,445,539,-1,206,205,445,-1,445,205,540,-1,445,540,539,-1,541,204,542,-1,542,204,206,-1,542,206,543,-1,543,206,444,-1,543,444,544,-1,544,444,442,-1,544,442,296,-1,296,442,299,-1,296,299,294,-1,294,299,298,-1,295,291,296,-1,296,291,293,-1,296,293,544,-1,544,293,446,-1,544,446,543,-1,543,446,448,-1,543,448,542,-1,542,448,450,-1,542,450,541,-1,541,450,545,-1,203,202,450,-1,450,202,546,-1,450,546,545,-1,547,201,548,-1,548,201,203,-1,548,203,549,-1,549,203,449,-1,549,449,550,-1,550,449,447,-1,550,447,287,-1,287,447,290,-1,287,290,285,-1,285,290,289,-1,286,282,287,-1,287,282,284,-1,287,284,550,-1,550,284,451,-1,550,451,549,-1,549,451,453,-1,549,453,548,-1,548,453,455,-1,548,455,547,-1,547,455,551,-1,200,199,455,-1,455,199,552,-1,455,552,551,-1,196,198,197,-1,197,198,200,-1,197,200,553,-1,553,200,454,-1,553,454,554,-1,554,454,452,-1,554,452,278,-1,278,452,281,-1,278,281,276,-1,276,281,280,-1,555,195,556,-1,556,195,197,-1,556,197,557,-1,557,197,553,-1,557,553,558,-1,558,553,554,-1,558,554,275,-1,275,554,278,-1,275,278,273,-1,273,278,277,-1,274,270,275,-1,275,270,272,-1,275,272,558,-1,558,272,456,-1,558,456,557,-1,557,456,458,-1,557,458,556,-1,556,458,460,-1,556,460,555,-1,555,460,559,-1,194,193,460,-1,460,193,560,-1,460,560,559,-1,561,192,562,-1,562,192,194,-1,562,194,563,-1,563,194,459,-1,563,459,564,-1,564,459,457,-1,564,457,266,-1,266,457,269,-1,266,269,264,-1,264,269,268,-1,265,261,266,-1,266,261,263,-1,266,263,564,-1,564,263,461,-1,564,461,563,-1,563,461,463,-1,563,463,562,-1,562,463,465,-1,562,465,561,-1,561,465,565,-1,191,190,465,-1,465,190,566,-1,465,566,565,-1,567,189,568,-1,568,189,191,-1,568,191,569,-1,569,191,464,-1,569,464,570,-1,570,464,462,-1,570,462,257,-1,257,462,260,-1,257,260,255,-1,255,260,259,-1,256,252,257,-1,257,252,254,-1,257,254,570,-1,570,254,571,-1,570,571,569,-1,569,571,572,-1,569,572,568,-1,568,572,188,-1,568,188,567,-1,567,188,187,-1,573,186,470,-1,470,186,188,-1,470,188,468,-1,468,188,572,-1,468,572,466,-1,466,572,571,-1,466,571,251,-1,251,571,254,-1,251,254,249,-1,249,254,253,-1,185,184,470,-1,470,184,574,-1,470,574,573,-1,575,183,576,-1,576,183,185,-1,576,185,577,-1,577,185,469,-1,577,469,578,-1,578,469,467,-1,578,467,245,-1,245,467,248,-1,245,248,243,-1,243,248,247,-1,244,240,245,-1,245,240,242,-1,245,242,578,-1,578,242,471,-1,578,471,577,-1,577,471,473,-1,577,473,576,-1,576,473,475,-1,576,475,575,-1,575,475,579,-1,182,181,475,-1,475,181,580,-1,475,580,579,-1,581,180,582,-1,582,180,182,-1,582,182,583,-1,583,182,474,-1,583,474,584,-1,584,474,472,-1,584,472,236,-1,236,472,239,-1,236,239,234,-1,234,239,238,-1,235,377,236,-1,236,377,379,-1,236,379,584,-1,584,379,395,-1,584,395,583,-1,583,395,401,-1,583,401,582,-1,582,401,479,-1,582,479,581,-1,581,479,585,-1,480,586,403,-1,403,586,587,-1,403,587,476,-1,476,587,588,-1,476,588,477,-1,477,588,589,-1,477,589,478,-1,478,589,590,-1,478,590,479,-1,479,590,591,-1,479,591,585,-1,169,167,592,-1,159,157,593,-1,151,149,594,-1,145,143,595,-1,135,133,596,-1,125,123,597,-1,121,119,598,-1,111,109,599,-1,101,99,600,-1,89,87,601,-1,79,77,602,-1,69,67,603,-1,61,59,604,-1,55,53,605,-1,45,43,606,-1,35,33,607,-1,31,29,608,-1,21,19,609,-1,610,611,612,-1,613,614,615,-1,616,617,618,-1,619,620,621,-1,622,623,624,-1,625,626,627,-1,628,629,630,-1,631,632,633,-1,634,635,636,-1,637,638,639,-1,640,641,642,-1,643,644,645,-1,646,647,648,-1,649,650,651,-1,652,653,654,-1,655,656,657,-1,658,659,660,-1,661,662,663,-1,664,665,666,-1,667,668,669,-1,670,671,672,-1,673,674,675,-1,676,677,678,-1,679,680,681,-1,682,683,684,-1,685,686,687,-1,688,689,690,-1,691,692,693,-1,694,695,696,-1,697,698,699,-1,700,701,702,-1,703,704,705,-1,706,707,708,-1,709,710,711,-1,712,713,714,-1,715,716,717,-1,718,719,720,-1,721,722,723,-1,724,725,726,-1,727,728,729,-1,730,731,732,-1,733,734,735,-1,736,737,738,-1,739,740,741,-1,742,743,744,-1,745,746,747,-1,748,749,750,-1,613,615,751,-1,752,753,754,-1,754,753,755,-1,754,755,756,-1,755,757,756,-1,756,757,758,-1,756,758,759,-1,760,761,762,-1,762,761,763,-1,762,763,764,-1,764,763,765,-1,764,765,766,-1,766,765,759,-1,766,759,767,-1,767,759,758,-1,761,768,769,-1,761,769,763,-1,763,769,770,-1,763,770,765,-1,765,770,771,-1,765,771,759,-1,759,771,772,-1,759,772,756,-1,756,772,773,-1,756,773,754,-1,768,774,775,-1,768,775,769,-1,769,775,776,-1,769,776,770,-1,770,776,777,-1,770,777,771,-1,771,777,778,-1,771,778,772,-1,772,778,779,-1,772,779,773,-1,774,780,781,-1,683,679,684,-1,684,679,681,-1,684,681,782,-1,782,681,783,-1,782,783,784,-1,784,783,785,-1,784,785,786,-1,786,785,609,-1,674,670,675,-1,675,670,672,-1,675,672,787,-1,787,672,788,-1,787,788,789,-1,789,788,790,-1,789,790,791,-1,791,790,608,-1,662,658,663,-1,663,658,660,-1,663,660,792,-1,792,660,793,-1,792,793,794,-1,794,793,795,-1,794,795,796,-1,796,795,606,-1,653,649,654,-1,654,649,651,-1,654,651,797,-1,797,651,798,-1,797,798,799,-1,799,798,800,-1,799,800,801,-1,801,800,605,-1,641,637,642,-1,642,637,639,-1,642,639,802,-1,802,639,803,-1,802,803,804,-1,804,803,805,-1,804,805,806,-1,806,805,603,-1,632,628,633,-1,633,628,630,-1,633,630,807,-1,807,630,808,-1,807,808,809,-1,809,808,810,-1,809,810,811,-1,811,810,602,-1,623,619,624,-1,624,619,621,-1,624,621,812,-1,812,621,813,-1,812,813,814,-1,814,813,815,-1,814,815,816,-1,816,815,601,-1,689,691,690,-1,690,691,693,-1,690,693,817,-1,817,693,818,-1,817,818,819,-1,819,818,820,-1,819,820,821,-1,821,820,600,-1,698,700,699,-1,699,700,702,-1,699,702,822,-1,822,702,823,-1,822,823,824,-1,824,823,825,-1,824,825,826,-1,826,825,599,-1,707,709,708,-1,708,709,711,-1,708,711,827,-1,827,711,828,-1,827,828,829,-1,829,828,830,-1,829,830,831,-1,831,830,598,-1,719,721,720,-1,720,721,723,-1,720,723,832,-1,832,723,833,-1,832,833,834,-1,834,833,835,-1,834,835,836,-1,836,835,596,-1,728,730,729,-1,729,730,732,-1,729,732,837,-1,837,732,838,-1,837,838,839,-1,839,838,840,-1,839,840,841,-1,841,840,595,-1,740,742,741,-1,741,742,744,-1,741,744,842,-1,842,744,843,-1,842,843,844,-1,844,843,845,-1,844,845,846,-1,846,845,593,-1,749,751,750,-1,750,751,615,-1,750,615,847,-1,847,615,848,-1,847,848,849,-1,849,848,850,-1,849,850,851,-1,851,850,592,-1,774,781,775,-1,775,781,852,-1,775,852,776,-1,776,852,853,-1,776,853,777,-1,777,853,854,-1,777,854,778,-1,778,854,855,-1,778,855,779,-1,7,781,9,-1,9,781,780,-1,9,780,11,-1,13,11,856,-1,856,11,780,-1,856,780,857,-1,857,780,774,-1,857,774,858,-1,858,774,768,-1,858,768,687,-1,687,768,761,-1,687,761,685,-1,685,761,760,-1,686,682,687,-1,687,682,684,-1,687,684,858,-1,858,684,782,-1,858,782,857,-1,857,782,784,-1,857,784,856,-1,856,784,786,-1,856,786,13,-1,13,786,15,-1,609,19,786,-1,786,19,17,-1,786,17,15,-1,23,21,859,-1,859,21,609,-1,859,609,860,-1,860,609,785,-1,860,785,861,-1,861,785,783,-1,861,783,678,-1,678,783,681,-1,678,681,676,-1,676,681,680,-1,677,673,678,-1,678,673,675,-1,678,675,861,-1,861,675,787,-1,861,787,860,-1,860,787,789,-1,860,789,859,-1,859,789,791,-1,859,791,23,-1,23,791,25,-1,608,29,791,-1,791,29,27,-1,791,27,25,-1,33,31,607,-1,607,31,608,-1,607,608,862,-1,862,608,790,-1,862,790,863,-1,863,790,788,-1,863,788,669,-1,669,788,672,-1,669,672,667,-1,667,672,671,-1,37,35,864,-1,864,35,607,-1,864,607,865,-1,865,607,862,-1,865,862,866,-1,866,862,863,-1,866,863,666,-1,666,863,669,-1,666,669,664,-1,664,669,668,-1,665,661,666,-1,666,661,663,-1,666,663,866,-1,866,663,792,-1,866,792,865,-1,865,792,794,-1,865,794,864,-1,864,794,796,-1,864,796,37,-1,37,796,39,-1,606,43,796,-1,796,43,41,-1,796,41,39,-1,47,45,867,-1,867,45,606,-1,867,606,868,-1,868,606,795,-1,868,795,869,-1,869,795,793,-1,869,793,657,-1,657,793,660,-1,657,660,655,-1,655,660,659,-1,656,652,657,-1,657,652,654,-1,657,654,869,-1,869,654,797,-1,869,797,868,-1,868,797,799,-1,868,799,867,-1,867,799,801,-1,867,801,47,-1,47,801,49,-1,605,53,801,-1,801,53,51,-1,801,51,49,-1,57,55,870,-1,870,55,605,-1,870,605,871,-1,871,605,800,-1,871,800,872,-1,872,800,798,-1,872,798,648,-1,648,798,651,-1,648,651,646,-1,646,651,650,-1,647,643,648,-1,648,643,645,-1,648,645,872,-1,872,645,873,-1,872,873,871,-1,871,873,874,-1,871,874,870,-1,870,874,604,-1,870,604,57,-1,57,604,59,-1,63,61,806,-1,806,61,604,-1,806,604,804,-1,804,604,874,-1,804,874,802,-1,802,874,873,-1,802,873,642,-1,642,873,645,-1,642,645,640,-1,640,645,644,-1,603,67,806,-1,806,67,65,-1,806,65,63,-1,71,69,875,-1,875,69,603,-1,875,603,876,-1,876,603,805,-1,876,805,877,-1,877,805,803,-1,877,803,636,-1,636,803,639,-1,636,639,634,-1,634,639,638,-1,635,631,636,-1,636,631,633,-1,636,633,877,-1,877,633,807,-1,877,807,876,-1,876,807,809,-1,876,809,875,-1,875,809,811,-1,875,811,71,-1,71,811,73,-1,602,77,811,-1,811,77,75,-1,811,75,73,-1,81,79,878,-1,878,79,602,-1,878,602,879,-1,879,602,810,-1,879,810,880,-1,880,810,808,-1,880,808,627,-1,627,808,630,-1,627,630,625,-1,625,630,629,-1,626,622,627,-1,627,622,624,-1,627,624,880,-1,880,624,812,-1,880,812,879,-1,879,812,814,-1,879,814,878,-1,878,814,816,-1,878,816,81,-1,81,816,83,-1,601,87,816,-1,816,87,85,-1,816,85,83,-1,91,89,881,-1,881,89,601,-1,881,601,882,-1,882,601,815,-1,882,815,883,-1,883,815,813,-1,883,813,618,-1,618,813,621,-1,618,621,616,-1,616,621,620,-1,617,884,618,-1,618,884,885,-1,618,885,883,-1,883,885,886,-1,883,886,882,-1,882,886,887,-1,882,887,881,-1,881,887,888,-1,881,888,91,-1,91,888,93,-1,884,688,885,-1,885,688,690,-1,885,690,886,-1,886,690,817,-1,886,817,887,-1,887,817,819,-1,887,819,888,-1,888,819,821,-1,888,821,93,-1,93,821,95,-1,600,99,821,-1,821,99,97,-1,821,97,95,-1,103,101,889,-1,889,101,600,-1,889,600,890,-1,890,600,820,-1,890,820,891,-1,891,820,818,-1,891,818,696,-1,696,818,693,-1,696,693,694,-1,694,693,692,-1,695,697,696,-1,696,697,699,-1,696,699,891,-1,891,699,822,-1,891,822,890,-1,890,822,824,-1,890,824,889,-1,889,824,826,-1,889,826,103,-1,103,826,105,-1,599,109,826,-1,826,109,107,-1,826,107,105,-1,113,111,892,-1,892,111,599,-1,892,599,893,-1,893,599,825,-1,893,825,894,-1,894,825,823,-1,894,823,705,-1,705,823,702,-1,705,702,703,-1,703,702,701,-1,704,706,705,-1,705,706,708,-1,705,708,894,-1,894,708,827,-1,894,827,893,-1,893,827,829,-1,893,829,892,-1,892,829,831,-1,892,831,113,-1,113,831,115,-1,598,119,831,-1,831,119,117,-1,831,117,115,-1,123,121,597,-1,597,121,598,-1,597,598,895,-1,895,598,830,-1,895,830,896,-1,896,830,828,-1,896,828,714,-1,714,828,711,-1,714,711,712,-1,712,711,710,-1,127,125,897,-1,897,125,597,-1,897,597,898,-1,898,597,895,-1,898,895,899,-1,899,895,896,-1,899,896,717,-1,717,896,714,-1,717,714,715,-1,715,714,713,-1,716,718,717,-1,717,718,720,-1,717,720,899,-1,899,720,832,-1,899,832,898,-1,898,832,834,-1,898,834,897,-1,897,834,836,-1,897,836,127,-1,127,836,129,-1,596,133,836,-1,836,133,131,-1,836,131,129,-1,137,135,900,-1,900,135,596,-1,900,596,901,-1,901,596,835,-1,901,835,902,-1,902,835,833,-1,902,833,726,-1,726,833,723,-1,726,723,724,-1,724,723,722,-1,725,727,726,-1,726,727,729,-1,726,729,902,-1,902,729,837,-1,902,837,901,-1,901,837,839,-1,901,839,900,-1,900,839,841,-1,900,841,137,-1,137,841,139,-1,595,143,841,-1,841,143,141,-1,841,141,139,-1,147,145,903,-1,903,145,595,-1,903,595,904,-1,904,595,840,-1,904,840,905,-1,905,840,838,-1,905,838,735,-1,735,838,732,-1,735,732,733,-1,733,732,731,-1,734,736,735,-1,735,736,738,-1,735,738,905,-1,905,738,906,-1,905,906,904,-1,904,906,907,-1,904,907,903,-1,903,907,594,-1,903,594,147,-1,147,594,149,-1,153,151,846,-1,846,151,594,-1,846,594,844,-1,844,594,907,-1,844,907,842,-1,842,907,906,-1,842,906,741,-1,741,906,738,-1,741,738,739,-1,739,738,737,-1,593,157,846,-1,846,157,155,-1,846,155,153,-1,161,159,908,-1,908,159,593,-1,908,593,909,-1,909,593,845,-1,909,845,910,-1,910,845,843,-1,910,843,747,-1,747,843,744,-1,747,744,745,-1,745,744,743,-1,746,748,747,-1,747,748,750,-1,747,750,910,-1,910,750,847,-1,910,847,909,-1,909,847,849,-1,909,849,908,-1,908,849,851,-1,908,851,161,-1,161,851,163,-1,592,167,851,-1,851,167,165,-1,851,165,163,-1,171,169,911,-1,911,169,592,-1,911,592,912,-1,912,592,850,-1,912,850,913,-1,913,850,848,-1,913,848,612,-1,612,848,615,-1,612,615,610,-1,610,615,614,-1,611,752,612,-1,612,752,754,-1,612,754,913,-1,913,754,773,-1,913,773,912,-1,912,773,779,-1,912,779,911,-1,911,779,855,-1,911,855,171,-1,171,855,173,-1,7,5,781,-1,781,5,3,-1,781,3,852,-1,852,3,1,-1,852,1,853,-1,853,1,179,-1,853,179,854,-1,854,179,177,-1,854,177,855,-1,855,177,175,-1,855,175,173,-1,96,98,914,-1,106,108,915,-1,116,118,916,-1,124,126,917,-1,130,132,918,-1,140,142,919,-1,150,152,920,-1,154,156,921,-1,164,166,922,-1,174,176,923,-1,6,8,924,-1,16,18,925,-1,26,28,926,-1,34,36,927,-1,40,42,928,-1,50,52,929,-1,60,62,930,-1,64,66,931,-1,74,76,932,-1,84,86,933,-1,934,935,936,-1,934,936,937,-1,938,939,940,-1,940,939,941,-1,940,941,942,-1,942,941,943,-1,942,943,944,-1,944,943,945,-1,944,945,946,-1,946,945,947,-1,946,947,948,-1,948,947,933,-1,949,950,951,-1,951,950,952,-1,951,952,953,-1,953,952,954,-1,953,954,955,-1,955,954,956,-1,955,956,957,-1,957,956,958,-1,957,958,959,-1,959,958,932,-1,960,961,962,-1,962,961,963,-1,962,963,964,-1,964,963,965,-1,964,965,966,-1,966,965,967,-1,966,967,968,-1,968,967,969,-1,968,969,970,-1,970,969,931,-1,971,972,973,-1,973,972,974,-1,973,974,975,-1,975,974,976,-1,975,976,977,-1,977,976,978,-1,977,978,979,-1,979,978,980,-1,979,980,981,-1,981,980,929,-1,982,983,984,-1,984,983,985,-1,984,985,986,-1,986,985,987,-1,986,987,988,-1,988,987,989,-1,988,989,990,-1,990,989,928,-1,991,992,993,-1,993,992,994,-1,993,994,995,-1,995,994,996,-1,995,996,997,-1,997,996,998,-1,997,998,999,-1,999,998,926,-1,1000,1001,1002,-1,1002,1001,1003,-1,1002,1003,1004,-1,1004,1003,1005,-1,1004,1005,1006,-1,1006,1005,1007,-1,1006,1007,1008,-1,1008,1007,925,-1,1009,1010,1011,-1,1011,1010,1012,-1,1011,1012,1013,-1,1013,1012,1014,-1,1013,1014,1015,-1,1015,1014,1016,-1,1015,1016,1017,-1,1017,1016,924,-1,1018,1019,1020,-1,1020,1019,1021,-1,1020,1021,1022,-1,1022,1021,1023,-1,1022,1023,1024,-1,1024,1023,1025,-1,1024,1025,1026,-1,1026,1025,923,-1,1027,1028,1029,-1,1029,1028,1030,-1,1029,1030,1031,-1,1031,1030,1032,-1,1031,1032,1033,-1,1033,1032,1034,-1,1033,1034,1035,-1,1035,1034,922,-1,1036,1037,1038,-1,1038,1037,1039,-1,1038,1039,1040,-1,1040,1039,1041,-1,1040,1041,1042,-1,1042,1041,1043,-1,1042,1043,1044,-1,1044,1043,921,-1,1045,1046,1047,-1,1047,1046,1048,-1,1047,1048,1049,-1,1049,1048,1050,-1,1049,1050,1051,-1,1051,1050,1052,-1,1051,1052,1053,-1,1053,1052,919,-1,1054,1055,1056,-1,1056,1055,1057,-1,1056,1057,1058,-1,1058,1057,1059,-1,1058,1059,1060,-1,1060,1059,1061,-1,1060,1061,1062,-1,1062,1061,918,-1,1063,1064,1065,-1,1065,1064,1066,-1,1065,1066,1067,-1,1067,1066,1068,-1,1067,1068,1069,-1,1069,1068,1070,-1,1069,1070,1071,-1,1071,1070,1072,-1,1071,1072,1073,-1,1073,1072,916,-1,1074,1075,1076,-1,1076,1075,1077,-1,1076,1077,1078,-1,1078,1077,1079,-1,1078,1079,1080,-1,1080,1079,1081,-1,1080,1081,1082,-1,1082,1081,1083,-1,1082,1083,1084,-1,1084,1083,915,-1,1085,1086,1087,-1,1087,1086,1088,-1,1087,1088,1089,-1,1089,1088,1090,-1,1089,1090,1091,-1,1091,1090,1092,-1,1091,1092,1093,-1,1093,1092,1094,-1,1093,1094,1095,-1,1095,1094,914,-1,1096,938,1097,-1,1097,938,940,-1,1097,940,1098,-1,1098,940,942,-1,1098,942,1099,-1,1099,942,944,-1,1099,944,1100,-1,1100,944,946,-1,1100,946,1101,-1,1101,946,948,-1,1101,948,92,-1,92,948,90,-1,933,86,948,-1,948,86,88,-1,948,88,90,-1,82,84,1102,-1,1102,84,933,-1,1102,933,1103,-1,1103,933,947,-1,1103,947,1104,-1,1104,947,945,-1,1104,945,1105,-1,1105,945,943,-1,1105,943,1106,-1,1106,943,941,-1,1106,941,1107,-1,1107,941,939,-1,1107,949,1106,-1,1106,949,951,-1,1106,951,1105,-1,1105,951,953,-1,1105,953,1104,-1,1104,953,955,-1,1104,955,1103,-1,1103,955,957,-1,1103,957,1102,-1,1102,957,959,-1,1102,959,82,-1,82,959,80,-1,932,76,959,-1,959,76,78,-1,959,78,80,-1,72,74,1108,-1,1108,74,932,-1,1108,932,1109,-1,1109,932,958,-1,1109,958,1110,-1,1110,958,956,-1,1110,956,1111,-1,1111,956,954,-1,1111,954,1112,-1,1112,954,952,-1,1112,952,1113,-1,1113,952,950,-1,1113,960,1112,-1,1112,960,962,-1,1112,962,1111,-1,1111,962,964,-1,1111,964,1110,-1,1110,964,966,-1,1110,966,1109,-1,1109,966,968,-1,1109,968,1108,-1,1108,968,970,-1,1108,970,72,-1,72,970,70,-1,931,66,970,-1,970,66,68,-1,970,68,70,-1,62,64,930,-1,930,64,931,-1,930,931,1114,-1,1114,931,969,-1,1114,969,1115,-1,1115,969,967,-1,1115,967,1116,-1,1116,967,965,-1,1116,965,1117,-1,1117,965,963,-1,1117,963,1118,-1,1118,963,961,-1,58,60,1119,-1,1119,60,930,-1,1119,930,1120,-1,1120,930,1114,-1,1120,1114,1121,-1,1121,1114,1115,-1,1121,1115,1122,-1,1122,1115,1116,-1,1122,1116,1123,-1,1123,1116,1117,-1,1123,1117,1124,-1,1124,1117,1118,-1,1124,971,1123,-1,1123,971,973,-1,1123,973,1122,-1,1122,973,975,-1,1122,975,1121,-1,1121,975,977,-1,1121,977,1120,-1,1120,977,979,-1,1120,979,1119,-1,1119,979,981,-1,1119,981,58,-1,58,981,56,-1,929,52,981,-1,981,52,54,-1,981,54,56,-1,48,50,1125,-1,1125,50,929,-1,1125,929,1126,-1,1126,929,980,-1,1126,980,1127,-1,1127,980,978,-1,1127,978,1128,-1,1128,978,976,-1,1128,976,1129,-1,1129,976,974,-1,1129,982,1128,-1,1128,982,984,-1,1128,984,1127,-1,1127,984,986,-1,1127,986,1126,-1,1126,986,988,-1,1126,988,1125,-1,1125,988,990,-1,1125,990,48,-1,48,990,46,-1,928,42,990,-1,990,42,44,-1,990,44,46,-1,38,40,1130,-1,1130,40,928,-1,1130,928,1131,-1,1131,928,989,-1,1131,989,1132,-1,1132,989,987,-1,1132,987,1133,-1,1133,987,985,-1,1133,985,1134,-1,1134,985,983,-1,1134,1135,1133,-1,1133,1135,1136,-1,1133,1136,1132,-1,1132,1136,1137,-1,1132,1137,1131,-1,1131,1137,1138,-1,1131,1138,1130,-1,1130,1138,927,-1,1130,927,38,-1,38,927,36,-1,32,34,999,-1,999,34,927,-1,999,927,997,-1,997,927,1138,-1,997,1138,995,-1,995,1138,1137,-1,995,1137,993,-1,993,1137,1136,-1,993,1136,991,-1,991,1136,1135,-1,926,28,999,-1,999,28,30,-1,999,30,32,-1,24,26,1139,-1,1139,26,926,-1,1139,926,1140,-1,1140,926,998,-1,1140,998,1141,-1,1141,998,996,-1,1141,996,1142,-1,1142,996,994,-1,1142,994,1143,-1,1143,994,992,-1,1143,1000,1142,-1,1142,1000,1002,-1,1142,1002,1141,-1,1141,1002,1004,-1,1141,1004,1140,-1,1140,1004,1006,-1,1140,1006,1139,-1,1139,1006,1008,-1,1139,1008,24,-1,24,1008,22,-1,925,18,1008,-1,1008,18,20,-1,1008,20,22,-1,14,16,1144,-1,1144,16,925,-1,1144,925,1145,-1,1145,925,1007,-1,1145,1007,1146,-1,1146,1007,1005,-1,1146,1005,1147,-1,1147,1005,1003,-1,1147,1003,1148,-1,1148,1003,1001,-1,1148,1009,1147,-1,1147,1009,1011,-1,1147,1011,1146,-1,1146,1011,1013,-1,1146,1013,1145,-1,1145,1013,1015,-1,1145,1015,1144,-1,1144,1015,1017,-1,1144,1017,14,-1,14,1017,12,-1,924,8,1017,-1,1017,8,10,-1,1017,10,12,-1,4,6,1149,-1,1149,6,924,-1,1149,924,1150,-1,1150,924,1016,-1,1150,1016,1151,-1,1151,1016,1014,-1,1151,1014,1152,-1,1152,1014,1012,-1,1152,1012,1153,-1,1153,1012,1010,-1,1153,1154,1152,-1,1152,1154,1155,-1,1152,1155,1151,-1,1151,1155,1156,-1,1151,1156,1150,-1,1150,1156,1157,-1,1150,1157,1149,-1,1149,1157,1158,-1,1149,1158,4,-1,4,1158,2,-1,1154,1018,1155,-1,1155,1018,1020,-1,1155,1020,1156,-1,1156,1020,1022,-1,1156,1022,1157,-1,1157,1022,1024,-1,1157,1024,1158,-1,1158,1024,1026,-1,1158,1026,2,-1,2,1026,0,-1,923,176,1026,-1,1026,176,178,-1,1026,178,0,-1,172,174,1159,-1,1159,174,923,-1,1159,923,1160,-1,1160,923,1025,-1,1160,1025,1161,-1,1161,1025,1023,-1,1161,1023,1162,-1,1162,1023,1021,-1,1162,1021,1163,-1,1163,1021,1019,-1,1163,1027,1162,-1,1162,1027,1029,-1,1162,1029,1161,-1,1161,1029,1031,-1,1161,1031,1160,-1,1160,1031,1033,-1,1160,1033,1159,-1,1159,1033,1035,-1,1159,1035,172,-1,172,1035,170,-1,922,166,1035,-1,1035,166,168,-1,1035,168,170,-1,162,164,1164,-1,1164,164,922,-1,1164,922,1165,-1,1165,922,1034,-1,1165,1034,1166,-1,1166,1034,1032,-1,1166,1032,1167,-1,1167,1032,1030,-1,1167,1030,1168,-1,1168,1030,1028,-1,1168,1036,1167,-1,1167,1036,1038,-1,1167,1038,1166,-1,1166,1038,1040,-1,1166,1040,1165,-1,1165,1040,1042,-1,1165,1042,1164,-1,1164,1042,1044,-1,1164,1044,162,-1,162,1044,160,-1,921,156,1044,-1,1044,156,158,-1,1044,158,160,-1,152,154,920,-1,920,154,921,-1,920,921,1169,-1,1169,921,1043,-1,1169,1043,1170,-1,1170,1043,1041,-1,1170,1041,1171,-1,1171,1041,1039,-1,1171,1039,1172,-1,1172,1039,1037,-1,148,150,1173,-1,1173,150,920,-1,1173,920,1174,-1,1174,920,1169,-1,1174,1169,1175,-1,1175,1169,1170,-1,1175,1170,1176,-1,1176,1170,1171,-1,1176,1171,1177,-1,1177,1171,1172,-1,1177,1045,1176,-1,1176,1045,1047,-1,1176,1047,1175,-1,1175,1047,1049,-1,1175,1049,1174,-1,1174,1049,1051,-1,1174,1051,1173,-1,1173,1051,1053,-1,1173,1053,148,-1,148,1053,146,-1,919,142,1053,-1,1053,142,144,-1,1053,144,146,-1,138,140,1178,-1,1178,140,919,-1,1178,919,1179,-1,1179,919,1052,-1,1179,1052,1180,-1,1180,1052,1050,-1,1180,1050,1181,-1,1181,1050,1048,-1,1181,1048,1182,-1,1182,1048,1046,-1,1182,1054,1181,-1,1181,1054,1056,-1,1181,1056,1180,-1,1180,1056,1058,-1,1180,1058,1179,-1,1179,1058,1060,-1,1179,1060,1178,-1,1178,1060,1062,-1,1178,1062,138,-1,138,1062,136,-1,918,132,1062,-1,1062,132,134,-1,1062,134,136,-1,128,130,1183,-1,1183,130,918,-1,1183,918,1184,-1,1184,918,1061,-1,1184,1061,1185,-1,1185,1061,1059,-1,1185,1059,1186,-1,1186,1059,1057,-1,1186,1057,936,-1,936,1057,1055,-1,936,1055,937,-1,937,1055,1054,-1,937,1054,1187,-1,1187,1054,1182,-1,1187,1182,1188,-1,1188,1182,1046,-1,1188,1046,1189,-1,1189,1046,1045,-1,1189,1045,1190,-1,1190,1045,1177,-1,1190,1177,1191,-1,1191,1177,1172,-1,1191,1172,1192,-1,1192,1172,1037,-1,1192,1037,1193,-1,1193,1037,1036,-1,1193,1036,1194,-1,1194,1036,1168,-1,1194,1168,1195,-1,1195,1168,1028,-1,1195,1028,1196,-1,1196,1028,1027,-1,1196,1027,1197,-1,1197,1027,1163,-1,1197,1163,1198,-1,1198,1163,1019,-1,1198,1019,1199,-1,1199,1019,1018,-1,1199,1018,1200,-1,1200,1018,1154,-1,1200,1154,1201,-1,1201,1154,1153,-1,1201,1153,1202,-1,1202,1153,1010,-1,1202,1010,1203,-1,1203,1010,1009,-1,1203,1009,1204,-1,1204,1009,1148,-1,1204,1148,1205,-1,1205,1148,1001,-1,1205,1001,1206,-1,1206,1001,1000,-1,1206,1000,1207,-1,1207,1000,1143,-1,1207,1143,1208,-1,1208,1143,992,-1,1208,992,1209,-1,1209,992,991,-1,1209,991,1210,-1,1210,991,1135,-1,1210,1135,1211,-1,1211,1135,1134,-1,1211,1134,1212,-1,1212,1134,983,-1,1212,983,1213,-1,1213,983,982,-1,1213,982,1214,-1,1214,982,1129,-1,1214,1129,1215,-1,1215,1129,974,-1,1215,974,1216,-1,1216,974,972,-1,935,1217,936,-1,936,1217,1218,-1,936,1218,1186,-1,1186,1218,1219,-1,1186,1219,1185,-1,1185,1219,1220,-1,1185,1220,1184,-1,1184,1220,1221,-1,1184,1221,1183,-1,1183,1221,917,-1,1183,917,128,-1,128,917,126,-1,122,124,1073,-1,1073,124,917,-1,1073,917,1071,-1,1071,917,1221,-1,1071,1221,1069,-1,1069,1221,1220,-1,1069,1220,1067,-1,1067,1220,1219,-1,1067,1219,1065,-1,1065,1219,1218,-1,1065,1218,1063,-1,1063,1218,1217,-1,916,118,1073,-1,1073,118,120,-1,1073,120,122,-1,114,116,1222,-1,1222,116,916,-1,1222,916,1223,-1,1223,916,1072,-1,1223,1072,1224,-1,1224,1072,1070,-1,1224,1070,1225,-1,1225,1070,1068,-1,1225,1068,1226,-1,1226,1068,1066,-1,1226,1066,1227,-1,1227,1066,1064,-1,1227,1074,1226,-1,1226,1074,1076,-1,1226,1076,1225,-1,1225,1076,1078,-1,1225,1078,1224,-1,1224,1078,1080,-1,1224,1080,1223,-1,1223,1080,1082,-1,1223,1082,1222,-1,1222,1082,1084,-1,1222,1084,114,-1,114,1084,112,-1,915,108,1084,-1,1084,108,110,-1,1084,110,112,-1,104,106,1228,-1,1228,106,915,-1,1228,915,1229,-1,1229,915,1083,-1,1229,1083,1230,-1,1230,1083,1081,-1,1230,1081,1231,-1,1231,1081,1079,-1,1231,1079,1232,-1,1232,1079,1077,-1,1232,1077,1233,-1,1233,1077,1075,-1,1233,1085,1232,-1,1232,1085,1087,-1,1232,1087,1231,-1,1231,1087,1089,-1,1231,1089,1230,-1,1230,1089,1091,-1,1230,1091,1229,-1,1229,1091,1093,-1,1229,1093,1228,-1,1228,1093,1095,-1,1228,1095,104,-1,104,1095,102,-1,914,98,1095,-1,1095,98,100,-1,1095,100,102,-1,94,96,1234,-1,1234,96,914,-1,1234,914,1235,-1,1235,914,1094,-1,1235,1094,1236,-1,1236,1094,1092,-1,1236,1092,1237,-1,1237,1092,1090,-1,1237,1090,1238,-1,1238,1090,1088,-1,1238,1088,1239,-1,1239,1088,1086,-1,1239,1096,1238,-1,1238,1096,1097,-1,1238,1097,1237,-1,1237,1097,1098,-1,1237,1098,1236,-1,1236,1098,1099,-1,1236,1099,1235,-1,1235,1099,1100,-1,1235,1100,1234,-1,1234,1100,1101,-1,1234,1101,94,-1,94,1101,92,-1,1240,1241,1242,-1,1243,1244,1245,-1,1246,1247,1248,-1,1249,1250,1251,-1,1252,1253,1254,-1,1255,1256,1257,-1,1258,1259,1260,-1,1256,1261,1262,-1,1259,1263,1264,-1,1261,1265,1266,-1,1263,1267,1268,-1,1269,1270,1271,-1,1265,1272,1273,-1,1267,1274,1275,-1,1276,1277,1278,-1,1279,1280,1281,-1,1282,1283,1284,-1,1285,1286,1287,-1,1288,1289,1290,-1,1291,1292,1293,-1,1294,1295,1296,-1,1297,1275,1298,-1,1298,1275,1274,-1,1298,1274,1299,-1,1297,1300,1275,-1,1275,1300,1301,-1,1275,1301,1302,-1,1302,1301,1303,-1,1302,1303,1304,-1,1304,1303,1305,-1,1304,1305,1306,-1,1306,1305,1307,-1,1307,1308,1306,-1,1306,1308,1309,-1,1306,1309,1310,-1,1310,1309,1311,-1,1310,1311,1312,-1,1312,1311,1313,-1,1312,1313,1314,-1,1314,1313,1315,-1,1316,1317,1318,-1,1318,1317,1314,-1,1318,1314,1319,-1,1319,1314,1315,-1,1294,1296,1320,-1,1291,1293,1321,-1,1285,1287,1322,-1,1282,1284,1323,-1,1324,1325,1272,-1,1325,1326,1272,-1,1272,1326,1327,-1,1272,1327,1273,-1,1273,1327,1328,-1,1273,1328,1329,-1,1329,1328,1330,-1,1329,1330,1331,-1,1331,1330,1332,-1,1331,1332,1333,-1,1333,1332,1334,-1,1334,1335,1333,-1,1333,1335,1336,-1,1333,1336,1337,-1,1337,1336,1338,-1,1337,1338,1339,-1,1339,1338,1340,-1,1339,1340,1341,-1,1341,1340,1342,-1,1342,1343,1341,-1,1341,1343,1344,-1,1341,1344,1345,-1,1345,1344,1346,-1,1345,1346,1347,-1,1347,1346,1348,-1,1347,1348,1349,-1,1349,1348,1350,-1,1351,1352,1353,-1,1353,1352,1349,-1,1353,1349,1354,-1,1354,1349,1350,-1,1279,1281,1355,-1,1276,1278,1356,-1,1357,1271,1358,-1,1358,1271,1270,-1,1358,1270,1359,-1,1359,1270,1360,-1,1357,1361,1362,-1,1361,1363,1362,-1,1362,1363,1364,-1,1362,1364,1365,-1,1365,1364,1366,-1,1365,1366,1367,-1,1367,1366,1368,-1,1367,1368,1369,-1,1369,1368,1370,-1,1370,1371,1369,-1,1369,1371,1372,-1,1369,1372,1373,-1,1373,1372,1374,-1,1373,1374,1375,-1,1375,1374,1376,-1,1375,1376,1377,-1,1377,1376,1378,-1,1378,1379,1377,-1,1377,1379,1380,-1,1377,1380,1381,-1,1381,1380,1382,-1,1381,1382,1383,-1,1267,1275,1268,-1,1268,1275,1302,-1,1268,1302,1384,-1,1384,1302,1304,-1,1384,1304,1385,-1,1385,1304,1306,-1,1385,1306,1386,-1,1386,1306,1310,-1,1386,1310,1387,-1,1387,1310,1312,-1,1387,1312,1388,-1,1388,1312,1314,-1,1388,1314,1389,-1,1389,1314,1317,-1,1389,1317,1390,-1,1265,1273,1266,-1,1266,1273,1329,-1,1266,1329,1391,-1,1391,1329,1331,-1,1391,1331,1392,-1,1392,1331,1333,-1,1392,1333,1393,-1,1393,1333,1337,-1,1393,1337,1394,-1,1394,1337,1339,-1,1394,1339,1395,-1,1395,1339,1341,-1,1395,1341,1396,-1,1396,1341,1345,-1,1396,1345,1397,-1,1397,1345,1347,-1,1397,1347,1398,-1,1398,1347,1349,-1,1398,1349,1399,-1,1399,1349,1352,-1,1399,1352,1400,-1,1401,1360,1402,-1,1402,1360,1270,-1,1402,1270,1403,-1,1403,1270,1269,-1,1403,1269,1404,-1,1405,1362,1406,-1,1406,1362,1365,-1,1406,1365,1407,-1,1407,1365,1367,-1,1407,1367,1408,-1,1408,1367,1369,-1,1408,1369,1409,-1,1409,1369,1373,-1,1409,1373,1410,-1,1410,1373,1375,-1,1410,1375,1411,-1,1411,1375,1377,-1,1411,1377,1412,-1,1412,1377,1381,-1,1412,1381,1413,-1,1413,1381,1383,-1,1413,1383,1414,-1,1263,1268,1264,-1,1264,1268,1384,-1,1264,1384,1415,-1,1415,1384,1385,-1,1415,1385,1416,-1,1416,1385,1386,-1,1416,1386,1417,-1,1417,1386,1387,-1,1417,1387,1418,-1,1418,1387,1388,-1,1418,1388,1419,-1,1419,1388,1389,-1,1419,1389,1420,-1,1420,1389,1390,-1,1420,1390,1421,-1,1261,1266,1262,-1,1262,1266,1391,-1,1262,1391,1422,-1,1422,1391,1392,-1,1422,1392,1423,-1,1423,1392,1393,-1,1423,1393,1424,-1,1424,1393,1394,-1,1424,1394,1425,-1,1425,1394,1395,-1,1425,1395,1426,-1,1426,1395,1396,-1,1426,1396,1427,-1,1427,1396,1397,-1,1427,1397,1428,-1,1428,1397,1398,-1,1428,1398,1429,-1,1429,1398,1399,-1,1429,1399,1430,-1,1430,1399,1400,-1,1430,1400,1431,-1,1277,1401,1278,-1,1278,1401,1402,-1,1278,1402,1432,-1,1432,1402,1403,-1,1432,1403,1433,-1,1433,1403,1404,-1,1433,1404,1434,-1,1435,1405,1436,-1,1436,1405,1406,-1,1436,1406,1437,-1,1437,1406,1407,-1,1437,1407,1438,-1,1438,1407,1408,-1,1438,1408,1439,-1,1439,1408,1409,-1,1439,1409,1440,-1,1440,1409,1410,-1,1440,1410,1441,-1,1441,1410,1411,-1,1441,1411,1442,-1,1442,1411,1412,-1,1442,1412,1443,-1,1443,1412,1413,-1,1443,1413,1444,-1,1444,1413,1414,-1,1444,1414,1445,-1,1259,1264,1260,-1,1260,1264,1415,-1,1260,1415,1446,-1,1446,1415,1416,-1,1446,1416,1447,-1,1447,1416,1417,-1,1447,1417,1448,-1,1448,1417,1418,-1,1448,1418,1449,-1,1449,1418,1419,-1,1449,1419,1450,-1,1450,1419,1420,-1,1450,1420,1451,-1,1451,1420,1421,-1,1451,1421,1452,-1,1256,1262,1257,-1,1257,1262,1422,-1,1257,1422,1453,-1,1453,1422,1423,-1,1453,1423,1454,-1,1454,1423,1424,-1,1454,1424,1455,-1,1455,1424,1425,-1,1455,1425,1456,-1,1456,1425,1426,-1,1456,1426,1457,-1,1457,1426,1427,-1,1457,1427,1458,-1,1458,1427,1428,-1,1458,1428,1459,-1,1459,1428,1429,-1,1459,1429,1460,-1,1460,1429,1430,-1,1460,1430,1461,-1,1461,1430,1431,-1,1461,1431,1462,-1,1463,1356,1464,-1,1464,1356,1278,-1,1464,1278,1465,-1,1465,1278,1432,-1,1465,1432,1466,-1,1466,1432,1433,-1,1466,1433,1467,-1,1467,1433,1434,-1,1467,1434,1468,-1,1469,1435,1470,-1,1470,1435,1436,-1,1470,1436,1471,-1,1471,1436,1437,-1,1471,1437,1472,-1,1472,1437,1438,-1,1472,1438,1473,-1,1473,1438,1439,-1,1473,1439,1474,-1,1474,1439,1440,-1,1474,1440,1475,-1,1475,1440,1441,-1,1475,1441,1476,-1,1476,1441,1442,-1,1476,1442,1477,-1,1477,1442,1443,-1,1477,1443,1478,-1,1478,1443,1444,-1,1478,1444,1479,-1,1479,1444,1445,-1,1479,1445,1480,-1,1258,1260,1481,-1,1481,1260,1446,-1,1481,1446,1482,-1,1482,1446,1447,-1,1482,1447,1483,-1,1483,1447,1448,-1,1483,1448,1484,-1,1484,1448,1449,-1,1484,1449,1485,-1,1485,1449,1450,-1,1485,1450,1486,-1,1486,1450,1451,-1,1486,1451,1487,-1,1487,1451,1452,-1,1487,1452,1488,-1,1489,1321,1490,-1,1490,1321,1293,-1,1490,1293,1491,-1,1491,1293,1492,-1,1491,1492,1493,-1,1493,1492,1494,-1,1493,1494,1495,-1,1495,1494,1496,-1,1495,1496,1497,-1,1497,1496,1498,-1,1497,1498,1499,-1,1500,1288,1501,-1,1501,1288,1290,-1,1501,1290,1502,-1,1502,1290,1503,-1,1502,1503,1504,-1,1504,1503,1505,-1,1504,1505,1506,-1,1506,1505,1507,-1,1506,1507,1508,-1,1508,1507,1509,-1,1289,1510,1290,-1,1290,1510,1511,-1,1290,1511,1503,-1,1503,1511,1512,-1,1503,1512,1505,-1,1505,1512,1513,-1,1505,1513,1507,-1,1507,1513,1514,-1,1507,1514,1509,-1,1509,1514,1515,-1,1510,1322,1511,-1,1511,1322,1287,-1,1511,1287,1512,-1,1512,1287,1516,-1,1512,1516,1513,-1,1513,1516,1517,-1,1513,1517,1514,-1,1514,1517,1518,-1,1514,1518,1515,-1,1515,1518,1519,-1,1286,1520,1287,-1,1287,1520,1521,-1,1287,1521,1516,-1,1516,1521,1522,-1,1516,1522,1517,-1,1517,1522,1523,-1,1517,1523,1518,-1,1518,1523,1524,-1,1518,1524,1519,-1,1519,1524,1525,-1,1283,1526,1284,-1,1284,1526,1527,-1,1284,1527,1528,-1,1528,1527,1529,-1,1528,1529,1530,-1,1530,1529,1531,-1,1530,1531,1532,-1,1532,1531,1533,-1,1532,1533,1534,-1,1534,1533,1242,-1,1255,1257,1535,-1,1535,1257,1453,-1,1535,1453,1536,-1,1536,1453,1454,-1,1536,1454,1537,-1,1537,1454,1455,-1,1537,1455,1538,-1,1538,1455,1456,-1,1538,1456,1539,-1,1539,1456,1457,-1,1539,1457,1540,-1,1540,1457,1458,-1,1540,1458,1541,-1,1541,1458,1459,-1,1541,1459,1542,-1,1542,1459,1460,-1,1542,1460,1543,-1,1543,1460,1461,-1,1543,1461,1544,-1,1544,1461,1462,-1,1544,1462,1545,-1,1546,1355,1547,-1,1547,1355,1281,-1,1547,1281,1548,-1,1548,1281,1549,-1,1548,1549,1550,-1,1550,1549,1551,-1,1550,1551,1552,-1,1552,1551,1553,-1,1552,1553,1554,-1,1554,1553,1555,-1,1556,1469,1557,-1,1557,1469,1470,-1,1557,1470,1558,-1,1558,1470,1471,-1,1558,1471,1559,-1,1559,1471,1472,-1,1559,1472,1560,-1,1560,1472,1473,-1,1560,1473,1561,-1,1561,1473,1474,-1,1561,1474,1562,-1,1562,1474,1475,-1,1562,1475,1563,-1,1563,1475,1476,-1,1563,1476,1564,-1,1564,1476,1477,-1,1564,1477,1565,-1,1565,1477,1478,-1,1565,1478,1566,-1,1566,1478,1479,-1,1566,1479,1567,-1,1567,1479,1480,-1,1567,1480,1568,-1,1569,1570,1258,-1,1258,1570,1568,-1,1258,1568,1259,-1,1259,1568,1480,-1,1259,1480,1263,-1,1263,1480,1445,-1,1263,1445,1267,-1,1267,1445,1414,-1,1267,1414,1274,-1,1274,1414,1383,-1,1274,1383,1299,-1,1299,1383,1382,-1,1571,1572,1488,-1,1488,1572,1573,-1,1488,1573,1487,-1,1487,1573,1574,-1,1487,1574,1486,-1,1486,1574,1575,-1,1486,1575,1485,-1,1485,1575,1576,-1,1485,1576,1484,-1,1484,1576,1577,-1,1484,1577,1483,-1,1483,1577,1578,-1,1483,1578,1482,-1,1482,1578,1579,-1,1482,1579,1481,-1,1481,1579,1580,-1,1481,1580,1258,-1,1258,1580,1581,-1,1258,1581,1569,-1,1253,1571,1254,-1,1254,1571,1488,-1,1254,1488,1582,-1,1582,1488,1452,-1,1582,1452,1583,-1,1583,1452,1421,-1,1583,1421,1584,-1,1584,1421,1390,-1,1584,1390,1585,-1,1585,1390,1317,-1,1585,1317,1586,-1,1586,1317,1316,-1,1250,1252,1251,-1,1251,1252,1254,-1,1251,1254,1587,-1,1587,1254,1582,-1,1587,1582,1588,-1,1588,1582,1583,-1,1588,1583,1589,-1,1589,1583,1584,-1,1589,1584,1590,-1,1590,1584,1585,-1,1590,1585,1591,-1,1591,1585,1586,-1,1247,1249,1248,-1,1248,1249,1251,-1,1248,1251,1592,-1,1592,1251,1587,-1,1592,1587,1593,-1,1593,1587,1588,-1,1593,1588,1594,-1,1594,1588,1589,-1,1594,1589,1296,-1,1296,1589,1590,-1,1296,1590,1320,-1,1320,1590,1591,-1,1244,1246,1245,-1,1245,1246,1248,-1,1245,1248,1595,-1,1595,1248,1592,-1,1595,1592,1596,-1,1596,1592,1593,-1,1596,1593,1597,-1,1597,1593,1594,-1,1597,1594,1598,-1,1598,1594,1296,-1,1598,1296,1599,-1,1599,1296,1295,-1,1499,1243,1497,-1,1497,1243,1245,-1,1497,1245,1495,-1,1495,1245,1595,-1,1495,1595,1493,-1,1493,1595,1596,-1,1493,1596,1491,-1,1491,1596,1597,-1,1491,1597,1490,-1,1490,1597,1598,-1,1490,1598,1489,-1,1489,1598,1599,-1,1600,1601,1498,-1,1498,1601,1602,-1,1498,1602,1499,-1,1603,1604,1525,-1,1525,1604,1605,-1,1525,1605,1519,-1,1519,1605,1606,-1,1519,1606,1515,-1,1515,1606,1607,-1,1515,1607,1509,-1,1509,1607,1600,-1,1509,1600,1508,-1,1508,1600,1498,-1,1508,1498,1506,-1,1506,1498,1496,-1,1506,1496,1504,-1,1504,1496,1494,-1,1504,1494,1502,-1,1502,1494,1492,-1,1502,1492,1501,-1,1501,1492,1293,-1,1501,1293,1500,-1,1500,1293,1292,-1,1608,1603,1609,-1,1609,1603,1525,-1,1609,1525,1610,-1,1610,1525,1524,-1,1610,1524,1611,-1,1611,1524,1523,-1,1611,1523,1612,-1,1612,1523,1522,-1,1612,1522,1613,-1,1613,1522,1521,-1,1613,1521,1614,-1,1614,1521,1520,-1,1614,1323,1613,-1,1613,1323,1284,-1,1613,1284,1612,-1,1612,1284,1528,-1,1612,1528,1611,-1,1611,1528,1530,-1,1611,1530,1610,-1,1610,1530,1532,-1,1610,1532,1609,-1,1609,1532,1534,-1,1609,1534,1608,-1,1608,1534,1615,-1,1242,1241,1534,-1,1534,1241,1616,-1,1534,1616,1615,-1,1526,1617,1527,-1,1527,1617,1618,-1,1527,1618,1529,-1,1529,1618,1619,-1,1529,1619,1531,-1,1531,1619,1620,-1,1531,1620,1533,-1,1533,1620,1621,-1,1533,1621,1242,-1,1242,1621,1622,-1,1242,1622,1240,-1,1623,1624,1622,-1,1622,1624,1625,-1,1622,1625,1240,-1,1540,1626,1539,-1,1539,1626,1627,-1,1539,1627,1538,-1,1538,1627,1628,-1,1538,1628,1537,-1,1537,1628,1629,-1,1537,1629,1536,-1,1536,1629,1630,-1,1536,1630,1535,-1,1535,1630,1623,-1,1535,1623,1255,-1,1255,1623,1622,-1,1255,1622,1256,-1,1256,1622,1621,-1,1256,1621,1261,-1,1261,1621,1620,-1,1261,1620,1265,-1,1265,1620,1619,-1,1265,1619,1272,-1,1272,1619,1618,-1,1272,1618,1324,-1,1324,1618,1617,-1,1631,1632,1545,-1,1545,1632,1633,-1,1545,1633,1544,-1,1544,1633,1634,-1,1544,1634,1543,-1,1543,1634,1635,-1,1543,1635,1542,-1,1542,1635,1636,-1,1542,1636,1541,-1,1541,1636,1637,-1,1541,1637,1540,-1,1540,1637,1638,-1,1540,1638,1626,-1,1639,1631,1640,-1,1640,1631,1545,-1,1640,1545,1641,-1,1641,1545,1462,-1,1641,1462,1642,-1,1642,1462,1431,-1,1642,1431,1643,-1,1643,1431,1400,-1,1643,1400,1644,-1,1644,1400,1352,-1,1644,1352,1645,-1,1645,1352,1351,-1,1645,1546,1644,-1,1644,1546,1547,-1,1644,1547,1643,-1,1643,1547,1548,-1,1643,1548,1642,-1,1642,1548,1550,-1,1642,1550,1641,-1,1641,1550,1552,-1,1641,1552,1640,-1,1640,1552,1554,-1,1640,1554,1639,-1,1639,1554,1646,-1,1647,1648,1649,-1,1649,1648,1555,-1,1649,1555,1650,-1,1650,1555,1553,-1,1650,1553,1651,-1,1651,1553,1551,-1,1651,1551,1652,-1,1652,1551,1549,-1,1652,1549,1653,-1,1653,1549,1281,-1,1653,1281,1654,-1,1654,1281,1280,-1,1648,1655,1555,-1,1555,1655,1656,-1,1555,1656,1554,-1,1554,1656,1657,-1,1554,1657,1646,-1,1658,1647,1468,-1,1468,1647,1649,-1,1468,1649,1467,-1,1467,1649,1650,-1,1467,1650,1466,-1,1466,1650,1651,-1,1466,1651,1465,-1,1465,1651,1652,-1,1465,1652,1464,-1,1464,1652,1653,-1,1464,1653,1463,-1,1463,1653,1654,-1,1357,1362,1271,-1,1271,1362,1405,-1,1271,1405,1269,-1,1269,1405,1435,-1,1269,1435,1404,-1,1404,1435,1469,-1,1404,1469,1434,-1,1434,1469,1556,-1,1434,1556,1468,-1,1468,1556,1659,-1,1468,1659,1658,-1,1570,1660,1568,-1,1568,1660,1661,-1,1568,1661,1567,-1,1567,1661,1662,-1,1567,1662,1566,-1,1566,1662,1663,-1,1566,1663,1565,-1,1565,1663,1664,-1,1565,1664,1564,-1,1564,1664,1665,-1,1564,1665,1563,-1,1563,1665,1666,-1,1563,1666,1562,-1,1562,1666,1667,-1,1562,1667,1561,-1,1561,1667,1668,-1,1561,1668,1560,-1,1560,1668,1669,-1,1560,1669,1559,-1,1559,1669,1670,-1,1559,1670,1558,-1,1558,1670,1671,-1,1558,1671,1557,-1,1557,1671,1672,-1,1557,1672,1556,-1,1556,1672,1673,-1,1556,1673,1659,-1,
        ]
    }
}
Shape{
    appearance Appearance {
        material  Material 	{
            diffuseColor 0.6666666666666666 0.6666666666666666 0.6666666666666666
            specularColor 0.4666666666666667 0.4666666666666667 0.4666666666666667
            ambientIntensity 0.2
            transparency 0
            shininess 0.5
        }
    }
    geometry IndexedFaceSet {
        ccw TRUE
        solid FALSE
        coord DEF co Coordinate {
            point [
                0.4921 -0.0 0.0, 0.4888 0.0255 -1.9685, 0.4888 0.0255 0.0, 0.4789 0.0492 -1.9685, 0.4789 0.0492 0.0, 0.4633 0.0696 -1.9685, 0.4633 0.0696 0.0, 0.4429 0.0852 -1.9685, 0.4429 0.0852 0.0, 0.4192 0.0951 -1.9685, 0.4192 0.0951 0.0, 0.3937 0.0984 -1.9685, 0.3937 0.0984 0.0, 0.3682 0.0951 -1.9685, 0.3682 0.0951 0.0, 0.3445 0.0852 -1.9685, 0.3445 0.0852 0.0, 0.3241 0.0696 -1.9685, 0.3241 0.0696 0.0, 0.3085 0.0492 -1.9685, 0.3085 0.0492 0.0, 0.2986 0.0255 -1.9685, 0.2986 0.0255 0.0, 0.2953 0.0 -1.9685, 0.2953 0.0 0.0, 0.2986 -0.0255 -1.9685, 0.2986 -0.0255 0.0, 0.3085 -0.0492 -1.9685, 0.3085 -0.0492 0.0, 0.3241 -0.0696 -1.9685, 0.3241 -0.0696 0.0, 0.3445 -0.0852 -1.9685, 0.3445 -0.0852 0.0, 0.3682 -0.0951 -1.9685, 0.3682 -0.0951 0.0, 0.3937 -0.0984 -1.9685, 0.3937 -0.0984 0.0, 0.4192 -0.0951 -1.9685, 0.4192 -0.0951 0.0, 0.4429 -0.0852 -1.9685, 0.4429 -0.0852 0.0, 0.4633 -0.0696 -1.9685, 0.4633 -0.0696 0.0, 0.4789 -0.0492 -1.9685, 0.4789 -0.0492 0.0, 0.4888 -0.0255 -1.9685, 0.4888 -0.0255 0.0, 0.4921 0.0 -1.9685, 0.3937 0.0 -1.9685, -0.2953 -0.0 0.0, -0.2986 0.0255 -1.9685, -0.2986 0.0255 0.0, -0.3085 0.0492 -1.9685, -0.3085 0.0492 0.0, -0.3241 0.0696 -1.9685, -0.3241 0.0696 0.0, -0.3445 0.0852 -1.9685, -0.3445 0.0852 0.0, -0.3682 0.0951 -1.9685, -0.3682 0.0951 0.0, -0.3937 0.0984 -1.9685, -0.3937 0.0984 0.0, -0.4192 0.0951 -1.9685, -0.4192 0.0951 0.0, -0.4429 0.0852 -1.9685, -0.4429 0.0852 0.0, -0.4633 0.0696 -1.9685, -0.4633 0.0696 0.0, -0.4789 0.0492 -1.9685, -0.4789 0.0492 0.0, -0.4888 0.0255 -1.9685, -0.4888 0.0255 0.0, -0.4921 0.0 -1.9685, -0.4921 0.0 0.0, -0.4888 -0.0255 -1.9685, -0.4888 -0.0255 0.0, -0.4789 -0.0492 -1.9685, -0.4789 -0.0492 0.0, -0.4633 -0.0696 -1.9685, -0.4633 -0.0696 0.0, -0.4429 -0.0852 -1.9685, -0.4429 -0.0852 0.0, -0.4192 -0.0951 -1.9685, -0.4192 -0.0951 0.0, -0.3937 -0.0984 -1.9685, -0.3937 -0.0984 0.0, -0.3682 -0.0951 -1.9685, -0.3682 -0.0951 0.0, -0.3445 -0.0852 -1.9685, -0.3445 -0.0852 0.0, -0.3241 -0.0696 -1.9685, -0.3241 -0.0696 0.0, -0.3085 -0.0492 -1.9685, -0.3085 -0.0492 0.0, -0.2986 -0.0255 -1.9685, -0.2986 -0.0255 0.0, -0.2953 0.0 -1.9685, -0.3937 0.0 -1.9685, -0.3937 0.0 -1.9685
            ]
        }
        coordIndex [
            0,1,2,-1,2,1,3,-1,2,3,4,-1,4,3,5,-1,4,5,6,-1,6,5,7,-1,6,7,8,-1,8,7,9,-1,8,9,10,-1,10,9,11,-1,10,11,12,-1,12,11,13,-1,12,13,14,-1,14,13,15,-1,14,15,16,-1,16,15,17,-1,16,17,18,-1,18,17,19,-1,18,19,20,-1,20,19,21,-1,20,21,22,-1,22,21,23,-1,22,23,24,-1,24,23,25,-1,24,25,26,-1,26,25,27,-1,26,27,28,-1,28,27,29,-1,28,29,30,-1,30,29,31,-1,30,31,32,-1,32,31,33,-1,32,33,34,-1,34,33,35,-1,34,35,36,-1,36,35,37,-1,36,37,38,-1,38,37,39,-1,38,39,40,-1,40,39,41,-1,40,41,42,-1,42,41,43,-1,42,43,44,-1,44,43,45,-1,44,45,46,-1,46,45,47,-1,46,47,0,-1,0,47,1,-1,3,1,48,-1,48,1,47,-1,48,47,45,-1,9,7,48,-1,48,7,5,-1,48,5,3,-1,15,13,48,-1,48,13,11,-1,48,11,9,-1,21,19,48,-1,48,19,17,-1,48,17,15,-1,27,25,48,-1,48,25,23,-1,48,23,21,-1,33,31,48,-1,48,31,29,-1,48,29,27,-1,39,37,48,-1,48,37,35,-1,48,35,33,-1,45,43,48,-1,48,43,41,-1,48,41,39,-1,49,50,51,-1,51,50,52,-1,51,52,53,-1,53,52,54,-1,53,54,55,-1,55,54,56,-1,55,56,57,-1,57,56,58,-1,57,58,59,-1,59,58,60,-1,59,60,61,-1,61,60,62,-1,61,62,63,-1,63,62,64,-1,63,64,65,-1,65,64,66,-1,65,66,67,-1,67,66,68,-1,67,68,69,-1,69,68,70,-1,69,70,71,-1,71,70,72,-1,71,72,73,-1,73,72,74,-1,73,74,75,-1,75,74,76,-1,75,76,77,-1,77,76,78,-1,77,78,79,-1,79,78,80,-1,79,80,81,-1,81,80,82,-1,81,82,83,-1,83,82,84,-1,83,84,85,-1,85,84,86,-1,85,86,87,-1,87,86,88,-1,87,88,89,-1,89,88,90,-1,89,90,91,-1,91,90,92,-1,91,92,93,-1,93,92,94,-1,93,94,95,-1,95,94,96,-1,95,96,49,-1,49,96,50,-1,76,74,97,-1,97,74,72,-1,97,72,70,-1,82,80,97,-1,97,80,78,-1,97,78,76,-1,88,86,97,-1,97,86,84,-1,97,84,82,-1,94,92,97,-1,97,92,90,-1,97,90,88,-1,52,50,97,-1,97,50,96,-1,97,96,94,-1,58,56,97,-1,97,56,54,-1,97,54,52,-1,64,62,97,-1,97,62,60,-1,97,60,58,-1,70,68,97,-1,97,68,66,-1,97,66,64,-1,
        ]
    }
}
Shape{
    appearance Appearance {
        material  Material 	{
            diffuseColor 1.0 1.0 1.0
            specularColor 0.8784313725490196 0.8784313725490196 0.8784313725490196
            ambientIntensity 0.2
            transparency 0
            shininess 0.5
        }
    }
    geometry IndexedFaceSet {
        ccw TRUE
        solid FALSE
        coord DEF co Coordinate {
            point [
                -0.2002 -0.2537 0.0787, -0.2463 -0.3718 0.0787, -0.2002 -0.2537 0.0, -0.2463 -0.3718 0.0, -0.229 -0.3718 0.0787, -0.229 -0.3718 0.0, -0.2171 -0.3386 0.0787, -0.2171 -0.3386 0.0, -0.1683 -0.3386 0.0787, -0.1683 -0.3386 0.0, -0.157 -0.3718 0.0787, -0.157 -0.3718 0.0, -0.1397 -0.3718 0.0787, -0.1397 -0.3718 0.0, -0.1844 -0.2537 0.0787, -0.1844 -0.2537 0.0, -0.1723 -0.3257 0.0787, -0.2118 -0.3257 0.0787, -0.1899 -0.2763 0.0787, -0.191 -0.2722 0.0787, -0.1918 -0.2681 0.0787, -0.1922 -0.2681 0.0787, -0.1929 -0.2722 0.0787, -0.194 -0.2763 0.0787, -0.1723 -0.3257 0.0, -0.2118 -0.3257 0.0, -0.1899 -0.2763 0.0, -0.191 -0.2722 0.0, -0.1918 -0.2681 0.0, -0.1922 -0.2681 0.0, -0.1929 -0.2722 0.0, -0.194 -0.2763 0.0, -0.0681 -0.3718 0.0787, -0.036 -0.3718 0.0787, -0.0681 -0.3718 0.0, -0.036 -0.3718 0.0, -0.036 -0.2537 0.0787, -0.036 -0.2537 0.0, -0.0693 -0.2537 0.0787, -0.0693 -0.2537 0.0, -0.1311 -0.3112 0.0787, -0.1311 -0.3112 0.0, -0.1302 -0.3001 0.0, -0.1302 -0.3001 0.0787, -0.127 -0.2885 0.0, -0.127 -0.2885 0.0787, -0.1216 -0.2783 0.0, -0.1216 -0.2783 0.0787, -0.1132 -0.2691 0.0, -0.1132 -0.2691 0.0787, -0.1131 -0.2689 0.0, -0.1131 -0.2689 0.0787, -0.1002 -0.2603 0.0, -0.1002 -0.2603 0.0787, -0.0864 -0.2555 0.0, -0.0864 -0.2555 0.0787, -0.0827 -0.3705 0.0, -0.0827 -0.3705 0.0787, -0.0963 -0.3664 0.0, -0.0963 -0.3664 0.0787, -0.1087 -0.3593 0.0, -0.1087 -0.3593 0.0787, -0.1184 -0.35 0.0, -0.1184 -0.35 0.0787, -0.1252 -0.3394 0.0, -0.1252 -0.3394 0.0787, -0.1294 -0.327 0.0, -0.1294 -0.327 0.0787, -0.1074 -0.2832 0.0787, -0.1016 -0.2771 0.0787, -0.093 -0.2715 0.0787, -0.0833 -0.2681 0.0787, -0.0693 -0.2666 0.0787, -0.0519 -0.2666 0.0787, -0.0519 -0.3588 0.0787, -0.0686 -0.3588 0.0787, -0.0811 -0.3576 0.0787, -0.091 -0.3545 0.0787, -0.0991 -0.3498 0.0787, -0.1057 -0.3432 0.0787, -0.1107 -0.3351 0.0787, -0.1141 -0.324 0.0787, -0.1152 -0.3116 0.0787, -0.1142 -0.2998 0.0787, -0.1115 -0.2905 0.0787, -0.0693 -0.2666 0.0, -0.0519 -0.2666 0.0, -0.0833 -0.2681 -0.0, -0.093 -0.2715 -0.0, -0.1016 -0.2771 0.0, -0.1074 -0.2832 0.0, -0.1115 -0.2905 0.0, -0.1142 -0.2998 0.0, -0.1152 -0.3116 0.0, -0.1141 -0.324 0.0, -0.1107 -0.3351 0.0, -0.1057 -0.3432 -0.0, -0.0991 -0.3498 0.0, -0.091 -0.3545 -0.0, -0.0811 -0.3576 -0.0, -0.0686 -0.3588 -0.0, -0.0519 -0.3588 0.0, -0.013 -0.3588 0.0787, -0.013 -0.3718 0.0787, -0.013 -0.3588 0.0, -0.013 -0.3718 0.0, 0.0504 -0.3718 0.0787, 0.0504 -0.3718 0.0, 0.0504 -0.2537 0.0787, 0.0504 -0.2537 0.0, -0.0101 -0.2537 0.0787, -0.0101 -0.2537 0.0, -0.0101 -0.2666 0.0787, -0.0101 -0.2666 0.0, 0.0346 -0.2666 0.0787, 0.0346 -0.2666 0.0, 0.0346 -0.3055 0.0787, 0.0346 -0.3055 0.0, -0.0072 -0.3055 0.0787, -0.0072 -0.3055 0.0, -0.0072 -0.3185 0.0787, -0.0072 -0.3185 0.0, 0.0346 -0.3185 0.0787, 0.0346 -0.3185 0.0, 0.0346 -0.3588 0.0787, 0.0346 -0.3588 0.0, 0.0735 -0.3527 0.0787, 0.0735 -0.3656 0.0787, 0.0735 -0.3527 0.0, 0.0735 -0.3656 0.0, 0.086 -0.3708 0.0787, 0.106 -0.3732 0.0787, 0.106 -0.3732 0.0, 0.1027 -0.3731 0.0, 0.1027 -0.3731 0.0787, 0.098 -0.3725 0.0, 0.086 -0.3708 0.0, 0.1129 -0.3725 0.0, 0.1205 -0.3717 0.0787, 0.1205 -0.3717 0.0, 0.132 -0.3678 0.0787, 0.132 -0.3678 0.0, 0.1415 -0.3617 0.0787, 0.1415 -0.3617 0.0, 0.1503 -0.3523 0.0787, 0.1503 -0.3523 0.0, 0.1566 -0.3411 0.0787, 0.1566 -0.3411 0.0, 0.1602 -0.3286 0.0787, 0.1602 -0.3286 0.0, 0.1613 -0.3149 0.0787, 0.1613 -0.3149 0.0, 0.1013 -0.2522 0.0, 0.1101 -0.2529 0.0, 0.1013 -0.2522 0.0787, 0.1131 -0.2532 0.0787, 0.1131 -0.2532 0.0, 0.1263 -0.257 0.0, 0.1263 -0.257 0.0787, 0.1375 -0.2635 0.0, 0.1375 -0.2635 0.0787, 0.1482 -0.2737 0.0, 0.1482 -0.2737 0.0787, 0.1551 -0.2848 0.0, 0.1551 -0.2848 0.0787, 0.1596 -0.2981 0.0, 0.1596 -0.2981 0.0787, 0.0908 -0.2529 0.0, 0.0871 -0.2532 0.0787, 0.0871 -0.2532 0.0, 0.0735 -0.2569 0.0787, 0.0735 -0.2569 0.0, 0.0735 -0.2727 0.0787, 0.0735 -0.2727 0.0, 0.1011 -0.2652 0.0787, 0.1011 -0.2652 0.0, 0.0868 -0.267 0.0, 0.0868 -0.267 0.0787, 0.1455 -0.314 0.0787, 0.1455 -0.314 0.0, 0.1449 -0.3048 0.0, 0.1449 -0.3048 0.0787, 0.1418 -0.2921 0.0, 0.1418 -0.2921 0.0787, 0.1369 -0.283 0.0, 0.1369 -0.283 0.0787, 0.1298 -0.2751 0.0, 0.1298 -0.2751 0.0787, 0.1216 -0.2697 0.0, 0.1216 -0.2697 0.0787, 0.1127 -0.2665 0.0, 0.1127 -0.2665 0.0787, 0.1038 -0.3602 0.0787, 0.1038 -0.3602 0.0, 0.1148 -0.359 0.0, 0.1148 -0.359 0.0787, 0.1234 -0.3558 0.0, 0.1234 -0.3558 0.0787, 0.1306 -0.351 0.0, 0.1306 -0.351 0.0787, 0.1362 -0.3451 0.0, 0.1362 -0.3451 0.0787, 0.1411 -0.3369 0.0, 0.1411 -0.3369 0.0787, 0.1443 -0.3268 0.0, 0.1443 -0.3268 0.0787, 0.0756 -0.3539 0.0, 0.0756 -0.3539 0.0787, 0.0881 -0.3585 0.0, 0.0881 -0.3585 0.0787, 0.1714 -0.3588 0.0787, 0.1714 -0.3718 0.0787, 0.1714 -0.3588 0.0, 0.1714 -0.3718 0.0, 0.2319 -0.3718 0.0787, 0.2319 -0.3718 0.0, 0.2319 -0.2537 0.0787, 0.2319 -0.2537 0.0, 0.2161 -0.2537 0.0787, 0.2161 -0.2537 0.0, 0.2161 -0.3588 0.0787, 0.2161 -0.3588 0.0, 0.2161 -0.3588 0.0
            ]
        }
        coordIndex [
            0,1,2,-1,2,1,3,-1,1,4,3,-1,3,4,5,-1,4,6,5,-1,5,6,7,-1,6,8,7,-1,7,8,9,-1,8,10,9,-1,9,10,11,-1,10,12,11,-1,11,12,13,-1,12,14,13,-1,13,14,15,-1,14,0,15,-1,15,0,2,-1,16,8,17,-1,17,8,6,-1,18,14,16,-1,16,14,12,-1,16,12,8,-1,8,12,10,-1,18,19,14,-1,14,19,20,-1,14,20,0,-1,0,20,21,-1,0,21,22,-1,22,23,0,-1,0,23,17,-1,0,17,1,-1,1,17,6,-1,1,6,4,-1,16,17,24,-1,24,17,25,-1,18,16,26,-1,26,16,24,-1,18,26,27,-1,18,27,19,-1,19,27,28,-1,19,28,20,-1,21,20,29,-1,29,20,28,-1,21,29,30,-1,21,30,22,-1,22,30,31,-1,22,31,23,-1,17,23,25,-1,25,23,31,-1,32,33,34,-1,34,33,35,-1,33,36,35,-1,35,36,37,-1,36,38,37,-1,37,38,39,-1,40,41,42,-1,40,42,43,-1,43,42,44,-1,43,44,45,-1,45,44,46,-1,45,46,47,-1,47,46,48,-1,47,48,49,-1,49,48,50,-1,49,50,51,-1,51,50,52,-1,51,52,53,-1,53,52,54,-1,53,54,55,-1,55,54,39,-1,55,39,38,-1,32,34,56,-1,32,56,57,-1,57,56,58,-1,57,58,59,-1,59,58,60,-1,59,60,61,-1,61,60,62,-1,61,62,63,-1,63,62,64,-1,63,64,65,-1,65,64,66,-1,65,66,67,-1,67,66,41,-1,67,41,40,-1,45,47,68,-1,68,47,49,-1,68,49,69,-1,69,49,51,-1,69,51,70,-1,70,51,53,-1,70,53,71,-1,71,53,55,-1,71,55,72,-1,72,55,38,-1,72,38,73,-1,73,38,36,-1,73,36,74,-1,74,36,33,-1,74,33,75,-1,75,33,32,-1,75,32,76,-1,76,32,57,-1,76,57,77,-1,77,57,59,-1,77,59,78,-1,78,59,61,-1,78,61,79,-1,79,61,63,-1,79,63,80,-1,80,63,65,-1,80,65,81,-1,81,65,67,-1,81,67,82,-1,82,67,40,-1,82,40,83,-1,83,40,43,-1,83,43,84,-1,84,43,45,-1,84,45,68,-1,72,73,85,-1,85,73,86,-1,72,85,87,-1,72,87,71,-1,71,87,88,-1,71,88,70,-1,70,88,89,-1,70,89,69,-1,69,89,90,-1,69,90,68,-1,68,90,91,-1,68,91,84,-1,84,91,92,-1,84,92,83,-1,83,92,93,-1,83,93,82,-1,82,93,94,-1,82,94,81,-1,81,94,95,-1,81,95,80,-1,80,95,96,-1,80,96,79,-1,79,96,97,-1,79,97,78,-1,78,97,98,-1,78,98,77,-1,77,98,99,-1,77,99,76,-1,76,99,100,-1,76,100,75,-1,74,75,101,-1,101,75,100,-1,73,74,86,-1,86,74,101,-1,102,103,104,-1,104,103,105,-1,103,106,105,-1,105,106,107,-1,106,108,107,-1,107,108,109,-1,108,110,109,-1,109,110,111,-1,110,112,111,-1,111,112,113,-1,112,114,113,-1,113,114,115,-1,114,116,115,-1,115,116,117,-1,116,118,117,-1,117,118,119,-1,118,120,119,-1,119,120,121,-1,120,122,121,-1,121,122,123,-1,122,124,123,-1,123,124,125,-1,124,102,125,-1,125,102,104,-1,106,103,102,-1,102,124,106,-1,106,124,122,-1,106,122,108,-1,112,110,114,-1,114,110,108,-1,114,108,116,-1,116,108,122,-1,116,122,118,-1,118,122,120,-1,126,127,128,-1,128,127,129,-1,129,127,130,-1,131,132,133,-1,131,133,134,-1,134,133,135,-1,134,135,130,-1,130,135,136,-1,130,136,129,-1,132,131,137,-1,137,131,138,-1,137,138,139,-1,139,138,140,-1,139,140,141,-1,141,140,142,-1,141,142,143,-1,143,142,144,-1,143,144,145,-1,145,144,146,-1,145,146,147,-1,147,146,148,-1,147,148,149,-1,149,148,150,-1,149,150,151,-1,152,153,154,-1,154,153,155,-1,153,156,155,-1,155,156,157,-1,155,157,158,-1,158,157,159,-1,158,159,160,-1,160,159,161,-1,160,161,162,-1,162,161,163,-1,162,163,164,-1,164,163,165,-1,164,165,166,-1,166,165,151,-1,166,151,150,-1,152,154,167,-1,167,154,168,-1,167,168,169,-1,169,168,170,-1,169,170,171,-1,170,172,171,-1,171,172,173,-1,174,175,176,-1,174,176,177,-1,177,176,173,-1,177,173,172,-1,178,179,180,-1,178,180,181,-1,181,180,182,-1,181,182,183,-1,183,182,184,-1,183,184,185,-1,185,184,186,-1,185,186,187,-1,187,186,188,-1,187,188,189,-1,189,188,190,-1,189,190,191,-1,191,190,175,-1,191,175,174,-1,192,193,194,-1,192,194,195,-1,195,194,196,-1,195,196,197,-1,197,196,198,-1,197,198,199,-1,199,198,200,-1,199,200,201,-1,201,200,202,-1,201,202,203,-1,203,202,204,-1,203,204,205,-1,205,204,179,-1,205,179,178,-1,126,128,206,-1,126,206,207,-1,207,206,208,-1,207,208,209,-1,209,208,193,-1,209,193,192,-1,195,131,192,-1,192,131,134,-1,192,134,209,-1,209,134,130,-1,209,130,207,-1,207,130,127,-1,207,127,126,-1,172,170,177,-1,177,170,168,-1,177,168,174,-1,174,168,154,-1,174,154,191,-1,191,154,155,-1,191,155,189,-1,189,155,158,-1,189,158,187,-1,187,158,160,-1,187,160,185,-1,185,160,162,-1,185,162,183,-1,183,162,164,-1,183,164,181,-1,181,164,166,-1,181,166,178,-1,178,166,150,-1,178,150,205,-1,205,150,148,-1,205,148,203,-1,203,148,146,-1,203,146,201,-1,201,146,144,-1,201,144,199,-1,199,144,142,-1,199,142,197,-1,197,142,140,-1,197,140,195,-1,195,140,138,-1,195,138,131,-1,210,211,212,-1,212,211,213,-1,211,214,213,-1,213,214,215,-1,214,216,215,-1,215,216,217,-1,216,218,217,-1,217,218,219,-1,218,220,219,-1,219,220,221,-1,220,210,221,-1,221,210,212,-1,218,216,220,-1,220,216,214,-1,220,214,210,-1,210,214,211,-1,
        ]
    }
}
Shape{
    appearance Appearance {
        material  Material 	{
            diffuseColor 0.7686274509803922 0.7686274509803922 0.7686274509803922
            specularColor 0.615686274509804 0.615686274509804 0.615686274509804
            ambientIntensity 0.2
            transparency 0
            shininess 0.5
        }
    }
    geometry IndexedFaceSet {
        ccw TRUE
        solid FALSE
        coord DEF co Coordinate {
            point [
                -0.1723 -0.3257 0.0, -0.2118 -0.3257 0.0, -0.1899 -0.2763 0.0, -0.194 -0.2763 0.0, -0.191 -0.2722 0.0, -0.1929 -0.2722 0.0, -0.1918 -0.2681 0.0, -0.1922 -0.2681 0.0, -0.0519 -0.2666 0.0, -0.0519 -0.3588 0.0, -0.0693 -0.2666 0.0, -0.0686 -0.3588 -0.0, -0.0811 -0.3576 -0.0, -0.1152 -0.3116 0.0, -0.1142 -0.2998 0.0, -0.1115 -0.2905 0.0, -0.0833 -0.2681 -0.0, -0.091 -0.3545 -0.0, -0.0991 -0.3498 0.0, -0.1057 -0.3432 -0.0, -0.1107 -0.3351 0.0, -0.1141 -0.324 0.0, -0.1074 -0.2832 0.0, -0.1016 -0.2771 0.0, -0.093 -0.2715 -0.0, -0.093 -0.2715 -0.0
            ]
        }
        coordIndex [
            0,1,2,-1,2,1,3,-1,2,3,4,-1,4,3,5,-1,4,5,6,-1,6,5,7,-1,8,9,10,-1,10,9,11,-1,10,11,12,-1,13,14,10,-1,10,14,15,-1,10,15,16,-1,12,17,10,-1,10,17,18,-1,10,18,19,-1,19,20,10,-1,10,20,21,-1,10,21,13,-1,22,23,15,-1,15,23,24,-1,15,24,16,-1,
        ]
    }
}