#VRML V2.0 utf8
# 3D model generated by easyeda2kicad.py (https://github.com/uPesy/easyeda2kicad.py)

Shape{
    appearance Appearance {
        material  Material 	{
            diffuseColor 0.4980392156862745 1.0 0.7137254901960784
            specularColor 0.25098039215686274 0.5019607843137255 0.3568627450980392
            ambientIntensity 0.2
            transparency 0
            shininess 0.5
        }
    }
    geometry IndexedFaceSet {
        ccw TRUE
        solid FALSE
        coord DEF co Coordinate {
            point [
                0.7559 -0.8661 -4.1339, 0.7559 -0.8465 -4.1339, 0.9528 -0.8465 -4.1339, 0.7559 -0.5709 -4.1339, 0.7559 -0.5512 -4.1339, 0.9528 -0.5709 -4.1339, 1.189 -0.5512 -4.1339, 1.189 -0.8661 -4.1339, 0.7559 1.1339 -4.1339, 0.7559 1.1535 -4.1339, 0.9528 1.1535 -4.1339, 0.7559 1.4291 -4.1339, 0.7559 1.4488 -4.1339, 0.9528 1.4291 -4.1339, 1.189 1.4488 -4.1339, 1.189 1.1339 -4.1339, 0.5 2.4803 0.0, 1.5 2.4803 0.0, 0.5 2.4803 -0.7559, 1.5 2.4803 -0.7559, 0.5 0.9961 -4.3307, 1.5 0.9961 -4.3307, 0.5 -0.4134 -4.3307, 1.5 -0.4134 -4.3307, 1.5 2.4803 -4.3307, 0.5 2.4803 -4.3307, 1.5 2.4803 -3.3465, 0.5 2.4803 -3.3465, 0.5 1.5866 -4.3307, 1.5 1.5866 -4.3307, 0.7272 -1.6929 -1.5354, 0.7773 -1.6929 -1.6007, 0.8425 -1.6929 -1.1052, 0.9185 -1.6929 -1.0737, 1.2362 -1.6929 -1.5863, 1.2362 -1.6929 -1.1696, 1.2227 -1.6929 -1.6007, 1.2227 -1.6929 -1.1552, 0.9185 -1.6929 -1.6822, 1.0 -1.6929 -1.6929, 1.0815 -1.6929 -1.6822, 1.1575 -1.6929 -1.6507, 1.1575 -1.6929 -1.1052, 1.0815 -1.6929 -1.0737, 1.0 -1.6929 -1.063, 0.7272 -1.6929 -1.2205, 0.6958 -1.6929 -1.2964, 0.685 -1.6929 -1.378, 0.8425 -1.6929 -1.6507, 0.7773 -1.6929 -1.1552, 0.6958 -1.6929 -1.4595, 1.2362 -1.7717 -1.5863, 1.2227 -2.1654 -1.1552, 1.2362 -1.7717 -1.1696, 1.2728 -2.1654 -1.2205, 1.2728 -1.7717 -1.2205, 1.3042 -2.1654 -1.2964, 1.3042 -1.7717 -1.2964, 1.315 -2.1654 -1.378, 1.315 -1.7717 -1.378, 1.3042 -2.1654 -1.4595, 1.3042 -1.7717 -1.4595, 1.2728 -2.1654 -1.5354, 1.2728 -1.7717 -1.5354, 1.2227 -2.1654 -1.6007, 1.1575 -2.1654 -1.1052, 1.0815 -2.1654 -1.0737, 1.0 -2.1654 -1.063, 0.9185 -2.1654 -1.0737, 0.8425 -2.1654 -1.1052, 0.7773 -2.1654 -1.1552, 0.7272 -2.1654 -1.2205, 0.6958 -2.1654 -1.2964, 0.685 -2.1654 -1.378, 0.6958 -2.1654 -1.4595, 0.7272 -2.1654 -1.5354, 0.7773 -2.1654 -1.6007, 0.8425 -2.1654 -1.6507, 0.9185 -2.1654 -1.6822, 1.0 -2.1654 -1.6929, 1.0815 -2.1654 -1.6822, 1.1575 -2.1654 -1.6507, 1.5 2.4803 -2.7559, 1.5 2.4803 -1.3465, 1.5 2.4016 -2.7559, 1.5 2.4016 -1.3465, 1.5 -2.4803 -0.7874, 1.5 -2.4803 -1.9685, 1.5 0.1181 -0.7874, 1.5 -2.4213 -2.0344, 1.5 -0.4134 -4.252, 1.5 0.9961 -4.252, 1.5 2.4016 -0.7559, 1.5 0.677 0.0, 1.5 0.5118 -0.1969, 1.5 0.1181 -0.1969, 1.5 2.4016 -3.3465, 1.5 1.5866 -4.252, 1.5 -1.0039 -4.252, 1.5 -1.0039 -4.3307, 1.5 -2.4213 -4.3307, 0.7362 -2.4803 -0.7874, 0.7362 -2.4803 -0.1969, 0.5 -2.4803 -0.1969, 0.9142 -2.4803 -1.8024, 0.8107 -2.4803 -1.7675, 0.5 -2.4803 -1.9685, 0.7192 -2.4803 -1.7077, 0.6457 -2.4803 -1.627, 0.6457 -2.4803 -1.129, 0.7192 -2.4803 -1.0482, 0.8107 -2.4803 -0.9885, 1.2297 -2.4803 -1.0108, 1.3143 -2.4803 -1.08, 1.3788 -2.4803 -1.1681, 1.0231 -2.4803 -1.8104, 1.1306 -2.4803 -1.7909, 0.9142 -2.4803 -0.9535, 1.0231 -2.4803 -0.9455, 1.1306 -2.4803 -0.965, 1.4193 -2.4803 -1.2696, 1.4331 -2.4803 -1.378, 1.4193 -2.4803 -1.4863, 1.3788 -2.4803 -1.5878, 1.3143 -2.4803 -1.6759, 1.2297 -2.4803 -1.7451, 0.5 2.4803 -1.3465, 0.5 2.4803 -2.7559, 0.5 2.4016 -1.3465, 0.5 2.4016 -2.7559, 0.5 0.5118 -0.1969, 0.5 -1.0039 -4.252, 0.5 -0.4134 -4.252, 0.5 1.5866 -4.252, 0.5 -1.0039 -4.3307, 0.5 -2.4213 -4.3307, 0.5 -2.4213 -2.0344, 0.5 0.9961 -4.252, 0.5 2.4016 -3.3465, 0.5 0.677 0.0, 0.5 2.4016 -0.7559, 0.7362 -1.9768 -0.1969, 1.2638 -1.063 -0.1969, 1.2638 0.1181 -0.1969, 0.7362 -1.9768 -0.7874, 1.2638 -1.063 -0.7874, 1.2638 0.1181 -0.7874, 0.6457 -2.1654 -1.129, 0.6457 -2.1654 -1.627, 0.7192 -2.1654 -1.0482, 0.8107 -2.1654 -0.9885, 0.9142 -2.1654 -0.9535, 1.0231 -2.1654 -0.9455, 1.1306 -2.1654 -0.965, 1.2297 -2.1654 -1.0108, 1.3143 -2.1654 -1.08, 1.3788 -2.1654 -1.1681, 1.4193 -2.1654 -1.2696, 1.4331 -2.1654 -1.378, 1.4193 -2.1654 -1.4863, 1.3788 -2.1654 -1.5878, 1.3143 -2.1654 -1.6759, 1.2297 -2.1654 -1.7451, 1.1306 -2.1654 -1.7909, 1.0231 -2.1654 -1.8104, 0.9142 -2.1654 -1.8024, 0.8107 -2.1654 -1.7675, 0.7192 -2.1654 -1.7077, 0.7192 -2.1654 -1.7077
            ]
        }
        coordIndex [
            0,1,2,-1,3,4,5,-1,5,4,6,-1,5,6,2,-1,2,6,7,-1,2,7,0,-1,8,9,10,-1,11,12,13,-1,13,12,14,-1,13,14,10,-1,10,14,15,-1,10,15,8,-1,16,17,18,-1,18,17,19,-1,20,21,22,-1,22,21,23,-1,24,25,26,-1,26,25,27,-1,25,24,28,-1,28,24,29,-1,30,31,32,-1,32,31,33,-1,34,35,36,-1,36,35,37,-1,38,39,37,-1,39,40,37,-1,37,40,41,-1,37,41,36,-1,42,43,31,-1,31,43,44,-1,31,44,33,-1,45,46,47,-1,42,31,37,-1,37,31,48,-1,37,48,38,-1,32,49,30,-1,30,49,45,-1,30,45,50,-1,50,45,47,-1,51,34,36,-1,52,53,54,-1,54,53,55,-1,54,55,56,-1,56,55,57,-1,56,57,58,-1,58,57,59,-1,58,59,60,-1,60,59,61,-1,60,61,62,-1,62,61,63,-1,62,63,64,-1,35,53,37,-1,37,53,52,-1,37,52,42,-1,42,52,65,-1,42,65,43,-1,43,65,66,-1,43,66,44,-1,44,66,67,-1,44,67,33,-1,33,67,68,-1,33,68,32,-1,32,68,69,-1,32,69,49,-1,49,69,70,-1,49,70,45,-1,45,70,71,-1,45,71,46,-1,46,71,72,-1,46,72,47,-1,47,72,73,-1,47,73,50,-1,50,73,74,-1,50,74,30,-1,30,74,75,-1,30,75,31,-1,31,75,76,-1,31,76,48,-1,48,76,77,-1,48,77,38,-1,38,77,78,-1,38,78,39,-1,39,78,79,-1,39,79,40,-1,40,79,80,-1,40,80,41,-1,41,80,81,-1,41,81,36,-1,36,81,64,-1,36,64,51,-1,51,64,63,-1,82,83,84,-1,84,83,85,-1,86,87,88,-1,88,87,89,-1,23,21,90,-1,90,21,91,-1,19,17,92,-1,92,17,93,-1,92,93,85,-1,85,93,94,-1,85,94,84,-1,84,94,95,-1,84,95,96,-1,96,95,88,-1,29,24,97,-1,97,24,26,-1,97,26,91,-1,91,26,96,-1,91,96,90,-1,90,96,88,-1,90,88,98,-1,98,88,89,-1,98,89,99,-1,99,89,100,-1,101,102,103,-1,104,105,106,-1,106,105,107,-1,107,108,106,-1,106,108,109,-1,106,109,103,-1,103,109,101,-1,101,109,110,-1,101,110,111,-1,112,113,86,-1,86,113,114,-1,104,106,115,-1,115,106,87,-1,115,87,116,-1,111,117,101,-1,101,117,118,-1,101,118,86,-1,86,118,119,-1,86,119,112,-1,114,120,86,-1,86,120,121,-1,86,121,87,-1,87,121,122,-1,87,122,123,-1,123,124,87,-1,87,124,125,-1,87,125,116,-1,126,127,128,-1,128,127,129,-1,103,130,131,-1,131,130,132,-1,25,28,133,-1,134,135,131,-1,131,135,136,-1,131,136,103,-1,103,136,106,-1,20,22,137,-1,137,22,132,-1,129,138,133,-1,133,138,27,-1,133,27,25,-1,16,18,139,-1,139,18,140,-1,139,140,130,-1,130,140,128,-1,130,128,132,-1,132,128,129,-1,132,129,137,-1,137,129,133,-1,82,127,83,-1,83,127,126,-1,100,135,99,-1,99,135,134,-1,93,17,139,-1,139,17,16,-1,100,89,135,-1,135,89,136,-1,89,87,136,-1,136,87,106,-1,141,142,143,-1,95,94,143,-1,143,94,130,-1,143,130,141,-1,141,130,103,-1,141,103,102,-1,94,93,130,-1,130,93,139,-1,144,141,101,-1,101,141,102,-1,145,142,144,-1,144,142,141,-1,146,143,145,-1,145,143,142,-1,88,95,146,-1,146,95,143,-1,88,146,145,-1,144,101,145,-1,145,101,86,-1,145,86,88,-1,147,148,73,-1,73,148,74,-1,73,72,147,-1,147,72,71,-1,147,71,149,-1,149,71,70,-1,149,70,150,-1,150,70,69,-1,150,69,151,-1,151,69,68,-1,151,68,152,-1,152,68,67,-1,152,67,153,-1,153,67,66,-1,153,66,154,-1,154,66,65,-1,154,65,155,-1,155,65,52,-1,155,52,156,-1,156,52,54,-1,156,54,157,-1,157,54,56,-1,157,56,158,-1,158,56,58,-1,158,58,159,-1,159,58,60,-1,159,60,160,-1,160,60,62,-1,160,62,161,-1,161,62,64,-1,161,64,162,-1,162,64,81,-1,162,81,163,-1,163,81,80,-1,163,80,164,-1,164,80,79,-1,164,79,165,-1,165,79,78,-1,165,78,166,-1,166,78,77,-1,166,77,167,-1,167,77,76,-1,167,76,148,-1,148,76,75,-1,148,75,74,-1,148,108,167,-1,167,108,107,-1,167,107,166,-1,166,107,105,-1,166,105,165,-1,165,105,104,-1,165,104,164,-1,164,104,115,-1,164,115,163,-1,163,115,116,-1,163,116,162,-1,162,116,125,-1,162,125,161,-1,161,125,124,-1,161,124,160,-1,160,124,123,-1,160,123,159,-1,159,123,122,-1,159,122,158,-1,158,122,121,-1,158,121,157,-1,157,121,120,-1,157,120,156,-1,156,120,114,-1,156,114,155,-1,155,114,113,-1,155,113,154,-1,154,113,112,-1,154,112,153,-1,153,112,119,-1,153,119,152,-1,152,119,118,-1,152,118,151,-1,151,118,117,-1,151,117,150,-1,150,117,111,-1,150,111,149,-1,149,111,110,-1,149,110,147,-1,147,110,109,-1,148,147,108,-1,108,147,109,-1,
        ]
    }
}
Shape{
    appearance Appearance {
        material  Material 	{
            diffuseColor 0.9137254901960784 0.3137254901960784 0.20392156862745098
            specularColor 0.4588235294117647 0.1568627450980392 0.10196078431372549
            ambientIntensity 0.2
            transparency 0
            shininess 0.5
        }
    }
    geometry IndexedFaceSet {
        ccw TRUE
        solid FALSE
        coord DEF co Coordinate {
            point [
                1.2362 -1.7717 -1.5863, 1.2362 -1.7717 -1.1696, 1.2362 -1.6929 -1.5863, 1.2362 -1.6929 -1.1696, 1.2728 -1.7717 -1.2205, 1.2728 -1.7717 -1.5354, 1.3042 -1.7717 -1.4595, 1.3042 -1.7717 -1.2964, 1.315 -1.7717 -1.378, 1.315 -1.7717 -1.378
            ]
        }
        coordIndex [
            0,1,2,-1,2,1,3,-1,4,1,0,-1,0,5,4,-1,4,5,6,-1,4,6,7,-1,7,6,8,-1,
        ]
    }
}
Shape{
    appearance Appearance {
        material  Material 	{
            diffuseColor 0.4980392156862745 1.0 0.7137254901960784
            specularColor 0.25098039215686274 0.5019607843137255 0.3568627450980392
            ambientIntensity 0.2
            transparency 0
            shininess 0.5
        }
    }
    geometry IndexedFaceSet {
        ccw TRUE
        solid FALSE
        coord DEF co Coordinate {
            point [
                1.2283 1.4882 -4.252, 1.5 1.5866 -4.252, 1.2283 1.0945 -4.252, 1.5 0.9961 -4.252, 0.7165 1.0945 -4.252, 0.5 0.9961 -4.252, 0.7165 1.4882 -4.252, 0.5 1.5866 -4.252, 1.5 1.5866 -4.3307, 0.5 1.5866 -4.3307, 1.5 0.9961 -4.3307, 0.5 0.9961 -4.3307, 1.189 1.4488 -4.1339, 1.2283 1.4882 -4.1732, 1.189 1.1339 -4.1339, 1.2283 1.0945 -4.1732, 0.7165 1.4882 -4.1732, 0.7559 1.4488 -4.1339, 0.7559 1.4291 -4.1339, 0.7165 1.0945 -4.1732, 0.7559 1.1535 -4.1339, 0.7559 1.1339 -4.1339, 1.5 2.4016 -3.3465, 1.5 2.4803 -3.3465, 0.5 2.4016 -3.3465, 0.5 2.4803 -3.3465, 1.5 2.4803 -2.7559, 1.5 2.4016 -2.7559, 0.5 2.4803 -2.7559, 0.5 2.4016 -2.7559, 1.2283 -0.5118 -4.252, 1.5 -0.4134 -4.252, 1.2283 -0.9055 -4.252, 1.5 -1.0039 -4.252, 0.7165 -0.9055 -4.252, 0.5 -1.0039 -4.252, 0.7165 -0.5118 -4.252, 0.5 -0.4134 -4.252, 1.5 -0.4134 -4.3307, 0.5 -0.4134 -4.3307, 1.5 -1.0039 -4.3307, 0.5 -1.0039 -4.3307, 0.7559 -0.5512 -4.1339, 0.7165 -0.5118 -4.1732, 1.189 -0.5512 -4.1339, 1.2283 -0.5118 -4.1732, 0.7559 -0.5709 -4.1339, 0.7165 -0.9055 -4.1732, 0.7559 -0.8465 -4.1339, 0.7559 -0.8661 -4.1339, 1.2283 -0.9055 -4.1732, 1.189 -0.8661 -4.1339, 1.5 2.4803 -0.7559, 1.5 2.4016 -0.7559, 0.5 2.4803 -0.7559, 0.5 2.4016 -0.7559, 1.5 2.4016 -1.3465, 0.5 2.4016 -1.3465, 1.5 2.4803 -1.3465, 0.5 2.4803 -1.3465, 0.5 2.4803 -1.3465
            ]
        }
        coordIndex [
            0,1,2,-1,2,1,3,-1,2,3,4,-1,4,3,5,-1,4,5,6,-1,6,5,7,-1,6,7,0,-1,0,7,1,-1,8,1,9,-1,9,1,7,-1,3,10,5,-1,5,10,11,-1,12,13,14,-1,14,13,15,-1,13,12,16,-1,16,12,17,-1,16,17,18,-1,16,18,19,-1,19,18,20,-1,19,20,21,-1,19,21,15,-1,15,21,14,-1,4,19,2,-1,2,19,15,-1,6,16,4,-1,4,16,19,-1,0,13,6,-1,6,13,16,-1,2,15,0,-1,0,15,13,-1,22,23,24,-1,24,23,25,-1,26,27,28,-1,28,27,29,-1,27,22,29,-1,29,22,24,-1,30,31,32,-1,32,31,33,-1,32,33,34,-1,34,33,35,-1,34,35,36,-1,36,35,37,-1,36,37,30,-1,30,37,31,-1,38,31,39,-1,39,31,37,-1,33,40,35,-1,35,40,41,-1,42,43,44,-1,44,43,45,-1,43,42,46,-1,43,46,47,-1,47,46,48,-1,47,48,49,-1,47,49,50,-1,50,49,51,-1,50,51,45,-1,45,51,44,-1,32,50,30,-1,30,50,45,-1,34,47,32,-1,32,47,50,-1,36,43,34,-1,34,43,47,-1,30,45,36,-1,36,45,43,-1,52,53,54,-1,54,53,55,-1,53,56,55,-1,55,56,57,-1,56,58,57,-1,57,58,59,-1,
        ]
    }
}
Shape{
    appearance Appearance {
        material  Material 	{
            diffuseColor 0.7529411764705882 0.7529411764705882 0.7529411764705882
            specularColor 0.7529411764705882 0.7529411764705882 0.7529411764705882
            ambientIntensity 0.2
            transparency 0
            shininess 0.5
        }
    }
    geometry IndexedFaceSet {
        ccw TRUE
        solid FALSE
        coord DEF co Coordinate {
            point [
                0.9528 1.2252 -5.7087, 0.9528 1.3575 -5.7087, 0.9528 1.1535 -5.5118, 0.9528 1.4291 -5.5118, 0.9528 1.1535 -4.1339, 0.9528 1.4291 -4.1339, 0.7559 1.1535 -5.5118, 0.7559 1.1535 -4.1339, 0.7559 1.4291 -4.1339, 0.7559 1.4291 -5.5118, 0.7559 1.2252 -5.7087, 0.7559 1.3575 -5.7087, 0.7559 -0.5709 -5.5118, 0.7559 -0.5709 -4.1339, 0.9528 -0.5709 -5.5118, 0.9528 -0.5709 -4.1339, 0.9528 -0.7748 -5.7087, 0.9528 -0.6425 -5.7087, 0.9528 -0.8465 -5.5118, 0.9528 -0.8465 -4.1339, 0.7559 -0.8465 -5.5118, 0.7559 -0.8465 -4.1339, 0.7559 -0.7748 -5.7087, 0.7559 -0.6425 -5.7087, 0.7559 -0.6425 -5.7087
            ]
        }
        coordIndex [
            0,1,2,-1,2,1,3,-1,2,3,4,-1,4,3,5,-1,2,4,6,-1,6,4,7,-1,7,8,6,-1,6,8,9,-1,6,9,10,-1,10,9,11,-1,9,8,3,-1,3,8,5,-1,10,11,0,-1,0,11,1,-1,12,13,14,-1,14,13,15,-1,16,17,18,-1,18,17,14,-1,18,14,19,-1,19,14,15,-1,18,19,20,-1,20,19,21,-1,21,13,20,-1,20,13,12,-1,20,12,22,-1,22,12,23,-1,22,23,16,-1,16,23,17,-1,20,22,18,-1,18,22,16,-1,14,17,12,-1,12,17,23,-1,6,10,2,-1,2,10,0,-1,3,1,9,-1,9,1,11,-1,
        ]
    }
}
Shape{
    appearance Appearance {
        material  Material 	{
            diffuseColor 0.4980392156862745 1.0 0.7137254901960784
            specularColor 0.25098039215686274 0.5019607843137255 0.3568627450980392
            ambientIntensity 0.2
            transparency 0
            shininess 0.5
        }
    }
    geometry IndexedFaceSet {
        ccw TRUE
        solid FALSE
        coord DEF co Coordinate {
            point [
                1.7559 -0.8661 -4.1339, 1.7559 -0.8465 -4.1339, 1.9528 -0.8465 -4.1339, 1.7559 -0.5709 -4.1339, 1.7559 -0.5512 -4.1339, 1.9528 -0.5709 -4.1339, 2.189 -0.5512 -4.1339, 2.189 -0.8661 -4.1339, 1.7559 1.1339 -4.1339, 1.7559 1.1535 -4.1339, 1.9528 1.1535 -4.1339, 1.7559 1.4291 -4.1339, 1.7559 1.4488 -4.1339, 1.9528 1.4291 -4.1339, 2.189 1.4488 -4.1339, 2.189 1.1339 -4.1339, 1.5 2.4803 0.0, 2.5 2.4803 0.0, 1.5 2.4803 -0.7559, 2.5 2.4803 -0.7559, 1.5 0.9961 -4.3307, 2.5 0.9961 -4.3307, 1.5 -0.4134 -4.3307, 2.5 -0.4134 -4.3307, 2.5 2.4803 -4.3307, 1.5 2.4803 -4.3307, 2.5 2.4803 -3.3465, 1.5 2.4803 -3.3465, 1.5 1.5866 -4.3307, 2.5 1.5866 -4.3307, 2.1575 -1.6929 -1.6507, 2.2227 -1.6929 -1.6007, 1.7272 -1.6929 -1.5354, 1.6958 -1.6929 -1.2964, 1.7272 -1.6929 -1.2205, 1.7773 -1.6929 -1.1552, 2.2362 -1.6929 -1.5863, 2.2362 -1.6929 -1.1696, 2.2227 -1.6929 -1.1552, 2.0815 -1.6929 -1.6822, 1.685 -1.6929 -1.378, 1.6958 -1.6929 -1.4595, 1.7773 -1.6929 -1.6007, 1.8425 -1.6929 -1.6507, 1.9185 -1.6929 -1.6822, 2.1575 -1.6929 -1.1052, 2.0815 -1.6929 -1.0737, 2.0 -1.6929 -1.063, 1.9185 -1.6929 -1.0737, 1.8425 -1.6929 -1.1052, 2.0 -1.6929 -1.6929, 2.2362 -1.7717 -1.5863, 2.2227 -2.1654 -1.1552, 2.2362 -1.7717 -1.1696, 2.2728 -2.1654 -1.2205, 2.2728 -1.7717 -1.2205, 2.3042 -2.1654 -1.2964, 2.3042 -1.7717 -1.2964, 2.315 -2.1654 -1.378, 2.315 -1.7717 -1.378, 2.3042 -2.1654 -1.4595, 2.3042 -1.7717 -1.4595, 2.2728 -2.1654 -1.5354, 2.2728 -1.7717 -1.5354, 2.2227 -2.1654 -1.6007, 2.1575 -2.1654 -1.1052, 2.0815 -2.1654 -1.0737, 2.0 -2.1654 -1.063, 1.9185 -2.1654 -1.0737, 1.8425 -2.1654 -1.1052, 1.7773 -2.1654 -1.1552, 1.7272 -2.1654 -1.2205, 1.6958 -2.1654 -1.2964, 1.685 -2.1654 -1.378, 1.6958 -2.1654 -1.4595, 1.7272 -2.1654 -1.5354, 1.7773 -2.1654 -1.6007, 1.8425 -2.1654 -1.6507, 1.9185 -2.1654 -1.6822, 2.0 -2.1654 -1.6929, 2.0815 -2.1654 -1.6822, 2.1575 -2.1654 -1.6507, 2.5 2.4803 -2.7559, 2.5 2.4803 -1.3465, 2.5 2.4016 -2.7559, 2.5 2.4016 -1.3465, 2.5 -2.4803 -0.7874, 2.5 -2.4803 -1.9685, 2.5 0.1181 -0.7874, 2.5 -2.4213 -2.0344, 2.5 -0.4134 -4.252, 2.5 0.9961 -4.252, 2.5 2.4016 -0.7559, 2.5 0.677 0.0, 2.5 0.5118 -0.1969, 2.5 0.1181 -0.1969, 2.5 2.4016 -3.3465, 2.5 1.5866 -4.252, 2.5 -1.0039 -4.252, 2.5 -1.0039 -4.3307, 2.5 -2.4213 -4.3307, 1.8107 -2.4803 -0.9885, 1.7362 -2.4803 -0.7874, 1.7192 -2.4803 -1.0482, 1.6457 -2.4803 -1.129, 1.9142 -2.4803 -1.8024, 1.8107 -2.4803 -1.7675, 1.5 -2.4803 -1.9685, 1.7192 -2.4803 -1.7077, 1.6457 -2.4803 -1.627, 1.5 -2.4803 -0.1969, 1.7362 -2.4803 -0.1969, 2.1306 -2.4803 -0.965, 2.0231 -2.4803 -0.9455, 1.9142 -2.4803 -0.9535, 2.0231 -2.4803 -1.8104, 2.1306 -2.4803 -1.7909, 2.2297 -2.4803 -1.0108, 2.3143 -2.4803 -1.08, 2.3788 -2.4803 -1.1681, 2.3788 -2.4803 -1.5878, 2.3143 -2.4803 -1.6759, 2.2297 -2.4803 -1.7451, 2.4193 -2.4803 -1.2696, 2.4331 -2.4803 -1.378, 2.4193 -2.4803 -1.4863, 1.5 2.4803 -1.3465, 1.5 2.4803 -2.7559, 1.5 2.4016 -1.3465, 1.5 2.4016 -2.7559, 1.5 0.5118 -0.1969, 1.5 -1.0039 -4.252, 1.5 -0.4134 -4.252, 1.5 1.5866 -4.252, 1.5 -1.0039 -4.3307, 1.5 -2.4213 -4.3307, 1.5 -2.4213 -2.0344, 1.5 0.9961 -4.252, 1.5 2.4016 -3.3465, 1.5 0.677 0.0, 1.5 2.4016 -0.7559, 1.7362 -1.9768 -0.1969, 2.2638 -1.063 -0.1969, 2.2638 0.1181 -0.1969, 1.7362 -1.9768 -0.7874, 2.2638 -1.063 -0.7874, 2.2638 0.1181 -0.7874, 1.6457 -2.1654 -1.129, 1.6457 -2.1654 -1.627, 1.7192 -2.1654 -1.0482, 1.8107 -2.1654 -0.9885, 1.9142 -2.1654 -0.9535, 2.0231 -2.1654 -0.9455, 2.1306 -2.1654 -0.965, 2.2297 -2.1654 -1.0108, 2.3143 -2.1654 -1.08, 2.3788 -2.1654 -1.1681, 2.4193 -2.1654 -1.2696, 2.4331 -2.1654 -1.378, 2.4193 -2.1654 -1.4863, 2.3788 -2.1654 -1.5878, 2.3143 -2.1654 -1.6759, 2.2297 -2.1654 -1.7451, 2.1306 -2.1654 -1.7909, 2.0231 -2.1654 -1.8104, 1.9142 -2.1654 -1.8024, 1.8107 -2.1654 -1.7675, 1.7192 -2.1654 -1.7077, 1.7192 -2.1654 -1.7077
            ]
        }
        coordIndex [
            0,1,2,-1,3,4,5,-1,5,4,6,-1,5,6,2,-1,2,6,7,-1,2,7,0,-1,8,9,10,-1,11,12,13,-1,13,12,14,-1,13,14,10,-1,10,14,15,-1,10,15,8,-1,16,17,18,-1,18,17,19,-1,20,21,22,-1,22,21,23,-1,24,25,26,-1,26,25,27,-1,25,24,28,-1,28,24,29,-1,30,31,32,-1,33,31,34,-1,34,31,35,-1,36,37,31,-1,31,37,38,-1,30,32,39,-1,33,40,31,-1,31,40,41,-1,31,41,32,-1,42,43,44,-1,38,45,31,-1,31,45,46,-1,31,46,47,-1,47,48,31,-1,31,48,49,-1,31,49,35,-1,42,44,32,-1,32,44,50,-1,32,50,39,-1,51,36,31,-1,52,53,54,-1,54,53,55,-1,54,55,56,-1,56,55,57,-1,56,57,58,-1,58,57,59,-1,58,59,60,-1,60,59,61,-1,60,61,62,-1,62,61,63,-1,62,63,64,-1,37,53,38,-1,38,53,52,-1,38,52,45,-1,45,52,65,-1,45,65,46,-1,46,65,66,-1,46,66,47,-1,47,66,67,-1,47,67,48,-1,48,67,68,-1,48,68,49,-1,49,68,69,-1,49,69,35,-1,35,69,70,-1,35,70,34,-1,34,70,71,-1,34,71,33,-1,33,71,72,-1,33,72,40,-1,40,72,73,-1,40,73,41,-1,41,73,74,-1,41,74,32,-1,32,74,75,-1,32,75,42,-1,42,75,76,-1,42,76,43,-1,43,76,77,-1,43,77,44,-1,44,77,78,-1,44,78,50,-1,50,78,79,-1,50,79,39,-1,39,79,80,-1,39,80,30,-1,30,80,81,-1,30,81,31,-1,31,81,64,-1,31,64,51,-1,51,64,63,-1,82,83,84,-1,84,83,85,-1,86,87,88,-1,88,87,89,-1,23,21,90,-1,90,21,91,-1,19,17,92,-1,92,17,93,-1,92,93,85,-1,85,93,94,-1,85,94,84,-1,84,94,95,-1,84,95,96,-1,96,95,88,-1,29,24,97,-1,97,24,26,-1,97,26,91,-1,91,26,96,-1,91,96,90,-1,90,96,88,-1,90,88,98,-1,98,88,89,-1,98,89,99,-1,99,89,100,-1,101,102,103,-1,103,102,104,-1,105,106,107,-1,107,106,108,-1,108,109,107,-1,107,109,104,-1,107,104,110,-1,110,104,102,-1,110,102,111,-1,112,86,113,-1,113,86,102,-1,113,102,114,-1,114,102,101,-1,105,107,115,-1,115,107,87,-1,115,87,116,-1,112,117,86,-1,86,117,118,-1,86,118,119,-1,120,121,87,-1,87,121,122,-1,87,122,116,-1,119,123,86,-1,86,123,124,-1,86,124,87,-1,87,124,125,-1,87,125,120,-1,126,127,128,-1,128,127,129,-1,110,130,131,-1,131,130,132,-1,25,28,133,-1,134,135,131,-1,131,135,136,-1,131,136,110,-1,110,136,107,-1,20,22,137,-1,137,22,132,-1,129,138,133,-1,133,138,27,-1,133,27,25,-1,16,18,139,-1,139,18,140,-1,139,140,130,-1,130,140,128,-1,130,128,132,-1,132,128,129,-1,132,129,137,-1,137,129,133,-1,82,127,83,-1,83,127,126,-1,100,135,99,-1,99,135,134,-1,93,17,139,-1,139,17,16,-1,100,89,135,-1,135,89,136,-1,89,87,136,-1,136,87,107,-1,141,142,143,-1,95,94,143,-1,143,94,130,-1,143,130,141,-1,141,130,110,-1,141,110,111,-1,94,93,130,-1,130,93,139,-1,144,141,102,-1,102,141,111,-1,145,142,144,-1,144,142,141,-1,146,143,145,-1,145,143,142,-1,88,95,146,-1,146,95,143,-1,88,146,145,-1,144,102,145,-1,145,102,86,-1,145,86,88,-1,147,148,73,-1,73,148,74,-1,73,72,147,-1,147,72,71,-1,147,71,149,-1,149,71,70,-1,149,70,150,-1,150,70,69,-1,150,69,151,-1,151,69,68,-1,151,68,152,-1,152,68,67,-1,152,67,153,-1,153,67,66,-1,153,66,154,-1,154,66,65,-1,154,65,155,-1,155,65,52,-1,155,52,156,-1,156,52,54,-1,156,54,157,-1,157,54,56,-1,157,56,158,-1,158,56,58,-1,158,58,159,-1,159,58,60,-1,159,60,160,-1,160,60,62,-1,160,62,161,-1,161,62,64,-1,161,64,162,-1,162,64,81,-1,162,81,163,-1,163,81,80,-1,163,80,164,-1,164,80,79,-1,164,79,165,-1,165,79,78,-1,165,78,166,-1,166,78,77,-1,166,77,167,-1,167,77,76,-1,167,76,148,-1,148,76,75,-1,148,75,74,-1,148,109,167,-1,167,109,108,-1,167,108,166,-1,166,108,106,-1,166,106,165,-1,165,106,105,-1,165,105,164,-1,164,105,115,-1,164,115,163,-1,163,115,116,-1,163,116,162,-1,162,116,122,-1,162,122,161,-1,161,122,121,-1,161,121,160,-1,160,121,120,-1,160,120,159,-1,159,120,125,-1,159,125,158,-1,158,125,124,-1,158,124,157,-1,157,124,123,-1,157,123,156,-1,156,123,119,-1,156,119,155,-1,155,119,118,-1,155,118,154,-1,154,118,117,-1,154,117,153,-1,153,117,112,-1,153,112,152,-1,152,112,113,-1,152,113,151,-1,151,113,114,-1,151,114,150,-1,150,114,101,-1,150,101,149,-1,149,101,103,-1,149,103,147,-1,147,103,104,-1,148,147,109,-1,109,147,104,-1,
        ]
    }
}
Shape{
    appearance Appearance {
        material  Material 	{
            diffuseColor 0.9137254901960784 0.3137254901960784 0.20392156862745098
            specularColor 0.4588235294117647 0.1568627450980392 0.10196078431372549
            ambientIntensity 0.2
            transparency 0
            shininess 0.5
        }
    }
    geometry IndexedFaceSet {
        ccw TRUE
        solid FALSE
        coord DEF co Coordinate {
            point [
                2.2362 -1.7717 -1.5863, 2.2362 -1.7717 -1.1696, 2.2362 -1.6929 -1.5863, 2.2362 -1.6929 -1.1696, 2.2728 -1.7717 -1.5354, 2.315 -1.7717 -1.378, 2.3042 -1.7717 -1.2964, 2.2728 -1.7717 -1.2205, 2.3042 -1.7717 -1.4595, 2.3042 -1.7717 -1.4595
            ]
        }
        coordIndex [
            0,1,2,-1,2,1,3,-1,1,0,4,-1,5,6,7,-1,1,4,7,-1,7,4,8,-1,7,8,5,-1,
        ]
    }
}
Shape{
    appearance Appearance {
        material  Material 	{
            diffuseColor 0.4980392156862745 1.0 0.7137254901960784
            specularColor 0.25098039215686274 0.5019607843137255 0.3568627450980392
            ambientIntensity 0.2
            transparency 0
            shininess 0.5
        }
    }
    geometry IndexedFaceSet {
        ccw TRUE
        solid FALSE
        coord DEF co Coordinate {
            point [
                2.2283 1.4882 -4.252, 2.5 1.5866 -4.252, 2.2283 1.0945 -4.252, 2.5 0.9961 -4.252, 1.7165 1.0945 -4.252, 1.5 0.9961 -4.252, 1.7165 1.4882 -4.252, 1.5 1.5866 -4.252, 2.5 1.5866 -4.3307, 1.5 1.5866 -4.3307, 2.5 0.9961 -4.3307, 1.5 0.9961 -4.3307, 2.189 1.4488 -4.1339, 2.2283 1.4882 -4.1732, 2.189 1.1339 -4.1339, 2.2283 1.0945 -4.1732, 1.7165 1.4882 -4.1732, 1.7559 1.4488 -4.1339, 1.7559 1.4291 -4.1339, 1.7165 1.0945 -4.1732, 1.7559 1.1535 -4.1339, 1.7559 1.1339 -4.1339, 2.5 2.4016 -3.3465, 2.5 2.4803 -3.3465, 1.5 2.4016 -3.3465, 1.5 2.4803 -3.3465, 2.5 2.4803 -2.7559, 2.5 2.4016 -2.7559, 1.5 2.4803 -2.7559, 1.5 2.4016 -2.7559, 2.2283 -0.5118 -4.252, 2.5 -0.4134 -4.252, 2.2283 -0.9055 -4.252, 2.5 -1.0039 -4.252, 1.7165 -0.9055 -4.252, 1.5 -1.0039 -4.252, 1.7165 -0.5118 -4.252, 1.5 -0.4134 -4.252, 2.5 -0.4134 -4.3307, 1.5 -0.4134 -4.3307, 2.5 -1.0039 -4.3307, 1.5 -1.0039 -4.3307, 1.7559 -0.5512 -4.1339, 1.7165 -0.5118 -4.1732, 2.189 -0.5512 -4.1339, 2.2283 -0.5118 -4.1732, 1.7559 -0.5709 -4.1339, 1.7165 -0.9055 -4.1732, 1.7559 -0.8465 -4.1339, 1.7559 -0.8661 -4.1339, 2.2283 -0.9055 -4.1732, 2.189 -0.8661 -4.1339, 2.5 2.4803 -0.7559, 2.5 2.4016 -0.7559, 1.5 2.4803 -0.7559, 1.5 2.4016 -0.7559, 2.5 2.4016 -1.3465, 1.5 2.4016 -1.3465, 2.5 2.4803 -1.3465, 1.5 2.4803 -1.3465, 1.5 2.4803 -1.3465
            ]
        }
        coordIndex [
            0,1,2,-1,2,1,3,-1,2,3,4,-1,4,3,5,-1,4,5,6,-1,6,5,7,-1,6,7,0,-1,0,7,1,-1,8,1,9,-1,9,1,7,-1,3,10,5,-1,5,10,11,-1,12,13,14,-1,14,13,15,-1,13,12,16,-1,16,12,17,-1,16,17,18,-1,16,18,19,-1,19,18,20,-1,19,20,21,-1,19,21,15,-1,15,21,14,-1,4,19,2,-1,2,19,15,-1,6,16,4,-1,4,16,19,-1,0,13,6,-1,6,13,16,-1,2,15,0,-1,0,15,13,-1,22,23,24,-1,24,23,25,-1,26,27,28,-1,28,27,29,-1,27,22,29,-1,29,22,24,-1,30,31,32,-1,32,31,33,-1,32,33,34,-1,34,33,35,-1,34,35,36,-1,36,35,37,-1,36,37,30,-1,30,37,31,-1,38,31,39,-1,39,31,37,-1,33,40,35,-1,35,40,41,-1,42,43,44,-1,44,43,45,-1,43,42,46,-1,43,46,47,-1,47,46,48,-1,47,48,49,-1,47,49,50,-1,50,49,51,-1,50,51,45,-1,45,51,44,-1,32,50,30,-1,30,50,45,-1,34,47,32,-1,32,47,50,-1,36,43,34,-1,34,43,47,-1,30,45,36,-1,36,45,43,-1,52,53,54,-1,54,53,55,-1,53,56,55,-1,55,56,57,-1,56,58,57,-1,57,58,59,-1,
        ]
    }
}
Shape{
    appearance Appearance {
        material  Material 	{
            diffuseColor 0.7529411764705882 0.7529411764705882 0.7529411764705882
            specularColor 0.7529411764705882 0.7529411764705882 0.7529411764705882
            ambientIntensity 0.2
            transparency 0
            shininess 0.5
        }
    }
    geometry IndexedFaceSet {
        ccw TRUE
        solid FALSE
        coord DEF co Coordinate {
            point [
                1.9528 1.2252 -5.7087, 1.9528 1.3575 -5.7087, 1.9528 1.1535 -5.5118, 1.9528 1.4291 -5.5118, 1.9528 1.1535 -4.1339, 1.9528 1.4291 -4.1339, 1.7559 1.1535 -5.5118, 1.7559 1.1535 -4.1339, 1.7559 1.4291 -4.1339, 1.7559 1.4291 -5.5118, 1.7559 1.2252 -5.7087, 1.7559 1.3575 -5.7087, 1.7559 -0.5709 -5.5118, 1.7559 -0.5709 -4.1339, 1.9528 -0.5709 -5.5118, 1.9528 -0.5709 -4.1339, 1.9528 -0.7748 -5.7087, 1.9528 -0.6425 -5.7087, 1.9528 -0.8465 -5.5118, 1.9528 -0.8465 -4.1339, 1.7559 -0.8465 -5.5118, 1.7559 -0.8465 -4.1339, 1.7559 -0.7748 -5.7087, 1.7559 -0.6425 -5.7087, 1.7559 -0.6425 -5.7087
            ]
        }
        coordIndex [
            0,1,2,-1,2,1,3,-1,2,3,4,-1,4,3,5,-1,2,4,6,-1,6,4,7,-1,7,8,6,-1,6,8,9,-1,6,9,10,-1,10,9,11,-1,9,8,3,-1,3,8,5,-1,10,11,0,-1,0,11,1,-1,12,13,14,-1,14,13,15,-1,16,17,18,-1,18,17,14,-1,18,14,19,-1,19,14,15,-1,18,19,20,-1,20,19,21,-1,21,13,20,-1,20,13,12,-1,20,12,22,-1,22,12,23,-1,22,23,16,-1,16,23,17,-1,20,22,18,-1,18,22,16,-1,14,17,12,-1,12,17,23,-1,6,10,2,-1,2,10,0,-1,3,1,9,-1,9,1,11,-1,
        ]
    }
}
Shape{
    appearance Appearance {
        material  Material 	{
            diffuseColor 0.9137254901960784 0.3137254901960784 0.20392156862745098
            specularColor 0.4588235294117647 0.1568627450980392 0.10196078431372549
            ambientIntensity 0.2
            transparency 0
            shininess 0.5
        }
    }
    geometry IndexedFaceSet {
        ccw TRUE
        solid FALSE
        coord DEF co Coordinate {
            point [
                1.2835 -1.3339 -0.7835, 1.2835 -0.0787 -0.7835, 1.4803 -1.3339 -0.7835, 1.4803 -0.0787 -0.7835, 1.2835 -1.3644 -0.748, 1.4803 -1.3644 -0.748, 1.2835 -1.4226 -0.748, 0.7559 -2.3364 -0.748, 1.4803 -2.4803 -0.748, 0.7559 -2.4803 -0.748, 1.3425 -2.4803 0.4921, 1.4803 -2.4803 0.6299, 0.8937 -2.4803 0.4921, 0.7559 -2.4803 0.6299, 0.8937 -2.4803 -0.6102, 1.3425 -2.4803 -0.6102, 1.4803 -1.3508 0.6299, 1.2835 -1.3508 0.6299, 1.2835 -1.4226 0.6299, 0.7559 -2.3364 0.6299, 1.4803 -1.3256 0.6272, 1.2835 -1.3256 0.6272, 1.4803 -1.3016 0.6192, 1.2835 -1.3016 0.6192, 1.4803 -1.2798 0.6062, 1.2835 -1.2798 0.6062, 1.4803 -1.2613 0.5889, 1.2835 -1.2613 0.5889, 0.8937 -2.2441 -0.6102, 0.8937 -2.2441 0.4921, 1.3425 -2.2441 0.4921, 1.3425 -2.2441 -0.6102, 2.2835 -1.3339 -0.7835, 2.2835 -0.0787 -0.7835, 2.4803 -1.3339 -0.7835, 2.4803 -0.0787 -0.7835, 2.2835 -1.3644 -0.748, 2.4803 -1.3644 -0.748, 2.2835 -1.4226 -0.748, 1.7559 -2.3364 -0.748, 2.4803 -2.4803 -0.748, 1.7559 -2.4803 -0.748, 2.3425 -2.4803 0.4921, 2.4803 -2.4803 0.6299, 1.8937 -2.4803 0.4921, 1.7559 -2.4803 0.6299, 1.8937 -2.4803 -0.6102, 2.3425 -2.4803 -0.6102, 2.4803 -1.3508 0.6299, 2.2835 -1.3508 0.6299, 2.2835 -1.4226 0.6299, 1.7559 -2.3364 0.6299, 2.4803 -1.3256 0.6272, 2.2835 -1.3256 0.6272, 2.4803 -1.3016 0.6192, 2.2835 -1.3016 0.6192, 2.4803 -1.2798 0.6062, 2.2835 -1.2798 0.6062, 2.4803 -1.2613 0.5889, 2.2835 -1.2613 0.5889, 1.8937 -2.2441 -0.6102, 1.8937 -2.2441 0.4921, 2.3425 -2.2441 0.4921, 2.3425 -2.2441 -0.6102, 2.3425 -2.2441 -0.6102
            ]
        }
        coordIndex [
            0,1,2,-1,2,1,3,-1,4,0,5,-1,5,0,2,-1,6,4,5,-1,6,5,7,-1,7,5,8,-1,7,8,9,-1,10,11,12,-1,12,11,13,-1,12,13,14,-1,14,13,9,-1,14,9,15,-1,15,9,8,-1,15,8,10,-1,10,8,11,-1,16,17,18,-1,16,18,11,-1,11,18,19,-1,11,19,13,-1,17,16,20,-1,17,20,21,-1,21,20,22,-1,21,22,23,-1,23,22,24,-1,23,24,25,-1,25,24,26,-1,25,26,27,-1,1,27,3,-1,3,27,26,-1,18,17,6,-1,6,17,21,-1,1,0,27,-1,27,0,4,-1,27,4,25,-1,25,4,6,-1,25,6,23,-1,23,6,21,-1,2,3,5,-1,5,3,26,-1,5,26,24,-1,11,8,16,-1,16,8,5,-1,24,22,5,-1,5,22,20,-1,5,20,16,-1,7,9,19,-1,19,9,13,-1,6,7,18,-1,18,7,19,-1,28,29,14,-1,14,29,12,-1,29,30,12,-1,12,30,10,-1,30,31,10,-1,10,31,15,-1,31,28,15,-1,15,28,14,-1,31,30,28,-1,28,30,29,-1,32,33,34,-1,34,33,35,-1,36,32,37,-1,37,32,34,-1,38,36,37,-1,38,37,39,-1,39,37,40,-1,39,40,41,-1,42,43,44,-1,44,43,45,-1,44,45,46,-1,46,45,41,-1,46,41,47,-1,47,41,40,-1,47,40,42,-1,42,40,43,-1,48,49,50,-1,48,50,43,-1,43,50,51,-1,43,51,45,-1,49,48,52,-1,49,52,53,-1,53,52,54,-1,53,54,55,-1,55,54,56,-1,55,56,57,-1,57,56,58,-1,57,58,59,-1,33,59,35,-1,35,59,58,-1,50,49,38,-1,38,49,53,-1,33,32,59,-1,59,32,36,-1,59,36,57,-1,57,36,38,-1,57,38,55,-1,55,38,53,-1,34,35,37,-1,37,35,58,-1,37,58,56,-1,43,40,48,-1,48,40,37,-1,56,54,37,-1,37,54,52,-1,37,52,48,-1,39,41,51,-1,51,41,45,-1,38,39,50,-1,50,39,51,-1,60,61,46,-1,46,61,44,-1,61,62,44,-1,44,62,42,-1,62,63,42,-1,42,63,47,-1,63,60,47,-1,47,60,46,-1,63,62,60,-1,60,62,61,-1,
        ]
    }
}
Shape{
    appearance Appearance {
        material  Material 	{
            diffuseColor 0.4980392156862745 1.0 0.7137254901960784
            specularColor 0.25098039215686274 0.5019607843137255 0.3568627450980392
            ambientIntensity 0.2
            transparency 0
            shininess 0.5
        }
    }
    geometry IndexedFaceSet {
        ccw TRUE
        solid FALSE
        coord DEF co Coordinate {
            point [
                -0.2441 -0.8661 -4.1339, -0.2441 -0.8465 -4.1339, -0.0472 -0.8465 -4.1339, -0.2441 -0.5709 -4.1339, -0.2441 -0.5512 -4.1339, -0.0472 -0.5709 -4.1339, 0.189 -0.5512 -4.1339, 0.189 -0.8661 -4.1339, -0.2441 1.1339 -4.1339, -0.2441 1.1535 -4.1339, -0.0472 1.1535 -4.1339, -0.2441 1.4291 -4.1339, -0.2441 1.4488 -4.1339, -0.0472 1.4291 -4.1339, 0.189 1.4488 -4.1339, 0.189 1.1339 -4.1339, -0.4606 2.4803 0.0, 0.5 2.4803 0.0, -0.4606 2.4803 -0.7559, 0.5 2.4803 -0.7559, -0.5 0.9961 -4.3307, 0.5 0.9961 -4.3307, -0.5 -0.4134 -4.3307, 0.5 -0.4134 -4.3307, -0.4606 2.4803 -3.3465, 0.5 2.4803 -3.3465, -0.4606 2.4803 -4.3307, 0.5 2.4803 -4.3307, 0.5 1.5866 -4.3307, -0.5 1.5866 -4.3307, -0.5 2.4409 -4.3307, -0.4987 2.4511 -4.3307, -0.4947 2.4606 -4.3307, -0.4885 2.4688 -4.3307, -0.4803 2.475 -4.3307, -0.4708 2.479 -4.3307, 0.2362 -1.6929 -1.5863, 0.2362 -1.6929 -1.1696, 0.2227 -1.6929 -1.6007, 0.2227 -1.6929 -1.1552, -0.0815 -1.6929 -1.6822, 0.0 -1.6929 -1.6929, 0.0 -1.6929 -1.063, -0.2227 -1.6929 -1.6007, 0.0815 -1.6929 -1.0737, 0.1575 -1.6929 -1.1052, 0.0815 -1.6929 -1.6822, 0.1575 -1.6929 -1.6507, -0.1575 -1.6929 -1.6507, -0.0815 -1.6929 -1.0737, -0.1575 -1.6929 -1.1052, -0.2728 -1.6929 -1.5354, -0.2227 -1.6929 -1.1552, -0.2728 -1.6929 -1.2205, -0.3042 -1.6929 -1.2964, -0.315 -1.6929 -1.378, -0.3042 -1.6929 -1.4595, 0.2362 -1.7717 -1.5863, 0.2227 -2.1654 -1.1552, 0.2362 -1.7717 -1.1696, 0.2728 -2.1654 -1.2205, 0.2728 -1.7717 -1.2205, 0.3042 -2.1654 -1.2964, 0.3042 -1.7717 -1.2964, 0.315 -2.1654 -1.378, 0.315 -1.7717 -1.378, 0.3042 -2.1654 -1.4595, 0.3042 -1.7717 -1.4595, 0.2728 -2.1654 -1.5354, 0.2728 -1.7717 -1.5354, 0.2227 -2.1654 -1.6007, 0.1575 -2.1654 -1.1052, 0.0815 -2.1654 -1.0737, 0.0 -2.1654 -1.063, -0.0815 -2.1654 -1.0737, -0.1575 -2.1654 -1.1052, -0.2227 -2.1654 -1.1552, -0.2728 -2.1654 -1.2205, -0.3042 -2.1654 -1.2964, -0.315 -2.1654 -1.378, -0.3042 -2.1654 -1.4595, -0.2728 -2.1654 -1.5354, -0.2227 -2.1654 -1.6007, -0.1575 -2.1654 -1.6507, -0.0815 -2.1654 -1.6822, 0.0 -2.1654 -1.6929, 0.0815 -2.1654 -1.6822, 0.1575 -2.1654 -1.6507, 0.5 1.5866 -4.252, 0.5 -0.4134 -4.252, 0.5 0.9961 -4.252, 0.5 2.4016 -2.7559, 0.5 2.4803 -2.7559, 0.5 2.4803 -1.3465, 0.5 0.1181 -0.1969, 0.5 0.1181 -0.7874, 0.5 0.5118 -0.1969, 0.5 2.4016 -1.3465, 0.5 0.677 0.0, 0.5 2.4016 -0.7559, 0.5 -2.4803 -0.7874, 0.5 -2.4803 -1.9685, 0.5 -2.4213 -2.0344, 0.5 -2.4213 -4.3307, 0.5 -1.0039 -4.3307, 0.5 -1.0039 -4.252, 0.5 2.4016 -3.3465, -0.2638 -2.4803 -0.7874, -0.2638 -2.4803 -0.1969, -0.4606 -2.4803 -0.1969, 0.2297 -2.4803 -1.0108, 0.3143 -2.4803 -1.08, 0.3788 -2.4803 -1.1681, -0.4606 -2.4803 -1.9685, -0.1893 -2.4803 -1.7675, -0.2808 -2.4803 -1.7077, -0.3543 -2.4803 -1.627, -0.3543 -2.4803 -1.129, -0.2808 -2.4803 -1.0482, -0.1893 -2.4803 -0.9885, 0.3788 -2.4803 -1.5878, 0.3143 -2.4803 -1.6759, 0.2297 -2.4803 -1.7451, -0.0858 -2.4803 -0.9535, 0.0231 -2.4803 -0.9455, 0.1306 -2.4803 -0.965, 0.1306 -2.4803 -1.7909, 0.0231 -2.4803 -1.8104, -0.0858 -2.4803 -1.8024, 0.4193 -2.4803 -1.2696, 0.4331 -2.4803 -1.378, 0.4193 -2.4803 -1.4863, -0.5 2.4016 -1.3465, -0.5 2.4409 -1.3465, -0.5 2.4409 -2.7559, -0.5 2.4409 0.0, -0.5 2.4409 -0.7559, -0.5 2.4016 -0.7559, -0.5 -1.1275 -0.796, -0.5 -1.0969 -0.7561, -0.5 1.8368 -2.4224, -0.5 1.5866 -4.252, -0.5 -1.0969 -0.5638, -0.5 -1.1275 -0.5239, -0.5 1.886 -2.7956, -0.5 1.9237 -2.7465, -0.5 2.4016 -2.7559, -0.5 1.9474 -2.6893, -0.5 1.5996 -2.4224, -0.5 1.5504 -2.4601, -0.5 -1.3597 -0.8266, -0.5 2.4409 -3.3465, -0.5 1.6568 -2.3987, -0.5 -1.2635 -0.8523, -0.5 -1.2137 -0.8458, -0.5 -1.1673 -0.8266, -0.5 -1.1673 -0.4934, -0.5 -1.2137 -0.4741, -0.5 -1.2635 -0.4676, -0.5 1.9474 -2.5665, -0.5 1.9554 -2.6279, -0.5 -1.3133 -0.8458, -0.5 1.7796 -2.3987, -0.5 1.7182 -2.3906, -0.5 1.5996 -2.8333, -0.5 1.6568 -2.857, -0.5 0.9961 -4.252, -0.5 -0.4134 -4.252, -0.5 1.7182 -2.8651, -0.5 1.7796 -2.857, -0.5 1.9237 -2.5092, -0.5 1.886 -2.4601, -0.5 -1.4493 -0.7097, -0.5 -1.415 -2.6279, -0.5 -1.4225 -2.5706, -0.5 -1.4446 -2.5172, -0.5 -1.4798 -2.4714, -0.5 -1.5256 -2.4363, -0.5 -1.5789 -2.4142, -0.5 -1.6362 -2.4066, -0.5 -1.4559 -0.66, -0.5 2.4016 -3.3465, -0.5 1.8368 -2.8333, -0.5 -1.3597 -0.4934, -0.5 -1.3995 -0.5239, -0.5 -2.4409 -0.1969, -0.5 -1.4301 -0.5638, -0.5 -1.0777 -0.7097, -0.5 -1.0711 -0.66, -0.5 -1.0777 -0.6102, -0.5 -1.4301 -0.7561, -0.5 -1.3995 -0.796, -0.5 1.5504 -2.7956, -0.5 -1.6362 -2.8491, -0.5 1.5127 -2.7465, -0.5 -1.5789 -2.8416, -0.5 -1.5256 -2.8195, -0.5 -1.4798 -2.7843, -0.5 -1.4446 -2.7385, -0.5 -1.4225 -2.6851, -0.5 -1.7468 -2.4363, -0.5 -1.7927 -2.4714, -0.5 -2.3819 -2.0783, -0.5 -1.8278 -2.5172, -0.5 -2.3819 -4.3307, -0.5 -1.8278 -2.7385, -0.5 -1.7927 -2.7843, -0.5 0.677 0.0, -0.5 0.5118 -0.1969, -0.5 -1.3133 -0.4741, -0.5 1.5127 -2.5092, -0.5 1.489 -2.5665, -0.5 1.4809 -2.6279, -0.5 1.489 -2.6893, -0.5 -1.6935 -2.4142, -0.5 -1.4493 -0.6102, -0.5 -2.4409 -2.0124, -0.5 -1.8499 -2.5706, -0.5 -1.8575 -2.6279, -0.5 -1.8499 -2.6851, -0.5 -1.0039 -4.3307, -0.5 -1.0039 -4.252, -0.5 -1.7468 -2.8195, -0.5 -1.6935 -2.8416, -0.4606 2.4803 -1.3465, -0.4606 2.4803 -2.7559, -0.4947 -2.4016 -4.3307, -0.4708 -2.4199 -4.3307, -0.4885 -2.4097 -4.3307, -0.4803 -2.416 -4.3307, -0.4606 -2.4213 -4.3307, -0.4987 -2.3921 -4.3307, -0.4885 2.4688 0.0, -0.4803 2.475 0.0, -0.4708 2.479 0.0, -0.4947 2.4606 0.0, -0.4987 2.4511 0.0, -0.4606 -2.4213 -2.0344, -0.4987 -2.3921 -2.067, -0.4852 -2.4717 -1.9781, -0.4914 -2.4655 -1.985, -0.4658 -2.4209 -2.0348, -0.465 -2.4801 -1.9688, -0.4708 -2.4199 -2.0359, -0.4694 -2.4793 -1.9696, -0.4736 -2.4781 -1.971, -0.4777 -2.4764 -1.9729, -0.4947 -2.4016 -2.0564, -0.4885 -2.4097 -2.0473, -0.4846 -2.4131 -2.0435, -0.4803 -2.416 -2.0403, -0.4757 -2.4183 -2.0378, -0.499 -2.4497 -2.0027, -0.4961 -2.458 -1.9934, -0.2638 -1.9768 -0.1969, 0.2638 -1.063 -0.1969, 0.2638 0.1181 -0.1969, -0.4694 -2.4793 -0.1969, -0.499 -2.4497 -0.1969, -0.4961 -2.458 -0.1969, -0.4914 -2.4655 -0.1969, -0.4852 -2.4717 -0.1969, -0.4777 -2.4764 -0.1969, -0.2638 -1.9768 -0.7874, 0.2638 -1.063 -0.7874, 0.2638 0.1181 -0.7874, -0.3543 -2.1654 -1.129, -0.3543 -2.1654 -1.627, -0.2808 -2.1654 -1.0482, -0.1893 -2.1654 -0.9885, -0.0858 -2.1654 -0.9535, 0.0231 -2.1654 -0.9455, 0.1306 -2.1654 -0.965, 0.2297 -2.1654 -1.0108, 0.3143 -2.1654 -1.08, 0.3788 -2.1654 -1.1681, 0.4193 -2.1654 -1.2696, 0.4331 -2.1654 -1.378, 0.4193 -2.1654 -1.4863, 0.3788 -2.1654 -1.5878, 0.3143 -2.1654 -1.6759, 0.2297 -2.1654 -1.7451, 0.1306 -2.1654 -1.7909, 0.0231 -2.1654 -1.8104, -0.0858 -2.1654 -1.8024, -0.1893 -2.1654 -1.7675, -0.2808 -2.1654 -1.7077, -0.2808 -2.1654 -1.7077
            ]
        }
        coordIndex [
            0,1,2,-1,3,4,5,-1,5,4,6,-1,5,6,2,-1,2,6,7,-1,2,7,0,-1,8,9,10,-1,11,12,13,-1,13,12,14,-1,13,14,10,-1,10,14,15,-1,10,15,8,-1,16,17,18,-1,18,17,19,-1,20,21,22,-1,22,21,23,-1,24,25,26,-1,26,25,27,-1,27,28,26,-1,26,28,29,-1,29,30,26,-1,26,30,31,-1,26,31,32,-1,32,33,26,-1,26,33,34,-1,26,34,35,-1,36,37,38,-1,38,37,39,-1,40,41,39,-1,42,43,44,-1,44,43,45,-1,41,46,39,-1,39,46,47,-1,39,47,38,-1,45,43,39,-1,39,43,48,-1,39,48,40,-1,42,49,43,-1,43,49,50,-1,43,50,51,-1,51,50,52,-1,51,52,53,-1,53,54,51,-1,51,54,55,-1,51,55,56,-1,57,36,38,-1,58,59,60,-1,60,59,61,-1,60,61,62,-1,62,61,63,-1,62,63,64,-1,64,63,65,-1,64,65,66,-1,66,65,67,-1,66,67,68,-1,68,67,69,-1,68,69,70,-1,37,59,39,-1,39,59,58,-1,39,58,45,-1,45,58,71,-1,45,71,44,-1,44,71,72,-1,44,72,42,-1,42,72,73,-1,42,73,49,-1,49,73,74,-1,49,74,50,-1,50,74,75,-1,50,75,52,-1,52,75,76,-1,52,76,53,-1,53,76,77,-1,53,77,54,-1,54,77,78,-1,54,78,55,-1,55,78,79,-1,55,79,56,-1,56,79,80,-1,56,80,51,-1,51,80,81,-1,51,81,43,-1,43,81,82,-1,43,82,48,-1,48,82,83,-1,48,83,40,-1,40,83,84,-1,40,84,41,-1,41,84,85,-1,41,85,46,-1,46,85,86,-1,46,86,47,-1,47,86,87,-1,47,87,38,-1,38,87,70,-1,38,70,57,-1,57,70,69,-1,88,28,27,-1,23,21,89,-1,89,21,90,-1,91,92,93,-1,94,95,96,-1,96,95,97,-1,96,97,98,-1,98,97,99,-1,98,99,17,-1,17,99,19,-1,100,101,95,-1,95,101,102,-1,103,104,102,-1,102,104,105,-1,102,105,95,-1,95,105,89,-1,95,89,97,-1,27,25,88,-1,88,25,106,-1,88,106,90,-1,90,106,91,-1,90,91,89,-1,89,91,93,-1,89,93,97,-1,107,108,109,-1,110,111,100,-1,100,111,112,-1,113,114,115,-1,115,116,113,-1,113,116,117,-1,113,117,109,-1,109,117,107,-1,107,117,118,-1,107,118,119,-1,120,121,101,-1,101,121,122,-1,119,123,107,-1,107,123,124,-1,107,124,100,-1,100,124,125,-1,100,125,110,-1,122,126,101,-1,101,126,127,-1,101,127,113,-1,113,127,128,-1,113,128,114,-1,112,129,100,-1,100,129,130,-1,100,130,101,-1,101,130,131,-1,101,131,120,-1,132,133,134,-1,135,136,137,-1,138,139,140,-1,30,29,141,-1,142,143,135,-1,144,145,146,-1,146,145,147,-1,148,149,150,-1,30,141,151,-1,148,150,152,-1,153,154,140,-1,140,154,155,-1,140,155,138,-1,143,156,135,-1,135,156,157,-1,135,157,158,-1,159,135,160,-1,160,135,137,-1,160,137,147,-1,147,137,132,-1,147,132,146,-1,146,132,134,-1,153,140,161,-1,161,140,162,-1,161,162,150,-1,150,162,163,-1,150,163,152,-1,164,165,166,-1,20,22,166,-1,166,22,167,-1,166,165,141,-1,141,165,168,-1,141,168,169,-1,159,170,135,-1,135,170,171,-1,135,171,140,-1,172,173,174,-1,174,175,172,-1,172,175,176,-1,172,176,177,-1,177,178,172,-1,172,178,179,-1,172,179,180,-1,151,141,181,-1,181,141,169,-1,181,169,146,-1,146,169,182,-1,146,182,144,-1,183,184,185,-1,185,184,186,-1,139,187,140,-1,140,187,188,-1,140,188,135,-1,135,188,189,-1,135,189,142,-1,172,190,173,-1,173,190,191,-1,173,191,150,-1,164,166,192,-1,192,166,193,-1,192,193,194,-1,194,193,195,-1,194,195,196,-1,196,197,194,-1,194,197,198,-1,194,198,199,-1,200,201,202,-1,202,201,203,-1,204,205,206,-1,207,135,208,-1,208,135,158,-1,208,158,185,-1,185,158,209,-1,185,209,183,-1,149,210,150,-1,150,210,211,-1,150,211,173,-1,173,211,212,-1,173,212,199,-1,199,212,213,-1,199,213,194,-1,179,214,180,-1,180,214,200,-1,180,200,215,-1,215,200,202,-1,215,202,186,-1,186,202,216,-1,186,216,185,-1,203,217,202,-1,202,217,218,-1,202,218,204,-1,204,218,219,-1,204,219,205,-1,220,204,221,-1,221,204,206,-1,221,206,167,-1,167,206,222,-1,167,222,166,-1,166,222,223,-1,166,223,193,-1,224,93,225,-1,225,93,92,-1,220,104,204,-1,204,104,103,-1,226,227,228,-1,228,227,229,-1,103,230,204,-1,204,230,227,-1,204,227,231,-1,231,227,226,-1,98,17,207,-1,207,17,16,-1,207,16,135,-1,232,16,233,-1,233,16,234,-1,232,235,16,-1,16,235,236,-1,16,236,135,-1,230,103,237,-1,237,103,102,-1,216,202,238,-1,239,240,241,-1,242,237,113,-1,113,237,102,-1,113,102,101,-1,241,240,243,-1,242,244,237,-1,237,244,245,-1,237,245,241,-1,241,245,246,-1,241,246,239,-1,238,247,216,-1,216,247,248,-1,216,248,249,-1,249,250,216,-1,216,250,251,-1,216,251,252,-1,252,251,243,-1,252,243,253,-1,253,243,240,-1,254,255,256,-1,109,108,254,-1,185,254,208,-1,208,254,256,-1,208,256,96,-1,96,256,94,-1,109,254,257,-1,185,258,254,-1,254,258,259,-1,254,259,260,-1,260,261,254,-1,254,261,262,-1,254,262,257,-1,96,98,208,-1,208,98,207,-1,263,254,107,-1,107,254,108,-1,264,255,263,-1,263,255,254,-1,265,256,264,-1,264,256,255,-1,95,94,265,-1,265,94,256,-1,95,265,264,-1,263,107,264,-1,264,107,100,-1,264,100,95,-1,266,267,79,-1,79,267,80,-1,79,78,266,-1,266,78,77,-1,266,77,268,-1,268,77,76,-1,268,76,269,-1,269,76,75,-1,269,75,270,-1,270,75,74,-1,270,74,271,-1,271,74,73,-1,271,73,272,-1,272,73,72,-1,272,72,273,-1,273,72,71,-1,273,71,274,-1,274,71,58,-1,274,58,275,-1,275,58,60,-1,275,60,276,-1,276,60,62,-1,276,62,277,-1,277,62,64,-1,277,64,278,-1,278,64,66,-1,278,66,279,-1,279,66,68,-1,279,68,280,-1,280,68,70,-1,280,70,281,-1,281,70,87,-1,281,87,282,-1,282,87,86,-1,282,86,283,-1,283,86,85,-1,283,85,284,-1,284,85,84,-1,284,84,285,-1,285,84,83,-1,285,83,286,-1,286,83,82,-1,286,82,267,-1,267,82,81,-1,267,81,80,-1,267,116,286,-1,286,116,115,-1,286,115,285,-1,285,115,114,-1,285,114,284,-1,284,114,128,-1,284,128,283,-1,283,128,127,-1,283,127,282,-1,282,127,126,-1,282,126,281,-1,281,126,122,-1,281,122,280,-1,280,122,121,-1,280,121,279,-1,279,121,120,-1,279,120,278,-1,278,120,131,-1,278,131,277,-1,277,131,130,-1,277,130,276,-1,276,130,129,-1,276,129,275,-1,275,129,112,-1,275,112,274,-1,274,112,111,-1,274,111,273,-1,273,111,110,-1,273,110,272,-1,272,110,125,-1,272,125,271,-1,271,125,124,-1,271,124,270,-1,270,124,123,-1,270,123,269,-1,269,123,119,-1,269,119,268,-1,268,119,118,-1,268,118,266,-1,266,118,117,-1,267,266,116,-1,116,266,117,-1,
        ]
    }
}
Shape{
    appearance Appearance {
        material  Material 	{
            diffuseColor 0.9137254901960784 0.3137254901960784 0.20392156862745098
            specularColor 0.4588235294117647 0.1568627450980392 0.10196078431372549
            ambientIntensity 0.2
            transparency 0
            shininess 0.5
        }
    }
    geometry IndexedFaceSet {
        ccw TRUE
        solid FALSE
        coord DEF co Coordinate {
            point [
                0.2362 -1.7717 -1.5863, 0.2362 -1.7717 -1.1696, 0.2362 -1.6929 -1.5863, 0.2362 -1.6929 -1.1696, 0.2728 -1.7717 -1.2205, 0.2728 -1.7717 -1.5354, 0.3042 -1.7717 -1.4595, 0.3042 -1.7717 -1.2964, 0.315 -1.7717 -1.378, 0.315 -1.7717 -1.378
            ]
        }
        coordIndex [
            0,1,2,-1,2,1,3,-1,4,1,0,-1,0,5,4,-1,4,5,6,-1,4,6,7,-1,7,6,8,-1,
        ]
    }
}
Shape{
    appearance Appearance {
        material  Material 	{
            diffuseColor 0.4980392156862745 1.0 0.7137254901960784
            specularColor 0.25098039215686274 0.5019607843137255 0.3568627450980392
            ambientIntensity 0.2
            transparency 0
            shininess 0.5
        }
    }
    geometry IndexedFaceSet {
        ccw TRUE
        solid FALSE
        coord DEF co Coordinate {
            point [
                0.2283 1.4882 -4.252, 0.5 1.5866 -4.252, 0.2283 1.0945 -4.252, 0.5 0.9961 -4.252, -0.2835 1.0945 -4.252, -0.5 0.9961 -4.252, -0.2835 1.4882 -4.252, -0.5 1.5866 -4.252, 0.5 1.5866 -4.3307, -0.5 1.5866 -4.3307, 0.5 0.9961 -4.3307, -0.5 0.9961 -4.3307, 0.189 1.4488 -4.1339, 0.2283 1.4882 -4.1732, 0.189 1.1339 -4.1339, 0.2283 1.0945 -4.1732, -0.2835 1.4882 -4.1732, -0.2441 1.4488 -4.1339, -0.2441 1.4291 -4.1339, -0.2835 1.0945 -4.1732, -0.2441 1.1535 -4.1339, -0.2441 1.1339 -4.1339, 0.5 2.4016 -3.3465, 0.5 2.4803 -3.3465, -0.5 2.4016 -3.3465, -0.4606 2.4803 -3.3465, -0.4708 2.479 -3.3465, -0.4803 2.475 -3.3465, -0.4885 2.4688 -3.3465, -0.4947 2.4606 -3.3465, -0.4987 2.4511 -3.3465, -0.5 2.4409 -3.3465, 0.5 2.4803 -2.7559, 0.5 2.4016 -2.7559, -0.4606 2.4803 -2.7559, -0.5 2.4016 -2.7559, -0.5 2.4409 -2.7559, -0.4708 2.479 -2.7559, -0.4803 2.475 -2.7559, -0.4885 2.4688 -2.7559, -0.4987 2.4511 -2.7559, -0.4947 2.4606 -2.7559, 0.2283 -0.5118 -4.252, 0.5 -0.4134 -4.252, 0.2283 -0.9055 -4.252, 0.5 -1.0039 -4.252, -0.2835 -0.9055 -4.252, -0.5 -1.0039 -4.252, -0.2835 -0.5118 -4.252, -0.5 -0.4134 -4.252, 0.5 -0.4134 -4.3307, -0.5 -0.4134 -4.3307, 0.5 -1.0039 -4.3307, -0.5 -1.0039 -4.3307, -0.2441 -0.5512 -4.1339, -0.2835 -0.5118 -4.1732, 0.189 -0.5512 -4.1339, 0.2283 -0.5118 -4.1732, -0.2441 -0.5709 -4.1339, -0.2835 -0.9055 -4.1732, -0.2441 -0.8465 -4.1339, -0.2441 -0.8661 -4.1339, 0.2283 -0.9055 -4.1732, 0.189 -0.8661 -4.1339, 0.5 2.4803 -0.7559, 0.5 2.4016 -0.7559, -0.4606 2.4803 -0.7559, -0.5 2.4016 -0.7559, -0.5 2.4409 -0.7559, -0.4708 2.479 -0.7559, -0.4803 2.475 -0.7559, -0.4885 2.4688 -0.7559, -0.4987 2.4511 -0.7559, -0.4947 2.4606 -0.7559, 0.5 2.4016 -1.3465, -0.5 2.4016 -1.3465, 0.5 2.4803 -1.3465, -0.4606 2.4803 -1.3465, -0.4708 2.479 -1.3465, -0.4803 2.475 -1.3465, -0.4885 2.4688 -1.3465, -0.4947 2.4606 -1.3465, -0.4987 2.4511 -1.3465, -0.5 2.4409 -1.3465, -0.5 2.4409 -1.3465
            ]
        }
        coordIndex [
            0,1,2,-1,2,1,3,-1,2,3,4,-1,4,3,5,-1,4,5,6,-1,6,5,7,-1,6,7,0,-1,0,7,1,-1,8,1,9,-1,9,1,7,-1,3,10,5,-1,5,10,11,-1,12,13,14,-1,14,13,15,-1,13,12,16,-1,16,12,17,-1,16,17,18,-1,16,18,19,-1,19,18,20,-1,19,20,21,-1,19,21,15,-1,15,21,14,-1,4,19,2,-1,2,19,15,-1,6,16,4,-1,4,16,19,-1,0,13,6,-1,6,13,16,-1,2,15,0,-1,0,15,13,-1,22,23,24,-1,24,23,25,-1,26,27,25,-1,25,27,28,-1,25,28,29,-1,29,30,25,-1,25,30,31,-1,25,31,24,-1,32,33,34,-1,34,33,35,-1,34,35,36,-1,37,34,38,-1,38,34,39,-1,36,40,34,-1,34,40,41,-1,34,41,39,-1,33,22,35,-1,35,22,24,-1,42,43,44,-1,44,43,45,-1,44,45,46,-1,46,45,47,-1,46,47,48,-1,48,47,49,-1,48,49,42,-1,42,49,43,-1,50,43,51,-1,51,43,49,-1,45,52,47,-1,47,52,53,-1,54,55,56,-1,56,55,57,-1,55,54,58,-1,55,58,59,-1,59,58,60,-1,59,60,61,-1,59,61,62,-1,62,61,63,-1,62,63,57,-1,57,63,56,-1,44,62,42,-1,42,62,57,-1,46,59,44,-1,44,59,62,-1,48,55,46,-1,46,55,59,-1,42,57,48,-1,48,57,55,-1,64,65,66,-1,66,65,67,-1,66,67,68,-1,69,66,70,-1,70,66,71,-1,68,72,66,-1,66,72,73,-1,66,73,71,-1,65,74,67,-1,67,74,75,-1,74,76,75,-1,75,76,77,-1,78,79,77,-1,77,79,80,-1,77,80,81,-1,81,82,77,-1,77,82,83,-1,77,83,75,-1,
        ]
    }
}
Shape{
    appearance Appearance {
        material  Material 	{
            diffuseColor 0.7529411764705882 0.7529411764705882 0.7529411764705882
            specularColor 0.7529411764705882 0.7529411764705882 0.7529411764705882
            ambientIntensity 0.2
            transparency 0
            shininess 0.5
        }
    }
    geometry IndexedFaceSet {
        ccw TRUE
        solid FALSE
        coord DEF co Coordinate {
            point [
                -0.0472 1.2252 -5.7087, -0.0472 1.3575 -5.7087, -0.0472 1.1535 -5.5118, -0.0472 1.4291 -5.5118, -0.0472 1.1535 -4.1339, -0.0472 1.4291 -4.1339, -0.2441 1.1535 -5.5118, -0.2441 1.1535 -4.1339, -0.2441 1.4291 -4.1339, -0.2441 1.4291 -5.5118, -0.2441 1.2252 -5.7087, -0.2441 1.3575 -5.7087, -0.2441 -0.5709 -5.5118, -0.2441 -0.5709 -4.1339, -0.0472 -0.5709 -5.5118, -0.0472 -0.5709 -4.1339, -0.0472 -0.7748 -5.7087, -0.0472 -0.6425 -5.7087, -0.0472 -0.8465 -5.5118, -0.0472 -0.8465 -4.1339, -0.2441 -0.8465 -5.5118, -0.2441 -0.8465 -4.1339, -0.2441 -0.7748 -5.7087, -0.2441 -0.6425 -5.7087, -0.2441 -0.6425 -5.7087
            ]
        }
        coordIndex [
            0,1,2,-1,2,1,3,-1,2,3,4,-1,4,3,5,-1,2,4,6,-1,6,4,7,-1,7,8,6,-1,6,8,9,-1,6,9,10,-1,10,9,11,-1,9,8,3,-1,3,8,5,-1,10,11,0,-1,0,11,1,-1,12,13,14,-1,14,13,15,-1,16,17,18,-1,18,17,14,-1,18,14,19,-1,19,14,15,-1,18,19,20,-1,20,19,21,-1,21,13,20,-1,20,13,12,-1,20,12,22,-1,22,12,23,-1,22,23,16,-1,16,23,17,-1,20,22,18,-1,18,22,16,-1,14,17,12,-1,12,17,23,-1,6,10,2,-1,2,10,0,-1,3,1,9,-1,9,1,11,-1,
        ]
    }
}
Shape{
    appearance Appearance {
        material  Material 	{
            diffuseColor 0.4980392156862745 1.0 0.7137254901960784
            specularColor 0.25098039215686274 0.5019607843137255 0.3568627450980392
            ambientIntensity 0.2
            transparency 0
            shininess 0.5
        }
    }
    geometry IndexedFaceSet {
        ccw TRUE
        solid FALSE
        coord DEF co Coordinate {
            point [
                -0.5 2.4409 -0.7559, -0.5 2.4409 0.0, -0.4987 2.4511 0.0, -0.4987 2.4511 -0.7559, -0.4947 2.4606 0.0, -0.4947 2.4606 -0.7559, -0.4885 2.4688 0.0, -0.4885 2.4688 -0.7559, -0.4803 2.475 0.0, -0.4803 2.475 -0.7559, -0.4708 2.479 0.0, -0.4708 2.479 -0.7559, -0.4606 2.4803 0.0, -0.4606 2.4803 -0.7559, -0.5 2.4409 -2.7559, -0.5 2.4409 -1.3465, -0.4987 2.4511 -1.3465, -0.4987 2.4511 -2.7559, -0.4947 2.4606 -1.3465, -0.4947 2.4606 -2.7559, -0.4885 2.4688 -1.3465, -0.4885 2.4688 -2.7559, -0.4803 2.475 -1.3465, -0.4803 2.475 -2.7559, -0.4708 2.479 -1.3465, -0.4708 2.479 -2.7559, -0.4606 2.4803 -1.3465, -0.4606 2.4803 -2.7559, -0.5 -2.3819 -2.0783, -0.5 -2.3819 -4.3307, -0.4987 -2.3921 -4.3307, -0.4987 -2.3921 -2.067, -0.4947 -2.4016 -4.3307, -0.4947 -2.4016 -2.0564, -0.4885 -2.4097 -4.3307, -0.4885 -2.4097 -2.0473, -0.4846 -2.4131 -2.0435, -0.4803 -2.416 -4.3307, -0.4803 -2.416 -2.0403, -0.4757 -2.4183 -2.0378, -0.4708 -2.4199 -4.3307, -0.4708 -2.4199 -2.0359, -0.4658 -2.4209 -2.0348, -0.4606 -2.4213 -4.3307, -0.4606 -2.4213 -2.0344, -0.4777 -2.4764 -1.9729, -0.4736 -2.4781 -1.971, -0.4694 -2.4793 -0.1969, -0.4694 -2.4793 -1.9696, -0.4606 -2.4803 -0.1969, -0.465 -2.4801 -1.9688, -0.4606 -2.4803 -1.9685, -0.4777 -2.4764 -0.1969, -0.4852 -2.4717 -0.1969, -0.4852 -2.4717 -1.9781, -0.4914 -2.4655 -0.1969, -0.4914 -2.4655 -1.985, -0.4961 -2.458 -0.1969, -0.4961 -2.458 -1.9934, -0.499 -2.4497 -0.1969, -0.499 -2.4497 -2.0027, -0.5 -2.4409 -0.1969, -0.5 -2.4409 -2.0124, -0.5 2.4409 -4.3307, -0.5 2.4409 -3.3465, -0.4987 2.4511 -3.3465, -0.4987 2.4511 -4.3307, -0.4947 2.4606 -3.3465, -0.4947 2.4606 -4.3307, -0.4885 2.4688 -3.3465, -0.4885 2.4688 -4.3307, -0.4803 2.475 -3.3465, -0.4803 2.475 -4.3307, -0.4708 2.479 -3.3465, -0.4708 2.479 -4.3307, -0.4606 2.4803 -3.3465, -0.4606 2.4803 -4.3307, -0.3819 1.7182 -2.3906, -0.5 1.7182 -2.3906, -0.3819 1.7796 -2.3987, -0.5 1.7796 -2.3987, -0.3819 1.8368 -2.4224, -0.5 1.8368 -2.4224, -0.3819 1.886 -2.4601, -0.5 1.886 -2.4601, -0.3819 1.9237 -2.5092, -0.5 1.9237 -2.5092, -0.3819 1.9474 -2.5665, -0.5 1.9474 -2.5665, -0.3819 1.9554 -2.6279, -0.5 1.9554 -2.6279, -0.3819 1.9474 -2.6893, -0.5 1.9474 -2.6893, -0.3819 1.9237 -2.7465, -0.5 1.9237 -2.7465, -0.3819 1.886 -2.7956, -0.5 1.886 -2.7956, -0.3819 1.8368 -2.8333, -0.5 1.8368 -2.8333, -0.3819 1.7796 -2.857, -0.5 1.7796 -2.857, -0.3819 1.7182 -2.8651, -0.5 1.7182 -2.8651, -0.3819 1.6568 -2.857, -0.5 1.6568 -2.857, -0.3819 1.5996 -2.8333, -0.5 1.5996 -2.8333, -0.3819 1.5504 -2.7956, -0.5 1.5504 -2.7956, -0.3819 1.5127 -2.7465, -0.5 1.5127 -2.7465, -0.3819 1.489 -2.6893, -0.5 1.489 -2.6893, -0.3819 1.4809 -2.6279, -0.5 1.4809 -2.6279, -0.3819 1.489 -2.5665, -0.5 1.489 -2.5665, -0.3819 1.5127 -2.5092, -0.5 1.5127 -2.5092, -0.3819 1.5504 -2.4601, -0.5 1.5504 -2.4601, -0.3819 1.5996 -2.4224, -0.5 1.5996 -2.4224, -0.3819 1.6568 -2.3987, -0.5 1.6568 -2.3987, -0.3819 1.7182 -2.6279, -0.3819 -1.6362 -2.4066, -0.5 -1.6362 -2.4066, -0.3819 -1.5789 -2.4142, -0.5 -1.5789 -2.4142, -0.3819 -1.5256 -2.4363, -0.5 -1.5256 -2.4363, -0.3819 -1.4798 -2.4714, -0.5 -1.4798 -2.4714, -0.3819 -1.4446 -2.5172, -0.5 -1.4446 -2.5172, -0.3819 -1.4225 -2.5706, -0.5 -1.4225 -2.5706, -0.3819 -1.415 -2.6279, -0.5 -1.415 -2.6279, -0.3819 -1.4225 -2.6851, -0.5 -1.4225 -2.6851, -0.3819 -1.4446 -2.7385, -0.5 -1.4446 -2.7385, -0.3819 -1.4798 -2.7843, -0.5 -1.4798 -2.7843, -0.3819 -1.5256 -2.8195, -0.5 -1.5256 -2.8195, -0.3819 -1.5789 -2.8416, -0.5 -1.5789 -2.8416, -0.3819 -1.6362 -2.8491, -0.5 -1.6362 -2.8491, -0.3819 -1.6935 -2.8416, -0.5 -1.6935 -2.8416, -0.3819 -1.7468 -2.8195, -0.5 -1.7468 -2.8195, -0.3819 -1.7927 -2.7843, -0.5 -1.7927 -2.7843, -0.3819 -1.8278 -2.7385, -0.5 -1.8278 -2.7385, -0.3819 -1.8499 -2.6851, -0.5 -1.8499 -2.6851, -0.3819 -1.8575 -2.6279, -0.5 -1.8575 -2.6279, -0.3819 -1.8499 -2.5706, -0.5 -1.8499 -2.5706, -0.3819 -1.8278 -2.5172, -0.5 -1.8278 -2.5172, -0.3819 -1.7927 -2.4714, -0.5 -1.7927 -2.4714, -0.3819 -1.7468 -2.4363, -0.5 -1.7468 -2.4363, -0.3819 -1.6935 -2.4142, -0.5 -1.6935 -2.4142, -0.3819 -1.6362 -2.6279, -0.3819 -1.2635 -0.4676, -0.5 -1.2635 -0.4676, -0.3819 -1.2137 -0.4741, -0.5 -1.2137 -0.4741, -0.3819 -1.1673 -0.4934, -0.5 -1.1673 -0.4934, -0.3819 -1.1275 -0.5239, -0.5 -1.1275 -0.5239, -0.3819 -1.0969 -0.5638, -0.5 -1.0969 -0.5638, -0.3819 -1.0777 -0.6102, -0.5 -1.0777 -0.6102, -0.3819 -1.0711 -0.66, -0.5 -1.0711 -0.66, -0.3819 -1.0777 -0.7097, -0.5 -1.0777 -0.7097, -0.3819 -1.0969 -0.7561, -0.5 -1.0969 -0.7561, -0.3819 -1.1275 -0.796, -0.5 -1.1275 -0.796, -0.3819 -1.1673 -0.8266, -0.5 -1.1673 -0.8266, -0.3819 -1.2137 -0.8458, -0.5 -1.2137 -0.8458, -0.3819 -1.2635 -0.8523, -0.5 -1.2635 -0.8523, -0.3819 -1.3133 -0.8458, -0.5 -1.3133 -0.8458, -0.3819 -1.3597 -0.8266, -0.5 -1.3597 -0.8266, -0.3819 -1.3995 -0.796, -0.5 -1.3995 -0.796, -0.3819 -1.4301 -0.7561, -0.5 -1.4301 -0.7561, -0.3819 -1.4493 -0.7097, -0.5 -1.4493 -0.7097, -0.3819 -1.4559 -0.66, -0.5 -1.4559 -0.66, -0.3819 -1.4493 -0.6102, -0.5 -1.4493 -0.6102, -0.3819 -1.4301 -0.5638, -0.5 -1.4301 -0.5638, -0.3819 -1.3995 -0.5239, -0.5 -1.3995 -0.5239, -0.3819 -1.3597 -0.4934, -0.5 -1.3597 -0.4934, -0.3819 -1.3133 -0.4741, -0.5 -1.3133 -0.4741, -0.3819 -1.2635 -0.66, -0.3819 -1.2635 -0.66
            ]
        }
        coordIndex [
            0,1,2,-1,0,2,3,-1,3,2,4,-1,3,4,5,-1,5,4,6,-1,5,6,7,-1,7,6,8,-1,7,8,9,-1,9,8,10,-1,9,10,11,-1,11,10,12,-1,11,12,13,-1,14,15,16,-1,14,16,17,-1,17,16,18,-1,17,18,19,-1,19,18,20,-1,19,20,21,-1,21,20,22,-1,21,22,23,-1,23,22,24,-1,23,24,25,-1,25,24,26,-1,25,26,27,-1,28,29,30,-1,28,30,31,-1,31,30,32,-1,31,32,33,-1,33,32,34,-1,33,34,35,-1,35,34,36,-1,36,34,37,-1,36,37,38,-1,38,37,39,-1,39,37,40,-1,39,40,41,-1,41,40,42,-1,42,40,43,-1,42,43,44,-1,45,46,47,-1,47,46,48,-1,47,48,49,-1,49,48,50,-1,49,50,51,-1,47,52,45,-1,45,52,53,-1,45,53,54,-1,54,53,55,-1,54,55,56,-1,56,55,57,-1,56,57,58,-1,58,57,59,-1,58,59,60,-1,60,59,61,-1,60,61,62,-1,63,64,65,-1,63,65,66,-1,66,65,67,-1,66,67,68,-1,68,67,69,-1,68,69,70,-1,70,69,71,-1,70,71,72,-1,72,71,73,-1,72,73,74,-1,74,73,75,-1,74,75,76,-1,77,78,79,-1,79,78,80,-1,79,80,81,-1,81,80,82,-1,81,82,83,-1,83,82,84,-1,83,84,85,-1,85,84,86,-1,85,86,87,-1,87,86,88,-1,87,88,89,-1,89,88,90,-1,89,90,91,-1,91,90,92,-1,91,92,93,-1,93,92,94,-1,93,94,95,-1,95,94,96,-1,95,96,97,-1,97,96,98,-1,97,98,99,-1,99,98,100,-1,99,100,101,-1,101,100,102,-1,101,102,103,-1,103,102,104,-1,103,104,105,-1,105,104,106,-1,105,106,107,-1,107,106,108,-1,107,108,109,-1,109,108,110,-1,109,110,111,-1,111,110,112,-1,111,112,113,-1,113,112,114,-1,113,114,115,-1,115,114,116,-1,115,116,117,-1,117,116,118,-1,117,118,119,-1,119,118,120,-1,119,120,121,-1,121,120,122,-1,121,122,123,-1,123,122,124,-1,123,124,77,-1,77,124,78,-1,121,123,125,-1,125,123,77,-1,125,77,79,-1,115,117,125,-1,125,117,119,-1,125,119,121,-1,109,111,125,-1,125,111,113,-1,125,113,115,-1,103,105,125,-1,125,105,107,-1,125,107,109,-1,97,99,125,-1,125,99,101,-1,125,101,103,-1,91,93,125,-1,125,93,95,-1,125,95,97,-1,85,87,125,-1,125,87,89,-1,125,89,91,-1,79,81,125,-1,125,81,83,-1,125,83,85,-1,126,127,128,-1,128,127,129,-1,128,129,130,-1,130,129,131,-1,130,131,132,-1,132,131,133,-1,132,133,134,-1,134,133,135,-1,134,135,136,-1,136,135,137,-1,136,137,138,-1,138,137,139,-1,138,139,140,-1,140,139,141,-1,140,141,142,-1,142,141,143,-1,142,143,144,-1,144,143,145,-1,144,145,146,-1,146,145,147,-1,146,147,148,-1,148,147,149,-1,148,149,150,-1,150,149,151,-1,150,151,152,-1,152,151,153,-1,152,153,154,-1,154,153,155,-1,154,155,156,-1,156,155,157,-1,156,157,158,-1,158,157,159,-1,158,159,160,-1,160,159,161,-1,160,161,162,-1,162,161,163,-1,162,163,164,-1,164,163,165,-1,164,165,166,-1,166,165,167,-1,166,167,168,-1,168,167,169,-1,168,169,170,-1,170,169,171,-1,170,171,172,-1,172,171,173,-1,172,173,126,-1,126,173,127,-1,170,172,174,-1,174,172,126,-1,174,126,128,-1,164,166,174,-1,174,166,168,-1,174,168,170,-1,158,160,174,-1,174,160,162,-1,174,162,164,-1,152,154,174,-1,174,154,156,-1,174,156,158,-1,146,148,174,-1,174,148,150,-1,174,150,152,-1,140,142,174,-1,174,142,144,-1,174,144,146,-1,134,136,174,-1,174,136,138,-1,174,138,140,-1,128,130,174,-1,174,130,132,-1,174,132,134,-1,175,176,177,-1,177,176,178,-1,177,178,179,-1,179,178,180,-1,179,180,181,-1,181,180,182,-1,181,182,183,-1,183,182,184,-1,183,184,185,-1,185,184,186,-1,185,186,187,-1,187,186,188,-1,187,188,189,-1,189,188,190,-1,189,190,191,-1,191,190,192,-1,191,192,193,-1,193,192,194,-1,193,194,195,-1,195,194,196,-1,195,196,197,-1,197,196,198,-1,197,198,199,-1,199,198,200,-1,199,200,201,-1,201,200,202,-1,201,202,203,-1,203,202,204,-1,203,204,205,-1,205,204,206,-1,205,206,207,-1,207,206,208,-1,207,208,209,-1,209,208,210,-1,209,210,211,-1,211,210,212,-1,211,212,213,-1,213,212,214,-1,213,214,215,-1,215,214,216,-1,215,216,217,-1,217,216,218,-1,217,218,219,-1,219,218,220,-1,219,220,221,-1,221,220,222,-1,221,222,175,-1,175,222,176,-1,219,221,223,-1,223,221,175,-1,223,175,177,-1,213,215,223,-1,223,215,217,-1,223,217,219,-1,207,209,223,-1,223,209,211,-1,223,211,213,-1,201,203,223,-1,223,203,205,-1,223,205,207,-1,195,197,223,-1,223,197,199,-1,223,199,201,-1,189,191,223,-1,223,191,193,-1,223,193,195,-1,183,185,223,-1,223,185,187,-1,223,187,189,-1,177,179,223,-1,223,179,181,-1,223,181,183,-1,
        ]
    }
}
Shape{
    appearance Appearance {
        material  Material 	{
            diffuseColor 0.9137254901960784 0.3137254901960784 0.20392156862745098
            specularColor 0.4588235294117647 0.1568627450980392 0.10196078431372549
            ambientIntensity 0.2
            transparency 0
            shininess 0.5
        }
    }
    geometry IndexedFaceSet {
        ccw TRUE
        solid FALSE
        coord DEF co Coordinate {
            point [
                0.2835 -1.3339 -0.7835, 0.2835 -0.0787 -0.7835, 0.4803 -1.3339 -0.7835, 0.4803 -0.0787 -0.7835, 0.2835 -1.3644 -0.748, 0.4803 -1.3644 -0.748, 0.2835 -1.4226 -0.748, -0.2441 -2.3364 -0.748, 0.4803 -2.4803 -0.748, -0.2441 -2.4803 -0.748, 0.3425 -2.4803 0.4921, 0.4803 -2.4803 0.6299, -0.1063 -2.4803 0.4921, -0.2441 -2.4803 0.6299, -0.1063 -2.4803 -0.6102, 0.3425 -2.4803 -0.6102, 0.4803 -1.3508 0.6299, 0.2835 -1.3508 0.6299, 0.2835 -1.4226 0.6299, -0.2441 -2.3364 0.6299, 0.4803 -1.3256 0.6272, 0.2835 -1.3256 0.6272, 0.4803 -1.3016 0.6192, 0.2835 -1.3016 0.6192, 0.4803 -1.2798 0.6062, 0.2835 -1.2798 0.6062, 0.4803 -1.2613 0.5889, 0.2835 -1.2613 0.5889, -0.1063 -2.2441 -0.6102, -0.1063 -2.2441 0.4921, 0.3425 -2.2441 0.4921, 0.3425 -2.2441 -0.6102, 0.3425 -2.2441 -0.6102
            ]
        }
        coordIndex [
            0,1,2,-1,2,1,3,-1,4,0,5,-1,5,0,2,-1,6,4,5,-1,6,5,7,-1,7,5,8,-1,7,8,9,-1,10,11,12,-1,12,11,13,-1,12,13,14,-1,14,13,9,-1,14,9,15,-1,15,9,8,-1,15,8,10,-1,10,8,11,-1,16,17,18,-1,16,18,11,-1,11,18,19,-1,11,19,13,-1,17,16,20,-1,17,20,21,-1,21,20,22,-1,21,22,23,-1,23,22,24,-1,23,24,25,-1,25,24,26,-1,25,26,27,-1,1,27,3,-1,3,27,26,-1,18,17,6,-1,6,17,21,-1,1,0,27,-1,27,0,4,-1,27,4,25,-1,25,4,6,-1,25,6,23,-1,23,6,21,-1,2,3,5,-1,5,3,26,-1,5,26,24,-1,11,8,16,-1,16,8,5,-1,24,22,5,-1,5,22,20,-1,5,20,16,-1,7,9,19,-1,19,9,13,-1,6,7,18,-1,18,7,19,-1,28,29,14,-1,14,29,12,-1,29,30,12,-1,12,30,10,-1,30,31,10,-1,10,31,15,-1,31,28,15,-1,15,28,14,-1,31,30,28,-1,28,30,29,-1,
        ]
    }
}
Shape{
    appearance Appearance {
        material  Material 	{
            diffuseColor 0.4980392156862745 1.0 0.7137254901960784
            specularColor 0.25098039215686274 0.5019607843137255 0.3568627450980392
            ambientIntensity 0.2
            transparency 0
            shininess 0.5
        }
    }
    geometry IndexedFaceSet {
        ccw TRUE
        solid FALSE
        coord DEF co Coordinate {
            point [
                3.4606 0.7551 -2.4908, 3.4606 0.7973 -2.4908, 3.4606 0.7973 -2.4528, 3.4606 0.6135 -2.6247, 3.4606 0.6078 -2.6253, 3.4606 0.6412 -2.6253, 3.4606 -2.0996 -2.6782, 3.4606 -2.1366 -2.6782, 3.4606 -2.1366 -2.6978, 3.4606 -2.0312 -3.5123, 3.4606 -2.1366 -3.4564, 3.4606 -2.1366 -3.8876, 3.4606 1.4041 -0.5469, 3.4606 1.3462 -0.4661, 3.4606 0.8395 -0.4661, 3.4606 0.902 -2.4125, 3.4606 0.8884 -2.376, 3.4606 0.8395 -2.376, 3.4606 -0.1493 -2.6837, 3.4606 -0.1625 -2.6782, 3.4606 -1.2329 -2.6782, 3.4606 0.0887 -2.2641, 3.4606 0.1092 -2.2779, 3.4606 0.3309 -2.2779, 3.4606 0.131 -2.2926, 3.4606 0.162 -2.3282, 3.4606 0.2686 -2.4528, 3.4606 0.3309 -2.4528, 3.4606 0.2603 -2.4319, 3.4606 0.241 -2.4049, 3.4606 0.2152 -2.3832, 3.4606 0.1823 -2.3675, 3.4606 0.187 -2.3691, 3.4606 0.0411 -2.2473, 3.4606 0.3309 -1.3547, 3.4606 0.002 -2.2432, 3.4606 -0.0451 -2.2491, 3.4606 -0.3217 -2.4266, 3.4606 -1.2329 -2.2779, 3.4606 -0.3268 -2.4528, 3.4606 -1.2329 -2.4528, 3.4606 -0.3287 -2.4622, 3.4606 -0.0889 -2.266, 3.4606 -1.2329 -1.3547, 3.4606 -0.1081 -2.2779, 3.4606 -0.1119 -2.2802, 3.4606 -0.3061 -2.3928, 3.4606 -0.2845 -2.3656, 3.4606 -0.2772 -2.3587, 3.4606 -0.2455 -2.3371, 3.4606 -0.2102 -2.3241, 3.4606 -0.1754 -2.3201, 3.4606 -0.1342 -2.2993, 3.4606 -0.1645 -2.3207, 3.4606 -0.1536 -2.322, 3.4606 -0.2623 -2.6007, 3.4606 -0.2893 -2.5772, 3.4606 -1.2329 -2.6253, 3.4606 -0.2284 -2.6181, 3.4606 -0.3122 -2.5439, 3.4606 -0.3252 -2.5084, 3.4606 -0.3291 -2.4738, 3.4606 -0.1712 -2.6745, 3.4606 -0.1898 -2.6605, 3.4606 -0.2134 -2.6228, 3.4606 -0.2122 -2.6253, 3.4606 -0.2039 -2.6431, 3.4606 0.3309 -3.8876, 3.4606 0.3309 -2.6782, 3.4606 -0.084 -2.6782, 3.4606 -0.1003 -2.6845, 3.4606 -0.1232 -2.6873, 3.4606 -1.2329 -3.8876, 3.4606 -0.1269 -2.6872, 3.4606 0.3309 -2.6253, 3.4606 -0.0343 -2.6253, 3.4606 -0.0344 -2.6256, 3.4606 -0.0456 -2.6468, 3.4606 -0.0602 -2.6632, 3.4606 -0.0791 -2.6763, 3.4606 0.0869 -2.5693, 3.4606 0.0934 -2.5668, 3.4606 0.1045 -2.5127, 3.4606 0.2411 -2.582, 3.4606 0.2153 -2.6038, 3.4606 -0.0521 -2.5288, 3.4606 0.0751 -2.4624, 3.4606 -0.0686 -2.5138, 3.4606 -0.0888 -2.503, 3.4606 0.0811 -2.5734, 3.4606 0.2599 -2.5558, 3.4606 0.2169 -2.4846, 3.4606 0.2125 -2.4663, 3.4606 0.2052 -2.4528, 3.4606 -0.267 -2.4528, 3.4606 0.2719 -2.4609, 3.4606 0.2762 -2.4918, 3.4606 0.2718 -2.5258, 3.4606 0.1007 -2.5658, 3.4606 0.1016 -2.5659, 3.4606 0.1044 -2.5665, 3.4606 -0.2615 -2.5097, 3.4606 -0.2501 -2.529, 3.4606 -0.2019 -2.5388, 3.4606 -0.2331 -2.5465, 3.4606 -0.2124 -2.5592, 3.4606 -0.1668 -2.5074, 3.4606 -0.1862 -2.5208, 3.4606 -0.2694 -2.4719, 3.4606 -0.2682 -2.4864, 3.4606 -0.1459 -2.4994, 3.4606 -0.1232 -2.4966, 3.4606 -0.1117 -2.4973, 3.4606 0.0713 -2.5953, 3.4606 0.0715 -2.5918, 3.4606 -0.0284 -2.5829, 3.4606 0.0733 -2.5846, 3.4606 0.0769 -2.5781, 3.4606 0.1981 -2.5429, 3.4606 0.2086 -2.5281, 3.4606 0.2151 -2.5112, 3.4606 0.2174 -2.4928, 3.4606 0.0934 -2.6238, 3.4606 0.0872 -2.6213, 3.4606 0.081 -2.617, 3.4606 0.0788 -2.6147, 3.4606 0.0747 -2.6088, 3.4606 0.0722 -2.6023, 3.4606 -0.0289 -2.6022, 3.4606 -0.0284 -2.5924, 3.4606 0.1863 -2.618, 3.4606 0.1548 -2.6247, 3.4606 0.0988 -2.6247, 3.4606 0.1064 -2.5668, 3.4606 0.1491 -2.5668, 3.4606 0.166 -2.5635, 3.4606 0.1828 -2.5558, 3.4606 0.1968 -2.5444, 3.4606 0.1158 -2.3625, 3.4606 0.0945 -2.3368, 3.4606 -0.1242 -2.3913, 3.4606 0.0913 -2.3338, 3.4606 0.0646 -2.3154, 3.4606 0.0349 -2.3041, 3.4606 -0.1311 -2.3875, 3.4606 -0.1524 -2.3797, 3.4606 0.2037 -2.4499, 3.4606 0.1927 -2.4376, 3.4606 0.1434 -2.4188, 3.4606 0.178 -2.4274, 3.4606 0.1614 -2.421, 3.4606 0.1358 -2.4188, 3.4606 0.1302 -2.3931, 3.4606 -0.2077 -2.3831, 3.4606 -0.2288 -2.3943, 3.4606 -0.1842 -2.3775, 3.4606 -0.2453 -2.4089, 3.4606 -0.2584 -2.4278, 3.4606 -0.1745 -2.377, 3.4606 -0.2665 -2.449, 3.4606 -0.0314 -2.3045, 3.4606 -0.0625 -2.317, 3.4606 0.003 -2.3002, 3.4606 -0.0888 -2.3362, 3.4606 -0.11 -2.3617, 3.4606 0.9211 -2.4125, 3.4606 0.8395 -2.4528, 3.4606 0.8395 -2.3115, 3.4606 0.8518 -2.279, 3.4606 0.8395 -2.2779, 3.4606 0.8702 -2.279, 3.4606 1.9748 -2.4528, 3.4606 1.9589 -2.4405, 3.4606 0.82 -2.4125, 3.4606 0.801 -2.4125, 3.4606 0.8329 -2.376, 3.4606 0.6597 -2.3973, 3.4606 0.6597 -2.4125, 3.4606 0.6723 -2.4528, 3.4606 0.6567 -2.2944, 3.4606 0.6723 -2.2779, 3.4606 0.6567 -2.279, 3.4606 0.6412 -2.2779, 3.4606 0.6412 -2.279, 3.4606 0.6052 -2.3524, 3.4606 0.6052 -2.3973, 3.4606 0.6412 -2.3524, 3.4606 0.6412 -2.3973, 3.4606 0.6529 -2.3524, 3.4606 0.6529 -2.3371, 3.4606 0.6052 -2.2944, 3.4606 0.6052 -2.3371, 3.4606 0.6412 -2.2944, 3.4606 0.6412 -2.3371, 3.4606 0.6412 -2.4528, 3.4606 0.6412 -2.4125, 3.4606 0.5802 -2.4528, 3.4606 0.588 -2.279, 3.4606 0.5802 -2.2779, 3.4606 0.588 -2.4125, 3.4606 0.5613 -2.2823, 3.4606 0.5472 -2.2782, 3.4606 0.5439 -2.2779, 3.4606 0.5613 -2.3003, 3.4606 0.5018 -2.4114, 3.4606 0.4892 -2.4055, 3.4606 0.4673 -2.4528, 3.4606 0.4785 -2.3965, 3.4606 0.5598 -2.2995, 3.4606 0.4925 -2.3853, 3.4606 0.4951 -2.388, 3.4606 0.4797 -2.3545, 3.4606 0.5462 -2.2943, 3.4606 0.4822 -2.3674, 3.4606 0.4869 -2.3778, 3.4606 0.5039 -2.3941, 3.4606 0.5134 -2.3978, 3.4606 0.5268 -2.3994, 3.4606 0.5331 -2.3992, 3.4606 0.5481 -2.3963, 3.4606 0.5613 -2.3905, 3.4606 0.5613 -2.407, 3.4606 0.559 -2.4081, 3.4606 0.4934 -2.3072, 3.4606 0.4861 -2.3173, 3.4606 0.5025 -2.2997, 3.4606 0.513 -2.2948, 3.4606 0.5298 -2.2924, 3.4606 0.5246 -2.2926, 3.4606 0.4794 -2.3473, 3.4606 0.4816 -2.3288, 3.4606 0.5446 -2.4128, 3.4606 0.5243 -2.4147, 3.4606 0.5162 -2.4144, 3.4606 0.5297 -2.2768, 3.4606 0.5802 -1.3547, 3.4606 0.5296 -2.2768, 3.4606 0.4673 -1.3547, 3.4606 0.5204 -2.2779, 3.4606 0.4673 -2.2779, 3.4606 0.4709 -2.3091, 3.4606 0.4806 -2.2964, 3.4606 0.4838 -2.2934, 3.4606 0.4963 -2.2846, 3.4606 0.5103 -2.2792, 3.4606 0.4695 -2.384, 3.4606 0.4673 -2.3786, 3.4606 0.4593 -2.4528, 3.4606 0.4593 -2.2779, 3.4606 0.4646 -2.3239, 3.4606 0.4673 -2.3176, 3.4606 0.464 -2.3702, 3.4606 0.4613 -2.3483, 3.4606 0.4616 -2.3413, 3.4606 -2.0775 -0.482, 3.4606 -2.102 -0.5007, 3.4606 -2.1208 -0.5252, 3.4606 -2.1326 -0.5537, 3.4606 -2.1366 -0.5843, 3.4606 -2.0491 -0.4702, 3.4606 2.0241 -0.5469, 3.4606 1.9488 -0.6118, 3.4606 2.2922 -1.3547, 3.4606 2.082 -0.4661, 3.4606 2.1741 -0.4661, 3.4606 2.2922 -0.5843, 3.4606 0.8395 -1.3547, 3.4606 1.5678 -0.6572, 3.4606 1.4794 -0.6118, 3.4606 2.2892 -0.558, 3.4606 2.2805 -0.533, 3.4606 2.2664 -0.5106, 3.4606 2.2477 -0.4919, 3.4606 2.2253 -0.4778, 3.4606 2.2003 -0.4691, 3.4606 1.8604 -0.6572, 3.4606 1.7638 -0.6806, 3.4606 1.6644 -0.6806, 3.4606 1.884 -2.3429, 3.4606 1.8571 -2.2779, 3.4606 1.8369 -2.2292, 3.4606 1.9589 -1.774, 3.4606 2.0565 -1.6991, 3.4606 2.1702 -1.652, 3.4606 2.2922 -1.6359, 3.4606 1.8208 -2.1072, 3.4606 1.8369 -1.9852, 3.4606 1.884 -1.8716, 3.4606 0.8521 -2.4908, 3.4606 0.8521 -2.6242, 3.4606 0.8395 -2.6253, 3.4606 0.8888 -2.6242, 3.4606 1.0189 -2.4908, 3.4606 1.0374 -2.4908, 3.4606 2.0565 -2.5154, 3.4606 1.0882 -2.6242, 3.4606 2.1702 -2.5625, 3.4606 1.0692 -2.6242, 3.4606 2.2922 -2.6253, 3.4606 2.2922 -2.5786, 3.4606 1.0555 -2.5877, 3.4606 1.0 -2.5877, 3.4606 0.9871 -2.6242, 3.4606 0.9681 -2.6242, 3.4606 0.9505 -2.5937, 3.4606 0.9406 -2.6055, 3.4606 0.9267 -2.6155, 3.4606 0.9115 -2.6214, 3.4606 0.9406 -2.5084, 3.4606 0.9452 -2.513, 3.4606 0.9535 -2.5246, 3.4606 0.9585 -2.5373, 3.4606 0.8901 -2.4908, 3.4606 0.9105 -2.493, 3.4606 0.9266 -2.4989, 3.4606 0.9607 -2.5558, 3.4606 0.9603 -2.5643, 3.4606 0.9571 -2.5799, 3.4606 2.2881 -3.8001, 3.4606 2.1741 -3.8876, 3.4606 2.2046 -3.8836, 3.4606 2.2331 -3.8718, 3.4606 2.2576 -3.853, 3.4606 2.2763 -3.8286, 3.4606 -1.4066 -3.1368, 3.4606 -1.579 -2.7127, 3.4606 -1.4958 -2.7982, 3.4606 -1.437 -3.2522, 3.4606 -1.4958 -3.356, 3.4606 -1.579 -3.4415, 3.4606 -1.437 -2.9021, 3.4606 -1.4066 -3.0175, 3.4606 -1.6812 -3.503, 3.4606 -1.7958 -3.5364, 3.4606 -1.915 -3.5396, 3.4606 -1.77 -2.6253, 3.4606 -1.6812 -2.6512, 3.4606 -1.6364 -2.6782, 3.4606 -2.1366 -2.6253, 3.4606 -2.0312 -2.6419, 3.4606 -1.9607 -2.6253, 3.4606 -2.1366 -2.4528, 3.4606 -1.915 -2.6146, 3.4606 -1.7958 -2.6178, 3.4606 0.7932 -2.3525, 3.4606 0.79 -2.3682, 3.4606 0.7834 -2.382, 3.4606 0.7735 -2.3938, 3.4606 0.7461 -2.2779, 3.4606 0.7461 -2.2823, 3.4606 0.7973 -2.2779, 3.4606 0.7595 -2.2872, 3.4606 0.7864 -2.3129, 3.4606 0.7913 -2.3256, 3.4606 0.7936 -2.3441, 3.4606 0.7735 -2.2967, 3.4606 0.7781 -2.3013, 3.4606 0.7596 -2.4038, 3.4606 0.7461 -2.4091, 3.4606 0.7461 -2.4528, 3.4606 0.7444 -2.4097, 3.4606 0.7216 -2.4125, 3.4606 0.6849 -2.4125, 3.4606 0.6849 -2.279, 3.4606 0.723 -2.279, 3.4606 0.7434 -2.2813, 3.4606 0.519 -2.623, 3.4606 0.5126 -2.6253, 3.4606 0.5331 -2.6242, 3.4606 0.5195 -2.5409, 3.4606 0.5138 -2.5403, 3.4606 0.5049 -2.5676, 3.4606 0.5246 -2.6193, 3.4606 0.4795 -2.5794, 3.4606 0.4843 -2.5749, 3.4606 0.4826 -2.5518, 3.4606 0.491 -2.5712, 3.4606 0.4941 -2.5446, 3.4606 0.5046 -2.5412, 3.4606 0.4938 -2.6253, 3.4606 0.4935 -2.6253, 3.4606 0.4673 -2.6253, 3.4606 0.4871 -2.6229, 3.4606 0.4815 -2.6189, 3.4606 0.4799 -2.6174, 3.4606 0.4764 -2.6124, 3.4606 0.4742 -2.6069, 3.4606 0.4733 -2.5987, 3.4606 0.474 -2.591, 3.4606 0.5331 -2.6095, 3.4606 0.5327 -2.6095, 3.4606 0.5299 -2.6137, 3.4606 0.486 -2.5336, 3.4606 0.4826 -2.5356, 3.4606 0.476 -2.5848, 3.4606 0.5774 -2.5697, 3.4606 0.5752 -2.5662, 3.4606 0.5499 -2.5629, 3.4606 0.5733 -2.5611, 3.4606 0.5482 -2.5488, 3.4606 0.5726 -2.5546, 3.4606 0.5331 -2.5636, 3.4606 0.5326 -2.5563, 3.4606 0.5308 -2.5503, 3.4606 0.5289 -2.5469, 3.4606 0.4984 -2.5288, 3.4606 0.5154 -2.5267, 3.4606 0.527 -2.528, 3.4606 0.5801 -2.5725, 3.4606 0.5725 -2.6036, 3.4606 0.5802 -2.5726, 3.4606 0.5801 -2.6082, 3.4606 0.5802 -2.6082, 3.4606 0.5337 -2.5303, 3.4606 0.539 -2.5337, 3.4606 0.5783 -2.5388, 3.4606 0.5264 -2.5442, 3.4606 0.5234 -2.5422, 3.4606 0.5733 -2.5487, 3.4606 0.5752 -2.5433, 3.4606 0.5455 -2.5416, 3.4606 0.5419 -2.5365, 3.4606 0.5035 -2.6265, 3.4606 0.4673 -2.6782, 3.4606 0.5122 -2.6255, 3.4606 0.5802 -2.6782, 3.4606 0.5725 -2.6209, 3.4606 0.5499 -2.6242, 3.4606 0.5802 -2.6236, 3.4606 0.5802 -2.6253, 3.4606 0.5843 -2.625, 3.4606 0.5875 -2.6253, 3.4606 0.5984 -2.6265, 3.4606 0.6323 -2.5309, 3.4606 0.6323 -2.5472, 3.4606 0.5833 -2.5343, 3.4606 0.5874 -2.5318, 3.4606 0.5802 -2.5371, 3.4606 0.6361 -2.605, 3.4606 0.634 -2.6103, 3.4606 0.6309 -2.6147, 3.4606 0.5964 -2.5283, 3.4606 0.6097 -2.5267, 3.4606 0.6215 -2.5277, 3.4606 0.6313 -2.5825, 3.4606 0.6344 -2.5871, 3.4606 0.6362 -2.592, 3.4606 0.6369 -2.5983, 3.4606 0.6261 -2.6189, 3.4606 0.6223 -2.6213, 3.4606 0.6081 -2.5403, 3.4606 0.6031 -2.5407, 3.4606 0.5898 -2.5531, 3.4606 0.5987 -2.5418, 3.4606 0.5949 -2.5438, 3.4606 0.59 -2.5553, 3.4606 0.5907 -2.5579, 3.4606 0.5919 -2.5602, 3.4606 0.5935 -2.562, 3.4606 0.5994 -2.5657, 3.4606 0.6197 -2.5417, 3.4606 0.6097 -2.5702, 3.4606 0.6292 -2.5454, 3.4606 0.6162 -2.5728, 3.4606 0.6273 -2.579, 3.4606 0.5924 -2.5461, 3.4606 0.591 -2.5482, 3.4606 0.5901 -2.5504, 3.4606 0.5906 -2.6118, 3.4606 0.5979 -2.5823, 3.4606 0.588 -2.5777, 3.4606 0.6 -2.6128, 3.4606 0.6007 -2.6128, 3.4606 0.6089 -2.5869, 3.4606 0.6093 -2.6118, 3.4606 0.6197 -2.5999, 3.4606 0.6196 -2.5978, 3.4606 0.6136 -2.6103, 3.4606 0.6151 -2.6093, 3.4606 0.6171 -2.6076, 3.4606 0.6185 -2.6055, 3.4606 0.6194 -2.6031, 3.4606 0.6188 -2.5952, 3.4606 0.6175 -2.593, 3.4606 0.6154 -2.5908, 3.4606 0.7197 -2.5289, 3.4606 0.7371 -2.5289, 3.4606 0.7461 -2.6253, 3.4606 0.6892 -2.6005, 3.4606 0.6912 -2.6084, 3.4606 0.6917 -2.6084, 3.4606 0.6723 -2.5521, 3.4606 0.6937 -2.6007, 3.4606 0.6924 -2.6051, 3.4606 0.6723 -2.6253, 3.4606 0.6723 -2.597, 3.4606 0.6456 -2.5289, 3.4606 0.6643 -2.5289, 3.4606 0.683 -2.624, 3.4606 0.6824 -2.6253, 3.4606 0.6756 -2.6413, 3.4606 0.6412 -2.6782, 3.4606 0.649 -2.6677, 3.4606 0.649 -2.6529, 3.4606 0.6691 -2.6509, 3.4606 0.6722 -2.6475, 3.4606 0.6723 -2.6473, 3.4606 0.6524 -2.654, 3.4606 0.6585 -2.6548, 3.4606 0.6723 -2.6661, 3.4606 0.6666 -2.6683, 3.4606 0.6723 -2.6782, 3.4606 0.6598 -2.6691, 3.4606 0.6561 -2.669, 3.4606 0.663 -2.6542, 3.4606 0.6666 -2.6527, 3.4606 0.6938 -2.6386, 3.4606 0.6862 -2.6533, 3.4606 0.7461 -2.6782, 3.4606 0.699 -2.6253, 3.4606 0.6801 -2.6607, 3.4606 0.679 -2.6617, 3.4606 0.6732 -2.6658, 3.4606 0.8238 -2.4908, 3.4606 0.8238 -2.5061, 3.4606 0.8269 -2.609, 3.4606 0.8269 -2.6242, 3.4606 0.7973 -2.6253, 3.4606 0.7723 -2.5641, 3.4606 0.7723 -2.609, 3.4606 0.7973 -2.5641, 3.4606 0.7973 -2.609, 3.4606 0.82 -2.5641, 3.4606 0.82 -2.5488, 3.4606 0.7973 -2.5488, 3.4606 0.7973 -2.5061, 3.4606 0.7723 -2.5488, 3.4606 0.7723 -2.5061, 3.4606 0.7973 -2.6242, 3.4606 0.7551 -2.6242, 3.4606 2.2922 -2.6782, 3.4606 0.8395 -2.6782, 3.4606 0.7973 -2.6782, 3.4606 0.7973 -1.3547, 3.4606 0.7461 -1.3547, 3.4606 0.6723 -1.3547, 3.4606 0.6412 -1.3547, 3.4606 2.2922 -3.7695, 3.4606 0.8395 -3.8876, 3.4606 0.7973 -3.8876, 3.4606 0.7461 -3.8876, 3.4606 0.6723 -3.8876, 3.4606 0.6412 -3.8876, 3.4606 0.5802 -3.8876, 3.4606 0.4673 -3.8876, 3.4606 0.4593 -3.8876, 3.4606 0.4593 -2.6782, 3.4606 0.4593 -2.6253, 3.4606 0.4573 -2.609, 3.4606 0.4573 -2.6242, 3.4606 0.3855 -2.6242, 3.4606 0.4542 -2.5061, 3.4606 0.3855 -2.4908, 3.4606 0.4542 -2.4908, 3.4606 0.4027 -2.5641, 3.4606 0.4027 -2.609, 3.4606 0.4505 -2.5641, 3.4606 0.4505 -2.5488, 3.4606 0.4027 -2.5488, 3.4606 0.4027 -2.5061, 3.4606 0.4027 -2.279, 3.4606 0.4027 -2.3973, 3.4606 0.4559 -2.3973, 3.4606 0.3855 -2.4125, 3.4606 0.3855 -2.279, 3.4606 0.4559 -2.4125, 3.4606 0.4593 -1.3547, 3.4606 0.7973 -0.4661, 3.4606 0.7461 -0.4661, 3.4606 0.6723 -0.4661, 3.4606 0.6412 -0.4661, 3.4606 0.5802 -0.4661, 3.4606 0.4673 -0.4661, 3.4606 0.4593 -0.4661, 3.4606 0.3309 -0.4661, 3.4606 -1.2329 -0.4661, 3.4606 -2.0185 -0.4661, 3.4606 -2.1366 -1.3547, 3.4606 -2.1366 -2.2779, 2.5 0.677 0.0, 3.5 0.677 0.0, 2.5 2.4803 0.0, 3.5 2.4409 0.0, 3.4606 2.4803 0.0, 3.4947 2.4606 0.0, 3.4885 2.4688 0.0, 3.4803 2.475 0.0, 3.4987 2.4511 0.0, 3.4708 2.479 0.0, 3.5 0.5118 -0.1969, 2.5 0.5118 -0.1969, 3.5 -2.4409 -0.1969, 2.5 -2.4803 -0.1969, 3.4606 -2.4803 -0.1969, 3.4914 -2.4655 -0.1969, 3.4961 -2.458 -0.1969, 3.499 -2.4497 -0.1969, 3.4694 -2.4793 -0.1969, 3.4777 -2.4764 -0.1969, 3.4852 -2.4717 -0.1969, 3.4606 -2.4803 -1.9685, 2.5 -2.4803 -1.9685, 3.5 -2.3819 -2.0783, 3.5 -2.4409 -2.0124, 3.4987 -2.3921 -2.067, 3.4947 -2.4016 -2.0564, 3.4852 -2.4717 -1.9781, 3.4777 -2.4764 -1.9729, 3.4658 -2.4209 -2.0348, 2.5 -2.4213 -2.0344, 3.4606 -2.4213 -2.0344, 3.465 -2.4801 -1.9688, 3.4694 -2.4793 -1.9696, 3.4736 -2.4781 -1.971, 3.4708 -2.4199 -2.0359, 3.4757 -2.4183 -2.0378, 3.4803 -2.416 -2.0403, 3.499 -2.4497 -2.0027, 3.4961 -2.458 -1.9934, 3.4914 -2.4655 -1.985, 3.4846 -2.4131 -2.0435, 3.4885 -2.4097 -2.0473, 3.4606 -2.4213 -4.3307, 2.5 -2.4213 -4.3307, 2.5 -1.0039 -4.3307, 3.5 -1.0039 -4.3307, 3.5 -2.3819 -4.3307, 3.4947 -2.4016 -4.3307, 3.4885 -2.4097 -4.3307, 3.4803 -2.416 -4.3307, 3.4987 -2.3921 -4.3307, 3.4708 -2.4199 -4.3307, 3.5 -1.0039 -4.252, 2.5 -1.0039 -4.252, 3.5 -0.4134 -4.252, 2.5 -0.4134 -4.252, 3.5 -0.4134 -4.3307, 2.5 -0.4134 -4.3307, 3.5 0.9961 -4.3307, 2.5 0.9961 -4.3307, 3.5 0.9961 -4.252, 2.5 0.9961 -4.252, 3.5 1.5866 -4.252, 2.5 1.5866 -4.252, 3.5 1.5866 -4.3307, 2.5 1.5866 -4.3307, 3.4987 2.4511 -4.3307, 3.5 2.4409 -4.3307, 3.4606 2.4803 -4.3307, 2.5 2.4803 -4.3307, 3.4803 2.475 -4.3307, 3.4885 2.4688 -4.3307, 3.4947 2.4606 -4.3307, 3.4708 2.479 -4.3307, 3.4606 2.4803 -3.3465, 2.5 2.4803 -3.3465, 3.5 2.4016 -3.3465, 3.5 2.4409 -3.3465, 2.5 2.4016 -3.3465, 3.4947 2.4606 -3.3465, 3.4885 2.4688 -3.3465, 3.4803 2.475 -3.3465, 3.4987 2.4511 -3.3465, 3.4708 2.479 -3.3465, 3.5 2.4016 -2.7559, 2.5 2.4016 -2.7559, 3.5 2.4409 -2.7559, 2.5 2.4803 -2.7559, 3.4606 2.4803 -2.7559, 3.4987 2.4511 -2.7559, 3.4803 2.475 -2.7559, 3.4885 2.4688 -2.7559, 3.4947 2.4606 -2.7559, 3.4708 2.479 -2.7559, 3.4606 2.4803 -1.3465, 2.5 2.4803 -1.3465, 3.5 2.4016 -1.3465, 3.5 2.4409 -1.3465, 2.5 2.4016 -1.3465, 3.4947 2.4606 -1.3465, 3.4885 2.4688 -1.3465, 3.4803 2.475 -1.3465, 3.4987 2.4511 -1.3465, 3.4708 2.479 -1.3465, 3.5 2.4016 -0.7559, 2.5 2.4016 -0.7559, 3.5 2.4409 -0.7559, 2.5 2.4803 -0.7559, 3.4606 2.4803 -0.7559, 3.4987 2.4511 -0.7559, 3.4803 2.475 -0.7559, 3.4885 2.4688 -0.7559, 3.4947 2.4606 -0.7559, 3.4708 2.479 -0.7559, 3.5 -2.1366 -2.6978, 3.5 -2.1366 -3.4564, 3.5 -2.0312 -2.6419, 3.5 -2.0312 -3.5123, 3.5 -1.915 -2.6146, 3.5 -1.7958 -2.6178, 3.5 2.2763 -3.8286, 3.5 2.2576 -3.853, 3.5 -1.6812 -2.6512, 3.5 -1.915 -3.5396, 3.5 -1.7958 -3.5364, 3.5 2.2331 -3.8718, 3.5 2.2046 -3.8836, 3.5 2.1741 -3.8876, 3.5 -2.1366 -3.8876, 3.5 -1.4066 -3.1368, 3.5 -1.579 -3.4415, 3.5 -1.437 -3.2522, 3.5 -1.4958 -3.356, 3.5 -1.4066 -3.0175, 3.5 -1.437 -2.9021, 3.5 -1.4958 -2.7982, 3.5 -1.6812 -3.503, 3.5 -1.579 -2.7127, 3.5 2.2922 -2.5786, 3.5 2.2922 -1.6359, 3.5 2.1702 -1.652, 3.5 2.2805 -0.533, 3.5 2.2892 -0.558, 3.5 2.2922 -0.5843, 3.5 2.1741 -0.4661, 3.5 2.082 -0.4661, 3.5 1.3462 -0.4661, 3.5 2.0241 -0.5469, 3.5 1.9488 -0.6118, 3.5 2.2922 -3.7695, 3.5 2.2881 -3.8001, 3.5 -2.1208 -0.5252, 3.5 -2.102 -0.5007, 3.5 -2.0775 -0.482, 3.5 1.6644 -0.6806, 3.5 1.7638 -0.6806, 3.5 1.8604 -0.6572, 3.5 2.2003 -0.4691, 3.5 2.2253 -0.4778, 3.5 2.2477 -0.4919, 3.5 2.0565 -1.6991, 3.5 1.9589 -1.774, 3.5 2.1702 -2.5625, 3.5 2.0565 -2.5154, 3.5 -2.0491 -0.4702, 3.5 -2.0185 -0.4661, 3.5 2.2664 -0.5106, 3.5 -2.1366 -0.5843, 3.5 -2.1326 -0.5537, 3.5 1.4041 -0.5469, 3.5 1.4794 -0.6118, 3.5 1.5678 -0.6572, 3.5 1.884 -1.8716, 3.5 1.884 -2.3429, 3.5 1.9589 -2.4405, 3.5 1.8369 -1.9852, 3.5 1.8208 -2.1072, 3.5 1.8369 -2.2292, 3.5 1.8369 -2.2292
            ]
        }
        coordIndex [
            0,1,2,-1,3,4,5,-1,6,7,8,-1,9,10,11,-1,12,13,14,-1,15,16,17,-1,18,19,20,-1,21,22,23,-1,23,22,24,-1,23,24,25,-1,26,27,28,-1,28,27,23,-1,28,23,29,-1,29,23,30,-1,25,31,23,-1,23,31,32,-1,23,32,30,-1,33,34,35,-1,35,34,36,-1,37,38,39,-1,39,38,40,-1,39,40,41,-1,36,34,42,-1,42,34,43,-1,42,43,44,-1,44,43,38,-1,44,38,45,-1,37,46,38,-1,38,46,47,-1,38,47,48,-1,48,49,38,-1,38,49,50,-1,38,50,45,-1,45,50,51,-1,45,51,52,-1,52,51,53,-1,52,53,54,-1,55,56,57,-1,55,57,58,-1,56,59,57,-1,57,59,60,-1,57,60,40,-1,40,60,61,-1,40,61,41,-1,20,19,57,-1,57,19,62,-1,57,62,63,-1,64,58,65,-1,65,58,57,-1,65,57,66,-1,66,57,63,-1,67,68,69,-1,69,70,67,-1,67,70,71,-1,67,71,72,-1,72,71,73,-1,74,75,68,-1,68,75,76,-1,68,76,77,-1,77,78,68,-1,68,78,79,-1,68,79,69,-1,80,81,82,-1,83,84,74,-1,85,86,87,-1,87,86,88,-1,80,82,89,-1,83,74,90,-1,91,92,86,-1,86,92,93,-1,86,93,94,-1,26,95,27,-1,27,95,96,-1,27,96,74,-1,74,96,97,-1,74,97,90,-1,81,98,82,-1,82,98,99,-1,82,99,100,-1,101,102,103,-1,103,102,104,-1,103,104,105,-1,106,94,107,-1,107,94,108,-1,107,108,103,-1,103,108,109,-1,103,109,101,-1,106,110,94,-1,94,110,111,-1,94,111,86,-1,86,111,112,-1,86,112,88,-1,113,114,115,-1,115,114,116,-1,115,116,82,-1,82,116,117,-1,82,117,89,-1,118,119,82,-1,82,119,120,-1,82,120,86,-1,86,120,121,-1,86,121,91,-1,122,123,75,-1,75,123,124,-1,75,124,125,-1,125,126,75,-1,75,126,127,-1,75,127,128,-1,128,127,113,-1,128,113,129,-1,129,113,115,-1,84,130,74,-1,74,130,131,-1,74,131,75,-1,75,131,132,-1,75,132,122,-1,100,133,82,-1,82,133,134,-1,82,134,135,-1,135,136,82,-1,82,136,137,-1,82,137,118,-1,138,139,140,-1,139,141,140,-1,140,141,142,-1,140,142,143,-1,93,140,94,-1,94,140,144,-1,94,144,145,-1,146,147,148,-1,148,147,149,-1,148,149,150,-1,146,148,93,-1,93,148,151,-1,93,151,140,-1,140,151,152,-1,140,152,138,-1,153,154,155,-1,155,154,156,-1,155,156,157,-1,145,158,94,-1,94,158,155,-1,94,155,159,-1,159,155,157,-1,160,161,162,-1,162,161,163,-1,162,163,143,-1,143,163,164,-1,143,164,140,-1,165,15,166,-1,167,168,169,-1,169,168,170,-1,165,171,170,-1,170,171,172,-1,173,174,2,-1,15,17,166,-1,166,17,175,-1,166,175,173,-1,176,177,178,-1,179,180,181,-1,181,180,182,-1,181,182,183,-1,184,185,186,-1,186,185,187,-1,186,187,188,-1,188,187,176,-1,188,176,189,-1,190,191,192,-1,192,191,193,-1,192,193,179,-1,178,177,194,-1,194,177,195,-1,194,195,196,-1,183,182,197,-1,197,182,198,-1,197,198,199,-1,200,198,201,-1,201,198,202,-1,195,199,196,-1,196,199,198,-1,196,198,203,-1,203,198,200,-1,204,205,206,-1,206,205,207,-1,208,209,210,-1,211,208,212,-1,211,213,208,-1,208,213,214,-1,208,214,209,-1,210,215,208,-1,208,215,216,-1,208,216,217,-1,217,218,208,-1,208,218,219,-1,208,219,203,-1,203,219,220,-1,203,220,196,-1,196,220,221,-1,196,221,222,-1,223,224,225,-1,225,224,226,-1,212,227,211,-1,211,227,228,-1,211,228,229,-1,229,228,226,-1,229,226,230,-1,230,226,224,-1,222,231,196,-1,196,231,232,-1,196,232,206,-1,206,232,233,-1,206,233,204,-1,234,235,236,-1,236,235,237,-1,236,237,238,-1,239,240,241,-1,241,242,239,-1,239,242,243,-1,239,243,244,-1,207,245,206,-1,206,245,246,-1,206,246,247,-1,248,249,239,-1,239,249,250,-1,239,250,240,-1,246,251,247,-1,247,251,252,-1,247,252,248,-1,248,252,253,-1,248,253,249,-1,254,255,256,-1,256,257,254,-1,254,257,258,-1,254,258,259,-1,260,261,262,-1,263,260,264,-1,264,260,262,-1,264,262,265,-1,266,267,268,-1,265,269,264,-1,264,269,270,-1,264,270,271,-1,272,273,271,-1,271,273,274,-1,271,274,264,-1,261,275,262,-1,262,275,276,-1,262,276,266,-1,266,276,277,-1,266,277,267,-1,172,278,170,-1,170,278,279,-1,170,279,169,-1,169,279,280,-1,266,281,282,-1,266,282,262,-1,262,282,283,-1,262,283,284,-1,285,286,266,-1,266,286,287,-1,266,287,281,-1,288,166,289,-1,289,166,290,-1,289,290,291,-1,166,292,293,-1,165,166,171,-1,171,166,293,-1,171,293,294,-1,294,293,295,-1,294,295,296,-1,297,290,295,-1,295,290,298,-1,295,298,296,-1,296,298,299,-1,300,301,297,-1,297,301,302,-1,297,302,290,-1,290,302,303,-1,290,303,291,-1,303,304,305,-1,305,306,303,-1,303,306,307,-1,303,307,291,-1,308,309,292,-1,292,309,310,-1,292,310,311,-1,288,312,166,-1,166,312,313,-1,166,313,292,-1,292,313,314,-1,292,314,308,-1,311,315,292,-1,292,315,316,-1,292,316,303,-1,303,316,317,-1,303,317,304,-1,318,319,320,-1,320,321,318,-1,318,321,322,-1,318,322,323,-1,73,18,72,-1,72,18,20,-1,72,20,324,-1,20,325,326,-1,324,327,72,-1,72,327,328,-1,72,328,329,-1,326,330,20,-1,20,330,331,-1,20,331,324,-1,329,332,72,-1,72,332,333,-1,72,333,11,-1,11,333,334,-1,11,334,9,-1,40,335,57,-1,57,335,336,-1,57,336,20,-1,20,336,337,-1,20,337,325,-1,7,6,338,-1,6,339,338,-1,338,339,340,-1,338,340,341,-1,341,340,342,-1,341,342,343,-1,344,345,2,-1,2,345,346,-1,2,346,347,-1,348,349,350,-1,350,349,351,-1,352,353,350,-1,350,353,354,-1,351,355,350,-1,350,355,356,-1,350,356,352,-1,167,169,174,-1,174,169,350,-1,174,350,2,-1,2,350,354,-1,2,354,344,-1,357,358,359,-1,359,358,360,-1,361,362,178,-1,178,362,180,-1,178,180,176,-1,176,180,179,-1,176,179,189,-1,189,179,193,-1,362,363,180,-1,180,363,364,-1,180,364,348,-1,348,364,365,-1,348,365,349,-1,366,367,368,-1,369,370,371,-1,366,368,372,-1,373,374,375,-1,375,374,376,-1,375,376,377,-1,377,376,371,-1,377,371,378,-1,378,371,370,-1,379,380,381,-1,381,380,382,-1,381,382,383,-1,383,384,381,-1,381,384,385,-1,381,385,386,-1,387,388,206,-1,389,390,368,-1,368,390,391,-1,368,391,372,-1,392,206,393,-1,393,206,388,-1,393,388,375,-1,375,388,394,-1,375,394,373,-1,395,396,397,-1,397,396,398,-1,397,398,399,-1,399,398,400,-1,401,402,371,-1,371,402,403,-1,371,403,404,-1,392,405,206,-1,206,405,406,-1,206,406,407,-1,408,409,410,-1,410,409,411,-1,410,411,412,-1,413,414,415,-1,404,416,371,-1,371,416,417,-1,371,417,369,-1,400,418,399,-1,399,418,419,-1,399,419,420,-1,420,419,415,-1,420,415,421,-1,421,415,414,-1,422,423,424,-1,424,423,425,-1,424,425,367,-1,408,395,409,-1,409,395,397,-1,409,397,426,-1,426,397,427,-1,426,427,428,-1,428,427,429,-1,428,429,430,-1,430,429,431,-1,432,431,425,-1,425,431,429,-1,425,429,367,-1,367,429,427,-1,367,427,368,-1,433,434,5,-1,435,436,196,-1,407,413,206,-1,206,413,415,-1,206,415,196,-1,196,415,437,-1,196,437,435,-1,438,439,5,-1,5,439,440,-1,436,441,196,-1,196,441,442,-1,196,442,194,-1,194,442,443,-1,194,443,433,-1,444,445,434,-1,434,445,446,-1,434,446,5,-1,5,446,447,-1,5,447,438,-1,440,448,5,-1,5,448,449,-1,5,449,3,-1,450,451,452,-1,452,451,453,-1,452,453,454,-1,452,455,450,-1,450,455,456,-1,450,456,457,-1,457,458,450,-1,450,458,459,-1,450,459,460,-1,460,459,461,-1,460,461,462,-1,462,461,463,-1,462,463,434,-1,434,463,464,-1,434,464,444,-1,465,466,454,-1,454,466,467,-1,454,467,452,-1,468,469,412,-1,412,469,470,-1,412,470,410,-1,468,471,469,-1,469,471,472,-1,469,472,473,-1,473,472,474,-1,473,475,476,-1,474,477,473,-1,473,477,478,-1,473,478,479,-1,479,480,473,-1,473,480,481,-1,473,481,475,-1,476,482,473,-1,473,482,483,-1,473,483,484,-1,485,486,359,-1,359,486,487,-1,488,489,490,-1,360,361,359,-1,359,361,178,-1,359,178,485,-1,485,178,491,-1,485,491,492,-1,492,491,488,-1,492,488,493,-1,493,488,490,-1,494,495,5,-1,5,495,496,-1,433,5,194,-1,194,5,496,-1,194,496,178,-1,178,496,497,-1,178,497,491,-1,498,495,499,-1,499,495,494,-1,499,494,500,-1,501,502,503,-1,504,505,494,-1,494,505,506,-1,494,506,500,-1,432,425,4,-1,4,425,501,-1,4,501,5,-1,5,501,503,-1,5,503,494,-1,494,503,507,-1,494,507,508,-1,509,510,511,-1,511,510,512,-1,511,512,501,-1,501,512,513,-1,501,513,502,-1,508,514,494,-1,494,514,515,-1,494,515,504,-1,516,517,518,-1,516,518,519,-1,517,520,518,-1,518,520,521,-1,518,521,511,-1,511,521,522,-1,511,522,509,-1,173,2,166,-1,166,2,1,-1,166,1,523,-1,523,524,166,-1,166,524,525,-1,166,525,290,-1,290,525,526,-1,290,526,527,-1,528,529,530,-1,530,529,531,-1,530,531,532,-1,532,531,525,-1,532,525,533,-1,533,525,524,-1,533,524,534,-1,534,524,535,-1,534,535,536,-1,536,535,537,-1,526,538,527,-1,527,538,539,-1,527,539,487,-1,487,539,0,-1,487,0,359,-1,359,0,2,-1,359,2,357,-1,357,2,347,-1,540,298,541,-1,541,298,290,-1,541,290,542,-1,542,290,527,-1,542,527,518,-1,518,527,487,-1,518,487,519,-1,519,487,486,-1,280,285,169,-1,169,285,266,-1,169,266,350,-1,350,266,543,-1,350,543,348,-1,348,543,544,-1,348,544,180,-1,180,544,545,-1,180,545,182,-1,182,545,546,-1,182,546,198,-1,198,546,235,-1,198,235,202,-1,202,235,234,-1,318,547,319,-1,319,547,540,-1,319,540,548,-1,548,540,541,-1,548,541,549,-1,549,541,542,-1,549,542,550,-1,550,542,518,-1,550,518,551,-1,551,518,511,-1,551,511,552,-1,552,511,501,-1,552,501,553,-1,553,501,425,-1,553,425,554,-1,554,425,423,-1,554,423,555,-1,555,423,556,-1,555,556,67,-1,422,379,423,-1,423,379,381,-1,423,381,556,-1,556,381,557,-1,558,559,557,-1,557,559,560,-1,386,387,381,-1,381,387,206,-1,381,206,557,-1,557,206,247,-1,557,247,558,-1,558,247,561,-1,67,556,68,-1,68,556,557,-1,68,557,74,-1,74,557,560,-1,74,560,27,-1,27,560,562,-1,27,562,247,-1,247,562,563,-1,247,563,561,-1,564,565,566,-1,566,565,558,-1,566,558,567,-1,567,558,561,-1,567,561,568,-1,568,561,569,-1,570,571,572,-1,573,574,23,-1,23,574,570,-1,23,570,248,-1,248,570,572,-1,248,572,247,-1,247,572,575,-1,247,575,27,-1,27,575,573,-1,27,573,23,-1,244,238,239,-1,239,238,237,-1,239,237,248,-1,248,237,576,-1,248,576,23,-1,23,576,34,-1,23,34,21,-1,21,34,33,-1,268,12,266,-1,266,12,14,-1,266,14,543,-1,543,14,577,-1,543,577,544,-1,544,577,578,-1,544,578,545,-1,545,578,579,-1,545,579,546,-1,546,579,580,-1,546,580,235,-1,235,580,581,-1,235,581,237,-1,237,581,582,-1,237,582,576,-1,576,582,583,-1,576,583,34,-1,34,583,584,-1,34,584,43,-1,43,584,585,-1,43,585,258,-1,258,585,586,-1,258,586,259,-1,258,587,43,-1,43,587,588,-1,43,588,38,-1,38,588,341,-1,38,341,40,-1,40,341,343,-1,40,343,335,-1,589,590,591,-1,591,590,592,-1,591,592,593,-1,594,595,596,-1,592,597,593,-1,593,597,594,-1,593,594,598,-1,598,594,596,-1,599,590,600,-1,600,590,589,-1,599,600,601,-1,601,600,602,-1,601,602,603,-1,604,605,606,-1,603,607,601,-1,601,607,608,-1,601,608,606,-1,606,608,609,-1,606,609,604,-1,603,602,610,-1,610,602,611,-1,612,613,614,-1,614,613,615,-1,616,617,618,-1,611,619,610,-1,610,619,620,-1,610,620,621,-1,621,620,622,-1,618,617,620,-1,620,617,623,-1,620,623,622,-1,624,625,613,-1,613,625,626,-1,613,627,624,-1,624,627,628,-1,624,628,618,-1,618,628,629,-1,618,629,616,-1,626,630,613,-1,613,630,631,-1,613,631,615,-1,620,619,632,-1,632,619,633,-1,634,635,633,-1,633,635,636,-1,633,636,632,-1,637,638,639,-1,636,640,632,-1,632,640,637,-1,632,637,641,-1,641,637,639,-1,642,635,643,-1,643,635,634,-1,644,642,645,-1,645,642,643,-1,646,644,647,-1,647,644,645,-1,648,646,649,-1,649,646,647,-1,650,648,651,-1,651,648,649,-1,652,650,653,-1,653,650,651,-1,654,652,655,-1,655,652,653,-1,656,657,658,-1,654,655,657,-1,657,655,659,-1,657,659,658,-1,660,661,662,-1,656,658,662,-1,662,658,663,-1,662,663,660,-1,658,659,664,-1,664,659,665,-1,666,667,668,-1,668,667,664,-1,668,664,665,-1,669,670,671,-1,667,672,664,-1,664,672,669,-1,664,669,673,-1,673,669,671,-1,674,666,675,-1,675,666,668,-1,676,674,675,-1,675,677,676,-1,676,677,678,-1,676,678,679,-1,680,681,682,-1,679,678,682,-1,682,678,683,-1,682,683,680,-1,678,677,684,-1,684,677,685,-1,686,687,688,-1,688,687,684,-1,688,684,685,-1,689,690,691,-1,687,692,684,-1,684,692,689,-1,684,689,693,-1,693,689,691,-1,694,686,695,-1,695,686,688,-1,696,694,695,-1,695,697,696,-1,696,697,698,-1,696,698,699,-1,700,701,702,-1,699,698,702,-1,702,698,703,-1,702,703,700,-1,698,697,593,-1,593,697,591,-1,657,667,666,-1,636,635,642,-1,704,705,706,-1,706,705,707,-1,706,707,708,-1,708,707,709,-1,710,711,657,-1,709,707,712,-1,712,707,713,-1,712,713,714,-1,711,715,657,-1,657,715,716,-1,657,716,717,-1,676,687,686,-1,636,642,718,-1,718,642,644,-1,718,644,717,-1,654,657,652,-1,652,657,717,-1,652,717,650,-1,650,717,644,-1,650,644,648,-1,648,644,646,-1,719,720,721,-1,721,720,722,-1,719,723,720,-1,720,723,724,-1,720,724,725,-1,714,726,712,-1,712,726,720,-1,712,720,727,-1,727,720,725,-1,728,729,730,-1,731,732,694,-1,694,732,733,-1,694,733,686,-1,686,733,729,-1,686,729,676,-1,676,729,728,-1,676,728,674,-1,734,592,735,-1,735,592,736,-1,735,736,737,-1,737,736,738,-1,674,728,666,-1,666,728,739,-1,666,739,657,-1,657,739,740,-1,657,740,710,-1,741,742,601,-1,601,742,743,-1,744,745,746,-1,734,747,592,-1,592,747,748,-1,592,748,749,-1,730,750,728,-1,728,750,751,-1,728,751,752,-1,752,751,753,-1,601,613,612,-1,743,754,601,-1,601,754,755,-1,601,755,599,-1,599,755,736,-1,599,736,590,-1,590,736,592,-1,694,696,731,-1,731,696,592,-1,731,592,756,-1,756,592,749,-1,718,705,636,-1,636,705,704,-1,636,704,612,-1,612,704,757,-1,612,757,601,-1,601,757,758,-1,601,758,741,-1,736,759,738,-1,738,759,760,-1,738,760,746,-1,746,760,761,-1,746,761,744,-1,762,763,751,-1,751,763,764,-1,751,764,753,-1,762,765,763,-1,763,765,766,-1,763,766,767,-1,589,591,697,-1,619,611,602,-1,685,677,688,-1,688,677,675,-1,659,655,653,-1,675,668,653,-1,653,668,665,-1,653,665,659,-1,649,647,651,-1,651,647,645,-1,697,695,589,-1,589,695,688,-1,589,688,600,-1,600,688,675,-1,600,675,602,-1,643,634,633,-1,653,651,675,-1,675,651,645,-1,675,645,602,-1,602,645,643,-1,602,643,619,-1,619,643,633,-1,667,657,656,-1,667,656,672,-1,672,656,662,-1,672,662,669,-1,669,662,661,-1,669,661,670,-1,670,661,660,-1,670,660,671,-1,671,660,663,-1,671,663,673,-1,673,663,658,-1,673,658,664,-1,687,676,679,-1,687,679,692,-1,692,679,682,-1,692,682,689,-1,689,682,681,-1,689,681,690,-1,690,681,680,-1,690,680,691,-1,691,680,683,-1,691,683,693,-1,693,683,678,-1,693,678,684,-1,592,696,699,-1,592,699,597,-1,597,699,702,-1,597,702,594,-1,594,702,701,-1,594,701,595,-1,595,701,700,-1,595,700,596,-1,596,700,703,-1,596,703,598,-1,598,703,698,-1,598,698,593,-1,620,632,618,-1,618,632,641,-1,639,625,641,-1,641,625,624,-1,641,624,618,-1,631,630,639,-1,639,630,626,-1,639,626,625,-1,639,638,631,-1,631,638,637,-1,631,637,615,-1,615,637,640,-1,615,640,614,-1,614,640,636,-1,614,636,612,-1,613,601,606,-1,613,606,627,-1,627,606,605,-1,627,605,628,-1,628,605,604,-1,628,604,629,-1,629,604,609,-1,629,609,616,-1,616,609,608,-1,616,608,617,-1,607,603,610,-1,610,621,607,-1,607,621,622,-1,607,622,608,-1,608,622,623,-1,608,623,617,-1,8,704,706,-1,8,706,339,-1,339,706,708,-1,339,708,342,-1,342,708,709,-1,342,709,343,-1,343,709,712,-1,343,712,336,-1,336,712,727,-1,336,727,325,-1,325,727,725,-1,325,725,326,-1,326,725,724,-1,326,724,330,-1,330,724,723,-1,330,723,331,-1,331,723,719,-1,331,719,324,-1,324,719,721,-1,324,721,327,-1,327,721,722,-1,327,722,328,-1,328,722,720,-1,328,720,329,-1,329,720,726,-1,329,726,332,-1,332,726,714,-1,332,714,333,-1,333,714,713,-1,333,713,334,-1,334,713,707,-1,334,707,9,-1,9,707,705,-1,9,705,10,-1,8,258,704,-1,704,258,757,-1,586,755,259,-1,259,755,754,-1,259,754,254,-1,254,754,743,-1,254,743,255,-1,255,743,742,-1,255,742,256,-1,256,742,741,-1,256,741,257,-1,257,741,758,-1,257,758,258,-1,258,758,757,-1,586,13,755,-1,755,13,736,-1,263,735,737,-1,263,737,260,-1,260,737,738,-1,260,738,261,-1,261,738,746,-1,261,746,275,-1,275,746,745,-1,275,745,276,-1,276,745,744,-1,276,744,277,-1,277,744,761,-1,277,761,267,-1,267,761,760,-1,267,760,268,-1,268,760,759,-1,268,759,12,-1,12,759,736,-1,12,736,13,-1,263,264,735,-1,735,264,734,-1,265,733,269,-1,269,733,732,-1,269,732,270,-1,270,732,731,-1,270,731,271,-1,271,731,756,-1,271,756,272,-1,272,756,749,-1,272,749,273,-1,273,749,748,-1,273,748,274,-1,274,748,747,-1,274,747,264,-1,264,747,734,-1,265,284,733,-1,733,284,729,-1,299,728,752,-1,299,752,296,-1,296,752,753,-1,296,753,294,-1,294,753,764,-1,294,764,172,-1,172,764,763,-1,172,763,278,-1,278,763,767,-1,278,767,280,-1,280,767,766,-1,280,766,285,-1,285,766,765,-1,285,765,286,-1,286,765,762,-1,286,762,287,-1,287,762,751,-1,287,751,281,-1,281,751,750,-1,281,750,282,-1,282,750,730,-1,282,730,283,-1,283,730,729,-1,283,729,284,-1,299,547,728,-1,728,547,739,-1,319,717,320,-1,320,717,716,-1,320,716,321,-1,321,716,715,-1,321,715,322,-1,322,715,711,-1,322,711,323,-1,323,711,710,-1,323,710,318,-1,318,710,740,-1,318,740,547,-1,547,740,739,-1,319,11,717,-1,717,11,718,-1,11,10,718,-1,718,10,705,-1,
        ]
    }
}
Shape{
    appearance Appearance {
        material  Material 	{
            diffuseColor 0.0 0.0 0.0
            specularColor 0.0 0.0 0.0
            ambientIntensity 0.2
            transparency 0
            shininess 0.5
        }
    }
    geometry IndexedFaceSet {
        ccw TRUE
        solid FALSE
        coord DEF co Coordinate {
            point [
                3.461 0.4559 -2.3973, 3.461 0.4559 -2.4125, 3.4606 0.4559 -2.3973, 3.4606 0.4559 -2.4125, 3.461 0.4027 -2.3973, 3.4606 0.4027 -2.3973, 3.461 0.4027 -2.279, 3.4606 0.4027 -2.279, 3.461 0.3855 -2.279, 3.4606 0.3855 -2.279, 3.461 0.3855 -2.4125, 3.4606 0.3855 -2.4125, 3.461 0.5243 -2.4147, 3.4606 0.5243 -2.4147, 3.4606 0.5446 -2.4128, 3.461 0.5446 -2.4128, 3.4606 0.559 -2.4081, 3.461 0.559 -2.4081, 3.4606 0.5613 -2.407, 3.461 0.5613 -2.407, 3.461 0.5613 -2.3905, 3.4606 0.5613 -2.3905, 3.4606 0.5481 -2.3963, 3.461 0.5481 -2.3963, 3.4606 0.5331 -2.3992, 3.461 0.5331 -2.3992, 3.4606 0.5268 -2.3994, 3.461 0.5268 -2.3994, 3.4606 0.5134 -2.3978, 3.461 0.5134 -2.3978, 3.4606 0.5039 -2.3941, 3.461 0.5039 -2.3941, 3.4606 0.4951 -2.388, 3.461 0.4951 -2.388, 3.4606 0.4925 -2.3853, 3.461 0.4925 -2.3853, 3.4606 0.4869 -2.3778, 3.461 0.4869 -2.3778, 3.4606 0.4822 -2.3674, 3.461 0.4822 -2.3674, 3.4606 0.4797 -2.3545, 3.461 0.4797 -2.3545, 3.4606 0.4794 -2.3473, 3.461 0.4794 -2.3473, 3.4606 0.4816 -2.3288, 3.461 0.4816 -2.3288, 3.4606 0.4861 -2.3173, 3.461 0.4861 -2.3173, 3.4606 0.4934 -2.3072, 3.461 0.4934 -2.3072, 3.4606 0.5025 -2.2997, 3.461 0.5025 -2.2997, 3.4606 0.513 -2.2948, 3.461 0.513 -2.2948, 3.4606 0.5246 -2.2926, 3.461 0.5246 -2.2926, 3.4606 0.5298 -2.2924, 3.461 0.5298 -2.2924, 3.4606 0.5462 -2.2943, 3.461 0.5462 -2.2943, 3.4606 0.5598 -2.2995, 3.461 0.5598 -2.2995, 3.4606 0.5613 -2.3003, 3.461 0.5613 -2.3003, 3.461 0.5613 -2.2823, 3.4606 0.5613 -2.2823, 3.4606 0.5296 -2.2768, 3.461 0.5296 -2.2768, 3.461 0.5297 -2.2768, 3.4606 0.5472 -2.2782, 3.461 0.5472 -2.2782, 3.4606 0.5439 -2.2779, 3.4606 0.5297 -2.2768, 3.4606 0.5204 -2.2779, 3.461 0.5103 -2.2792, 3.4606 0.5103 -2.2792, 3.4606 0.4963 -2.2846, 3.461 0.4963 -2.2846, 3.4606 0.4838 -2.2934, 3.461 0.4838 -2.2934, 3.4606 0.4806 -2.2964, 3.461 0.4806 -2.2964, 3.4606 0.4709 -2.3091, 3.461 0.4709 -2.3091, 3.4606 0.4673 -2.3176, 3.461 0.4646 -2.3239, 3.4606 0.4646 -2.3239, 3.4606 0.4616 -2.3413, 3.461 0.4616 -2.3413, 3.4606 0.4613 -2.3483, 3.461 0.4613 -2.3483, 3.4606 0.4785 -2.3965, 3.461 0.4785 -2.3965, 3.461 0.4695 -2.384, 3.4606 0.464 -2.3702, 3.461 0.464 -2.3702, 3.4606 0.4673 -2.3786, 3.4606 0.4695 -2.384, 3.4606 0.4892 -2.4055, 3.461 0.4892 -2.4055, 3.4606 0.5018 -2.4114, 3.461 0.5018 -2.4114, 3.4606 0.5162 -2.4144, 3.461 0.5162 -2.4144, 3.461 0.6597 -2.3973, 3.461 0.6597 -2.4125, 3.4606 0.6597 -2.3973, 3.4606 0.6597 -2.4125, 3.4606 0.6052 -2.3973, 3.461 0.6052 -2.3973, 3.4606 0.6412 -2.3973, 3.461 0.6052 -2.3524, 3.4606 0.6052 -2.3524, 3.4606 0.6529 -2.3524, 3.461 0.6529 -2.3524, 3.4606 0.6412 -2.3524, 3.461 0.6529 -2.3371, 3.4606 0.6529 -2.3371, 3.4606 0.6052 -2.3371, 3.461 0.6052 -2.3371, 3.4606 0.6412 -2.3371, 3.461 0.6052 -2.2944, 3.4606 0.6052 -2.2944, 3.4606 0.6567 -2.2944, 3.461 0.6567 -2.2944, 3.4606 0.6412 -2.2944, 3.461 0.6567 -2.279, 3.4606 0.6567 -2.279, 3.4606 0.588 -2.279, 3.461 0.588 -2.279, 3.4606 0.6412 -2.279, 3.461 0.588 -2.4125, 3.4606 0.588 -2.4125, 3.4606 0.6412 -2.4125, 3.461 0.7671 -2.3763, 3.461 0.7612 -2.3834, 3.461 0.7735 -2.3938, 3.461 0.7597 -2.3847, 3.461 0.7596 -2.4038, 3.461 0.7512 -2.3907, 3.461 0.7444 -2.4097, 3.461 0.7402 -2.395, 3.461 0.7216 -2.4125, 3.461 0.7215 -2.3973, 3.461 0.6849 -2.4125, 3.461 0.7022 -2.3973, 3.461 0.6849 -2.279, 3.461 0.7022 -2.2944, 3.461 0.723 -2.279, 3.461 0.7223 -2.2944, 3.461 0.7434 -2.2813, 3.461 0.7395 -2.2963, 3.461 0.7595 -2.2872, 3.461 0.7511 -2.3005, 3.461 0.7735 -2.2967, 3.461 0.7608 -2.307, 3.461 0.7781 -2.3013, 3.461 0.7645 -2.3105, 3.461 0.7864 -2.3129, 3.461 0.7697 -2.318, 3.461 0.7913 -2.3256, 3.461 0.7735 -2.3277, 3.461 0.7936 -2.3441, 3.461 0.7755 -2.3445, 3.461 0.7932 -2.3525, 3.461 0.7748 -2.3548, 3.461 0.79 -2.3682, 3.461 0.7719 -2.3667, 3.461 0.7834 -2.382, 3.4606 0.7216 -2.4125, 3.4606 0.6849 -2.4125, 3.4606 0.7735 -2.3938, 3.4606 0.7444 -2.4097, 3.4606 0.7461 -2.4091, 3.4606 0.7596 -2.4038, 3.4606 0.7834 -2.382, 3.4606 0.79 -2.3682, 3.4606 0.7932 -2.3525, 3.4606 0.7936 -2.3441, 3.4606 0.7913 -2.3256, 3.4606 0.7864 -2.3129, 3.4606 0.7781 -2.3013, 3.4606 0.7735 -2.2967, 3.4606 0.723 -2.279, 3.4606 0.7595 -2.2872, 3.4606 0.7461 -2.2823, 3.4606 0.7434 -2.2813, 3.4606 0.6849 -2.279, 3.4606 0.7223 -2.2944, 3.4606 0.7022 -2.2944, 3.4606 0.7022 -2.3973, 3.4606 0.7215 -2.3973, 3.4606 0.7612 -2.3834, 3.4606 0.7597 -2.3847, 3.4606 0.7512 -2.3907, 3.4606 0.7402 -2.395, 3.4606 0.7755 -2.3445, 3.4606 0.7748 -2.3548, 3.4606 0.7719 -2.3667, 3.4606 0.7671 -2.3763, 3.4606 0.7608 -2.307, 3.4606 0.7645 -2.3105, 3.4606 0.7697 -2.318, 3.4606 0.7735 -2.3277, 3.4606 0.7395 -2.2963, 3.4606 0.7511 -2.3005, 3.4606 0.7511 -2.3005
            ]
        }
        coordIndex [
            0,1,2,-1,2,1,3,-1,4,0,5,-1,5,0,2,-1,6,4,7,-1,7,4,5,-1,8,6,9,-1,9,6,7,-1,10,8,11,-1,11,8,9,-1,1,10,3,-1,3,10,11,-1,6,8,4,-1,4,8,10,-1,4,10,0,-1,0,10,1,-1,12,13,14,-1,12,14,15,-1,15,14,16,-1,15,16,17,-1,17,16,18,-1,17,18,19,-1,20,19,21,-1,21,19,18,-1,20,21,22,-1,20,22,23,-1,23,22,24,-1,23,24,25,-1,25,24,26,-1,25,26,27,-1,27,26,28,-1,27,28,29,-1,29,28,30,-1,29,30,31,-1,31,30,32,-1,31,32,33,-1,33,32,34,-1,33,34,35,-1,35,34,36,-1,35,36,37,-1,37,36,38,-1,37,38,39,-1,39,38,40,-1,39,40,41,-1,41,40,42,-1,41,42,43,-1,43,42,44,-1,43,44,45,-1,45,44,46,-1,45,46,47,-1,47,46,48,-1,47,48,49,-1,49,48,50,-1,49,50,51,-1,51,50,52,-1,51,52,53,-1,53,52,54,-1,53,54,55,-1,55,54,56,-1,55,56,57,-1,57,56,58,-1,57,58,59,-1,59,58,60,-1,59,60,61,-1,61,60,62,-1,61,62,63,-1,64,63,65,-1,65,63,62,-1,66,67,68,-1,64,65,69,-1,64,69,70,-1,70,69,71,-1,70,71,68,-1,68,71,72,-1,68,72,66,-1,67,66,73,-1,67,73,74,-1,73,75,74,-1,74,75,76,-1,74,76,77,-1,77,76,78,-1,77,78,79,-1,79,78,80,-1,79,80,81,-1,81,80,82,-1,81,82,83,-1,83,82,84,-1,83,84,85,-1,84,86,85,-1,85,86,87,-1,85,87,88,-1,88,87,89,-1,88,89,90,-1,91,92,93,-1,90,89,94,-1,90,94,95,-1,95,94,96,-1,95,96,93,-1,93,96,97,-1,93,97,91,-1,92,91,98,-1,92,98,99,-1,99,98,100,-1,99,100,101,-1,101,100,102,-1,101,102,103,-1,103,102,13,-1,103,13,12,-1,61,63,64,-1,51,79,49,-1,49,79,81,-1,49,81,47,-1,47,81,83,-1,47,83,45,-1,90,43,88,-1,88,43,45,-1,88,45,85,-1,85,45,83,-1,61,64,59,-1,59,64,70,-1,59,70,57,-1,57,70,68,-1,57,68,55,-1,55,68,67,-1,55,67,53,-1,53,67,74,-1,53,74,51,-1,51,74,77,-1,51,77,79,-1,19,20,17,-1,17,20,23,-1,17,23,15,-1,15,23,25,-1,15,25,12,-1,12,25,27,-1,12,27,103,-1,103,27,29,-1,103,29,101,-1,101,29,31,-1,101,31,99,-1,99,31,33,-1,99,33,92,-1,92,33,35,-1,92,35,93,-1,93,35,37,-1,93,37,95,-1,95,37,39,-1,95,39,90,-1,90,39,41,-1,90,41,43,-1,104,105,106,-1,106,105,107,-1,108,109,110,-1,110,109,104,-1,110,104,106,-1,111,109,112,-1,112,109,108,-1,113,114,115,-1,115,114,111,-1,115,111,112,-1,116,114,117,-1,117,114,113,-1,118,119,120,-1,120,119,116,-1,120,116,117,-1,121,119,122,-1,122,119,118,-1,123,124,125,-1,125,124,121,-1,125,121,122,-1,126,124,127,-1,127,124,123,-1,128,129,130,-1,130,129,126,-1,130,126,127,-1,131,129,132,-1,132,129,128,-1,107,105,133,-1,133,105,131,-1,133,131,132,-1,131,105,104,-1,104,109,131,-1,131,109,111,-1,131,111,129,-1,124,126,121,-1,121,126,129,-1,121,129,119,-1,119,129,111,-1,119,111,116,-1,116,111,114,-1,134,135,136,-1,136,135,137,-1,136,137,138,-1,138,137,139,-1,138,139,140,-1,140,139,141,-1,140,141,142,-1,142,141,143,-1,142,143,144,-1,144,143,145,-1,144,145,146,-1,146,145,147,-1,146,147,148,-1,148,147,149,-1,148,149,150,-1,150,149,151,-1,150,151,152,-1,152,151,153,-1,152,153,154,-1,154,153,155,-1,154,155,156,-1,156,155,157,-1,156,157,158,-1,158,157,159,-1,158,159,160,-1,160,159,161,-1,160,161,162,-1,162,161,163,-1,162,163,164,-1,164,163,165,-1,164,165,166,-1,166,165,167,-1,166,167,168,-1,168,167,134,-1,168,134,136,-1,142,144,169,-1,169,144,170,-1,171,136,138,-1,142,169,172,-1,142,172,140,-1,140,172,173,-1,140,173,138,-1,138,173,174,-1,138,174,171,-1,136,171,175,-1,136,175,168,-1,168,175,176,-1,168,176,166,-1,166,176,177,-1,166,177,164,-1,164,177,178,-1,164,178,162,-1,162,178,179,-1,162,179,160,-1,160,179,180,-1,160,180,158,-1,158,180,181,-1,158,181,156,-1,156,181,182,-1,156,182,154,-1,183,148,150,-1,154,182,184,-1,154,184,152,-1,152,184,185,-1,152,185,150,-1,150,185,186,-1,150,186,183,-1,146,148,187,-1,187,148,183,-1,144,146,170,-1,170,146,187,-1,149,147,188,-1,188,147,189,-1,147,145,189,-1,189,145,190,-1,145,143,190,-1,190,143,191,-1,135,192,193,-1,135,193,137,-1,137,193,194,-1,137,194,139,-1,139,194,195,-1,139,195,141,-1,141,195,191,-1,141,191,143,-1,163,196,197,-1,163,197,165,-1,165,197,198,-1,165,198,167,-1,167,198,199,-1,167,199,134,-1,134,199,192,-1,134,192,135,-1,155,200,201,-1,155,201,157,-1,157,201,202,-1,157,202,159,-1,159,202,203,-1,159,203,161,-1,161,203,196,-1,161,196,163,-1,149,188,204,-1,149,204,151,-1,151,204,205,-1,151,205,153,-1,153,205,200,-1,153,200,155,-1,
        ]
    }
}
Shape{
    appearance Appearance {
        material  Material 	{
            diffuseColor 0.4980392156862745 1.0 0.7137254901960784
            specularColor 0.25098039215686274 0.5019607843137255 0.3568627450980392
            ambientIntensity 0.2
            transparency 0
            shininess 0.5
        }
    }
    geometry IndexedFaceSet {
        ccw TRUE
        solid FALSE
        coord DEF co Coordinate {
            point [
                3.4606 0.7597 -2.3847, 3.4606 0.7612 -2.3834, 3.4606 0.7223 -2.2944, 3.4606 0.7022 -2.2944, 3.4606 0.7022 -2.3973, 3.4606 0.7215 -2.3973, 3.4606 0.7402 -2.395, 3.4606 0.7512 -2.3907, 3.4606 0.7671 -2.3763, 3.4606 0.7719 -2.3667, 3.4606 0.7748 -2.3548, 3.4606 0.7755 -2.3445, 3.4606 0.7735 -2.3277, 3.4606 0.7697 -2.318, 3.4606 0.7645 -2.3105, 3.4606 0.7608 -2.307, 3.4606 0.7395 -2.2963, 3.4606 0.7511 -2.3005, 3.4606 0.7511 -2.3005
            ]
        }
        coordIndex [
            0,1,2,-1,3,4,2,-1,2,4,5,-1,5,6,2,-1,2,6,7,-1,2,7,0,-1,1,8,2,-1,2,8,9,-1,2,9,10,-1,10,11,2,-1,2,11,12,-1,2,12,13,-1,13,14,2,-1,2,14,15,-1,2,15,16,-1,16,15,17,-1,
        ]
    }
}
Shape{
    appearance Appearance {
        material  Material 	{
            diffuseColor 0.0 0.0 0.0
            specularColor 0.0 0.0 0.0
            ambientIntensity 0.2
            transparency 0
            shininess 0.5
        }
    }
    geometry IndexedFaceSet {
        ccw TRUE
        solid FALSE
        coord DEF co Coordinate {
            point [
                3.461 0.8383 -2.3609, 3.461 0.8329 -2.376, 3.461 0.8831 -2.3609, 3.461 0.8884 -2.376, 3.461 0.8583 -2.3055, 3.461 0.8518 -2.279, 3.461 0.801 -2.4125, 3.461 0.82 -2.4125, 3.461 0.8594 -2.3015, 3.461 0.8605 -2.2961, 3.461 0.8702 -2.279, 3.461 0.8609 -2.2961, 3.461 0.8619 -2.3018, 3.461 0.8629 -2.3055, 3.461 0.9211 -2.4125, 3.461 0.902 -2.4125, 3.4606 0.8702 -2.279, 3.4606 0.9211 -2.4125, 3.4606 0.8518 -2.279, 3.4606 0.801 -2.4125, 3.4606 0.8395 -2.3115, 3.4606 0.82 -2.4125, 3.4606 0.8329 -2.376, 3.4606 0.8884 -2.376, 3.4606 0.8395 -2.376, 3.4606 0.902 -2.4125, 3.4606 0.8383 -2.3609, 3.4606 0.8831 -2.3609, 3.4606 0.8629 -2.3055, 3.4606 0.8609 -2.2961, 3.4606 0.8619 -2.3018, 3.4606 0.8605 -2.2961, 3.4606 0.8583 -2.3055, 3.4606 0.8594 -2.3015, 3.4606 0.8594 -2.3015
            ]
        }
        coordIndex [
            0,1,2,-1,2,1,3,-1,4,5,0,-1,0,5,6,-1,0,6,1,-1,1,6,7,-1,4,8,5,-1,5,8,9,-1,5,9,10,-1,10,9,11,-1,10,11,12,-1,12,13,10,-1,10,13,2,-1,10,2,14,-1,14,2,3,-1,14,3,15,-1,10,14,16,-1,16,14,17,-1,5,10,18,-1,18,10,16,-1,19,6,20,-1,20,6,5,-1,20,5,18,-1,7,6,21,-1,21,6,19,-1,1,7,22,-1,22,7,21,-1,23,3,24,-1,24,3,1,-1,24,1,22,-1,15,3,25,-1,25,3,23,-1,14,15,17,-1,17,15,25,-1,0,2,26,-1,26,2,27,-1,2,13,27,-1,27,13,28,-1,11,29,30,-1,11,30,12,-1,12,30,28,-1,12,28,13,-1,11,9,29,-1,29,9,31,-1,4,32,33,-1,4,33,8,-1,8,33,31,-1,8,31,9,-1,4,0,32,-1,32,0,26,-1,
        ]
    }
}
Shape{
    appearance Appearance {
        material  Material 	{
            diffuseColor 0.4980392156862745 1.0 0.7137254901960784
            specularColor 0.25098039215686274 0.5019607843137255 0.3568627450980392
            ambientIntensity 0.2
            transparency 0
            shininess 0.5
        }
    }
    geometry IndexedFaceSet {
        ccw TRUE
        solid FALSE
        coord DEF co Coordinate {
            point [
                3.4606 0.8609 -2.2961, 3.4606 0.8605 -2.2961, 3.4606 0.8619 -2.3018, 3.4606 0.8594 -2.3015, 3.4606 0.8629 -2.3055, 3.4606 0.8583 -2.3055, 3.4606 0.8831 -2.3609, 3.4606 0.8383 -2.3609, 3.4606 0.8383 -2.3609
            ]
        }
        coordIndex [
            0,1,2,-1,2,1,3,-1,2,3,4,-1,4,3,5,-1,4,5,6,-1,6,5,7,-1,
        ]
    }
}
Shape{
    appearance Appearance {
        material  Material 	{
            diffuseColor 0.0 0.0 0.0
            specularColor 0.0 0.0 0.0
            ambientIntensity 0.2
            transparency 0
            shininess 0.5
        }
    }
    geometry IndexedFaceSet {
        ccw TRUE
        solid FALSE
        coord DEF co Coordinate {
            point [
                3.461 0.4573 -2.609, 3.461 0.4573 -2.6242, 3.4606 0.4573 -2.609, 3.4606 0.4573 -2.6242, 3.461 0.4027 -2.609, 3.4606 0.4027 -2.609, 3.461 0.4027 -2.5641, 3.4606 0.4027 -2.5641, 3.461 0.4505 -2.5641, 3.4606 0.4505 -2.5641, 3.461 0.4505 -2.5488, 3.4606 0.4505 -2.5488, 3.461 0.4027 -2.5488, 3.4606 0.4027 -2.5488, 3.461 0.4027 -2.5061, 3.4606 0.4027 -2.5061, 3.461 0.4542 -2.5061, 3.4606 0.4542 -2.5061, 3.461 0.4542 -2.4908, 3.4606 0.4542 -2.4908, 3.461 0.3855 -2.4908, 3.4606 0.3855 -2.4908, 3.461 0.3855 -2.6242, 3.4606 0.3855 -2.6242, 3.461 0.5327 -2.6095, 3.461 0.5331 -2.6095, 3.461 0.532 -2.5941, 3.461 0.4965 -2.5838, 3.461 0.5003 -2.5819, 3.461 0.491 -2.5712, 3.461 0.5331 -2.5866, 3.461 0.5499 -2.5629, 3.461 0.5331 -2.5855, 3.461 0.5331 -2.5764, 3.461 0.5331 -2.6242, 3.461 0.5499 -2.6242, 3.461 0.527 -2.528, 3.461 0.5234 -2.5422, 3.461 0.5337 -2.5303, 3.461 0.5264 -2.5442, 3.461 0.5296 -2.6, 3.461 0.526 -2.605, 3.461 0.5299 -2.6137, 3.461 0.5239 -2.607, 3.461 0.5246 -2.6193, 3.461 0.5192 -2.6102, 3.461 0.519 -2.623, 3.461 0.5141 -2.612, 3.461 0.5122 -2.6255, 3.461 0.5078 -2.6127, 3.461 0.5035 -2.6265, 3.461 0.5022 -2.6121, 3.461 0.4935 -2.6253, 3.461 0.4984 -2.6107, 3.461 0.4871 -2.6229, 3.461 0.4951 -2.6084, 3.461 0.4815 -2.6189, 3.461 0.4936 -2.607, 3.461 0.5049 -2.5676, 3.461 0.5108 -2.5794, 3.461 0.5331 -2.5636, 3.461 0.4826 -2.5356, 3.461 0.4826 -2.5518, 3.461 0.486 -2.5336, 3.461 0.4941 -2.5446, 3.461 0.4984 -2.5288, 3.461 0.5046 -2.5412, 3.461 0.5154 -2.5267, 3.461 0.5138 -2.5403, 3.461 0.5195 -2.5409, 3.461 0.5326 -2.5563, 3.461 0.5482 -2.5488, 3.461 0.5308 -2.5503, 3.461 0.5455 -2.5416, 3.461 0.5289 -2.5469, 3.461 0.5419 -2.5365, 3.461 0.539 -2.5337, 3.461 0.4947 -2.5852, 3.461 0.4843 -2.5749, 3.461 0.4927 -2.5877, 3.461 0.4795 -2.5794, 3.461 0.4912 -2.5908, 3.461 0.476 -2.5848, 3.461 0.4904 -2.5947, 3.461 0.474 -2.591, 3.461 0.4902 -2.5973, 3.461 0.4733 -2.5987, 3.461 0.4907 -2.6012, 3.461 0.4742 -2.6069, 3.461 0.4917 -2.6042, 3.461 0.4764 -2.6124, 3.461 0.4799 -2.6174, 3.4606 0.5154 -2.5267, 3.4606 0.4984 -2.5288, 3.4606 0.486 -2.5336, 3.4606 0.4826 -2.5356, 3.4606 0.4826 -2.5518, 3.4606 0.4941 -2.5446, 3.4606 0.5046 -2.5412, 3.4606 0.5138 -2.5403, 3.4606 0.5195 -2.5409, 3.4606 0.5234 -2.5422, 3.4606 0.5264 -2.5442, 3.4606 0.5289 -2.5469, 3.4606 0.5308 -2.5503, 3.4606 0.5326 -2.5563, 3.4606 0.5331 -2.5636, 3.4606 0.5049 -2.5676, 3.4606 0.491 -2.5712, 3.4606 0.4843 -2.5749, 3.4606 0.4795 -2.5794, 3.4606 0.476 -2.5848, 3.4606 0.474 -2.591, 3.4606 0.4733 -2.5987, 3.4606 0.4742 -2.6069, 3.4606 0.4764 -2.6124, 3.4606 0.4799 -2.6174, 3.4606 0.4815 -2.6189, 3.4606 0.5035 -2.6265, 3.4606 0.4938 -2.6253, 3.4606 0.4935 -2.6253, 3.4606 0.4871 -2.6229, 3.4606 0.5122 -2.6255, 3.4606 0.5126 -2.6253, 3.4606 0.519 -2.623, 3.4606 0.5246 -2.6193, 3.4606 0.5299 -2.6137, 3.4606 0.5327 -2.6095, 3.4606 0.5331 -2.6095, 3.4606 0.5331 -2.6242, 3.4606 0.5499 -2.6242, 3.4606 0.5499 -2.5629, 3.4606 0.5482 -2.5488, 3.4606 0.5455 -2.5416, 3.4606 0.5419 -2.5365, 3.4606 0.539 -2.5337, 3.4606 0.5337 -2.5303, 3.4606 0.527 -2.528, 3.4606 0.4947 -2.5852, 3.4606 0.4965 -2.5838, 3.4606 0.5003 -2.5819, 3.4606 0.5108 -2.5794, 3.4606 0.4902 -2.5973, 3.4606 0.4904 -2.5947, 3.4606 0.4912 -2.5908, 3.4606 0.4927 -2.5877, 3.4606 0.4951 -2.6084, 3.4606 0.4936 -2.607, 3.4606 0.4917 -2.6042, 3.4606 0.4907 -2.6012, 3.4606 0.5078 -2.6127, 3.4606 0.5022 -2.6121, 3.4606 0.4984 -2.6107, 3.4606 0.526 -2.605, 3.4606 0.5239 -2.607, 3.4606 0.5192 -2.6102, 3.4606 0.5141 -2.612, 3.4606 0.5331 -2.5855, 3.4606 0.5331 -2.5866, 3.4606 0.532 -2.5941, 3.4606 0.5296 -2.6, 3.4606 0.5331 -2.5764, 3.4606 0.5331 -2.5764
            ]
        }
        coordIndex [
            0,1,2,-1,2,1,3,-1,4,0,5,-1,5,0,2,-1,6,4,7,-1,7,4,5,-1,8,6,9,-1,9,6,7,-1,10,8,11,-1,11,8,9,-1,12,10,13,-1,13,10,11,-1,14,12,15,-1,15,12,13,-1,16,14,17,-1,17,14,15,-1,18,16,19,-1,19,16,17,-1,20,18,21,-1,21,18,19,-1,22,20,23,-1,23,20,21,-1,1,22,3,-1,3,22,23,-1,22,1,0,-1,0,4,22,-1,22,4,6,-1,22,6,20,-1,16,18,14,-1,14,18,20,-1,14,20,12,-1,12,20,6,-1,12,6,10,-1,10,6,8,-1,24,25,26,-1,27,28,29,-1,30,31,32,-1,32,31,33,-1,34,35,25,-1,25,35,31,-1,25,31,26,-1,26,31,30,-1,36,37,38,-1,38,37,39,-1,26,40,24,-1,24,40,41,-1,24,41,42,-1,42,41,43,-1,42,43,44,-1,44,43,45,-1,44,45,46,-1,46,45,47,-1,46,47,48,-1,48,47,49,-1,48,49,50,-1,50,49,51,-1,50,51,52,-1,52,51,53,-1,52,53,54,-1,54,53,55,-1,54,55,56,-1,56,55,57,-1,29,28,58,-1,58,28,59,-1,58,59,60,-1,61,62,63,-1,63,62,64,-1,63,64,65,-1,65,64,66,-1,65,66,67,-1,67,66,68,-1,67,68,36,-1,36,68,69,-1,36,69,37,-1,59,33,60,-1,60,33,31,-1,60,31,70,-1,70,31,71,-1,70,71,72,-1,72,71,73,-1,72,73,74,-1,74,73,75,-1,74,75,39,-1,39,75,76,-1,39,76,38,-1,27,29,77,-1,77,29,78,-1,77,78,79,-1,79,78,80,-1,79,80,81,-1,81,80,82,-1,81,82,83,-1,83,82,84,-1,83,84,85,-1,85,84,86,-1,85,86,87,-1,87,86,88,-1,87,88,89,-1,89,88,90,-1,89,90,57,-1,57,90,91,-1,57,91,56,-1,67,92,93,-1,67,93,65,-1,65,93,94,-1,65,94,63,-1,63,94,95,-1,63,95,61,-1,62,61,96,-1,96,61,95,-1,62,96,97,-1,62,97,64,-1,64,97,98,-1,64,98,66,-1,66,98,99,-1,66,99,68,-1,68,99,100,-1,68,100,69,-1,69,100,101,-1,69,101,37,-1,37,101,102,-1,37,102,39,-1,39,102,103,-1,39,103,74,-1,74,103,104,-1,74,104,72,-1,72,104,105,-1,72,105,70,-1,70,105,106,-1,70,106,60,-1,58,60,107,-1,107,60,106,-1,58,107,108,-1,58,108,29,-1,29,108,109,-1,29,109,78,-1,78,109,110,-1,78,110,80,-1,80,110,111,-1,80,111,82,-1,82,111,112,-1,82,112,84,-1,84,112,113,-1,84,113,86,-1,86,113,114,-1,86,114,88,-1,88,114,115,-1,88,115,90,-1,90,115,116,-1,90,116,91,-1,91,116,117,-1,91,117,56,-1,118,50,119,-1,119,50,52,-1,119,52,120,-1,120,52,54,-1,120,54,121,-1,121,54,56,-1,121,56,117,-1,50,118,122,-1,50,122,48,-1,48,122,123,-1,48,123,46,-1,123,124,46,-1,46,124,125,-1,46,125,44,-1,44,125,126,-1,44,126,42,-1,42,126,127,-1,42,127,24,-1,25,24,128,-1,128,24,127,-1,34,25,129,-1,129,25,128,-1,35,34,130,-1,130,34,129,-1,31,35,131,-1,131,35,130,-1,31,131,132,-1,31,132,71,-1,71,132,133,-1,71,133,73,-1,73,133,134,-1,73,134,75,-1,75,134,135,-1,75,135,76,-1,76,135,136,-1,76,136,38,-1,38,136,137,-1,38,137,36,-1,36,137,92,-1,36,92,67,-1,77,138,139,-1,77,139,27,-1,27,139,140,-1,27,140,28,-1,28,140,141,-1,28,141,59,-1,85,142,143,-1,85,143,83,-1,83,143,144,-1,83,144,81,-1,81,144,145,-1,81,145,79,-1,79,145,138,-1,79,138,77,-1,55,146,147,-1,55,147,57,-1,57,147,148,-1,57,148,89,-1,89,148,149,-1,89,149,87,-1,87,149,142,-1,87,142,85,-1,49,150,151,-1,49,151,51,-1,51,151,152,-1,51,152,53,-1,53,152,146,-1,53,146,55,-1,41,153,154,-1,41,154,43,-1,43,154,155,-1,43,155,45,-1,45,155,156,-1,45,156,47,-1,47,156,150,-1,47,150,49,-1,32,157,158,-1,32,158,30,-1,30,158,159,-1,30,159,26,-1,26,159,160,-1,26,160,40,-1,40,160,153,-1,40,153,41,-1,32,33,157,-1,157,33,161,-1,33,59,161,-1,161,59,141,-1,
        ]
    }
}
Shape{
    appearance Appearance {
        material  Material 	{
            diffuseColor 0.4980392156862745 1.0 0.7137254901960784
            specularColor 0.25098039215686274 0.5019607843137255 0.3568627450980392
            ambientIntensity 0.2
            transparency 0
            shininess 0.5
        }
    }
    geometry IndexedFaceSet {
        ccw TRUE
        solid FALSE
        coord DEF co Coordinate {
            point [
                3.4606 0.5331 -2.5866, 3.4606 0.5331 -2.5855, 3.4606 0.4947 -2.5852, 3.4606 0.5331 -2.5764, 3.4606 0.5108 -2.5794, 3.4606 0.5003 -2.5819, 3.4606 0.4965 -2.5838, 3.4606 0.532 -2.5941, 3.4606 0.4927 -2.5877, 3.4606 0.5296 -2.6, 3.4606 0.4936 -2.607, 3.4606 0.4951 -2.6084, 3.4606 0.5239 -2.607, 3.4606 0.4917 -2.6042, 3.4606 0.5192 -2.6102, 3.4606 0.5141 -2.612, 3.4606 0.5078 -2.6127, 3.4606 0.4912 -2.5908, 3.4606 0.4904 -2.5947, 3.4606 0.526 -2.605, 3.4606 0.4902 -2.5973, 3.4606 0.4907 -2.6012, 3.4606 0.4984 -2.6107, 3.4606 0.5022 -2.6121, 3.4606 0.5022 -2.6121
            ]
        }
        coordIndex [
            0,1,2,-1,1,3,4,-1,4,5,1,-1,1,5,6,-1,1,6,2,-1,0,2,7,-1,7,2,8,-1,7,8,9,-1,10,11,12,-1,10,12,13,-1,14,12,15,-1,15,12,16,-1,8,17,9,-1,9,17,18,-1,9,18,19,-1,19,18,20,-1,19,20,12,-1,12,20,21,-1,12,21,13,-1,11,22,12,-1,12,22,23,-1,12,23,16,-1,
        ]
    }
}
Shape{
    appearance Appearance {
        material  Material 	{
            diffuseColor 0.0 0.0 0.0
            specularColor 0.0 0.0 0.0
            ambientIntensity 0.2
            transparency 0
            shininess 0.5
        }
    }
    geometry IndexedFaceSet {
        ccw TRUE
        solid FALSE
        coord DEF co Coordinate {
            point [
                3.4606 0.5725 -2.6036, 3.461 0.5725 -2.6036, 3.461 0.5801 -2.6082, 3.461 0.6 -2.6128, 3.4606 0.6 -2.6128, 3.4606 0.5906 -2.6118, 3.461 0.5906 -2.6118, 3.4606 0.5802 -2.6082, 3.4606 0.5801 -2.6082, 3.461 0.5725 -2.6209, 3.4606 0.5725 -2.6209, 3.461 0.5843 -2.625, 3.4606 0.5802 -2.6236, 3.4606 0.5984 -2.6265, 3.461 0.5984 -2.6265, 3.4606 0.5875 -2.6253, 3.4606 0.5843 -2.625, 3.461 0.6135 -2.6247, 3.4606 0.6078 -2.6253, 3.4606 0.6135 -2.6247, 3.4606 0.6223 -2.6213, 3.461 0.6223 -2.6213, 3.4606 0.6261 -2.6189, 3.461 0.6261 -2.6189, 3.4606 0.6309 -2.6147, 3.461 0.6309 -2.6147, 3.4606 0.634 -2.6103, 3.461 0.634 -2.6103, 3.4606 0.6361 -2.605, 3.461 0.6361 -2.605, 3.4606 0.6369 -2.5983, 3.461 0.6369 -2.5983, 3.4606 0.6362 -2.592, 3.461 0.6362 -2.592, 3.4606 0.6344 -2.5871, 3.461 0.6344 -2.5871, 3.4606 0.6313 -2.5825, 3.461 0.6313 -2.5825, 3.4606 0.6273 -2.579, 3.461 0.6273 -2.579, 3.4606 0.6162 -2.5728, 3.461 0.6162 -2.5728, 3.4606 0.6097 -2.5702, 3.461 0.6097 -2.5702, 3.4606 0.5994 -2.5657, 3.461 0.5994 -2.5657, 3.4606 0.5935 -2.562, 3.461 0.5935 -2.562, 3.4606 0.5919 -2.5602, 3.461 0.5919 -2.5602, 3.4606 0.5907 -2.5579, 3.461 0.5907 -2.5579, 3.4606 0.59 -2.5553, 3.461 0.59 -2.5553, 3.4606 0.5898 -2.5531, 3.461 0.5898 -2.5531, 3.4606 0.5901 -2.5504, 3.461 0.5901 -2.5504, 3.4606 0.591 -2.5482, 3.461 0.591 -2.5482, 3.4606 0.5924 -2.5461, 3.461 0.5924 -2.5461, 3.4606 0.5949 -2.5438, 3.461 0.5949 -2.5438, 3.4606 0.5987 -2.5418, 3.461 0.5987 -2.5418, 3.4606 0.6031 -2.5407, 3.461 0.6031 -2.5407, 3.4606 0.6081 -2.5403, 3.461 0.6081 -2.5403, 3.4606 0.6197 -2.5417, 3.461 0.6197 -2.5417, 3.4606 0.6292 -2.5454, 3.461 0.6292 -2.5454, 3.4606 0.6323 -2.5472, 3.461 0.6323 -2.5472, 3.461 0.6323 -2.5309, 3.4606 0.6323 -2.5309, 3.4606 0.6215 -2.5277, 3.461 0.6215 -2.5277, 3.4606 0.6097 -2.5267, 3.461 0.6097 -2.5267, 3.4606 0.5964 -2.5283, 3.461 0.5964 -2.5283, 3.4606 0.5874 -2.5318, 3.461 0.5874 -2.5318, 3.4606 0.5833 -2.5343, 3.461 0.5833 -2.5343, 3.461 0.5783 -2.5388, 3.4606 0.5802 -2.5371, 3.4606 0.5783 -2.5388, 3.4606 0.5752 -2.5433, 3.461 0.5752 -2.5433, 3.4606 0.5733 -2.5487, 3.461 0.5733 -2.5487, 3.4606 0.5726 -2.5546, 3.461 0.5726 -2.5546, 3.4606 0.5733 -2.5611, 3.461 0.5733 -2.5611, 3.4606 0.5752 -2.5662, 3.461 0.5752 -2.5662, 3.4606 0.5774 -2.5697, 3.461 0.5774 -2.5697, 3.4606 0.5979 -2.5823, 3.461 0.5979 -2.5823, 3.461 0.588 -2.5777, 3.4606 0.5801 -2.5725, 3.461 0.5801 -2.5725, 3.4606 0.5802 -2.5726, 3.4606 0.588 -2.5777, 3.4606 0.6089 -2.5869, 3.461 0.6089 -2.5869, 3.4606 0.6154 -2.5908, 3.461 0.6154 -2.5908, 3.4606 0.6175 -2.593, 3.461 0.6175 -2.593, 3.4606 0.6188 -2.5952, 3.461 0.6188 -2.5952, 3.4606 0.6196 -2.5978, 3.461 0.6196 -2.5978, 3.4606 0.6197 -2.5999, 3.461 0.6197 -2.5999, 3.4606 0.6194 -2.6031, 3.461 0.6194 -2.6031, 3.4606 0.6185 -2.6055, 3.461 0.6185 -2.6055, 3.4606 0.6171 -2.6076, 3.461 0.6171 -2.6076, 3.4606 0.6151 -2.6093, 3.461 0.6151 -2.6093, 3.4606 0.6136 -2.6103, 3.461 0.6136 -2.6103, 3.4606 0.6093 -2.6118, 3.461 0.6093 -2.6118, 3.4606 0.6007 -2.6128, 3.461 0.6007 -2.6128, 3.461 0.7197 -2.5289, 3.461 0.7371 -2.5289, 3.4606 0.7197 -2.5289, 3.4606 0.7371 -2.5289, 3.461 0.6937 -2.6007, 3.4606 0.6937 -2.6007, 3.4606 0.6924 -2.6051, 3.461 0.6924 -2.6051, 3.4606 0.6917 -2.6084, 3.461 0.6917 -2.6084, 3.461 0.6912 -2.6084, 3.4606 0.6912 -2.6084, 3.461 0.6892 -2.6005, 3.4606 0.6892 -2.6005, 3.4606 0.6643 -2.5289, 3.461 0.6643 -2.5289, 3.4606 0.6723 -2.5521, 3.461 0.6456 -2.5289, 3.4606 0.6456 -2.5289, 3.4606 0.683 -2.624, 3.461 0.683 -2.624, 3.4606 0.6723 -2.597, 3.4606 0.6756 -2.6413, 3.461 0.6756 -2.6413, 3.4606 0.6824 -2.6253, 3.4606 0.6723 -2.6473, 3.461 0.6722 -2.6475, 3.4606 0.6722 -2.6475, 3.4606 0.6691 -2.6509, 3.461 0.6691 -2.6509, 3.4606 0.6666 -2.6527, 3.461 0.6666 -2.6527, 3.4606 0.663 -2.6542, 3.461 0.663 -2.6542, 3.4606 0.6585 -2.6548, 3.461 0.6585 -2.6548, 3.4606 0.6524 -2.654, 3.461 0.6524 -2.654, 3.4606 0.649 -2.6529, 3.461 0.649 -2.6529, 3.461 0.649 -2.6677, 3.4606 0.649 -2.6677, 3.4606 0.6561 -2.669, 3.461 0.6561 -2.669, 3.4606 0.6598 -2.6691, 3.461 0.6598 -2.6691, 3.4606 0.6666 -2.6683, 3.4606 0.6723 -2.6661, 3.461 0.6732 -2.6658, 3.461 0.6666 -2.6683, 3.4606 0.6732 -2.6658, 3.4606 0.679 -2.6617, 3.461 0.679 -2.6617, 3.4606 0.6801 -2.6607, 3.461 0.6801 -2.6607, 3.4606 0.6862 -2.6533, 3.461 0.6862 -2.6533, 3.4606 0.6938 -2.6386, 3.461 0.6938 -2.6386, 3.4606 0.699 -2.6253, 3.461 0.8269 -2.609, 3.461 0.8269 -2.6242, 3.4606 0.8269 -2.609, 3.4606 0.8269 -2.6242, 3.4606 0.7723 -2.609, 3.461 0.7723 -2.609, 3.4606 0.7973 -2.609, 3.461 0.7723 -2.5641, 3.4606 0.7723 -2.5641, 3.4606 0.82 -2.5641, 3.461 0.82 -2.5641, 3.4606 0.7973 -2.5641, 3.461 0.82 -2.5488, 3.4606 0.82 -2.5488, 3.4606 0.7723 -2.5488, 3.461 0.7723 -2.5488, 3.4606 0.7973 -2.5488, 3.461 0.7723 -2.5061, 3.4606 0.7723 -2.5061, 3.4606 0.8238 -2.5061, 3.461 0.8238 -2.5061, 3.4606 0.7973 -2.5061, 3.461 0.8238 -2.4908, 3.4606 0.8238 -2.4908, 3.4606 0.7551 -2.4908, 3.461 0.7551 -2.4908, 3.4606 0.7973 -2.4908, 3.461 0.7551 -2.6242, 3.4606 0.7551 -2.6242, 3.4606 0.7973 -2.6242, 3.461 0.9342 -2.588, 3.461 0.9283 -2.5951, 3.461 0.9406 -2.6055, 3.461 0.9269 -2.5964, 3.461 0.9267 -2.6155, 3.461 0.9183 -2.6024, 3.461 0.9115 -2.6214, 3.461 0.9073 -2.6067, 3.461 0.8888 -2.6242, 3.461 0.8887 -2.609, 3.461 0.8521 -2.6242, 3.461 0.8693 -2.609, 3.461 0.8521 -2.4908, 3.461 0.8693 -2.5061, 3.461 0.8901 -2.4908, 3.461 0.8894 -2.5061, 3.461 0.9105 -2.493, 3.461 0.9066 -2.508, 3.461 0.9266 -2.4989, 3.461 0.9182 -2.5122, 3.461 0.9406 -2.5084, 3.461 0.928 -2.5187, 3.461 0.9452 -2.513, 3.461 0.9316 -2.5222, 3.461 0.9535 -2.5246, 3.461 0.9368 -2.5297, 3.461 0.9585 -2.5373, 3.461 0.9406 -2.5394, 3.461 0.9607 -2.5558, 3.461 0.9426 -2.5562, 3.461 0.9603 -2.5643, 3.461 0.9419 -2.5665, 3.461 0.9571 -2.5799, 3.461 0.9391 -2.5784, 3.461 0.9505 -2.5937, 3.4606 0.8888 -2.6242, 3.4606 0.8521 -2.6242, 3.4606 0.9115 -2.6214, 3.4606 0.9267 -2.6155, 3.4606 0.9406 -2.6055, 3.4606 0.9505 -2.5937, 3.4606 0.9571 -2.5799, 3.4606 0.9603 -2.5643, 3.4606 0.9607 -2.5558, 3.4606 0.9585 -2.5373, 3.4606 0.9535 -2.5246, 3.4606 0.9452 -2.513, 3.4606 0.9406 -2.5084, 3.4606 0.9266 -2.4989, 3.4606 0.9105 -2.493, 3.4606 0.8901 -2.4908, 3.4606 0.8521 -2.4908, 3.4606 0.8894 -2.5061, 3.4606 0.8693 -2.5061, 3.4606 0.8693 -2.609, 3.4606 0.8887 -2.609, 3.4606 0.9283 -2.5951, 3.4606 0.9269 -2.5964, 3.4606 0.9183 -2.6024, 3.4606 0.9073 -2.6067, 3.4606 0.9426 -2.5562, 3.4606 0.9419 -2.5665, 3.4606 0.9391 -2.5784, 3.4606 0.9342 -2.588, 3.4606 0.928 -2.5187, 3.4606 0.9316 -2.5222, 3.4606 0.9368 -2.5297, 3.4606 0.9406 -2.5394, 3.4606 0.9066 -2.508, 3.4606 0.9182 -2.5122, 3.4606 0.9182 -2.5122
            ]
        }
        coordIndex [
            0,1,2,-1,3,4,5,-1,3,5,6,-1,6,5,7,-1,6,7,2,-1,2,7,8,-1,2,8,0,-1,9,1,10,-1,10,1,0,-1,11,9,12,-1,12,9,10,-1,13,14,15,-1,15,14,11,-1,15,11,16,-1,16,11,12,-1,17,14,18,-1,18,14,13,-1,18,19,17,-1,17,19,20,-1,17,20,21,-1,21,20,22,-1,21,22,23,-1,23,22,24,-1,23,24,25,-1,25,24,26,-1,25,26,27,-1,27,26,28,-1,27,28,29,-1,29,28,30,-1,29,30,31,-1,31,30,32,-1,31,32,33,-1,33,32,34,-1,33,34,35,-1,35,34,36,-1,35,36,37,-1,37,36,38,-1,37,38,39,-1,39,38,40,-1,39,40,41,-1,41,40,42,-1,41,42,43,-1,43,42,44,-1,43,44,45,-1,45,44,46,-1,45,46,47,-1,47,46,48,-1,47,48,49,-1,49,48,50,-1,49,50,51,-1,51,50,52,-1,51,52,53,-1,53,52,54,-1,53,54,55,-1,55,54,56,-1,55,56,57,-1,57,56,58,-1,57,58,59,-1,59,58,60,-1,59,60,61,-1,61,60,62,-1,61,62,63,-1,63,62,64,-1,63,64,65,-1,65,64,66,-1,65,66,67,-1,67,66,68,-1,67,68,69,-1,69,68,70,-1,69,70,71,-1,71,70,72,-1,71,72,73,-1,73,72,74,-1,73,74,75,-1,76,75,77,-1,77,75,74,-1,76,77,78,-1,76,78,79,-1,79,78,80,-1,79,80,81,-1,81,80,82,-1,81,82,83,-1,83,82,84,-1,83,84,85,-1,85,84,86,-1,85,86,87,-1,88,87,89,-1,89,87,86,-1,89,90,88,-1,88,90,91,-1,88,91,92,-1,92,91,93,-1,92,93,94,-1,94,93,95,-1,94,95,96,-1,96,95,97,-1,96,97,98,-1,98,97,99,-1,98,99,100,-1,100,99,101,-1,100,101,102,-1,103,104,105,-1,102,101,106,-1,102,106,107,-1,107,106,108,-1,107,108,105,-1,105,108,109,-1,105,109,103,-1,104,103,110,-1,104,110,111,-1,111,110,112,-1,111,112,113,-1,113,112,114,-1,113,114,115,-1,115,114,116,-1,115,116,117,-1,117,116,118,-1,117,118,119,-1,119,118,120,-1,119,120,121,-1,121,120,122,-1,121,122,123,-1,123,122,124,-1,123,124,125,-1,125,124,126,-1,125,126,127,-1,127,126,128,-1,127,128,129,-1,129,128,130,-1,129,130,131,-1,131,130,132,-1,131,132,133,-1,133,132,134,-1,133,134,135,-1,135,134,4,-1,135,4,3,-1,61,63,85,-1,85,63,83,-1,111,43,104,-1,104,43,45,-1,21,23,127,-1,127,23,25,-1,127,25,125,-1,125,25,27,-1,125,27,123,-1,123,27,29,-1,123,29,121,-1,121,29,31,-1,121,31,119,-1,119,31,33,-1,119,33,117,-1,117,33,35,-1,117,35,115,-1,115,35,37,-1,115,37,113,-1,113,37,39,-1,113,39,111,-1,111,39,41,-1,111,41,43,-1,14,3,11,-1,11,3,6,-1,11,6,9,-1,9,6,2,-1,9,2,1,-1,63,65,83,-1,83,65,67,-1,83,67,81,-1,81,67,69,-1,81,69,79,-1,79,69,71,-1,79,71,76,-1,76,71,73,-1,76,73,75,-1,127,129,21,-1,21,129,131,-1,21,131,17,-1,17,131,133,-1,17,133,14,-1,14,133,135,-1,14,135,3,-1,85,87,61,-1,61,87,88,-1,61,88,59,-1,59,88,92,-1,59,92,57,-1,57,92,94,-1,57,94,55,-1,55,94,96,-1,55,96,53,-1,53,96,98,-1,53,98,51,-1,51,98,100,-1,51,100,49,-1,49,100,102,-1,49,102,47,-1,47,102,107,-1,47,107,45,-1,45,107,105,-1,45,105,104,-1,136,137,138,-1,138,137,139,-1,140,136,141,-1,141,136,138,-1,140,141,142,-1,140,142,143,-1,143,142,144,-1,143,144,145,-1,146,145,147,-1,147,145,144,-1,148,146,149,-1,149,146,147,-1,150,151,152,-1,152,151,148,-1,152,148,149,-1,153,151,154,-1,154,151,150,-1,155,156,157,-1,157,156,153,-1,157,153,154,-1,158,159,160,-1,160,159,156,-1,160,156,155,-1,158,161,159,-1,159,161,162,-1,161,163,162,-1,162,163,164,-1,162,164,165,-1,165,164,166,-1,165,166,167,-1,167,166,168,-1,167,168,169,-1,169,168,170,-1,169,170,171,-1,171,170,172,-1,171,172,173,-1,173,172,174,-1,173,174,175,-1,176,175,177,-1,177,175,174,-1,176,177,178,-1,176,178,179,-1,179,178,180,-1,179,180,181,-1,181,180,182,-1,183,184,182,-1,182,184,185,-1,182,185,181,-1,183,186,184,-1,184,186,187,-1,184,187,188,-1,188,187,189,-1,188,189,190,-1,190,189,191,-1,190,191,192,-1,192,191,193,-1,192,193,194,-1,139,137,195,-1,195,137,194,-1,195,194,193,-1,143,145,194,-1,137,136,194,-1,194,136,140,-1,194,140,143,-1,151,153,148,-1,148,153,156,-1,148,156,146,-1,175,176,173,-1,173,176,179,-1,173,179,171,-1,171,179,181,-1,171,181,169,-1,169,181,185,-1,169,185,167,-1,167,185,184,-1,167,184,165,-1,145,146,194,-1,194,146,156,-1,194,156,192,-1,156,159,192,-1,192,159,162,-1,192,162,190,-1,190,162,165,-1,190,165,188,-1,188,165,184,-1,196,197,198,-1,198,197,199,-1,200,201,202,-1,202,201,196,-1,202,196,198,-1,203,201,204,-1,204,201,200,-1,205,206,207,-1,207,206,203,-1,207,203,204,-1,208,206,209,-1,209,206,205,-1,210,211,212,-1,212,211,208,-1,212,208,209,-1,213,211,214,-1,214,211,210,-1,215,216,217,-1,217,216,213,-1,217,213,214,-1,218,216,219,-1,219,216,215,-1,220,221,222,-1,222,221,218,-1,222,218,219,-1,223,221,224,-1,224,221,220,-1,199,197,225,-1,225,197,223,-1,225,223,224,-1,197,196,223,-1,223,196,201,-1,206,208,203,-1,203,208,211,-1,216,218,213,-1,213,218,221,-1,213,221,211,-1,211,221,223,-1,211,223,203,-1,203,223,201,-1,226,227,228,-1,228,227,229,-1,228,229,230,-1,230,229,231,-1,230,231,232,-1,232,231,233,-1,232,233,234,-1,234,233,235,-1,234,235,236,-1,236,235,237,-1,236,237,238,-1,238,237,239,-1,238,239,240,-1,240,239,241,-1,240,241,242,-1,242,241,243,-1,242,243,244,-1,244,243,245,-1,244,245,246,-1,246,245,247,-1,246,247,248,-1,248,247,249,-1,248,249,250,-1,250,249,251,-1,250,251,252,-1,252,251,253,-1,252,253,254,-1,254,253,255,-1,254,255,256,-1,256,255,257,-1,256,257,258,-1,258,257,259,-1,258,259,260,-1,260,259,226,-1,260,226,228,-1,234,236,261,-1,261,236,262,-1,234,261,263,-1,234,263,232,-1,232,263,264,-1,232,264,230,-1,230,264,265,-1,230,265,228,-1,228,265,266,-1,228,266,260,-1,260,266,267,-1,260,267,258,-1,258,267,268,-1,258,268,256,-1,256,268,269,-1,256,269,254,-1,254,269,270,-1,254,270,252,-1,252,270,271,-1,252,271,250,-1,250,271,272,-1,250,272,248,-1,248,272,273,-1,248,273,246,-1,246,273,274,-1,246,274,244,-1,244,274,275,-1,244,275,242,-1,242,275,276,-1,242,276,240,-1,238,240,277,-1,277,240,276,-1,236,238,262,-1,262,238,277,-1,241,239,278,-1,278,239,279,-1,239,237,279,-1,279,237,280,-1,237,235,280,-1,280,235,281,-1,227,282,283,-1,227,283,229,-1,229,283,284,-1,229,284,231,-1,231,284,285,-1,231,285,233,-1,233,285,281,-1,233,281,235,-1,255,286,287,-1,255,287,257,-1,257,287,288,-1,257,288,259,-1,259,288,289,-1,259,289,226,-1,226,289,282,-1,226,282,227,-1,247,290,291,-1,247,291,249,-1,249,291,292,-1,249,292,251,-1,251,292,293,-1,251,293,253,-1,253,293,286,-1,253,286,255,-1,241,278,294,-1,241,294,243,-1,243,294,295,-1,243,295,245,-1,245,295,290,-1,245,290,247,-1,
        ]
    }
}
Shape{
    appearance Appearance {
        material  Material 	{
            diffuseColor 0.4980392156862745 1.0 0.7137254901960784
            specularColor 0.25098039215686274 0.5019607843137255 0.3568627450980392
            ambientIntensity 0.2
            transparency 0
            shininess 0.5
        }
    }
    geometry IndexedFaceSet {
        ccw TRUE
        solid FALSE
        coord DEF co Coordinate {
            point [
                3.4606 0.9269 -2.5964, 3.4606 0.9283 -2.5951, 3.4606 0.8894 -2.5061, 3.4606 0.8693 -2.5061, 3.4606 0.8693 -2.609, 3.4606 0.8887 -2.609, 3.4606 0.9073 -2.6067, 3.4606 0.9183 -2.6024, 3.4606 0.9342 -2.588, 3.4606 0.9391 -2.5784, 3.4606 0.9419 -2.5665, 3.4606 0.9426 -2.5562, 3.4606 0.9406 -2.5394, 3.4606 0.9368 -2.5297, 3.4606 0.9316 -2.5222, 3.4606 0.928 -2.5187, 3.4606 0.9066 -2.508, 3.4606 0.9182 -2.5122, 3.4606 0.9182 -2.5122
            ]
        }
        coordIndex [
            0,1,2,-1,3,4,2,-1,2,4,5,-1,5,6,2,-1,2,6,7,-1,2,7,0,-1,1,8,2,-1,2,8,9,-1,2,9,10,-1,10,11,2,-1,2,11,12,-1,2,12,13,-1,13,14,2,-1,2,14,15,-1,2,15,16,-1,16,15,17,-1,
        ]
    }
}
Shape{
    appearance Appearance {
        material  Material 	{
            diffuseColor 0.0 0.0 0.0
            specularColor 0.0 0.0 0.0
            ambientIntensity 0.2
            transparency 0
            shininess 0.5
        }
    }
    geometry IndexedFaceSet {
        ccw TRUE
        solid FALSE
        coord DEF co Coordinate {
            point [
                3.461 1.0054 -2.5726, 3.461 1.0 -2.5877, 3.461 1.0502 -2.5726, 3.461 1.0555 -2.5877, 3.461 1.0254 -2.5172, 3.461 1.0189 -2.4908, 3.461 0.9681 -2.6242, 3.461 0.9871 -2.6242, 3.461 1.0265 -2.5132, 3.461 1.0276 -2.5078, 3.461 1.0374 -2.4908, 3.461 1.028 -2.5078, 3.461 1.0291 -2.5135, 3.461 1.0301 -2.5172, 3.461 1.0882 -2.6242, 3.461 1.0692 -2.6242, 3.4606 1.0374 -2.4908, 3.4606 1.0882 -2.6242, 3.4606 1.0189 -2.4908, 3.4606 0.9681 -2.6242, 3.4606 0.9871 -2.6242, 3.4606 1.0 -2.5877, 3.4606 1.0555 -2.5877, 3.4606 1.0692 -2.6242, 3.4606 1.0054 -2.5726, 3.4606 1.0502 -2.5726, 3.4606 1.0301 -2.5172, 3.4606 1.028 -2.5078, 3.4606 1.0291 -2.5135, 3.4606 1.0276 -2.5078, 3.4606 1.0254 -2.5172, 3.4606 1.0265 -2.5132, 3.4606 1.0265 -2.5132
            ]
        }
        coordIndex [
            0,1,2,-1,2,1,3,-1,4,5,0,-1,0,5,6,-1,0,6,1,-1,1,6,7,-1,4,8,5,-1,5,8,9,-1,5,9,10,-1,10,9,11,-1,10,11,12,-1,12,13,10,-1,10,13,2,-1,10,2,14,-1,14,2,3,-1,14,3,15,-1,10,14,16,-1,16,14,17,-1,5,10,18,-1,18,10,16,-1,6,5,19,-1,19,5,18,-1,7,6,20,-1,20,6,19,-1,1,7,21,-1,21,7,20,-1,3,1,22,-1,22,1,21,-1,15,3,23,-1,23,3,22,-1,14,15,17,-1,17,15,23,-1,0,2,24,-1,24,2,25,-1,2,13,25,-1,25,13,26,-1,11,27,28,-1,11,28,12,-1,12,28,26,-1,12,26,13,-1,11,9,27,-1,27,9,29,-1,4,30,31,-1,4,31,8,-1,8,31,29,-1,8,29,9,-1,4,0,30,-1,30,0,24,-1,
        ]
    }
}
Shape{
    appearance Appearance {
        material  Material 	{
            diffuseColor 0.4980392156862745 1.0 0.7137254901960784
            specularColor 0.25098039215686274 0.5019607843137255 0.3568627450980392
            ambientIntensity 0.2
            transparency 0
            shininess 0.5
        }
    }
    geometry IndexedFaceSet {
        ccw TRUE
        solid FALSE
        coord DEF co Coordinate {
            point [
                3.4606 1.028 -2.5078, 3.4606 1.0276 -2.5078, 3.4606 1.0291 -2.5135, 3.4606 1.0265 -2.5132, 3.4606 1.0301 -2.5172, 3.4606 1.0254 -2.5172, 3.4606 1.0502 -2.5726, 3.4606 1.0054 -2.5726, 3.4606 1.0054 -2.5726
            ]
        }
        coordIndex [
            0,1,2,-1,2,1,3,-1,2,3,4,-1,4,3,5,-1,4,5,6,-1,6,5,7,-1,
        ]
    }
}
Shape{
    appearance Appearance {
        material  Material 	{
            diffuseColor 0.0 0.0 0.0
            specularColor 0.0 0.0 0.0
            ambientIntensity 0.2
            transparency 0
            shininess 0.5
        }
    }
    geometry IndexedFaceSet {
        ccw TRUE
        solid FALSE
        coord DEF co Coordinate {
            point [
                3.461 -0.2039 -2.6431, 3.461 -0.1898 -2.6605, 3.461 -0.2124 -2.5592, 3.461 -0.2288 -2.3943, 3.461 -0.2077 -2.3831, 3.461 -0.2102 -2.3241, 3.461 -0.0456 -2.6468, 3.461 -0.0344 -2.6256, 3.461 -0.0289 -2.6022, 3.461 -0.1754 -2.3201, 3.461 0.1045 -2.5127, 3.461 0.0751 -2.4624, 3.461 -0.0284 -2.5829, 3.461 -0.0521 -2.5288, 3.461 -0.0284 -2.5924, 3.461 -0.0791 -2.6763, 3.461 -0.0602 -2.6632, 3.461 -0.1478 -2.6218, 3.461 -0.14 -2.6268, 3.461 -0.1712 -2.6745, 3.461 -0.1311 -2.6297, 3.461 -0.0625 -2.317, 3.461 -0.0889 -2.266, 3.461 -0.1119 -2.2802, 3.461 -0.2331 -2.5465, 3.461 -0.2284 -2.6181, 3.461 -0.2134 -2.6228, 3.461 0.1358 -2.4188, 3.461 0.1434 -2.4188, 3.461 0.1823 -2.3675, 3.461 0.1614 -2.421, 3.461 0.187 -2.3691, 3.461 0.178 -2.4274, 3.461 0.2152 -2.3832, 3.461 0.241 -2.4049, 3.461 -0.0888 -2.3362, 3.461 -0.1342 -2.2993, 3.461 -0.11 -2.3617, 3.461 -0.1536 -2.322, 3.461 -0.1242 -2.3913, 3.461 -0.1842 -2.3775, 3.461 -0.1745 -2.377, 3.461 -0.1645 -2.3207, 3.461 -0.1524 -2.3797, 3.461 -0.1311 -2.3875, 3.461 -0.1608 -2.5989, 3.461 -0.1584 -2.6075, 3.461 -0.1541 -2.6152, 3.461 -0.1493 -2.6837, 3.461 -0.1269 -2.6872, 3.461 -0.1242 -2.6304, 3.461 -0.1232 -2.6873, 3.461 -0.1159 -2.6294, 3.461 -0.1003 -2.6845, 3.461 -0.1075 -2.6264, 3.461 -0.1002 -2.6215, 3.461 -0.094 -2.6147, 3.461 0.2411 -2.582, 3.461 0.1968 -2.5444, 3.461 0.2153 -2.6038, 3.461 0.1828 -2.5558, 3.461 0.1863 -2.618, 3.461 0.166 -2.5635, 3.461 0.1548 -2.6247, 3.461 0.1491 -2.5668, 3.461 0.0988 -2.6247, 3.461 0.1064 -2.5668, 3.461 0.0934 -2.6238, 3.461 -0.2665 -2.449, 3.461 -0.3287 -2.4622, 3.461 -0.2694 -2.4719, 3.461 -0.3291 -2.4738, 3.461 -0.2682 -2.4864, 3.461 -0.3252 -2.5084, 3.461 -0.2615 -2.5097, 3.461 -0.3122 -2.5439, 3.461 -0.2501 -2.529, 3.461 -0.2893 -2.5772, 3.461 -0.2623 -2.6007, 3.461 -0.0895 -2.5804, 3.461 -0.0874 -2.5892, 3.461 -0.0874 -2.5974, 3.461 -0.0896 -2.6065, 3.461 0.1927 -2.4376, 3.461 0.2037 -2.4499, 3.461 0.2603 -2.4319, 3.461 0.2125 -2.4663, 3.461 0.2719 -2.4609, 3.461 0.2169 -2.4846, 3.461 0.2762 -2.4918, 3.461 0.2174 -2.4928, 3.461 0.2718 -2.5258, 3.461 0.2151 -2.5112, 3.461 0.2599 -2.5558, 3.461 0.2086 -2.5281, 3.461 0.1981 -2.5429, 3.461 0.131 -2.2926, 3.461 0.0945 -2.3368, 3.461 0.162 -2.3282, 3.461 0.1158 -2.3625, 3.461 0.1302 -2.3931, 3.461 -0.2455 -2.3371, 3.461 -0.2772 -2.3587, 3.461 -0.2453 -2.4089, 3.461 -0.2845 -2.3656, 3.461 -0.2584 -2.4278, 3.461 -0.3061 -2.3928, 3.461 -0.3217 -2.4266, 3.461 -0.0451 -2.2491, 3.461 -0.0314 -2.3045, 3.461 0.002 -2.2432, 3.461 0.003 -2.3002, 3.461 0.0411 -2.2473, 3.461 0.0349 -2.3041, 3.461 0.0887 -2.2641, 3.461 0.0646 -2.3154, 3.461 0.0913 -2.3338, 3.461 -0.161 -2.5896, 3.461 -0.1589 -2.5804, 3.461 -0.2019 -2.5388, 3.461 -0.1545 -2.5722, 3.461 -0.1862 -2.5208, 3.461 -0.1483 -2.5654, 3.461 -0.1668 -2.5074, 3.461 -0.1408 -2.5603, 3.461 -0.1459 -2.4994, 3.461 -0.1324 -2.5573, 3.461 -0.1232 -2.4966, 3.461 -0.1242 -2.5563, 3.461 -0.1117 -2.4973, 3.461 -0.116 -2.5573, 3.461 -0.0888 -2.503, 3.461 -0.1073 -2.5605, 3.461 -0.0686 -2.5138, 3.461 -0.0997 -2.5657, 3.461 -0.0936 -2.5725, 3.461 0.1016 -2.5659, 3.461 0.0788 -2.6147, 3.461 0.081 -2.617, 3.461 0.1044 -2.5665, 3.461 0.0872 -2.6213, 3.461 0.0713 -2.5953, 3.461 0.0722 -2.6023, 3.461 0.0747 -2.6088, 3.461 0.0934 -2.5668, 3.461 0.0869 -2.5693, 3.461 0.0715 -2.5918, 3.461 0.0811 -2.5734, 3.461 0.0769 -2.5781, 3.461 0.0733 -2.5846, 3.461 0.1007 -2.5658, 3.4606 0.2762 -2.4918, 3.4606 0.2719 -2.4609, 3.4606 0.2686 -2.4528, 3.4606 0.2603 -2.4319, 3.4606 0.241 -2.4049, 3.4606 0.2152 -2.3832, 3.4606 0.187 -2.3691, 3.4606 0.1823 -2.3675, 3.4606 0.162 -2.3282, 3.4606 0.131 -2.2926, 3.4606 0.1092 -2.2779, 3.4606 0.0887 -2.2641, 3.4606 0.0411 -2.2473, 3.4606 0.002 -2.2432, 3.4606 -0.1119 -2.2802, 3.4606 -0.1081 -2.2779, 3.4606 -0.0889 -2.266, 3.4606 -0.0451 -2.2491, 3.4606 -0.1342 -2.2993, 3.4606 -0.1536 -2.322, 3.4606 -0.1645 -2.3207, 3.4606 -0.1754 -2.3201, 3.4606 -0.2102 -2.3241, 3.4606 -0.2455 -2.3371, 3.4606 -0.2772 -2.3587, 3.4606 -0.2845 -2.3656, 3.4606 -0.3291 -2.4738, 3.4606 -0.3061 -2.3928, 3.4606 -0.3217 -2.4266, 3.4606 -0.3268 -2.4528, 3.4606 -0.3287 -2.4622, 3.4606 -0.3252 -2.5084, 3.4606 -0.3122 -2.5439, 3.4606 -0.2893 -2.5772, 3.4606 -0.2623 -2.6007, 3.4606 -0.2284 -2.6181, 3.4606 -0.2134 -2.6228, 3.4606 -0.2122 -2.6253, 3.4606 -0.2039 -2.6431, 3.4606 -0.1898 -2.6605, 3.4606 -0.1712 -2.6745, 3.4606 -0.1625 -2.6782, 3.4606 -0.1493 -2.6837, 3.4606 -0.1269 -2.6872, 3.4606 -0.1232 -2.6873, 3.4606 -0.0284 -2.5924, 3.4606 -0.1003 -2.6845, 3.4606 -0.084 -2.6782, 3.4606 -0.0791 -2.6763, 3.4606 -0.0602 -2.6632, 3.4606 -0.0456 -2.6468, 3.4606 -0.0344 -2.6256, 3.4606 -0.0343 -2.6253, 3.4606 -0.0289 -2.6022, 3.4606 -0.0284 -2.5829, 3.4606 0.1045 -2.5127, 3.4606 0.0751 -2.4624, 3.4606 -0.0521 -2.5288, 3.4606 -0.0686 -2.5138, 3.4606 -0.0888 -2.503, 3.4606 -0.1117 -2.4973, 3.4606 -0.1232 -2.4966, 3.4606 -0.1459 -2.4994, 3.4606 -0.1668 -2.5074, 3.4606 -0.1862 -2.5208, 3.4606 -0.2019 -2.5388, 3.4606 -0.2124 -2.5592, 3.4606 -0.2331 -2.5465, 3.4606 -0.2501 -2.529, 3.4606 -0.2615 -2.5097, 3.4606 -0.2682 -2.4864, 3.4606 -0.2694 -2.4719, 3.4606 -0.267 -2.4528, 3.4606 -0.2665 -2.449, 3.4606 -0.2584 -2.4278, 3.4606 -0.2453 -2.4089, 3.4606 -0.2288 -2.3943, 3.4606 -0.2077 -2.3831, 3.4606 -0.1842 -2.3775, 3.4606 -0.1745 -2.377, 3.4606 -0.1524 -2.3797, 3.4606 -0.1311 -2.3875, 3.4606 -0.1242 -2.3913, 3.4606 -0.11 -2.3617, 3.4606 -0.0888 -2.3362, 3.4606 -0.0625 -2.317, 3.4606 -0.0314 -2.3045, 3.4606 0.003 -2.3002, 3.4606 0.0349 -2.3041, 3.4606 0.0646 -2.3154, 3.4606 0.0913 -2.3338, 3.4606 0.0945 -2.3368, 3.4606 0.1158 -2.3625, 3.4606 0.1302 -2.3931, 3.4606 0.1358 -2.4188, 3.4606 0.1434 -2.4188, 3.4606 0.1614 -2.421, 3.4606 0.178 -2.4274, 3.4606 0.1927 -2.4376, 3.4606 0.2037 -2.4499, 3.4606 0.2052 -2.4528, 3.4606 0.2125 -2.4663, 3.4606 0.2169 -2.4846, 3.4606 0.2174 -2.4928, 3.4606 0.2151 -2.5112, 3.4606 0.2086 -2.5281, 3.4606 0.1981 -2.5429, 3.4606 0.1968 -2.5444, 3.4606 0.1828 -2.5558, 3.4606 0.166 -2.5635, 3.4606 0.1491 -2.5668, 3.4606 0.1064 -2.5668, 3.4606 0.1044 -2.5665, 3.4606 0.1016 -2.5659, 3.4606 0.1007 -2.5658, 3.4606 0.0934 -2.5668, 3.4606 0.0869 -2.5693, 3.4606 0.0811 -2.5734, 3.4606 0.0769 -2.5781, 3.4606 0.0733 -2.5846, 3.4606 0.0715 -2.5918, 3.4606 0.0713 -2.5953, 3.4606 0.0722 -2.6023, 3.4606 0.0747 -2.6088, 3.4606 0.0788 -2.6147, 3.4606 0.081 -2.617, 3.4606 0.0872 -2.6213, 3.4606 0.0934 -2.6238, 3.4606 0.0988 -2.6247, 3.4606 0.1548 -2.6247, 3.4606 0.1863 -2.618, 3.4606 0.2153 -2.6038, 3.4606 0.2411 -2.582, 3.4606 0.2599 -2.5558, 3.4606 0.2718 -2.5258, 3.4606 -0.1242 -2.5563, 3.4606 -0.116 -2.5573, 3.4606 -0.1073 -2.5605, 3.4606 -0.0997 -2.5657, 3.4606 -0.0936 -2.5725, 3.4606 -0.0895 -2.5804, 3.4606 -0.0874 -2.5892, 3.4606 -0.0874 -2.5974, 3.4606 -0.0896 -2.6065, 3.4606 -0.094 -2.6147, 3.4606 -0.1002 -2.6215, 3.4606 -0.1075 -2.6264, 3.4606 -0.1159 -2.6294, 3.4606 -0.1242 -2.6304, 3.4606 -0.1311 -2.6297, 3.4606 -0.14 -2.6268, 3.4606 -0.1478 -2.6218, 3.4606 -0.1541 -2.6152, 3.4606 -0.1584 -2.6075, 3.4606 -0.1608 -2.5989, 3.4606 -0.161 -2.5896, 3.4606 -0.1589 -2.5804, 3.4606 -0.1545 -2.5722, 3.4606 -0.1483 -2.5654, 3.4606 -0.1408 -2.5603, 3.4606 -0.1324 -2.5573, 3.4606 -0.1324 -2.5573
            ]
        }
        coordIndex [
            0,1,2,-1,3,4,5,-1,6,7,8,-1,5,4,9,-1,10,11,12,-1,12,11,13,-1,12,13,14,-1,14,13,15,-1,14,15,8,-1,8,15,16,-1,8,16,6,-1,17,1,18,-1,18,1,19,-1,18,19,20,-1,21,22,23,-1,24,25,2,-1,2,25,26,-1,2,26,0,-1,27,28,29,-1,29,28,30,-1,29,30,31,-1,31,30,32,-1,31,32,33,-1,33,32,34,-1,21,23,35,-1,35,23,36,-1,35,36,37,-1,37,36,38,-1,37,38,39,-1,4,40,9,-1,9,40,41,-1,9,41,42,-1,42,41,43,-1,42,43,38,-1,38,43,44,-1,38,44,39,-1,45,2,46,-1,46,2,1,-1,46,1,47,-1,47,1,17,-1,19,48,20,-1,20,48,49,-1,20,49,50,-1,50,49,51,-1,50,51,52,-1,52,51,53,-1,52,53,54,-1,54,53,15,-1,54,15,55,-1,55,15,56,-1,57,58,59,-1,59,58,60,-1,59,60,61,-1,61,60,62,-1,61,62,63,-1,63,62,64,-1,63,64,65,-1,65,64,66,-1,65,66,67,-1,68,69,70,-1,70,69,71,-1,70,71,72,-1,72,71,73,-1,72,73,74,-1,74,73,75,-1,74,75,76,-1,76,75,77,-1,76,77,24,-1,24,77,78,-1,24,78,25,-1,79,80,13,-1,13,80,81,-1,13,81,15,-1,15,81,82,-1,15,82,56,-1,32,83,34,-1,34,83,84,-1,34,84,85,-1,85,84,86,-1,85,86,87,-1,87,86,88,-1,87,88,89,-1,89,88,90,-1,89,90,91,-1,91,90,92,-1,91,92,93,-1,93,92,94,-1,93,94,57,-1,57,94,95,-1,57,95,58,-1,96,97,98,-1,98,97,99,-1,98,99,29,-1,29,99,100,-1,29,100,27,-1,5,101,3,-1,3,101,102,-1,3,102,103,-1,103,102,104,-1,103,104,105,-1,105,104,106,-1,105,106,68,-1,68,106,107,-1,68,107,69,-1,22,21,108,-1,108,21,109,-1,108,109,110,-1,110,109,111,-1,110,111,112,-1,112,111,113,-1,112,113,114,-1,114,113,115,-1,114,115,96,-1,96,115,116,-1,96,116,97,-1,45,117,2,-1,2,117,118,-1,2,118,119,-1,119,118,120,-1,119,120,121,-1,121,120,122,-1,121,122,123,-1,123,122,124,-1,123,124,125,-1,125,124,126,-1,125,126,127,-1,127,126,128,-1,127,128,129,-1,129,128,130,-1,129,130,131,-1,131,130,132,-1,131,132,133,-1,133,132,134,-1,133,134,13,-1,13,134,135,-1,13,135,79,-1,136,137,138,-1,66,139,67,-1,67,139,136,-1,67,136,140,-1,140,136,138,-1,141,142,136,-1,136,142,143,-1,136,143,137,-1,144,145,146,-1,145,147,146,-1,146,147,148,-1,146,148,149,-1,141,136,146,-1,146,136,150,-1,146,150,144,-1,89,151,152,-1,89,152,87,-1,87,152,153,-1,87,153,85,-1,153,154,85,-1,85,154,155,-1,85,155,34,-1,34,155,156,-1,34,156,33,-1,33,156,157,-1,33,157,31,-1,31,157,158,-1,31,158,29,-1,29,158,159,-1,29,159,98,-1,98,159,160,-1,98,160,96,-1,114,96,161,-1,161,96,160,-1,161,162,114,-1,114,162,163,-1,114,163,112,-1,112,163,164,-1,112,164,110,-1,165,23,166,-1,166,23,22,-1,166,22,167,-1,167,22,108,-1,167,108,168,-1,168,108,110,-1,168,110,164,-1,23,165,169,-1,23,169,36,-1,36,169,170,-1,36,170,38,-1,38,170,171,-1,38,171,42,-1,42,171,172,-1,42,172,9,-1,9,172,173,-1,9,173,5,-1,5,173,174,-1,5,174,101,-1,101,174,175,-1,101,175,102,-1,102,175,176,-1,102,176,104,-1,177,71,69,-1,104,176,178,-1,104,178,106,-1,106,178,179,-1,106,179,107,-1,107,179,180,-1,107,180,69,-1,69,180,181,-1,69,181,177,-1,71,177,182,-1,71,182,73,-1,73,182,183,-1,73,183,75,-1,75,183,184,-1,75,184,77,-1,77,184,185,-1,77,185,78,-1,78,185,186,-1,78,186,25,-1,25,186,187,-1,25,187,26,-1,26,187,188,-1,26,188,0,-1,188,189,0,-1,0,189,190,-1,0,190,1,-1,1,190,191,-1,1,191,19,-1,19,191,192,-1,19,192,48,-1,192,193,48,-1,48,193,194,-1,48,194,49,-1,49,194,195,-1,49,195,51,-1,196,14,8,-1,51,195,197,-1,51,197,53,-1,53,197,198,-1,53,198,15,-1,198,199,15,-1,15,199,200,-1,15,200,16,-1,16,200,201,-1,16,201,6,-1,6,201,202,-1,6,202,7,-1,7,202,203,-1,7,203,8,-1,8,203,204,-1,8,204,196,-1,12,14,205,-1,205,14,196,-1,10,12,206,-1,206,12,205,-1,11,10,207,-1,207,10,206,-1,13,11,208,-1,208,11,207,-1,13,208,209,-1,13,209,133,-1,133,209,210,-1,133,210,131,-1,131,210,211,-1,131,211,129,-1,129,211,212,-1,129,212,127,-1,127,212,213,-1,127,213,125,-1,125,213,214,-1,125,214,123,-1,123,214,215,-1,123,215,121,-1,121,215,216,-1,121,216,119,-1,119,216,217,-1,119,217,2,-1,2,217,218,-1,2,218,24,-1,24,218,219,-1,24,219,76,-1,76,219,220,-1,76,220,74,-1,74,220,221,-1,74,221,72,-1,72,221,222,-1,72,222,70,-1,68,70,223,-1,223,70,222,-1,223,224,68,-1,68,224,225,-1,68,225,105,-1,105,225,226,-1,105,226,103,-1,103,226,227,-1,103,227,3,-1,3,227,228,-1,3,228,4,-1,4,228,229,-1,4,229,40,-1,40,229,230,-1,40,230,41,-1,41,230,231,-1,41,231,43,-1,43,231,232,-1,43,232,44,-1,44,232,233,-1,44,233,39,-1,39,233,234,-1,39,234,37,-1,37,234,235,-1,37,235,35,-1,35,235,236,-1,35,236,21,-1,21,236,237,-1,21,237,109,-1,109,237,238,-1,109,238,111,-1,111,238,239,-1,111,239,113,-1,113,239,240,-1,113,240,115,-1,115,240,241,-1,115,241,116,-1,116,241,242,-1,116,242,97,-1,97,242,243,-1,97,243,99,-1,99,243,244,-1,99,244,100,-1,100,244,245,-1,100,245,27,-1,28,27,246,-1,246,27,245,-1,28,246,247,-1,28,247,30,-1,30,247,248,-1,30,248,32,-1,32,248,249,-1,32,249,83,-1,83,249,250,-1,83,250,84,-1,84,250,251,-1,84,251,86,-1,251,252,86,-1,86,252,253,-1,86,253,88,-1,88,253,254,-1,88,254,90,-1,90,254,255,-1,90,255,92,-1,92,255,256,-1,92,256,94,-1,94,256,257,-1,94,257,95,-1,95,257,258,-1,95,258,58,-1,58,258,259,-1,58,259,60,-1,60,259,260,-1,60,260,62,-1,62,260,261,-1,62,261,64,-1,66,64,262,-1,262,64,261,-1,66,262,263,-1,66,263,139,-1,139,263,264,-1,139,264,136,-1,136,264,265,-1,136,265,150,-1,150,265,266,-1,150,266,144,-1,144,266,267,-1,144,267,145,-1,145,267,268,-1,145,268,147,-1,147,268,269,-1,147,269,148,-1,148,269,270,-1,148,270,149,-1,149,270,271,-1,149,271,146,-1,146,271,272,-1,146,272,141,-1,141,272,273,-1,141,273,142,-1,142,273,274,-1,142,274,143,-1,143,274,275,-1,143,275,137,-1,137,275,276,-1,137,276,138,-1,138,276,277,-1,138,277,140,-1,140,277,278,-1,140,278,67,-1,67,278,279,-1,67,279,65,-1,63,65,280,-1,280,65,279,-1,63,280,281,-1,63,281,61,-1,61,281,282,-1,61,282,59,-1,59,282,283,-1,59,283,57,-1,57,283,284,-1,57,284,93,-1,93,284,285,-1,93,285,91,-1,91,285,151,-1,91,151,89,-1,128,286,287,-1,128,287,130,-1,130,287,288,-1,130,288,132,-1,132,288,289,-1,132,289,134,-1,134,289,290,-1,134,290,135,-1,135,290,291,-1,135,291,79,-1,79,291,292,-1,79,292,80,-1,80,292,293,-1,80,293,81,-1,81,293,294,-1,81,294,82,-1,82,294,295,-1,82,295,56,-1,56,295,296,-1,56,296,55,-1,55,296,297,-1,55,297,54,-1,54,297,298,-1,54,298,52,-1,52,298,299,-1,52,299,50,-1,50,299,300,-1,50,300,20,-1,20,300,301,-1,20,301,18,-1,18,301,302,-1,18,302,17,-1,17,302,303,-1,17,303,47,-1,47,303,304,-1,47,304,46,-1,46,304,305,-1,46,305,45,-1,45,305,306,-1,45,306,117,-1,117,306,307,-1,117,307,118,-1,118,307,308,-1,118,308,120,-1,120,308,309,-1,120,309,122,-1,122,309,310,-1,122,310,124,-1,124,310,311,-1,124,311,126,-1,126,311,286,-1,126,286,128,-1,
        ]
    }
}
Shape{
    appearance Appearance {
        material  Material 	{
            diffuseColor 0.4980392156862745 1.0 0.7137254901960784
            specularColor 0.25098039215686274 0.5019607843137255 0.3568627450980392
            ambientIntensity 0.2
            transparency 0
            shininess 0.5
        }
    }
    geometry IndexedFaceSet {
        ccw TRUE
        solid FALSE
        coord DEF co Coordinate {
            point [
                3.4606 -0.1311 -2.6297, 3.4606 -0.1242 -2.6304, 3.4606 -0.1242 -2.5563, 3.4606 -0.1075 -2.6264, 3.4606 -0.0874 -2.5974, 3.4606 -0.1159 -2.6294, 3.4606 -0.0874 -2.5892, 3.4606 -0.0895 -2.5804, 3.4606 -0.0936 -2.5725, 3.4606 -0.0997 -2.5657, 3.4606 -0.1408 -2.5603, 3.4606 -0.1541 -2.6152, 3.4606 -0.1478 -2.6218, 3.4606 -0.1073 -2.5605, 3.4606 -0.116 -2.5573, 3.4606 -0.1584 -2.6075, 3.4606 -0.1483 -2.5654, 3.4606 -0.1608 -2.5989, 3.4606 -0.1324 -2.5573, 3.4606 -0.14 -2.6268, 3.4606 -0.1002 -2.6215, 3.4606 -0.094 -2.6147, 3.4606 -0.0896 -2.6065, 3.4606 -0.161 -2.5896, 3.4606 -0.1545 -2.5722, 3.4606 -0.1589 -2.5804, 3.4606 -0.1589 -2.5804
            ]
        }
        coordIndex [
            0,1,2,-1,3,4,5,-1,5,4,6,-1,5,6,1,-1,6,7,1,-1,1,7,8,-1,1,8,9,-1,10,11,12,-1,9,13,1,-1,1,13,14,-1,1,14,2,-1,11,10,15,-1,15,10,16,-1,15,16,17,-1,2,18,0,-1,0,18,10,-1,0,10,19,-1,19,10,12,-1,3,20,4,-1,4,20,21,-1,4,21,22,-1,17,16,23,-1,23,16,24,-1,23,24,25,-1,
        ]
    }
}