#VRML V2.0 utf8
# 3D model generated by easyeda2kicad.py (https://github.com/uPesy/easyeda2kicad.py)

Shape{
    appearance Appearance {
        material  Material 	{
            diffuseColor 1.0 0.9098039215686274 0.8745098039215686
            specularColor 0.5019607843137255 0.4549019607843137 0.4392156862745098
            ambientIntensity 0.2
            transparency 0
            shininess 0.5
        }
    }
    geometry IndexedFaceSet {
        ccw TRUE
        solid FALSE
        coord DEF co Coordinate {
            point [
                2.9528 1.0236 0.3873, 2.9528 1.0236 0.4147, 2.9528 0.7542 0.4147, 2.9528 0.5959 0.2669, 2.9528 0.5922 0.2665, 2.9528 0.6155 0.2665, 2.9528 0.798 0.4155, 2.9528 0.7885 0.441, 2.9528 0.7542 0.441, 2.9528 0.3172 0.4361, 2.9528 0.3352 0.4208, 2.9528 0.3982 0.5097, 2.9528 0.3982 0.4147, 2.9528 0.2803 0.4739, 2.9528 0.2942 0.4469, 2.9528 0.2974 0.4459, 2.9528 0.2287 0.5193, 2.9528 0.2431 0.5097, 2.9528 0.2583 0.4994, 2.9528 0.3982 2.2835, 2.9528 -0.9091 1.6582, 2.9528 -0.8856 1.6208, 2.9528 0.1954 0.5311, 2.9528 0.168 0.5339, 2.9528 0.1351 0.5299, 2.9528 -1.0555 1.7314, 2.9528 -1.0192 1.7273, 2.9528 -1.0555 2.2835, 2.9528 -0.9776 1.7128, 2.9528 -0.9403 1.6893, 2.9528 0.1045 0.5181, 2.9528 -0.1575 0.9055, 2.9528 0.0909 0.5097, 2.9528 -0.1575 0.5097, 2.9528 0.0883 0.508, 2.9528 -0.1575 0.4147, 2.9528 -0.0544 0.4147, 2.9528 -0.0486 0.4277, 2.9528 -0.0326 0.4483, 2.9528 0.0176 0.4769, 2.9528 0.0438 0.4801, 2.9528 0.0727 0.4947, 2.9528 0.0514 0.4797, 2.9528 0.0591 0.4788, 2.9528 -0.0281 0.4525, 2.9528 -0.007 0.4673, 2.9528 0.0172 0.2683, 2.9528 0.0088 0.2708, 2.9528 -0.1575 0.2665, 2.9528 -0.0152 0.2825, 2.9528 -0.0359 0.3001, 2.9528 -0.051 0.3217, 2.9528 -0.0606 0.3465, 2.9528 -0.1575 0.3873, 2.9528 -0.0638 0.3725, 2.9528 -0.0636 0.3789, 2.9528 -0.0621 0.3873, 2.9528 -0.0592 0.4038, 2.9528 0.0468 0.232, 2.9528 0.0338 0.2418, 2.9528 -0.1575 0.2295, 2.9528 0.0239 0.254, 2.9528 0.0181 0.2665, 2.9528 0.0803 0.2231, 2.9528 -0.1575 -0.0787, 2.9528 0.0965 0.2251, 2.9528 0.3982 -0.0787, 2.9528 0.1078 0.2295, 2.9528 0.0778 0.2232, 2.9528 0.0622 0.2256, 2.9528 0.0529 0.2295, 2.9528 0.1425 0.2665, 2.9528 0.1424 0.2661, 2.9528 0.3982 0.2295, 2.9528 0.1346 0.2513, 2.9528 0.1245 0.24, 2.9528 0.1113 0.2308, 2.9528 0.3569 0.3817, 2.9528 0.36 0.3599, 2.9528 0.3982 0.3873, 2.9528 0.2274 0.3057, 2.9528 0.2319 0.3075, 2.9528 0.2397 0.3453, 2.9528 0.3354 0.2968, 2.9528 0.3173 0.2815, 2.9528 0.3982 0.2665, 2.9528 0.1301 0.334, 2.9528 0.2191 0.3805, 2.9528 0.1185 0.3446, 2.9528 0.1044 0.3522, 2.9528 0.2233 0.3028, 2.9528 0.3486 0.3152, 2.9528 0.3569 0.3363, 2.9528 0.2371 0.3081, 2.9528 0.2377 0.3081, 2.9528 0.2397 0.3076, 2.9528 -0.0163 0.3472, 2.9528 -0.0085 0.334, 2.9528 0.0252 0.327, 2.9528 0.0034 0.3217, 2.9528 0.0179 0.3128, 2.9528 0.0498 0.349, 2.9528 -0.0203 0.3873, 2.9528 0.0362 0.3396, 2.9528 -0.0219 0.3739, 2.9528 -0.0211 0.3635, 2.9528 0.0644 0.3546, 2.9528 0.0803 0.3566, 2.9528 0.0884 0.3561, 2.9528 0.2165 0.2875, 2.9528 0.2167 0.2902, 2.9528 0.1468 0.2962, 2.9528 0.218 0.2952, 2.9528 0.2205 0.2997, 2.9528 0.2411 0.3075, 2.9528 0.271 0.3075, 2.9528 0.2776 0.3084, 2.9528 0.232 0.2675, 2.9528 0.2276 0.2693, 2.9528 0.2233 0.2723, 2.9528 0.2218 0.2739, 2.9528 0.2189 0.2781, 2.9528 0.2171 0.2826, 2.9528 0.1464 0.2824, 2.9528 0.1468 0.2895, 2.9528 0.2971 0.2716, 2.9528 0.2749 0.2669, 2.9528 0.2358 0.2669, 2.9528 0.3065 0.3255, 2.9528 0.3134 0.3361, 2.9528 0.3176 0.348, 2.9528 0.3188 0.3593, 2.9528 0.3184 0.3653, 2.9528 0.2899 0.3125, 2.9528 0.3006 0.3195, 2.9528 0.267 0.4111, 2.9528 0.2617 0.4111, 2.9528 0.3102 0.3873, 2.9528 0.278 0.4099, 2.9528 0.3153 0.378, 2.9528 -0.02 0.39, 2.9528 -0.0143 0.4048, 2.9528 0.309 0.3895, 2.9528 0.3002 0.3989, 2.9528 0.2897 0.4058, 2.9528 0.2472 0.4511, 2.9528 0.2322 0.469, 2.9528 0.0797 0.4303, 2.9528 0.2307 0.4703, 2.9528 0.2121 0.4833, 2.9528 0.0898 0.4514, 2.9528 -0.0074 0.4147, 2.9528 0.0751 0.4328, 2.9528 0.2609 0.4147, 2.9528 0.2575 0.4297, 2.9528 0.0602 0.4383, 2.9528 0.0445 0.4403, 2.9528 0.0374 0.4399, 2.9528 0.1047 0.4692, 2.9528 0.1912 0.4913, 2.9528 0.1225 0.4821, 2.9528 0.1687 0.4941, 2.9528 0.1442 0.4909, 2.9528 0.021 0.436, 2.9528 0.0062 0.4281, 2.9528 -0.005 0.418, 2.9528 0.3396 0.4147, 2.9528 0.3488 0.402, 2.9528 0.3546 0.3873, 2.9528 0.7542 0.4861, 2.9528 0.7629 0.5089, 2.9528 0.7542 0.5097, 2.9528 0.7758 0.5089, 2.9528 0.8114 0.4155, 2.9528 1.0236 0.5097, 2.9528 0.7406 0.4155, 2.9528 0.7273 0.4155, 2.9528 0.7247 0.4147, 2.9528 0.7247 0.5097, 2.9528 0.7496 0.441, 2.9528 0.6155 0.4575, 2.9528 0.5902 0.4575, 2.9528 0.6155 0.4261, 2.9528 0.5902 0.4261, 2.9528 0.6155 0.5097, 2.9528 0.6155 0.5089, 2.9528 0.6263 0.5089, 2.9528 0.6155 0.4682, 2.9528 0.6236 0.4682, 2.9528 0.6263 0.4981, 2.9528 0.6372 0.5097, 2.9528 0.6372 0.4147, 2.9528 0.6236 0.4575, 2.9528 0.6155 0.4981, 2.9528 0.5902 0.4981, 2.9528 0.5902 0.4682, 2.9528 0.5782 0.4155, 2.9528 0.5728 0.4147, 2.9528 0.6155 0.4147, 2.9528 0.6284 0.4261, 2.9528 0.6284 0.4155, 2.9528 0.6155 0.4155, 2.9528 0.5782 0.5089, 2.9528 0.5728 0.5097, 2.9528 0.5469 0.5097, 2.9528 0.5503 0.5094, 2.9528 0.5595 0.5066, 2.9528 0.5595 0.494, 2.9528 0.5595 0.4309, 2.9528 0.5595 0.4193, 2.9528 0.5579 0.4185, 2.9528 0.5479 0.4152, 2.9528 0.5419 0.4147, 2.9528 0.5399 0.4248, 2.9528 0.5504 0.4268, 2.9528 0.5022 0.4602, 2.9528 0.5022 0.4611, 2.9528 0.5107 0.4878, 2.9528 0.5064 0.4811, 2.9528 0.5034 0.4727, 2.9528 0.5484 0.4983, 2.9528 0.5375 0.4996, 2.9528 0.5333 0.4994, 2.9528 0.5253 0.4977, 2.9528 0.5037 0.4488, 2.9528 0.5066 0.4412, 2.9528 0.5114 0.4345, 2.9528 0.5198 0.4281, 2.9528 0.5266 0.4256, 2.9528 0.5354 0.4246, 2.9528 0.558 0.4948, 2.9528 0.518 0.4942, 2.9528 0.512 0.4892, 2.9528 0.5136 0.4323, 2.9528 0.4937 2.2835, 2.9528 0.5373 0.5104, 2.9528 0.5728 2.2835, 2.9528 0.5382 0.5104, 2.9528 0.5298 0.5097, 2.9528 0.4937 0.5097, 2.9528 0.5255 0.5092, 2.9528 0.5155 0.5057, 2.9528 0.4966 0.4884, 2.9528 0.503 0.4967, 2.9528 0.5062 0.4996, 2.9528 0.4937 0.4392, 2.9528 0.4913 0.4455, 2.9528 0.4881 0.4147, 2.9528 0.4895 0.4604, 2.9528 0.4898 0.466, 2.9528 0.4881 0.5097, 2.9528 0.492 0.4781, 2.9528 0.4937 0.4819, 2.9528 0.4937 0.3873, 2.9528 0.5255 0.4147, 2.9528 0.4937 0.4147, 2.9528 0.5179 0.4162, 2.9528 0.5091 0.4203, 2.9528 0.5015 0.4266, 2.9528 0.5006 0.4276, 2.9528 0.4951 0.4356, 2.9528 0.5728 0.3873, 2.9528 0.5336 0.4139, 2.9528 0.5281 0.4141, 2.9528 0.7542 1.7655, 2.9528 0.748 1.7717, 2.9528 1.0236 1.4961, 2.9528 -0.8711 1.5792, 2.9528 -0.8661 1.5354, 2.9528 -0.8661 1.4173, 2.9528 -1.0555 0.9055, 2.9528 -1.0555 1.4173, 2.9528 -1.811 0.9055, 2.9528 -2.0472 1.4173, 2.9528 -1.811 0.7087, 2.9528 -2.0472 0.5097, 2.9528 -1.1024 0.7087, 2.9528 -2.0472 -0.0787, 2.9528 -1.1024 -0.0787, 2.9528 -2.0472 0.2295, 2.9528 -1.1024 0.2295, 2.9528 -2.0472 0.2665, 2.9528 -1.1024 0.2665, 2.9528 -2.0472 0.3873, 2.9528 -1.1024 0.3873, 2.9528 -2.0472 0.4147, 2.9528 -1.1024 0.4147, 2.9528 -1.1024 0.5097, 2.9528 -2.0472 2.2835, 2.9528 -2.0472 1.7323, 2.9528 -1.063 1.7323, 2.9528 0.7195 0.4461, 2.9528 0.7148 0.4365, 2.9528 0.708 0.4285, 2.9528 0.6889 0.5097, 2.9528 0.6889 0.5067, 2.9528 0.6991 0.5027, 2.9528 0.6889 0.4179, 2.9528 0.6889 0.4147, 2.9528 0.6981 0.4214, 2.9528 0.7071 0.4277, 2.9528 0.708 0.4965, 2.9528 0.7121 0.4925, 2.9528 0.7177 0.4841, 2.9528 0.7209 0.4749, 2.9528 0.7221 0.4634, 2.9528 0.7218 0.457, 2.9528 0.6727 0.5089, 2.9528 0.6879 0.5071, 2.9528 0.6874 0.4173, 2.9528 0.6718 0.4155, 2.9528 0.6461 0.4155, 2.9528 0.6461 0.5089, 2.9528 0.5298 0.2681, 2.9528 0.5254 0.2665, 2.9528 0.5398 0.2673, 2.9528 0.5026 0.2991, 2.9528 0.5044 0.3179, 2.9528 0.5003 0.2957, 2.9528 0.4987 0.2916, 2.9528 0.534 0.2708, 2.9528 0.5121 0.2665, 2.9528 0.5076 0.2682, 2.9528 0.4937 0.2665, 2.9528 0.4999 0.2759, 2.9528 0.4985 0.2798, 2.9528 0.5303 0.3256, 2.9528 0.5263 0.326, 2.9528 0.52 0.3069, 2.9528 0.5044 0.3293, 2.9528 0.5075 0.3311, 2.9528 0.5393 0.3334, 2.9528 0.5693 0.3239, 2.9528 0.5715 0.3271, 2.9528 0.5062 0.3022, 2.9528 0.5112 0.3047, 2.9528 0.5128 0.3231, 2.9528 0.5201 0.3254, 2.9528 0.5036 0.2709, 2.9528 0.5023 0.2723, 2.9528 0.5398 0.2776, 2.9528 0.5395 0.2776, 2.9528 0.5377 0.2748, 2.9528 0.5432 0.3312, 2.9528 0.5463 0.3282, 2.9528 0.5679 0.3202, 2.9528 0.5487 0.3245, 2.9528 0.5506 0.3192, 2.9528 0.5163 0.3343, 2.9528 0.5274 0.3355, 2.9528 0.5343 0.3349, 2.9528 0.4979 0.2851, 2.9528 0.4979 0.2865, 2.9528 0.5727 0.3034, 2.9528 0.5674 0.2817, 2.9528 0.5728 0.3034, 2.9528 0.5719 0.2789, 2.9528 0.5728 0.2785, 2.9528 0.5708 0.3054, 2.9528 0.5692 0.3079, 2.9528 0.5515 0.3102, 2.9528 0.5679 0.3114, 2.9528 0.5674 0.316, 2.9528 0.5398 0.3097, 2.9528 0.5394 0.3148, 2.9528 0.5382 0.319, 2.9528 0.5368 0.3214, 2.9528 0.535 0.3233, 2.9528 0.533 0.3246, 2.9528 0.5251 0.2664, 2.9528 0.5728 0.2295, 2.9528 0.4937 0.2295, 2.9528 0.5191 0.2657, 2.9528 0.5123 0.2665, 2.9528 0.5674 0.2696, 2.9528 0.5515 0.2673, 2.9528 0.5728 0.2677, 2.9528 0.5728 0.2665, 2.9528 0.5757 0.2667, 2.9528 0.5778 0.2665, 2.9528 0.5855 0.2657, 2.9528 0.6155 0.2295, 2.9528 0.6092 0.3325, 2.9528 0.6092 0.3212, 2.9528 0.5749 0.3302, 2.9528 0.5783 0.3322, 2.9528 0.5728 0.3283, 2.9528 0.6119 0.2807, 2.9528 0.6104 0.277, 2.9528 0.6082 0.2739, 2.9528 0.5847 0.3346, 2.9528 0.5934 0.3355, 2.9528 0.6155 0.3873, 2.9528 0.6 0.335, 2.9528 0.6085 0.2964, 2.9528 0.6107 0.2932, 2.9528 0.6119 0.2898, 2.9528 0.6124 0.2854, 2.9528 0.6049 0.271, 2.9528 0.6021 0.2693, 2.9528 0.5923 0.326, 2.9528 0.5888 0.3257, 2.9528 0.5795 0.317, 2.9528 0.5857 0.3249, 2.9528 0.583 0.3235, 2.9528 0.5796 0.3155, 2.9528 0.5801 0.3137, 2.9528 0.5809 0.3121, 2.9528 0.582 0.3108, 2.9528 0.5862 0.3082, 2.9528 0.6 0.3251, 2.9528 0.5934 0.3051, 2.9528 0.6066 0.3227, 2.9528 0.5979 0.3033, 2.9528 0.6057 0.2989, 2.9528 0.5813 0.322, 2.9528 0.5803 0.3205, 2.9528 0.5797 0.3189, 2.9528 0.5793 0.2761, 2.9528 0.5851 0.2966, 2.9528 0.5782 0.2998, 2.9528 0.5866 0.2752, 2.9528 0.5871 0.2752, 2.9528 0.5928 0.2934, 2.9528 0.5931 0.2759, 2.9528 0.6004 0.2843, 2.9528 0.6003 0.2857, 2.9528 0.5961 0.277, 2.9528 0.5972 0.2777, 2.9528 0.5986 0.2789, 2.9528 0.5996 0.2804, 2.9528 0.6002 0.282, 2.9528 0.5998 0.2875, 2.9528 0.5989 0.2891, 2.9528 0.5974 0.2906, 2.9528 0.6704 0.334, 2.9528 0.6826 0.334, 2.9528 0.6889 0.3873, 2.9528 0.649 0.2838, 2.9528 0.6505 0.2783, 2.9528 0.6508 0.2783, 2.9528 0.6372 0.3873, 2.9528 0.6372 0.3177, 2.9528 0.6522 0.2837, 2.9528 0.6513 0.2806, 2.9528 0.6372 0.2863, 2.9528 0.6185 0.334, 2.9528 0.6316 0.334, 2.9528 0.6443 0.2665, 2.9528 0.6447 0.2674, 2.9528 0.6372 0.2511, 2.9528 0.6373 0.2511, 2.9528 0.6372 0.2665, 2.9528 0.6395 0.2553, 2.9528 0.6209 0.2472, 2.9528 0.6209 0.2368, 2.9528 0.6233 0.2464, 2.9528 0.6276 0.2459, 2.9528 0.6304 0.2462, 2.9528 0.6372 0.2379, 2.9528 0.6332 0.2364, 2.9528 0.6372 0.2295, 2.9528 0.6285 0.2358, 2.9528 0.6259 0.2359, 2.9528 0.6329 0.2471, 2.9528 0.6351 0.2486, 2.9528 0.6523 0.2572, 2.9528 0.647 0.2469, 2.9528 0.6889 0.2295, 2.9528 0.6559 0.2665, 2.9528 0.6427 0.2417, 2.9528 0.6419 0.241, 2.9528 0.6378 0.2381, 2.9528 0.7247 0.3093, 2.9528 0.7072 0.3093, 2.9528 0.7247 0.2779, 2.9528 0.7072 0.2779, 2.9528 0.7542 0.3873, 2.9528 0.7433 0.3607, 2.9528 0.7433 0.3499, 2.9528 0.7406 0.32, 2.9528 0.7406 0.3093, 2.9528 0.7542 0.2665, 2.9528 0.7454 0.2779, 2.9528 0.7454 0.2673, 2.9528 0.7247 0.2665, 2.9528 0.7247 0.3499, 2.9528 0.7247 0.32, 2.9528 0.7072 0.3499, 2.9528 0.7072 0.32, 2.9528 0.7247 0.2673, 2.9528 0.6952 0.2673, 2.9528 0.6889 0.2665, 2.9528 0.6952 0.3607, 2.9528 0.7247 0.3607, 2.9528 0.7247 0.3873, 2.9528 0.6155 2.2835, 2.9528 0.6372 2.2835, 2.9528 0.6889 2.2835, 2.9528 0.7247 2.2835, 2.9528 0.748 2.2835, 2.9528 0.4881 2.2835, 2.9528 0.4857 0.4261, 2.9528 0.4857 0.4155, 2.9528 0.4365 0.4155, 2.9528 0.4365 0.5089, 2.9528 0.4485 0.5089, 2.9528 0.4485 0.4261, 2.9528 0.4881 0.3873, 2.9528 0.763 0.2673, 2.9528 0.7887 0.2673, 2.9528 1.0236 0.2665, 2.9528 0.763 0.3607, 2.9528 0.8799 0.3607, 2.9528 0.8928 0.3607, 2.9528 0.8364 0.2979, 2.9528 0.8318 0.2883, 2.9528 0.8443 0.2673, 2.9528 0.825 0.2803, 2.9528 0.829 0.3443, 2.9528 0.8346 0.3359, 2.9528 0.825 0.3483, 2.9528 0.8379 0.3267, 2.9528 0.8391 0.3152, 2.9528 0.8388 0.3088, 2.9528 0.8241 0.2795, 2.9528 0.8151 0.2732, 2.9528 0.8044 0.2691, 2.9528 0.7897 0.3607, 2.9528 0.8049 0.3589, 2.9528 0.8161 0.3545, 2.9528 0.9283 0.2673, 2.9528 0.915 0.2673, 2.9528 0.8576 0.2673, 2.9528 0.8666 0.2928, 2.9528 0.9055 0.2928, 2.9528 0.4881 0.2665, 2.9528 0.4365 0.2673, 2.9528 0.4485 0.3093, 2.9528 0.4485 0.2779, 2.9528 0.4819 0.3093, 2.9528 0.4867 0.2779, 2.9528 0.4819 0.32, 2.9528 0.4365 0.3607, 2.9528 0.4846 0.3607, 2.9528 0.4846 0.3499, 2.9528 0.4485 0.3499, 2.9528 0.4485 0.32, 2.9528 0.4867 0.2673, 2.9528 0.7247 0.2295, 2.9528 0.7542 0.2295, 2.9528 1.0236 0.2295, 2.9528 0.4881 0.2295, 2.9528 0.4881 -0.0787, 2.9528 0.4937 -0.0787, 2.9528 0.5728 -0.0787, 2.9528 0.6155 -0.0787, 2.9528 0.6372 -0.0787, 2.9528 0.6889 -0.0787, 2.9528 0.7247 -0.0787, 2.9528 0.7542 -0.0787, 2.9528 1.0236 -0.0787, 2.185 0.4724 0.9055, 2.185 0.4724 0.1969, 2.3031 0.4724 0.9055, 2.6772 0.4724 0.1969, 2.3031 0.4724 2.0079, 2.6772 0.4724 2.0079, 1.3189 0.4724 0.9055, 1.2008 0.4724 0.9055, 1.2008 0.4724 0.1969, 1.752 0.4724 0.1969, 1.752 0.4724 0.9055, 1.6339 0.4724 0.9055, 1.6339 0.4724 2.0079, 1.3189 0.4724 2.0079, 2.185 0.3937 0.1969, 1.752 0.3937 0.1969, 1.2008 0.3937 0.1969, 0.7677 0.3937 0.1969, -2.6772 -1.9685 0.1969, 2.6772 -1.9685 0.1969, -0.2165 0.3937 0.1969, -0.2165 0.4724 0.1969, -0.7677 0.4724 0.1969, -0.7677 0.3937 0.1969, -1.2008 0.3937 0.1969, 0.2165 0.3937 0.1969, 0.2165 0.4724 0.1969, 0.7677 0.4724 0.1969, -2.185 0.4724 0.1969, -2.6772 0.4724 0.1969, -2.185 0.3937 0.1969, -1.752 0.3937 0.1969, -1.752 0.4724 0.1969, -1.2008 0.4724 0.1969, 2.185 0.3937 0.9055, 2.3031 0.3543 0.9055, 1.752 0.3937 0.9055, 1.6339 0.3543 0.9055, 0.7677 0.4724 0.9055, 0.6496 0.4724 0.9055, 0.2165 0.4724 0.9055, 0.3346 0.4724 0.9055, 0.3346 0.4724 2.0079, 0.6496 0.4724 2.0079, 1.2008 0.3937 0.9055, 1.3189 0.3543 0.9055, 0.7677 0.3937 0.9055, 0.6496 0.3543 0.9055, -0.6496 0.4724 0.9055, -0.7677 0.4724 0.9055, -0.2165 0.4724 0.9055, -0.3346 0.4724 0.9055, -0.3346 0.4724 2.0079, -0.6496 0.4724 2.0079, 0.2165 0.3937 0.9055, 0.3346 0.3543 0.9055, -0.2165 0.3937 0.9055, -0.3346 0.3543 0.9055, -1.2008 0.4724 0.9055, -1.3189 0.4724 0.9055, -1.752 0.4724 0.9055, -1.6339 0.4724 0.9055, -1.6339 0.4724 2.0079, -1.3189 0.4724 2.0079, -0.7677 0.3937 0.9055, -0.6496 0.3543 0.9055, -1.2008 0.3937 0.9055, -1.3189 0.3543 0.9055, -1.6339 0.3543 2.0079, -1.7717 -1.9685 2.0079, -1.7717 -0.6693 2.0079, -0.6496 0.3543 2.0079, -2.6772 -1.9685 2.0079, -2.6772 0.4724 2.0079, -2.3031 0.3543 2.0079, -2.3031 0.4724 2.0079, -1.3189 0.3543 2.0079, -0.3346 0.3543 2.0079, 0.3346 0.3543 2.0079, 0.6496 0.3543 2.0079, 2.0472 -0.6693 2.0079, 1.3189 0.3543 2.0079, 2.0807 -0.7027 2.0079, 2.1835 -0.828 2.0079, 1.7717 -1.9685 2.0079, 1.7717 -0.6693 2.0079, -2.0807 -0.7027 2.0079, -2.1835 -0.828 2.0079, -2.231 -1.795 2.0079, -2.2942 -1.9685 2.0079, -2.3228 -1.5982 2.0079, -2.0472 -0.6693 2.0079, 2.2942 -1.9685 2.0079, 2.231 -1.795 2.0079, 2.6772 -1.9685 2.0079, 2.3228 -1.5982 2.0079, 2.3228 -1.2873 2.0079, 2.3069 -1.126 2.0079, 2.3031 0.3543 2.0079, 2.2599 -0.971 2.0079, 1.6339 0.3543 2.0079, -2.2599 -0.971 2.0079, -2.3069 -1.126 2.0079, -2.3228 -1.2873 2.0079, -2.3031 0.4724 0.9055, -2.185 0.4724 0.9055, -1.752 0.3937 0.9055, -1.6339 0.3543 0.9055, -2.185 0.3937 0.9055, -2.3031 0.3543 0.9055, -2.3031 0.3543 0.9055
            ]
        }
        coordIndex [
            0,1,2,-1,3,4,5,-1,6,7,8,-1,9,10,11,-1,11,10,12,-1,13,14,11,-1,11,14,15,-1,11,15,9,-1,16,17,11,-1,11,17,18,-1,11,18,13,-1,19,20,21,-1,22,19,23,-1,23,19,24,-1,25,26,27,-1,27,26,28,-1,27,28,19,-1,19,28,29,-1,19,29,20,-1,24,19,30,-1,30,19,31,-1,30,31,32,-1,32,31,33,-1,32,33,34,-1,35,36,33,-1,33,36,37,-1,33,37,38,-1,33,39,34,-1,34,39,40,-1,34,40,41,-1,41,40,42,-1,41,42,43,-1,38,44,33,-1,33,44,45,-1,33,45,39,-1,46,47,48,-1,48,47,49,-1,48,49,50,-1,50,51,48,-1,48,51,52,-1,48,52,53,-1,53,52,54,-1,54,55,53,-1,53,55,56,-1,53,56,35,-1,35,56,57,-1,35,57,36,-1,58,59,60,-1,60,59,61,-1,60,61,48,-1,48,61,62,-1,48,62,46,-1,63,64,65,-1,65,64,66,-1,65,66,67,-1,63,68,64,-1,64,68,69,-1,64,69,60,-1,60,69,70,-1,60,70,58,-1,71,72,73,-1,73,72,74,-1,74,75,73,-1,73,75,76,-1,73,76,67,-1,77,78,79,-1,80,81,82,-1,83,84,85,-1,86,87,88,-1,88,87,89,-1,80,82,90,-1,83,85,91,-1,79,78,85,-1,85,78,92,-1,85,92,91,-1,81,93,82,-1,82,93,94,-1,82,94,95,-1,96,97,98,-1,98,97,99,-1,98,99,100,-1,101,102,103,-1,103,102,104,-1,103,104,98,-1,98,104,105,-1,98,105,96,-1,101,106,102,-1,102,106,107,-1,102,107,87,-1,87,107,108,-1,87,108,89,-1,109,110,111,-1,111,110,112,-1,111,112,82,-1,82,112,113,-1,82,113,90,-1,95,114,82,-1,82,114,115,-1,82,115,116,-1,117,118,71,-1,71,118,119,-1,71,119,120,-1,120,121,71,-1,71,121,122,-1,71,122,123,-1,123,122,109,-1,123,109,124,-1,124,109,111,-1,84,125,85,-1,85,125,126,-1,85,126,71,-1,71,126,127,-1,71,127,117,-1,128,129,82,-1,82,129,130,-1,82,130,87,-1,87,130,131,-1,87,131,132,-1,116,133,82,-1,82,133,134,-1,82,134,128,-1,135,136,137,-1,135,137,138,-1,132,139,87,-1,87,139,137,-1,87,137,102,-1,102,137,136,-1,102,136,140,-1,140,136,141,-1,142,143,137,-1,137,143,144,-1,137,144,138,-1,145,146,147,-1,146,148,147,-1,147,148,149,-1,147,149,150,-1,151,147,152,-1,141,136,151,-1,151,136,153,-1,151,153,147,-1,147,153,154,-1,147,154,145,-1,152,155,151,-1,151,155,156,-1,151,156,157,-1,150,149,158,-1,158,149,159,-1,158,159,160,-1,160,159,161,-1,160,161,162,-1,163,164,157,-1,157,164,165,-1,157,165,151,-1,10,166,12,-1,12,166,167,-1,12,167,79,-1,79,167,168,-1,79,168,77,-1,169,170,171,-1,171,170,172,-1,6,2,173,-1,173,2,1,-1,173,1,172,-1,172,1,174,-1,172,174,171,-1,175,176,177,-1,177,176,178,-1,6,8,2,-1,2,8,179,-1,2,179,175,-1,180,181,182,-1,182,181,183,-1,184,185,186,-1,187,188,189,-1,184,186,190,-1,190,186,189,-1,190,189,191,-1,191,189,188,-1,191,188,192,-1,189,193,187,-1,187,193,194,-1,187,194,195,-1,196,197,198,-1,180,182,192,-1,192,182,199,-1,192,199,191,-1,191,199,200,-1,191,200,198,-1,198,200,201,-1,198,201,196,-1,185,184,202,-1,202,184,203,-1,202,203,196,-1,204,205,203,-1,203,205,206,-1,203,206,207,-1,208,209,197,-1,209,210,197,-1,197,210,211,-1,197,211,212,-1,213,214,215,-1,215,214,208,-1,215,208,216,-1,217,218,208,-1,208,218,219,-1,208,219,216,-1,220,221,208,-1,208,221,222,-1,208,222,223,-1,224,225,226,-1,227,228,215,-1,215,228,229,-1,215,229,213,-1,196,203,197,-1,197,203,207,-1,197,207,208,-1,208,207,230,-1,208,230,220,-1,223,231,208,-1,208,231,232,-1,208,232,217,-1,224,226,215,-1,215,226,233,-1,215,233,227,-1,234,235,236,-1,236,235,237,-1,236,237,204,-1,238,239,240,-1,240,239,241,-1,242,243,239,-1,239,243,244,-1,239,244,241,-1,245,246,247,-1,247,246,248,-1,248,249,250,-1,250,249,251,-1,250,251,239,-1,239,251,252,-1,239,252,242,-1,253,254,255,-1,255,254,256,-1,255,256,257,-1,257,258,255,-1,255,258,259,-1,255,259,260,-1,261,262,253,-1,253,262,263,-1,253,263,254,-1,264,265,178,-1,176,169,178,-1,178,169,171,-1,178,171,264,-1,264,171,174,-1,264,174,266,-1,21,267,19,-1,19,267,268,-1,19,268,31,-1,31,268,269,-1,31,269,270,-1,270,269,271,-1,270,271,272,-1,272,271,273,-1,272,273,274,-1,274,273,275,-1,274,275,276,-1,277,278,279,-1,279,278,280,-1,279,280,281,-1,281,280,282,-1,281,282,283,-1,283,282,284,-1,283,284,285,-1,285,284,286,-1,285,286,275,-1,275,286,287,-1,275,287,276,-1,288,289,27,-1,27,289,290,-1,27,290,25,-1,291,292,177,-1,177,292,293,-1,294,295,178,-1,178,295,296,-1,297,298,299,-1,299,298,177,-1,299,177,300,-1,300,177,293,-1,296,301,178,-1,178,301,302,-1,178,302,303,-1,303,304,178,-1,178,304,305,-1,178,305,177,-1,177,305,306,-1,177,306,291,-1,190,307,294,-1,294,307,308,-1,294,308,295,-1,297,309,298,-1,298,309,310,-1,298,310,191,-1,191,310,311,-1,191,311,190,-1,190,311,312,-1,190,312,307,-1,313,314,315,-1,316,317,318,-1,318,317,319,-1,313,315,320,-1,321,322,323,-1,323,324,325,-1,326,327,328,-1,253,329,330,-1,331,332,333,-1,316,334,317,-1,317,334,335,-1,317,335,336,-1,336,335,328,-1,336,328,337,-1,337,328,327,-1,322,338,323,-1,323,338,339,-1,323,339,324,-1,340,341,315,-1,315,341,342,-1,315,342,320,-1,331,343,332,-1,332,343,344,-1,332,344,345,-1,345,344,346,-1,345,346,347,-1,330,348,253,-1,253,348,349,-1,253,349,350,-1,325,351,323,-1,323,351,352,-1,323,352,253,-1,253,352,319,-1,253,319,329,-1,329,319,317,-1,353,354,355,-1,355,354,356,-1,355,356,357,-1,358,359,360,-1,360,359,361,-1,360,361,347,-1,347,361,362,-1,347,362,345,-1,363,364,328,-1,328,364,365,-1,328,365,366,-1,366,367,328,-1,328,367,368,-1,328,368,326,-1,314,369,370,-1,370,369,371,-1,371,369,372,-1,371,372,373,-1,353,358,354,-1,354,358,360,-1,354,360,374,-1,374,360,375,-1,374,375,376,-1,376,375,377,-1,376,377,378,-1,378,377,379,-1,380,379,370,-1,370,379,377,-1,370,377,314,-1,314,377,375,-1,314,375,315,-1,380,370,4,-1,4,370,381,-1,4,381,5,-1,382,383,5,-1,384,385,261,-1,350,331,253,-1,253,331,333,-1,253,333,261,-1,261,333,386,-1,261,386,384,-1,387,388,5,-1,5,388,389,-1,385,390,261,-1,261,390,391,-1,261,391,392,-1,392,391,393,-1,392,393,382,-1,394,395,383,-1,383,395,396,-1,383,396,5,-1,5,396,397,-1,5,397,387,-1,389,398,5,-1,5,398,399,-1,5,399,3,-1,400,401,402,-1,402,401,403,-1,402,403,404,-1,402,405,400,-1,400,405,406,-1,400,406,407,-1,407,408,400,-1,400,408,409,-1,400,409,410,-1,410,409,411,-1,410,411,412,-1,412,411,413,-1,412,413,383,-1,383,413,414,-1,383,414,394,-1,415,416,404,-1,404,416,417,-1,404,417,402,-1,418,419,357,-1,357,419,420,-1,357,420,355,-1,418,421,419,-1,419,421,422,-1,419,422,423,-1,423,422,424,-1,423,425,426,-1,424,427,423,-1,423,427,428,-1,423,428,429,-1,429,430,423,-1,423,430,431,-1,423,431,425,-1,426,432,423,-1,423,432,433,-1,423,433,434,-1,435,436,437,-1,438,439,440,-1,437,441,435,-1,435,441,442,-1,435,442,443,-1,443,442,438,-1,443,438,444,-1,444,438,440,-1,445,446,5,-1,382,5,392,-1,392,5,446,-1,392,446,441,-1,441,446,447,-1,441,447,442,-1,448,449,445,-1,450,451,452,-1,452,451,453,-1,452,453,448,-1,448,445,452,-1,452,445,5,-1,452,5,454,-1,454,5,381,-1,454,381,455,-1,454,456,452,-1,452,456,457,-1,452,457,458,-1,459,460,461,-1,461,460,462,-1,461,462,381,-1,381,462,463,-1,381,463,455,-1,458,464,452,-1,452,464,465,-1,452,465,450,-1,466,467,468,-1,466,468,469,-1,467,470,468,-1,468,470,471,-1,468,471,461,-1,461,471,472,-1,461,472,459,-1,473,474,475,-1,475,474,476,-1,477,478,479,-1,480,481,482,-1,473,475,481,-1,481,475,483,-1,481,483,482,-1,482,483,484,-1,482,484,485,-1,479,486,487,-1,487,486,488,-1,487,488,489,-1,484,490,485,-1,485,490,491,-1,485,491,492,-1,492,491,493,-1,478,477,494,-1,494,477,495,-1,494,495,493,-1,493,495,437,-1,493,437,492,-1,492,437,436,-1,492,436,469,-1,204,203,236,-1,236,203,184,-1,236,184,496,-1,496,184,190,-1,496,190,497,-1,497,190,294,-1,497,294,498,-1,498,294,178,-1,498,178,499,-1,499,178,265,-1,499,265,500,-1,19,250,501,-1,501,250,239,-1,501,239,234,-1,234,239,238,-1,234,238,235,-1,248,250,247,-1,247,250,502,-1,247,502,503,-1,12,504,11,-1,11,504,505,-1,11,505,506,-1,507,502,506,-1,506,502,250,-1,506,250,11,-1,11,250,19,-1,11,19,16,-1,16,19,22,-1,477,177,495,-1,495,177,298,-1,495,298,437,-1,437,298,191,-1,437,191,441,-1,441,191,198,-1,441,198,392,-1,392,198,197,-1,392,197,261,-1,261,197,212,-1,261,212,262,-1,503,504,247,-1,247,504,12,-1,247,12,508,-1,508,12,79,-1,509,482,510,-1,510,482,511,-1,487,480,479,-1,479,480,482,-1,479,482,477,-1,477,482,509,-1,477,509,512,-1,477,513,514,-1,515,516,517,-1,517,516,518,-1,519,520,513,-1,519,513,521,-1,520,522,513,-1,513,522,523,-1,513,523,517,-1,517,523,524,-1,517,524,515,-1,518,525,517,-1,517,525,526,-1,517,526,527,-1,512,528,477,-1,477,528,529,-1,477,529,513,-1,513,529,530,-1,513,530,521,-1,175,177,2,-1,2,177,477,-1,2,477,0,-1,0,477,514,-1,0,514,511,-1,511,514,531,-1,511,531,532,-1,527,510,517,-1,517,510,511,-1,517,511,533,-1,533,511,532,-1,533,532,534,-1,534,532,535,-1,260,245,255,-1,255,245,247,-1,255,247,253,-1,253,247,508,-1,253,508,323,-1,323,508,536,-1,537,85,536,-1,538,539,540,-1,540,539,541,-1,540,541,542,-1,85,537,79,-1,79,537,543,-1,79,543,508,-1,508,543,544,-1,508,544,545,-1,546,547,545,-1,545,547,542,-1,545,542,508,-1,508,542,541,-1,508,541,536,-1,536,541,548,-1,536,548,537,-1,469,468,492,-1,492,468,549,-1,492,549,485,-1,485,549,550,-1,485,550,482,-1,482,550,551,-1,482,551,511,-1,71,73,85,-1,85,73,552,-1,85,552,536,-1,536,552,371,-1,536,371,323,-1,323,371,373,-1,323,373,321,-1,67,66,73,-1,73,66,553,-1,73,553,552,-1,552,553,554,-1,552,554,371,-1,371,554,555,-1,371,555,370,-1,370,555,556,-1,370,556,381,-1,381,556,557,-1,381,557,461,-1,461,557,558,-1,461,558,468,-1,468,558,559,-1,468,559,549,-1,549,559,560,-1,549,560,550,-1,550,560,561,-1,550,561,551,-1,562,563,564,-1,564,563,565,-1,564,565,566,-1,566,565,567,-1,568,569,570,-1,571,572,573,-1,574,575,573,-1,573,575,568,-1,573,568,571,-1,571,568,570,-1,565,563,576,-1,577,571,570,-1,578,579,580,-1,570,578,577,-1,577,578,580,-1,577,580,576,-1,576,580,581,-1,576,581,565,-1,582,583,584,-1,585,586,580,-1,584,585,582,-1,582,585,580,-1,582,580,587,-1,587,580,579,-1,587,579,588,-1,588,579,589,-1,590,591,592,-1,592,591,580,-1,592,580,593,-1,593,580,586,-1,593,586,594,-1,594,586,595,-1,562,564,596,-1,596,564,597,-1,596,597,598,-1,598,597,599,-1,598,599,572,-1,572,599,573,-1,589,600,588,-1,588,600,601,-1,602,588,603,-1,603,588,601,-1,603,601,604,-1,604,601,605,-1,569,568,606,-1,606,568,607,-1,606,607,608,-1,608,607,609,-1,608,609,600,-1,600,609,601,-1,610,611,584,-1,583,612,613,-1,614,615,613,-1,613,615,610,-1,613,610,583,-1,583,610,584,-1,602,603,616,-1,616,603,617,-1,616,617,618,-1,618,617,619,-1,618,619,612,-1,612,619,613,-1,595,620,594,-1,594,620,621,-1,622,594,623,-1,623,594,621,-1,623,621,624,-1,624,621,625,-1,611,610,626,-1,626,610,627,-1,626,627,628,-1,628,627,629,-1,628,629,620,-1,620,629,621,-1,630,624,625,-1,631,632,633,-1,634,635,636,-1,636,635,637,-1,633,632,638,-1,615,614,633,-1,633,614,639,-1,604,605,640,-1,640,605,641,-1,642,643,644,-1,644,643,645,-1,631,633,646,-1,646,633,639,-1,646,639,647,-1,647,639,640,-1,647,640,642,-1,642,640,641,-1,642,641,643,-1,648,649,636,-1,650,651,652,-1,652,651,634,-1,625,638,630,-1,630,638,632,-1,630,632,636,-1,636,632,653,-1,636,653,648,-1,654,655,656,-1,656,655,657,-1,656,657,658,-1,658,659,656,-1,656,659,660,-1,656,660,567,-1,567,660,566,-1,659,661,660,-1,660,661,645,-1,660,645,662,-1,662,645,643,-1,662,643,574,-1,574,643,575,-1,649,663,636,-1,636,663,664,-1,636,664,634,-1,634,664,665,-1,634,665,652,-1,637,635,666,-1,666,635,591,-1,666,591,667,-1,667,591,590,-1,622,623,668,-1,668,623,669,-1,668,669,670,-1,670,669,671,-1,670,671,667,-1,667,671,666,-1,
        ]
    }
}
Shape{
    appearance Appearance {
        material  Material 	{
            diffuseColor 0.7529411764705882 0.7529411764705882 0.7529411764705882
            specularColor 0.3764705882352941 0.3764705882352941 0.3764705882352941
            ambientIntensity 0.2
            transparency 0
            shininess 0.5
        }
    }
    geometry IndexedFaceSet {
        ccw TRUE
        solid FALSE
        coord DEF co Coordinate {
            point [
                -3.0315 -2.0079 0.5462, -3.0315 -2.0079 0.6299, -3.189 -2.0079 0.5462, -3.189 -2.0079 0.6299, -3.189 -2.0079 0.32, -3.189 -2.0079 -0.0787, -3.0315 -2.0079 0.32, -3.0315 -2.0079 -0.0787, -3.189 -1.6586 -0.1575, -3.189 -1.2205 -0.1575, -3.0315 -1.6586 -0.1575, -3.0315 -1.2205 -0.1575, -3.0315 -1.8847 -0.1575, -3.0315 -1.9291 -0.1575, -3.189 -1.8847 -0.1575, -3.189 -1.9291 -0.1575, 3.189 -2.0079 0.5462, 3.189 -2.0079 0.6299, 3.0315 -2.0079 0.5462, 3.0315 -2.0079 0.6299, 3.189 -1.8847 -0.1575, 3.189 -1.9291 -0.1575, 3.0315 -1.8847 -0.1575, 3.0315 -1.9291 -0.1575, 3.0315 -1.9291 -0.1575
            ]
        }
        coordIndex [
            0,1,2,-1,2,1,3,-1,4,5,6,-1,6,5,7,-1,8,9,10,-1,10,9,11,-1,12,13,14,-1,14,13,15,-1,16,17,18,-1,18,17,19,-1,20,21,22,-1,22,21,23,-1,
        ]
    }
}
Shape{
    appearance Appearance {
        material  Material 	{
            diffuseColor 1.0 0.9098039215686274 0.8745098039215686
            specularColor 0.5019607843137255 0.4549019607843137 0.4392156862745098
            ambientIntensity 0.2
            transparency 0
            shininess 0.5
        }
    }
    geometry IndexedFaceSet {
        ccw TRUE
        solid FALSE
        coord DEF co Coordinate {
            point [
                3.189 -1.1024 0.7087, 3.189 -1.1024 0.315, 3.189 -1.1417 0.7087, 3.189 -1.1417 0.315, 3.0315 -1.811 0.7087, 2.9528 -1.811 0.7087, 3.0315 -1.1417 0.7087, 2.9528 -1.1024 0.7087, -0.4921 0.6299 1.6929, 2.6772 0.6299 1.6929, 0.126 0.6299 1.3543, -0.126 0.6299 1.3543, -0.126 0.6299 1.1024, -0.4921 0.6299 1.0433, 0.126 0.6299 1.1024, 0.8583 0.6299 1.1024, 1.1102 0.6299 1.1024, 2.6772 0.6299 1.0433, 0.8583 0.6299 1.3543, 1.1102 0.6299 1.3543, 1.8425 0.6299 1.3543, 1.8425 0.6299 1.1024, 2.0945 0.6299 1.1024, 2.0945 0.6299 1.3543, 2.6772 0.6299 0.9843, -0.4921 0.6299 0.9843, -1.1102 0.6299 1.1024, -0.8583 0.6299 1.1024, -1.8425 0.6299 1.3543, -2.6772 0.6299 1.6929, -2.0945 0.6299 1.3543, -2.6772 0.6299 1.0433, -2.0945 0.6299 1.1024, -1.8425 0.6299 1.1024, -0.8583 0.6299 1.3543, -1.1102 0.6299 1.3543, -2.6772 0.6299 0.9843, -2.6772 0.5512 1.6929, 2.6772 0.5512 1.6929, -2.6772 0.748 1.7717, -2.9528 0.748 1.7717, -2.6772 0.748 2.0079, -2.9528 0.748 2.2835, 2.6772 0.748 2.0079, 2.9528 0.748 2.2835, 2.6772 0.748 1.7717, 2.9528 0.748 1.7717, 2.6772 1.0236 1.4961, 2.9528 1.0236 1.4961, 2.6772 1.0236 0.1969, 2.9528 1.0236 0.5097, 2.9528 1.0236 0.4147, 2.9528 1.0236 0.3873, 2.9528 1.0236 0.2665, 2.1654 1.0236 -0.0787, 2.1654 1.0236 0.1969, 2.9528 1.0236 -0.0787, 2.9528 1.0236 0.2295, 1.7717 1.0236 -0.0787, 1.1811 1.0236 -0.0787, 1.7717 1.0236 0.1969, 1.1811 1.0236 0.1969, 0.7874 1.0236 -0.0787, 0.1969 1.0236 -0.0787, 0.7874 1.0236 0.1969, 0.1969 1.0236 0.1969, 2.6772 0.6299 0.1969, 2.1654 0.6299 0.1969, 1.1811 0.6299 0.1969, 1.7717 0.6299 0.1969, 0.1969 0.6299 0.1969, 0.7874 0.6299 0.1969, -1.7717 1.0236 0.1969, -1.1811 1.0236 0.1969, -1.7717 1.0236 -0.0787, -1.1811 1.0236 -0.0787, -1.1811 0.6299 0.1969, -1.7717 0.6299 0.1969, -0.1969 1.0236 -0.0787, -0.7874 1.0236 -0.0787, -0.1969 1.0236 0.1969, -0.7874 1.0236 0.1969, -0.7874 0.6299 0.1969, -0.1969 0.6299 0.1969, 2.9528 -0.1575 -0.0787, 3.4449 -0.1575 -0.0787, 3.4449 -1.1024 -0.0787, 1.1811 0.6299 -0.0787, -3.4449 -1.1024 -0.0787, -3.4449 -0.1575 -0.0787, -2.9528 -1.1024 -0.0787, -2.9528 -0.1575 -0.0787, 2.9528 -2.0472 -0.0787, -2.9528 -2.0472 -0.0787, 2.9528 -1.1024 -0.0787, 1.7717 0.6299 -0.0787, 2.1654 0.6299 -0.0787, 2.9528 0.7542 -0.0787, 2.9528 0.7247 -0.0787, -0.1969 0.6299 -0.0787, 0.1969 0.6299 -0.0787, 2.9528 0.6889 -0.0787, 2.9528 0.6372 -0.0787, 2.9528 0.6155 -0.0787, 0.7874 0.6299 -0.0787, -2.9528 1.0236 -0.0787, -2.1654 1.0236 -0.0787, -2.1654 0.6299 -0.0787, -1.7717 0.6299 -0.0787, -0.7874 0.6299 -0.0787, -1.1811 0.6299 -0.0787, 2.9528 0.5728 -0.0787, 2.9528 0.4937 -0.0787, 2.9528 0.4881 -0.0787, 2.9528 0.3982 -0.0787, -2.3228 -2.0472 2.0866, -2.3228 -2.0472 2.2835, -2.7559 -2.0472 2.0866, -2.9528 -2.0472 2.2835, -2.7559 -2.0472 1.7323, -2.9528 -2.0472 1.7323, 2.7559 -2.0472 1.7323, 2.9528 -2.0472 1.7323, 2.7559 -2.0472 2.0866, 2.9528 -2.0472 2.2835, 2.3228 -2.0472 2.0866, 2.3228 -2.0472 2.2835, 1.7717 -2.0472 2.0866, 1.7717 -2.0472 2.2835, -1.7717 -2.0472 2.0866, -1.7717 -2.0472 2.2835, 2.9528 0.7542 1.7655, -1.7717 -0.6693 2.2835, 1.7717 -0.6693 2.2835, -2.231 -1.795 2.2835, -2.2599 -0.971 2.2835, -2.1835 -0.828 2.2835, -2.0807 -0.7027 2.2835, -2.0472 -0.6693 2.2835, 2.2599 -0.971 2.2835, 2.9528 -1.0555 2.2835, 2.1835 -0.828 2.2835, 2.9528 0.3982 2.2835, 2.0807 -0.7027 2.2835, 2.231 -1.795 2.2835, 2.3228 -1.5982 2.2835, 2.3228 -1.2873 2.2835, 2.3069 -1.126 2.2835, 2.9528 0.4937 2.2835, 2.9528 0.5728 2.2835, 2.0472 -0.6693 2.2835, -2.3228 -1.5982 2.2835, -2.3228 -1.2873 2.2835, -2.3069 -1.126 2.2835, 2.9528 0.4881 2.2835, 2.9528 0.6155 2.2835, 2.9528 0.6372 2.2835, 2.9528 0.6889 2.2835, 2.9528 0.7247 2.2835, -2.7559 -2.0472 1.4173, -2.9528 -2.0472 1.4173, -2.7559 -2.0472 0.1181, 2.7559 -2.0472 0.1181, 2.9528 -2.0472 0.2295, 2.9528 -2.0472 0.2665, 2.9528 -2.0472 0.3873, 2.9528 -2.0472 1.4173, 2.7559 -2.0472 1.4173, 2.9528 -2.0472 0.5097, 2.9528 -2.0472 0.4147, -2.1654 1.0236 0.1969, -2.6772 1.0236 0.1969, -2.6772 1.0236 1.4961, -2.9528 1.0236 1.4961, -3.4449 -1.811 0.315, -3.4449 -1.811 0.9055, -3.4449 -1.1024 0.315, -3.4449 -0.1575 0.9055, 3.4449 -1.1024 0.315, 3.4449 -0.1575 0.9055, 3.4449 -1.811 0.315, 3.4449 -1.811 0.9055, 2.9528 -0.1575 0.5097, 2.9528 -0.1575 0.9055, 2.9528 -0.1575 0.2295, 2.9528 -0.1575 0.2665, 2.9528 -0.1575 0.3873, 2.9528 -0.1575 0.4147, 2.9528 -1.0555 0.9055, 2.9528 -1.811 0.9055, 3.189 -1.811 0.315, 3.189 -1.811 0.7087, 2.9528 -1.1024 0.5097, 2.9528 -1.1024 0.4147, 2.9528 -1.1024 0.3873, 2.9528 -1.1024 0.2665, 2.9528 -1.1024 0.2295, -3.189 -1.1024 0.315, -3.189 -1.1024 0.7087, -2.9528 -1.1024 0.7087, -3.189 -1.811 0.315, -3.189 -1.1417 0.315, -3.189 -1.811 0.7087, -2.9528 -1.811 0.9055, -3.0315 -1.811 0.7087, -2.9528 -1.811 0.7087, -2.9528 -0.1575 0.9055, -2.9528 -0.8661 1.4173, -2.9528 -0.9091 1.6582, -2.9528 -0.9403 1.6893, -2.9528 -0.8661 1.5354, -2.9528 -0.8711 1.5792, -2.9528 -0.8856 1.6208, -2.9528 -0.9776 1.7128, -2.9528 -1.0192 1.7273, -2.9528 -1.063 1.7323, -3.189 -1.1417 0.7087, -3.0315 -1.1417 0.7087, 2.6772 0.5512 2.0079, 2.6772 0.6299 0.4331, 2.6772 0.5118 0.9843, 2.6772 0.5118 0.4331, -2.6772 0.6299 0.4331, -2.6772 0.6299 0.1969, -2.6772 0.5512 2.0079, -2.6772 0.5118 0.9843, -2.6772 0.5118 0.4331, -2.1654 0.6299 0.1969, 2.6772 -1.9685 0.1969, 2.6772 -1.9685 1.4173, 2.6772 0.4724 0.1969, 2.6772 -0.8661 1.4173, 2.6772 0.4724 2.0079, 2.6772 -0.8661 1.5354, 2.6772 -0.8711 1.5792, 2.6772 -0.8856 1.6208, 2.6772 -0.9091 1.6582, 2.6772 -0.9403 1.6893, 2.6772 -0.9776 1.7128, 2.6772 -1.0192 1.7273, 2.6772 -1.063 1.7323, 2.6772 -1.9685 2.0079, 2.6772 -1.9685 1.7323, -2.6772 -1.9685 1.4173, -2.6772 -1.9685 0.1969, -2.6772 -0.8661 1.4173, -2.6772 0.4724 0.1969, -2.6772 -0.8661 1.5354, -2.6772 0.4724 2.0079, -2.6772 -0.8711 1.5792, -2.6772 -0.8856 1.6208, -2.6772 -1.0192 1.7273, -2.6772 -0.9776 1.7128, -2.6772 -1.063 1.7323, -2.6772 -1.9685 2.0079, -2.6772 -1.9685 1.7323, -2.6772 -0.9403 1.6893, -2.6772 -0.9091 1.6582, -2.0472 -0.6693 2.0079, -1.7717 -0.6693 2.0079, -1.7717 -1.9685 2.0079, -2.2942 -1.9685 2.0079, -2.231 -1.795 2.0079, -2.3228 -1.5982 2.0079, -2.3228 -1.2873 2.0079, -2.0807 -0.7027 2.0079, -2.1835 -0.828 2.0079, -2.2599 -0.971 2.0079, -2.3069 -1.126 2.0079, 1.7717 -1.9685 2.0079, 1.7717 -0.6693 2.0079, 2.0472 -0.6693 2.0079, 2.0807 -0.7027 2.0079, 2.3228 -1.2873 2.0079, 2.3069 -1.126 2.0079, 2.2599 -0.971 2.0079, 2.1835 -0.828 2.0079, 2.3228 -1.5982 2.0079, 2.231 -1.795 2.0079, 2.2942 -1.9685 2.0079, 2.9528 -1.063 1.7323, 2.9528 -0.8661 1.5354, 2.9528 -0.8711 1.5792, 2.9528 -0.8856 1.6208, 2.9528 -0.9091 1.6582, 2.9528 -0.9403 1.6893, 2.9528 -0.9776 1.7128, 2.9528 -1.0555 1.7314, 2.9528 -1.0192 1.7273, 2.9528 -0.8661 1.4173, 2.9528 -1.0555 1.4173, 2.9528 -1.0555 1.4173
            ]
        }
        coordIndex [
            0,1,2,-1,2,1,3,-1,4,5,6,-1,6,5,7,-1,6,7,2,-1,2,7,0,-1,8,9,10,-1,11,12,13,-1,13,12,14,-1,15,16,17,-1,14,10,18,-1,18,10,9,-1,18,9,19,-1,19,9,20,-1,19,20,16,-1,16,20,21,-1,16,21,17,-1,17,21,22,-1,17,22,9,-1,9,22,23,-1,9,23,20,-1,18,15,14,-1,14,15,17,-1,14,17,13,-1,13,17,24,-1,13,24,25,-1,26,27,13,-1,13,27,8,-1,13,8,11,-1,11,8,10,-1,8,28,29,-1,29,28,30,-1,29,30,31,-1,31,30,32,-1,31,32,33,-1,27,34,8,-1,8,34,35,-1,8,35,28,-1,28,35,33,-1,35,26,33,-1,33,26,13,-1,33,13,31,-1,31,13,25,-1,31,25,36,-1,29,37,8,-1,8,37,38,-1,8,38,9,-1,39,40,41,-1,41,40,42,-1,41,42,43,-1,43,42,44,-1,43,44,45,-1,45,44,46,-1,47,48,49,-1,49,48,50,-1,50,51,49,-1,49,51,52,-1,49,52,53,-1,54,55,56,-1,56,55,49,-1,56,49,57,-1,57,49,53,-1,58,59,60,-1,60,59,61,-1,62,63,64,-1,64,63,65,-1,66,49,67,-1,67,49,55,-1,61,68,60,-1,60,68,69,-1,65,70,64,-1,64,70,71,-1,72,73,74,-1,74,73,75,-1,76,73,77,-1,77,73,72,-1,78,79,80,-1,80,79,81,-1,81,82,80,-1,80,82,83,-1,84,85,86,-1,87,59,58,-1,88,89,90,-1,90,89,91,-1,92,93,94,-1,94,93,95,-1,94,95,96,-1,54,56,96,-1,96,56,97,-1,96,97,98,-1,90,78,93,-1,93,78,99,-1,93,99,100,-1,98,101,96,-1,96,101,102,-1,96,102,103,-1,63,62,100,-1,100,62,104,-1,100,104,93,-1,93,104,87,-1,93,87,95,-1,95,87,58,-1,105,106,91,-1,91,106,107,-1,91,107,90,-1,90,107,108,-1,79,78,109,-1,109,78,90,-1,109,90,110,-1,110,90,108,-1,110,108,75,-1,75,108,74,-1,103,111,96,-1,96,111,112,-1,96,112,113,-1,86,94,84,-1,84,94,96,-1,84,96,114,-1,114,96,113,-1,115,116,117,-1,117,116,118,-1,117,118,119,-1,119,118,120,-1,121,122,123,-1,123,122,124,-1,123,124,125,-1,125,124,126,-1,127,128,129,-1,129,128,130,-1,48,47,131,-1,131,47,45,-1,131,45,46,-1,130,128,132,-1,132,128,133,-1,118,116,134,-1,135,136,42,-1,42,136,137,-1,42,137,138,-1,139,140,141,-1,141,140,142,-1,141,142,143,-1,144,126,145,-1,145,126,124,-1,145,124,146,-1,146,124,140,-1,146,140,147,-1,147,140,139,-1,148,149,150,-1,134,151,118,-1,118,151,152,-1,118,152,42,-1,42,152,153,-1,42,153,135,-1,143,142,150,-1,150,142,154,-1,150,154,148,-1,149,155,150,-1,150,155,156,-1,150,156,157,-1,138,132,42,-1,42,132,133,-1,42,133,44,-1,44,133,150,-1,44,150,158,-1,158,150,157,-1,159,160,161,-1,161,160,93,-1,161,93,162,-1,162,93,92,-1,92,163,162,-1,162,163,164,-1,162,164,165,-1,166,167,168,-1,168,167,162,-1,168,162,169,-1,169,162,165,-1,170,106,171,-1,171,106,105,-1,171,105,172,-1,172,105,173,-1,172,173,39,-1,39,173,40,-1,174,175,176,-1,176,175,177,-1,176,177,88,-1,88,177,89,-1,86,85,178,-1,178,85,179,-1,178,179,180,-1,180,179,181,-1,182,183,179,-1,85,84,184,-1,184,185,85,-1,85,185,186,-1,85,186,179,-1,179,186,187,-1,179,187,182,-1,179,183,181,-1,181,183,188,-1,181,188,189,-1,190,180,191,-1,191,180,181,-1,191,181,4,-1,4,181,189,-1,4,189,5,-1,1,178,3,-1,3,178,180,-1,3,180,190,-1,0,7,1,-1,1,7,192,-1,192,193,1,-1,1,193,194,-1,1,194,195,-1,86,178,94,-1,94,178,1,-1,94,1,196,-1,196,1,195,-1,176,88,197,-1,197,88,90,-1,197,90,198,-1,198,90,199,-1,200,174,201,-1,201,174,176,-1,201,176,197,-1,174,200,175,-1,175,200,202,-1,175,202,203,-1,203,202,204,-1,203,204,205,-1,203,206,175,-1,175,206,177,-1,206,91,177,-1,177,91,89,-1,205,199,90,-1,160,207,206,-1,206,203,160,-1,160,203,205,-1,160,205,93,-1,93,205,90,-1,105,91,173,-1,173,91,206,-1,173,206,40,-1,40,206,207,-1,42,208,209,-1,207,210,40,-1,40,210,211,-1,40,211,42,-1,42,211,212,-1,42,212,208,-1,209,213,42,-1,42,213,214,-1,42,214,118,-1,118,214,215,-1,118,215,120,-1,201,197,216,-1,216,197,198,-1,216,198,217,-1,217,198,199,-1,217,199,204,-1,204,199,205,-1,218,43,45,-1,49,66,47,-1,47,66,219,-1,38,218,9,-1,9,218,45,-1,9,45,17,-1,17,45,47,-1,17,47,24,-1,24,47,219,-1,24,219,220,-1,220,219,221,-1,222,223,171,-1,39,41,29,-1,29,41,224,-1,29,224,37,-1,225,226,36,-1,36,226,222,-1,36,222,172,-1,172,222,171,-1,39,29,172,-1,172,29,31,-1,172,31,36,-1,171,223,170,-1,170,223,227,-1,228,229,230,-1,230,229,231,-1,230,231,232,-1,231,233,232,-1,232,233,234,-1,232,234,235,-1,235,236,232,-1,232,236,237,-1,232,237,238,-1,238,239,232,-1,232,239,240,-1,232,240,241,-1,241,240,242,-1,243,244,245,-1,245,244,246,-1,245,246,247,-1,247,246,248,-1,247,248,249,-1,249,248,250,-1,248,251,252,-1,251,248,253,-1,253,248,254,-1,253,254,255,-1,252,256,248,-1,248,256,257,-1,248,257,250,-1,258,259,138,-1,138,259,132,-1,129,130,260,-1,260,130,132,-1,260,132,259,-1,116,115,134,-1,134,115,261,-1,134,261,262,-1,262,263,134,-1,134,263,151,-1,263,264,151,-1,151,264,152,-1,265,137,266,-1,266,137,136,-1,266,136,267,-1,267,136,135,-1,267,135,268,-1,268,135,153,-1,268,153,264,-1,264,153,152,-1,265,258,137,-1,137,258,138,-1,269,270,127,-1,127,270,133,-1,127,133,128,-1,270,271,133,-1,133,271,150,-1,271,272,150,-1,150,272,143,-1,273,146,274,-1,274,146,147,-1,274,147,275,-1,275,147,139,-1,275,139,276,-1,276,139,141,-1,276,141,272,-1,272,141,143,-1,273,277,146,-1,146,277,145,-1,277,278,145,-1,145,278,144,-1,125,126,279,-1,279,126,144,-1,279,144,278,-1,245,207,243,-1,243,207,160,-1,243,160,159,-1,245,247,207,-1,207,247,210,-1,210,247,211,-1,211,247,249,-1,211,249,212,-1,212,249,250,-1,212,250,208,-1,208,250,257,-1,208,257,209,-1,209,257,256,-1,209,256,213,-1,213,256,252,-1,213,252,214,-1,214,252,251,-1,214,251,215,-1,215,251,253,-1,119,120,255,-1,255,120,215,-1,255,215,253,-1,242,240,121,-1,121,240,280,-1,121,280,122,-1,233,281,234,-1,234,281,282,-1,234,282,235,-1,235,282,283,-1,235,283,236,-1,236,283,284,-1,236,284,237,-1,237,284,285,-1,237,285,238,-1,238,285,286,-1,238,286,239,-1,280,240,287,-1,287,240,239,-1,287,239,288,-1,288,239,286,-1,281,233,289,-1,289,233,231,-1,290,289,231,-1,231,229,290,-1,290,229,167,-1,290,167,166,-1,82,81,109,-1,109,81,79,-1,76,110,73,-1,73,110,75,-1,77,72,108,-1,108,72,74,-1,227,107,170,-1,170,107,106,-1,70,65,100,-1,100,65,63,-1,83,99,80,-1,80,99,78,-1,68,61,87,-1,87,61,59,-1,71,104,64,-1,64,104,62,-1,67,55,96,-1,96,55,54,-1,69,95,60,-1,60,95,58,-1,218,224,43,-1,43,224,41,-1,37,224,38,-1,38,224,218,-1,227,223,222,-1,222,219,67,-1,67,219,66,-1,68,222,69,-1,69,222,67,-1,69,67,95,-1,95,67,96,-1,83,82,222,-1,70,100,99,-1,99,83,70,-1,70,83,222,-1,70,222,71,-1,71,222,68,-1,71,68,104,-1,104,68,87,-1,77,108,107,-1,107,227,77,-1,77,227,222,-1,77,222,76,-1,76,222,82,-1,76,82,110,-1,110,82,109,-1,
        ]
    }
}
Shape{
    appearance Appearance {
        material  Material 	{
            diffuseColor 0.7529411764705882 0.7529411764705882 0.7529411764705882
            specularColor 0.3764705882352941 0.3764705882352941 0.3764705882352941
            ambientIntensity 0.2
            transparency 0
            shininess 0.5
        }
    }
    geometry IndexedFaceSet {
        ccw TRUE
        solid FALSE
        coord DEF co Coordinate {
            point [
                0.126 0.6755 1.1024, -0.126 0.6755 1.1024, 0.126 0.6854 1.1011, -0.126 0.6854 1.1011, 0.126 0.6948 1.0973, -0.126 0.6948 1.0973, 0.126 0.7028 1.0913, -0.126 0.7028 1.0913, 0.126 0.7091 1.0835, -0.126 0.7091 1.0835, 0.126 0.7132 1.0743, -0.126 0.7132 1.0743, 0.126 0.7148 1.0644, -0.126 0.7148 1.0644, 0.126 0.7482 0.1085, -0.126 0.7482 0.1085, -0.126 0.7596 0.0391, 0.126 0.7596 0.0391, -0.126 0.7882 -0.0252, 0.126 0.7882 -0.0252, -0.126 0.8322 -0.0801, 0.126 0.8322 -0.0801, -0.126 0.8886 -0.1221, 0.126 0.8886 -0.1221, -0.126 0.9538 -0.1485, 0.126 0.9538 -0.1485, -0.126 1.0236 -0.1575, 0.126 1.0236 -0.1575, 0.126 1.8898 -0.1575, -0.126 1.8898 -0.1575, -0.0543 2.0866 -0.0858, -0.0543 2.0866 0.0228, 0.0543 2.0866 -0.0858, 0.0543 2.0866 0.0228, -0.126 1.8898 0.0945, -0.126 1.0236 0.0945, 0.126 1.8898 0.0945, 0.126 1.0236 0.0945, 0.126 1.0176 0.0953, -0.126 1.0176 0.0953, 0.126 1.012 0.0975, -0.126 1.012 0.0975, 0.126 1.0072 0.1011, -0.126 1.0072 0.1011, 0.126 1.0034 0.1058, -0.126 1.0034 0.1058, 0.126 1.001 0.1113, -0.126 1.001 0.1113, 0.126 1.0 0.1173, -0.126 1.0 0.1173, 0.126 0.9666 1.0732, -0.126 0.9666 1.0732, -0.126 0.9546 1.1465, 0.126 0.9546 1.1465, -0.126 0.9243 1.2145, 0.126 0.9243 1.2145, -0.126 0.8779 1.2726, 0.126 0.8779 1.2726, -0.126 0.8182 1.317, 0.126 0.8182 1.317, -0.126 0.7492 1.3448, 0.126 0.7492 1.3448, -0.126 0.6755 1.3543, 0.126 0.6755 1.3543, 0.126 0.6299 1.1024, 0.126 0.6299 1.3543, -0.126 0.6299 1.3543, -0.126 0.6299 1.1024, -0.8583 0.6755 1.1024, -1.1102 0.6755 1.1024, -0.8583 0.6854 1.1011, -1.1102 0.6854 1.1011, -0.8583 0.6948 1.0973, -1.1102 0.6948 1.0973, -0.8583 0.7028 1.0913, -1.1102 0.7028 1.0913, -0.8583 0.7091 1.0835, -1.1102 0.7091 1.0835, -0.8583 0.7132 1.0743, -1.1102 0.7132 1.0743, -0.8583 0.7148 1.0644, -1.1102 0.7148 1.0644, -0.8583 0.7482 0.1085, -1.1102 0.7482 0.1085, -1.1102 0.7596 0.0391, -0.8583 0.7596 0.0391, -1.1102 0.7882 -0.0252, -0.8583 0.7882 -0.0252, -1.1102 0.8322 -0.0801, -0.8583 0.8322 -0.0801, -1.1102 0.8886 -0.1221, -0.8583 0.8886 -0.1221, -1.1102 0.9538 -0.1485, -0.8583 0.9538 -0.1485, -1.1102 1.0236 -0.1575, -0.8583 1.0236 -0.1575, -0.8583 1.8898 -0.1575, -1.1102 1.8898 -0.1575, -1.0386 2.0866 -0.0858, -1.0386 2.0866 0.0228, -0.9299 2.0866 -0.0858, -0.9299 2.0866 0.0228, -1.1102 1.8898 0.0945, -1.1102 1.0236 0.0945, -0.8583 1.8898 0.0945, -0.8583 1.0236 0.0945, -0.8583 1.0176 0.0953, -1.1102 1.0176 0.0953, -0.8583 1.012 0.0975, -1.1102 1.012 0.0975, -0.8583 1.0072 0.1011, -1.1102 1.0072 0.1011, -0.8583 1.0034 0.1058, -1.1102 1.0034 0.1058, -0.8583 1.001 0.1113, -1.1102 1.001 0.1113, -0.8583 1.0 0.1173, -1.1102 1.0 0.1173, -0.8583 0.9666 1.0732, -1.1102 0.9666 1.0732, -1.1102 0.9546 1.1465, -0.8583 0.9546 1.1465, -1.1102 0.9243 1.2145, -0.8583 0.9243 1.2145, -1.1102 0.8779 1.2726, -0.8583 0.8779 1.2726, -1.1102 0.8182 1.317, -0.8583 0.8182 1.317, -1.1102 0.7492 1.3448, -0.8583 0.7492 1.3448, -1.1102 0.6755 1.3543, -0.8583 0.6755 1.3543, -0.8583 0.6299 1.1024, -0.8583 0.6299 1.3543, -1.1102 0.6299 1.3543, -1.1102 0.6299 1.1024, -1.8425 0.6755 1.1024, -2.0945 0.6755 1.1024, -1.8425 0.6854 1.1011, -2.0945 0.6854 1.1011, -1.8425 0.6948 1.0973, -2.0945 0.6948 1.0973, -1.8425 0.7028 1.0913, -2.0945 0.7028 1.0913, -1.8425 0.7091 1.0835, -2.0945 0.7091 1.0835, -1.8425 0.7132 1.0743, -2.0945 0.7132 1.0743, -1.8425 0.7148 1.0644, -2.0945 0.7148 1.0644, -1.8425 0.7482 0.1085, -2.0945 0.7482 0.1085, -2.0945 0.7596 0.0391, -1.8425 0.7596 0.0391, -2.0945 0.7882 -0.0252, -1.8425 0.7882 -0.0252, -2.0945 0.8322 -0.0801, -1.8425 0.8322 -0.0801, -2.0945 0.8886 -0.1221, -1.8425 0.8886 -0.1221, -2.0945 0.9538 -0.1485, -1.8425 0.9538 -0.1485, -2.0945 1.0236 -0.1575, -1.8425 1.0236 -0.1575, -1.8425 1.8898 -0.1575, -2.0945 1.8898 -0.1575, -2.0228 2.0866 -0.0858, -2.0228 2.0866 0.0228, -1.9142 2.0866 -0.0858, -1.9142 2.0866 0.0228, -2.0945 1.8898 0.0945, -2.0945 1.0236 0.0945, -1.8425 1.8898 0.0945, -1.8425 1.0236 0.0945, -1.8425 1.0176 0.0953, -2.0945 1.0176 0.0953, -1.8425 1.012 0.0975, -2.0945 1.012 0.0975, -1.8425 1.0072 0.1011, -2.0945 1.0072 0.1011, -1.8425 1.0034 0.1058, -2.0945 1.0034 0.1058, -1.8425 1.001 0.1113, -2.0945 1.001 0.1113, -1.8425 1.0 0.1173, -2.0945 1.0 0.1173, -1.8425 0.9666 1.0732, -2.0945 0.9666 1.0732, -2.0945 0.9546 1.1465, -1.8425 0.9546 1.1465, -2.0945 0.9243 1.2145, -1.8425 0.9243 1.2145, -2.0945 0.8779 1.2726, -1.8425 0.8779 1.2726, -2.0945 0.8182 1.317, -1.8425 0.8182 1.317, -2.0945 0.7492 1.3448, -1.8425 0.7492 1.3448, -2.0945 0.6755 1.3543, -1.8425 0.6755 1.3543, -1.8425 0.6299 1.1024, -1.8425 0.6299 1.3543, -2.0945 0.6299 1.3543, -2.0945 0.6299 1.1024, 1.1102 0.6755 1.1024, 0.8583 0.6755 1.1024, 1.1102 0.6854 1.1011, 0.8583 0.6854 1.1011, 1.1102 0.6948 1.0973, 0.8583 0.6948 1.0973, 1.1102 0.7028 1.0913, 0.8583 0.7028 1.0913, 1.1102 0.7091 1.0835, 0.8583 0.7091 1.0835, 1.1102 0.7132 1.0743, 0.8583 0.7132 1.0743, 1.1102 0.7148 1.0644, 0.8583 0.7148 1.0644, 1.1102 0.7482 0.1085, 0.8583 0.7482 0.1085, 0.8583 0.7596 0.0391, 1.1102 0.7596 0.0391, 0.8583 0.7882 -0.0252, 1.1102 0.7882 -0.0252, 0.8583 0.8322 -0.0801, 1.1102 0.8322 -0.0801, 0.8583 0.8886 -0.1221, 1.1102 0.8886 -0.1221, 0.8583 0.9538 -0.1485, 1.1102 0.9538 -0.1485, 0.8583 1.0236 -0.1575, 1.1102 1.0236 -0.1575, 1.1102 1.8898 -0.1575, 0.8583 1.8898 -0.1575, 0.9299 2.0866 -0.0858, 0.9299 2.0866 0.0228, 1.0386 2.0866 -0.0858, 1.0386 2.0866 0.0228, 0.8583 1.8898 0.0945, 0.8583 1.0236 0.0945, 1.1102 1.8898 0.0945, 1.1102 1.0236 0.0945, 1.1102 1.0176 0.0953, 0.8583 1.0176 0.0953, 1.1102 1.012 0.0975, 0.8583 1.012 0.0975, 1.1102 1.0072 0.1011, 0.8583 1.0072 0.1011, 1.1102 1.0034 0.1058, 0.8583 1.0034 0.1058, 1.1102 1.001 0.1113, 0.8583 1.001 0.1113, 1.1102 1.0 0.1173, 0.8583 1.0 0.1173, 1.1102 0.9666 1.0732, 0.8583 0.9666 1.0732, 0.8583 0.9546 1.1465, 1.1102 0.9546 1.1465, 0.8583 0.9243 1.2145, 1.1102 0.9243 1.2145, 0.8583 0.8779 1.2726, 1.1102 0.8779 1.2726, 0.8583 0.8182 1.317, 1.1102 0.8182 1.317, 0.8583 0.7492 1.3448, 1.1102 0.7492 1.3448, 0.8583 0.6755 1.3543, 1.1102 0.6755 1.3543, 1.1102 0.6299 1.1024, 1.1102 0.6299 1.3543, 0.8583 0.6299 1.3543, 0.8583 0.6299 1.1024, 2.0945 0.6755 1.1024, 1.8425 0.6755 1.1024, 2.0945 0.6854 1.1011, 1.8425 0.6854 1.1011, 2.0945 0.6948 1.0973, 1.8425 0.6948 1.0973, 2.0945 0.7028 1.0913, 1.8425 0.7028 1.0913, 2.0945 0.7091 1.0835, 1.8425 0.7091 1.0835, 2.0945 0.7132 1.0743, 1.8425 0.7132 1.0743, 2.0945 0.7148 1.0644, 1.8425 0.7148 1.0644, 2.0945 0.7482 0.1085, 1.8425 0.7482 0.1085, 1.8425 0.7596 0.0391, 2.0945 0.7596 0.0391, 1.8425 0.7882 -0.0252, 2.0945 0.7882 -0.0252, 1.8425 0.8322 -0.0801, 2.0945 0.8322 -0.0801, 1.8425 0.8886 -0.1221, 2.0945 0.8886 -0.1221, 1.8425 0.9538 -0.1485, 2.0945 0.9538 -0.1485, 1.8425 1.0236 -0.1575, 2.0945 1.0236 -0.1575, 2.0945 1.8898 -0.1575, 1.8425 1.8898 -0.1575, 1.9142 2.0866 -0.0858, 1.9142 2.0866 0.0228, 2.0228 2.0866 -0.0858, 2.0228 2.0866 0.0228, 1.8425 1.8898 0.0945, 1.8425 1.0236 0.0945, 2.0945 1.8898 0.0945, 2.0945 1.0236 0.0945, 2.0945 1.0176 0.0953, 1.8425 1.0176 0.0953, 2.0945 1.012 0.0975, 1.8425 1.012 0.0975, 2.0945 1.0072 0.1011, 1.8425 1.0072 0.1011, 2.0945 1.0034 0.1058, 1.8425 1.0034 0.1058, 2.0945 1.001 0.1113, 1.8425 1.001 0.1113, 2.0945 1.0 0.1173, 1.8425 1.0 0.1173, 2.0945 0.9666 1.0732, 1.8425 0.9666 1.0732, 1.8425 0.9546 1.1465, 2.0945 0.9546 1.1465, 1.8425 0.9243 1.2145, 2.0945 0.9243 1.2145, 1.8425 0.8779 1.2726, 2.0945 0.8779 1.2726, 1.8425 0.8182 1.317, 2.0945 0.8182 1.317, 1.8425 0.7492 1.3448, 2.0945 0.7492 1.3448, 1.8425 0.6755 1.3543, 2.0945 0.6755 1.3543, 2.0945 0.6299 1.1024, 2.0945 0.6299 1.3543, 1.8425 0.6299 1.3543, 1.8425 0.6299 1.1024, 1.8425 0.6299 1.1024
            ]
        }
        coordIndex [
            0,1,2,-1,2,1,3,-1,2,3,4,-1,4,3,5,-1,4,5,6,-1,6,5,7,-1,6,7,8,-1,8,7,9,-1,8,9,10,-1,10,9,11,-1,10,11,12,-1,12,11,13,-1,14,12,15,-1,15,12,13,-1,14,15,16,-1,14,16,17,-1,17,16,18,-1,17,18,19,-1,19,18,20,-1,19,20,21,-1,21,20,22,-1,21,22,23,-1,23,22,24,-1,23,24,25,-1,25,24,26,-1,25,26,27,-1,28,27,29,-1,29,27,26,-1,30,31,32,-1,32,31,33,-1,34,35,36,-1,36,35,37,-1,37,35,38,-1,38,35,39,-1,38,39,40,-1,40,39,41,-1,40,41,42,-1,42,41,43,-1,42,43,44,-1,44,43,45,-1,44,45,46,-1,46,45,47,-1,46,47,48,-1,48,47,49,-1,50,48,51,-1,51,48,49,-1,50,51,52,-1,50,52,53,-1,53,52,54,-1,53,54,55,-1,55,54,56,-1,55,56,57,-1,57,56,58,-1,57,58,59,-1,59,58,60,-1,59,60,61,-1,61,60,62,-1,61,62,63,-1,28,36,27,-1,27,36,37,-1,27,37,25,-1,25,37,38,-1,25,38,23,-1,23,38,40,-1,23,40,21,-1,21,40,42,-1,21,42,19,-1,19,42,44,-1,19,44,17,-1,17,44,46,-1,17,46,14,-1,14,46,48,-1,14,48,12,-1,12,48,50,-1,12,50,10,-1,10,50,53,-1,10,53,8,-1,8,53,55,-1,8,55,6,-1,6,55,57,-1,6,57,4,-1,4,57,59,-1,4,59,2,-1,2,59,61,-1,2,61,0,-1,0,61,63,-1,0,63,64,-1,64,63,65,-1,34,29,35,-1,35,29,26,-1,35,26,39,-1,39,26,24,-1,39,24,41,-1,41,24,22,-1,41,22,43,-1,43,22,20,-1,43,20,45,-1,45,20,18,-1,45,18,47,-1,47,18,16,-1,47,16,49,-1,49,16,15,-1,49,15,51,-1,51,15,13,-1,51,13,52,-1,52,13,11,-1,52,11,54,-1,54,11,9,-1,54,9,56,-1,56,9,7,-1,56,7,58,-1,58,7,5,-1,58,5,60,-1,60,5,3,-1,60,3,62,-1,62,3,1,-1,62,1,66,-1,66,1,67,-1,1,0,67,-1,67,0,64,-1,65,63,66,-1,66,63,62,-1,36,33,34,-1,34,33,31,-1,28,32,36,-1,36,32,33,-1,30,29,31,-1,31,29,34,-1,29,30,28,-1,28,30,32,-1,68,69,70,-1,70,69,71,-1,70,71,72,-1,72,71,73,-1,72,73,74,-1,74,73,75,-1,74,75,76,-1,76,75,77,-1,76,77,78,-1,78,77,79,-1,78,79,80,-1,80,79,81,-1,82,80,83,-1,83,80,81,-1,82,83,84,-1,82,84,85,-1,85,84,86,-1,85,86,87,-1,87,86,88,-1,87,88,89,-1,89,88,90,-1,89,90,91,-1,91,90,92,-1,91,92,93,-1,93,92,94,-1,93,94,95,-1,96,95,97,-1,97,95,94,-1,98,99,100,-1,100,99,101,-1,102,103,104,-1,104,103,105,-1,105,103,106,-1,106,103,107,-1,106,107,108,-1,108,107,109,-1,108,109,110,-1,110,109,111,-1,110,111,112,-1,112,111,113,-1,112,113,114,-1,114,113,115,-1,114,115,116,-1,116,115,117,-1,118,116,119,-1,119,116,117,-1,118,119,120,-1,118,120,121,-1,121,120,122,-1,121,122,123,-1,123,122,124,-1,123,124,125,-1,125,124,126,-1,125,126,127,-1,127,126,128,-1,127,128,129,-1,129,128,130,-1,129,130,131,-1,96,104,95,-1,95,104,105,-1,95,105,93,-1,93,105,106,-1,93,106,91,-1,91,106,108,-1,91,108,89,-1,89,108,110,-1,89,110,87,-1,87,110,112,-1,87,112,85,-1,85,112,114,-1,85,114,82,-1,82,114,116,-1,82,116,80,-1,80,116,118,-1,80,118,78,-1,78,118,121,-1,78,121,76,-1,76,121,123,-1,76,123,74,-1,74,123,125,-1,74,125,72,-1,72,125,127,-1,72,127,70,-1,70,127,129,-1,70,129,68,-1,68,129,131,-1,68,131,132,-1,132,131,133,-1,102,97,103,-1,103,97,94,-1,103,94,107,-1,107,94,92,-1,107,92,109,-1,109,92,90,-1,109,90,111,-1,111,90,88,-1,111,88,113,-1,113,88,86,-1,113,86,115,-1,115,86,84,-1,115,84,117,-1,117,84,83,-1,117,83,119,-1,119,83,81,-1,119,81,120,-1,120,81,79,-1,120,79,122,-1,122,79,77,-1,122,77,124,-1,124,77,75,-1,124,75,126,-1,126,75,73,-1,126,73,128,-1,128,73,71,-1,128,71,130,-1,130,71,69,-1,130,69,134,-1,134,69,135,-1,69,68,135,-1,135,68,132,-1,133,131,134,-1,134,131,130,-1,136,137,138,-1,138,137,139,-1,138,139,140,-1,140,139,141,-1,140,141,142,-1,142,141,143,-1,142,143,144,-1,144,143,145,-1,144,145,146,-1,146,145,147,-1,146,147,148,-1,148,147,149,-1,150,148,151,-1,151,148,149,-1,150,151,152,-1,150,152,153,-1,153,152,154,-1,153,154,155,-1,155,154,156,-1,155,156,157,-1,157,156,158,-1,157,158,159,-1,159,158,160,-1,159,160,161,-1,161,160,162,-1,161,162,163,-1,164,163,165,-1,165,163,162,-1,166,167,168,-1,168,167,169,-1,170,171,172,-1,172,171,173,-1,173,171,174,-1,174,171,175,-1,174,175,176,-1,176,175,177,-1,176,177,178,-1,178,177,179,-1,178,179,180,-1,180,179,181,-1,180,181,182,-1,182,181,183,-1,182,183,184,-1,184,183,185,-1,186,184,187,-1,187,184,185,-1,186,187,188,-1,186,188,189,-1,189,188,190,-1,189,190,191,-1,191,190,192,-1,191,192,193,-1,193,192,194,-1,193,194,195,-1,195,194,196,-1,195,196,197,-1,197,196,198,-1,197,198,199,-1,164,172,163,-1,163,172,173,-1,163,173,161,-1,161,173,174,-1,161,174,159,-1,159,174,176,-1,159,176,157,-1,157,176,178,-1,157,178,155,-1,155,178,180,-1,155,180,153,-1,153,180,182,-1,153,182,150,-1,150,182,184,-1,150,184,148,-1,148,184,186,-1,148,186,146,-1,146,186,189,-1,146,189,144,-1,144,189,191,-1,144,191,142,-1,142,191,193,-1,142,193,140,-1,140,193,195,-1,140,195,138,-1,138,195,197,-1,138,197,136,-1,136,197,199,-1,136,199,200,-1,200,199,201,-1,170,165,171,-1,171,165,162,-1,171,162,175,-1,175,162,160,-1,175,160,177,-1,177,160,158,-1,177,158,179,-1,179,158,156,-1,179,156,181,-1,181,156,154,-1,181,154,183,-1,183,154,152,-1,183,152,185,-1,185,152,151,-1,185,151,187,-1,187,151,149,-1,187,149,188,-1,188,149,147,-1,188,147,190,-1,190,147,145,-1,190,145,192,-1,192,145,143,-1,192,143,194,-1,194,143,141,-1,194,141,196,-1,196,141,139,-1,196,139,198,-1,198,139,137,-1,198,137,202,-1,202,137,203,-1,137,136,203,-1,203,136,200,-1,201,199,202,-1,202,199,198,-1,204,205,206,-1,206,205,207,-1,206,207,208,-1,208,207,209,-1,208,209,210,-1,210,209,211,-1,210,211,212,-1,212,211,213,-1,212,213,214,-1,214,213,215,-1,214,215,216,-1,216,215,217,-1,218,216,219,-1,219,216,217,-1,218,219,220,-1,218,220,221,-1,221,220,222,-1,221,222,223,-1,223,222,224,-1,223,224,225,-1,225,224,226,-1,225,226,227,-1,227,226,228,-1,227,228,229,-1,229,228,230,-1,229,230,231,-1,232,231,233,-1,233,231,230,-1,234,235,236,-1,236,235,237,-1,238,239,240,-1,240,239,241,-1,241,239,242,-1,242,239,243,-1,242,243,244,-1,244,243,245,-1,244,245,246,-1,246,245,247,-1,246,247,248,-1,248,247,249,-1,248,249,250,-1,250,249,251,-1,250,251,252,-1,252,251,253,-1,254,252,255,-1,255,252,253,-1,254,255,256,-1,254,256,257,-1,257,256,258,-1,257,258,259,-1,259,258,260,-1,259,260,261,-1,261,260,262,-1,261,262,263,-1,263,262,264,-1,263,264,265,-1,265,264,266,-1,265,266,267,-1,232,240,231,-1,231,240,241,-1,231,241,229,-1,229,241,242,-1,229,242,227,-1,227,242,244,-1,227,244,225,-1,225,244,246,-1,225,246,223,-1,223,246,248,-1,223,248,221,-1,221,248,250,-1,221,250,218,-1,218,250,252,-1,218,252,216,-1,216,252,254,-1,216,254,214,-1,214,254,257,-1,214,257,212,-1,212,257,259,-1,212,259,210,-1,210,259,261,-1,210,261,208,-1,208,261,263,-1,208,263,206,-1,206,263,265,-1,206,265,204,-1,204,265,267,-1,204,267,268,-1,268,267,269,-1,238,233,239,-1,239,233,230,-1,239,230,243,-1,243,230,228,-1,243,228,245,-1,245,228,226,-1,245,226,247,-1,247,226,224,-1,247,224,249,-1,249,224,222,-1,249,222,251,-1,251,222,220,-1,251,220,253,-1,253,220,219,-1,253,219,255,-1,255,219,217,-1,255,217,256,-1,256,217,215,-1,256,215,258,-1,258,215,213,-1,258,213,260,-1,260,213,211,-1,260,211,262,-1,262,211,209,-1,262,209,264,-1,264,209,207,-1,264,207,266,-1,266,207,205,-1,266,205,270,-1,270,205,271,-1,205,204,271,-1,271,204,268,-1,269,267,270,-1,270,267,266,-1,272,273,274,-1,274,273,275,-1,274,275,276,-1,276,275,277,-1,276,277,278,-1,278,277,279,-1,278,279,280,-1,280,279,281,-1,280,281,282,-1,282,281,283,-1,282,283,284,-1,284,283,285,-1,286,284,287,-1,287,284,285,-1,286,287,288,-1,286,288,289,-1,289,288,290,-1,289,290,291,-1,291,290,292,-1,291,292,293,-1,293,292,294,-1,293,294,295,-1,295,294,296,-1,295,296,297,-1,297,296,298,-1,297,298,299,-1,300,299,301,-1,301,299,298,-1,302,303,304,-1,304,303,305,-1,306,307,308,-1,308,307,309,-1,309,307,310,-1,310,307,311,-1,310,311,312,-1,312,311,313,-1,312,313,314,-1,314,313,315,-1,314,315,316,-1,316,315,317,-1,316,317,318,-1,318,317,319,-1,318,319,320,-1,320,319,321,-1,322,320,323,-1,323,320,321,-1,322,323,324,-1,322,324,325,-1,325,324,326,-1,325,326,327,-1,327,326,328,-1,327,328,329,-1,329,328,330,-1,329,330,331,-1,331,330,332,-1,331,332,333,-1,333,332,334,-1,333,334,335,-1,300,308,299,-1,299,308,309,-1,299,309,297,-1,297,309,310,-1,297,310,295,-1,295,310,312,-1,295,312,293,-1,293,312,314,-1,293,314,291,-1,291,314,316,-1,291,316,289,-1,289,316,318,-1,289,318,286,-1,286,318,320,-1,286,320,284,-1,284,320,322,-1,284,322,282,-1,282,322,325,-1,282,325,280,-1,280,325,327,-1,280,327,278,-1,278,327,329,-1,278,329,276,-1,276,329,331,-1,276,331,274,-1,274,331,333,-1,274,333,272,-1,272,333,335,-1,272,335,336,-1,336,335,337,-1,306,301,307,-1,307,301,298,-1,307,298,311,-1,311,298,296,-1,311,296,313,-1,313,296,294,-1,313,294,315,-1,315,294,292,-1,315,292,317,-1,317,292,290,-1,317,290,319,-1,319,290,288,-1,319,288,321,-1,321,288,287,-1,321,287,323,-1,323,287,285,-1,323,285,324,-1,324,285,283,-1,324,283,326,-1,326,283,281,-1,326,281,328,-1,328,281,279,-1,328,279,330,-1,330,279,277,-1,330,277,332,-1,332,277,275,-1,332,275,334,-1,334,275,273,-1,334,273,338,-1,338,273,339,-1,273,272,339,-1,339,272,336,-1,337,335,338,-1,338,335,334,-1,104,101,102,-1,102,101,99,-1,96,100,104,-1,104,100,101,-1,98,97,99,-1,99,97,102,-1,97,98,96,-1,96,98,100,-1,172,169,170,-1,170,169,167,-1,164,168,172,-1,172,168,169,-1,166,165,167,-1,167,165,170,-1,165,166,164,-1,164,166,168,-1,240,237,238,-1,238,237,235,-1,232,236,240,-1,240,236,237,-1,234,233,235,-1,235,233,238,-1,233,234,232,-1,232,234,236,-1,308,305,306,-1,306,305,303,-1,300,304,308,-1,308,304,305,-1,302,301,303,-1,303,301,306,-1,301,302,300,-1,300,302,304,-1,
        ]
    }
}
Shape{
    appearance Appearance {
        material  Material 	{
            diffuseColor 1.0 0.9098039215686274 0.8745098039215686
            specularColor 0.5019607843137255 0.4549019607843137 0.4392156862745098
            ambientIntensity 0.2
            transparency 0
            shininess 0.5
        }
    }
    geometry IndexedFaceSet {
        ccw TRUE
        solid FALSE
        coord DEF co Coordinate {
            point [
                2.6772 0.6299 0.9843, 2.6772 0.5118 0.9843, -0.4921 0.6299 0.9843, -2.6772 0.5118 0.9843, -2.6772 0.6299 0.9843, -2.6772 0.5118 0.4331, 2.6772 0.5118 0.4331, -2.6772 0.6299 0.4331, 2.6772 0.6299 0.4331, 2.6772 0.6299 0.4331
            ]
        }
        coordIndex [
            0,1,2,-1,2,1,3,-1,2,3,4,-1,5,6,7,-1,7,6,8,-1,5,3,6,-1,6,3,1,-1,
        ]
    }
}
Shape{
    appearance Appearance {
        material  Material 	{
            diffuseColor 0.7529411764705882 0.7529411764705882 0.7529411764705882
            specularColor 0.3764705882352941 0.3764705882352941 0.3764705882352941
            ambientIntensity 0.2
            transparency 0
            shininess 0.5
        }
    }
    geometry IndexedFaceSet {
        ccw TRUE
        solid FALSE
        coord DEF co Coordinate {
            point [
                3.189 -1.9291 0.7087, 3.189 -1.811 0.7087, 3.0315 -1.9291 0.7087, 3.0315 -1.811 0.7087, 3.189 -1.799 -0.1051, 3.189 -1.7857 -0.1001, 3.189 -1.811 0.315, 3.189 -1.9741 0.4815, 3.189 -1.9636 0.4721, 3.189 -1.8107 -0.1132, 3.189 -2.0079 -0.0787, 3.189 -1.8201 -0.1237, 3.189 -1.9555 0.4604, 3.189 -1.9505 0.4471, 3.189 -1.9488 0.4331, 3.189 -1.9505 0.419, 3.189 -1.9555 0.4057, 3.189 -1.9636 0.394, 3.189 -1.7717 -0.0984, 3.189 -1.7576 -0.1001, 3.189 -1.1417 0.315, 3.189 -1.7443 -0.1051, 3.189 -1.7326 -0.1132, 3.189 -2.0079 0.5462, 3.189 -2.0056 0.5274, 3.189 -1.9291 -0.1575, 3.189 -1.8847 -0.1575, 3.189 -1.866 -0.1552, 3.189 -1.7232 -0.1237, 3.189 -1.7106 -0.1378, 3.189 -1.695 -0.1485, 3.189 -2.0079 0.6299, 3.189 -2.0052 0.6503, 3.189 -1.8483 -0.1485, 3.189 -1.8327 -0.1378, 3.189 -1.6773 -0.1552, 3.189 -1.6586 -0.1575, 3.189 -1.1417 -0.0787, 3.189 -1.2205 -0.1575, 3.189 -1.2001 -0.1548, 3.189 -1.9495 0.706, 3.189 -1.9685 0.6981, 3.189 -1.9848 0.6856, 3.189 -1.9989 0.5097, 3.189 -1.9882 0.4941, 3.189 -1.9741 0.3846, 3.189 -1.9882 0.372, 3.189 -1.9989 0.3564, 3.189 -2.0056 0.3388, 3.189 -2.0079 0.32, 3.189 -1.9848 -0.1344, 3.189 -1.9973 -0.1181, 3.189 -2.0052 -0.0991, 3.189 -1.9685 -0.1469, 3.189 -1.9495 -0.1548, 3.189 -1.1811 -0.1469, 3.189 -1.1648 -0.1344, 3.189 -1.1444 -0.0991, 3.189 -1.1523 -0.1181, 3.189 -1.9973 0.6693, 3.0315 -1.1417 0.7087, 3.189 -1.1417 0.7087, 3.0315 -1.1417 -0.0787, 3.0315 -2.0052 0.6503, 3.0315 -1.9973 0.6693, 3.0315 -1.9848 0.6856, 3.0315 -1.7326 -0.1132, 3.0315 -1.7443 -0.1051, 3.0315 -2.0079 -0.0787, 3.0315 -2.0079 0.32, 3.0315 -1.8847 -0.1575, 3.0315 -1.7576 -0.1001, 3.0315 -1.7717 -0.0984, 3.0315 -1.7857 -0.1001, 3.0315 -1.9495 0.706, 3.0315 -1.9636 0.394, 3.0315 -1.9555 0.4057, 3.0315 -1.9505 0.419, 3.0315 -1.9488 0.4331, 3.0315 -1.9505 0.4471, 3.0315 -1.9555 0.4604, 3.0315 -1.9636 0.4721, 3.0315 -1.9741 0.4815, 3.0315 -1.9685 0.6981, 3.0315 -1.6586 -0.1575, 3.0315 -1.6773 -0.1552, 3.0315 -1.695 -0.1485, 3.0315 -1.7106 -0.1378, 3.0315 -1.7232 -0.1237, 3.0315 -1.9882 0.4941, 3.0315 -1.9989 0.5097, 3.0315 -2.0056 0.5274, 3.0315 -2.0079 0.5462, 3.0315 -2.0079 0.6299, 3.0315 -1.9989 0.3564, 3.0315 -1.9882 0.372, 3.0315 -1.9741 0.3846, 3.0315 -1.799 -0.1051, 3.0315 -1.8107 -0.1132, 3.0315 -1.8201 -0.1237, 3.0315 -1.8327 -0.1378, 3.0315 -1.1444 -0.0991, 3.0315 -1.1523 -0.1181, 3.0315 -1.1648 -0.1344, 3.0315 -2.0056 0.3388, 3.0315 -1.1811 -0.1469, 3.0315 -1.2001 -0.1548, 3.0315 -1.2205 -0.1575, 3.0315 -1.8483 -0.1485, 3.0315 -1.866 -0.1552, 3.0315 -1.9291 -0.1575, 3.0315 -1.9495 -0.1548, 3.0315 -1.9685 -0.1469, 3.0315 -1.9848 -0.1344, 3.0315 -1.9973 -0.1181, 3.0315 -2.0052 -0.0991, -3.189 -1.9636 0.394, -3.189 -1.9555 0.4057, -3.189 -1.811 0.315, -3.189 -1.9741 0.3846, -3.189 -1.7576 -0.1001, -3.189 -1.7717 -0.0984, -3.189 -1.7857 -0.1001, -3.189 -1.799 -0.1051, -3.189 -1.7443 -0.1051, -3.189 -1.1417 0.315, -3.189 -1.7326 -0.1132, -3.189 -2.0079 -0.0787, -3.189 -2.0079 0.32, -3.189 -2.0056 0.3388, -3.189 -1.9291 0.7087, -3.189 -1.811 0.7087, -3.189 -2.0079 0.6299, -3.189 -2.0079 0.5462, -3.189 -1.8107 -0.1132, -3.189 -1.8201 -0.1237, -3.189 -1.8327 -0.1378, -3.189 -1.9989 0.3564, -3.189 -1.9882 0.372, -3.189 -1.9505 0.419, -3.189 -1.9488 0.4331, -3.189 -1.9505 0.4471, -3.189 -1.9555 0.4604, -3.189 -1.9636 0.4721, -3.189 -1.9741 0.4815, -3.189 -1.9882 0.4941, -3.189 -1.1417 -0.0787, -3.189 -1.6586 -0.1575, -3.189 -1.6773 -0.1552, -3.189 -1.695 -0.1485, -3.189 -1.7106 -0.1378, -3.189 -1.7232 -0.1237, -3.189 -1.9989 0.5097, -3.189 -2.0056 0.5274, -3.189 -1.9848 0.6856, -3.189 -1.9685 0.6981, -3.189 -1.9495 0.706, -3.189 -1.8483 -0.1485, -3.189 -1.866 -0.1552, -3.189 -1.8847 -0.1575, -3.189 -1.1444 -0.0991, -3.189 -1.2001 -0.1548, -3.189 -1.2205 -0.1575, -3.189 -1.9291 -0.1575, -3.189 -1.9495 -0.1548, -3.189 -1.9685 -0.1469, -3.189 -1.9848 -0.1344, -3.189 -1.9973 -0.1181, -3.189 -2.0052 -0.0991, -3.189 -1.9973 0.6693, -3.189 -2.0052 0.6503, -3.189 -1.1523 -0.1181, -3.189 -1.1648 -0.1344, -3.189 -1.1811 -0.1469, -3.189 -1.1417 0.7087, -3.0315 -1.1417 0.7087, -3.0315 -1.1417 -0.0787, -3.0315 -1.9505 0.419, -3.0315 -1.9555 0.4057, -3.0315 -1.7857 -0.1001, -3.0315 -1.9741 0.4815, -3.0315 -1.9636 0.4721, -3.0315 -1.9848 0.6856, -3.0315 -1.8327 -0.1378, -3.0315 -1.8201 -0.1237, -3.0315 -2.0079 0.32, -3.0315 -1.811 0.7087, -3.0315 -1.9291 0.7087, -3.0315 -1.7717 -0.0984, -3.0315 -1.7576 -0.1001, -3.0315 -1.7443 -0.1051, -3.0315 -1.7326 -0.1132, -3.0315 -1.9291 -0.1575, -3.0315 -1.8847 -0.1575, -3.0315 -2.0079 -0.0787, -3.0315 -1.9636 0.394, -3.0315 -1.9741 0.3846, -3.0315 -1.9882 0.372, -3.0315 -1.9495 0.706, -3.0315 -1.9685 0.6981, -3.0315 -1.8483 -0.1485, -3.0315 -1.7232 -0.1237, -3.0315 -1.7106 -0.1378, -3.0315 -1.695 -0.1485, -3.0315 -1.6773 -0.1552, -3.0315 -1.6586 -0.1575, -3.0315 -1.9973 0.6693, -3.0315 -2.0052 0.6503, -3.0315 -2.0079 0.6299, -3.0315 -2.0079 0.5462, -3.0315 -2.0056 0.5274, -3.0315 -1.9882 0.4941, -3.0315 -1.9989 0.5097, -3.0315 -1.9555 0.4604, -3.0315 -1.9505 0.4471, -3.0315 -1.9488 0.4331, -3.0315 -1.8107 -0.1132, -3.0315 -1.799 -0.1051, -3.0315 -2.0056 0.3388, -3.0315 -1.9989 0.3564, -3.0315 -1.866 -0.1552, -3.0315 -1.1523 -0.1181, -3.0315 -1.2001 -0.1548, -3.0315 -1.1648 -0.1344, -3.0315 -1.1811 -0.1469, -3.0315 -1.2205 -0.1575, -3.0315 -1.1444 -0.0991, -3.0315 -1.9848 -0.1344, -3.0315 -1.9973 -0.1181, -3.0315 -2.0052 -0.0991, -3.0315 -1.9685 -0.1469, -3.0315 -1.9495 -0.1548, -3.0315 -1.9495 -0.1548
            ]
        }
        coordIndex [
            0,1,2,-1,2,1,3,-1,4,5,6,-1,7,8,1,-1,4,6,9,-1,9,6,10,-1,9,10,11,-1,8,12,1,-1,1,12,13,-1,1,13,6,-1,6,13,14,-1,14,15,6,-1,6,15,16,-1,6,16,17,-1,5,18,6,-1,6,18,19,-1,6,19,20,-1,20,19,21,-1,20,21,22,-1,1,23,24,-1,25,26,10,-1,10,26,27,-1,22,28,20,-1,20,28,29,-1,20,29,30,-1,23,1,31,-1,31,1,0,-1,31,0,32,-1,27,33,10,-1,10,33,34,-1,10,34,11,-1,30,35,20,-1,20,35,36,-1,20,36,37,-1,37,36,38,-1,37,38,39,-1,40,41,42,-1,24,43,1,-1,1,43,44,-1,1,44,7,-1,17,45,6,-1,6,45,46,-1,6,46,47,-1,47,48,6,-1,6,48,49,-1,6,49,10,-1,50,10,51,-1,51,10,52,-1,50,53,10,-1,10,53,54,-1,10,54,25,-1,39,55,37,-1,37,55,56,-1,37,56,57,-1,57,56,58,-1,40,42,0,-1,0,42,59,-1,0,59,32,-1,60,61,62,-1,62,61,20,-1,62,20,37,-1,63,64,65,-1,60,66,67,-1,68,69,70,-1,60,67,3,-1,67,71,3,-1,3,71,72,-1,3,72,2,-1,2,72,73,-1,2,73,74,-1,75,76,73,-1,76,77,73,-1,73,77,78,-1,73,78,79,-1,79,80,65,-1,65,80,81,-1,65,81,82,-1,79,65,73,-1,73,65,83,-1,73,83,74,-1,62,84,60,-1,60,84,85,-1,60,85,86,-1,86,87,60,-1,60,87,88,-1,60,88,66,-1,89,90,91,-1,89,91,82,-1,82,91,92,-1,82,92,65,-1,65,92,93,-1,65,93,63,-1,94,95,73,-1,73,95,96,-1,73,96,75,-1,97,98,69,-1,69,98,99,-1,69,99,100,-1,101,102,103,-1,97,69,73,-1,73,69,104,-1,73,104,94,-1,103,105,101,-1,101,105,106,-1,101,106,62,-1,62,106,107,-1,62,107,84,-1,100,108,69,-1,69,108,109,-1,69,109,70,-1,70,110,68,-1,68,110,111,-1,68,111,112,-1,112,113,68,-1,68,113,114,-1,68,114,115,-1,69,68,49,-1,49,68,10,-1,84,107,36,-1,36,107,38,-1,88,28,66,-1,66,28,22,-1,66,22,67,-1,67,22,21,-1,67,21,71,-1,71,21,19,-1,71,19,72,-1,72,19,18,-1,72,18,73,-1,73,18,5,-1,73,5,97,-1,97,5,4,-1,97,4,98,-1,98,4,9,-1,98,9,99,-1,99,9,11,-1,96,45,75,-1,75,45,17,-1,75,17,76,-1,76,17,16,-1,76,16,77,-1,77,16,15,-1,77,15,78,-1,78,15,14,-1,78,14,79,-1,79,14,13,-1,79,13,80,-1,80,13,12,-1,80,12,81,-1,81,12,8,-1,81,8,82,-1,82,8,7,-1,84,36,35,-1,84,35,85,-1,85,35,30,-1,85,30,86,-1,86,30,29,-1,86,29,87,-1,87,29,28,-1,87,28,88,-1,99,11,34,-1,99,34,100,-1,100,34,33,-1,100,33,108,-1,108,33,27,-1,108,27,109,-1,109,27,26,-1,109,26,70,-1,69,49,48,-1,69,48,104,-1,104,48,47,-1,104,47,94,-1,94,47,46,-1,94,46,95,-1,95,46,45,-1,95,45,96,-1,82,7,44,-1,82,44,89,-1,89,44,43,-1,89,43,90,-1,90,43,24,-1,90,24,91,-1,91,24,23,-1,91,23,92,-1,38,107,106,-1,38,106,39,-1,39,106,105,-1,39,105,55,-1,55,105,103,-1,55,103,56,-1,56,103,102,-1,56,102,58,-1,58,102,101,-1,58,101,57,-1,57,101,62,-1,57,62,37,-1,0,2,74,-1,0,74,40,-1,40,74,83,-1,40,83,41,-1,41,83,65,-1,41,65,42,-1,42,65,64,-1,42,64,59,-1,59,64,63,-1,59,63,32,-1,32,63,93,-1,32,93,31,-1,110,25,54,-1,110,54,111,-1,111,54,53,-1,111,53,112,-1,112,53,50,-1,112,50,113,-1,113,50,51,-1,113,51,114,-1,114,51,52,-1,114,52,115,-1,115,52,10,-1,115,10,68,-1,116,117,118,-1,116,118,119,-1,120,121,118,-1,118,121,122,-1,118,122,123,-1,120,118,124,-1,124,118,125,-1,124,125,126,-1,123,127,118,-1,118,127,128,-1,118,128,129,-1,130,131,132,-1,132,131,133,-1,123,134,127,-1,127,134,135,-1,127,135,136,-1,129,137,118,-1,118,137,138,-1,118,138,119,-1,117,139,118,-1,118,139,140,-1,118,140,131,-1,131,140,141,-1,131,141,142,-1,142,143,131,-1,131,143,144,-1,131,144,145,-1,146,147,125,-1,125,147,148,-1,125,148,149,-1,149,150,125,-1,125,150,151,-1,125,151,126,-1,145,152,131,-1,131,152,153,-1,131,153,133,-1,154,155,156,-1,136,157,127,-1,127,157,158,-1,127,158,159,-1,160,161,146,-1,146,161,162,-1,146,162,147,-1,159,163,127,-1,127,163,164,-1,127,164,165,-1,165,166,127,-1,127,166,167,-1,127,167,168,-1,154,156,169,-1,130,132,156,-1,156,132,170,-1,156,170,169,-1,160,171,161,-1,161,171,172,-1,161,172,173,-1,174,175,125,-1,125,175,176,-1,125,176,146,-1,177,178,179,-1,180,181,182,-1,183,184,185,-1,186,187,179,-1,179,188,186,-1,186,188,189,-1,186,189,175,-1,175,189,190,-1,175,190,191,-1,192,193,194,-1,178,195,179,-1,179,195,196,-1,179,196,197,-1,187,198,179,-1,179,198,199,-1,179,199,182,-1,183,185,200,-1,191,201,175,-1,175,201,202,-1,175,202,203,-1,203,204,175,-1,175,204,205,-1,175,205,176,-1,206,207,182,-1,182,207,208,-1,182,208,180,-1,208,209,180,-1,180,209,210,-1,180,210,211,-1,211,210,212,-1,181,213,182,-1,182,213,214,-1,182,214,179,-1,179,214,215,-1,179,215,177,-1,184,216,185,-1,185,216,217,-1,185,217,218,-1,218,217,179,-1,218,179,219,-1,219,179,197,-1,194,193,185,-1,185,193,220,-1,185,220,200,-1,221,222,223,-1,223,222,224,-1,205,225,176,-1,176,225,222,-1,176,222,226,-1,226,222,221,-1,227,194,228,-1,228,194,229,-1,227,230,194,-1,194,230,231,-1,194,231,192,-1,187,186,130,-1,130,186,131,-1,184,135,216,-1,216,135,134,-1,216,134,217,-1,217,134,123,-1,217,123,179,-1,179,123,122,-1,179,122,188,-1,188,122,121,-1,188,121,189,-1,189,121,120,-1,189,120,190,-1,190,120,124,-1,190,124,191,-1,191,124,126,-1,191,126,201,-1,201,126,151,-1,180,144,181,-1,181,144,143,-1,181,143,213,-1,213,143,142,-1,213,142,214,-1,214,142,141,-1,214,141,215,-1,215,141,140,-1,215,140,177,-1,177,140,139,-1,177,139,178,-1,178,139,117,-1,178,117,195,-1,195,117,116,-1,195,116,196,-1,196,116,119,-1,201,151,150,-1,201,150,202,-1,202,150,149,-1,202,149,203,-1,203,149,148,-1,203,148,204,-1,204,148,147,-1,204,147,205,-1,193,159,158,-1,193,158,220,-1,220,158,157,-1,220,157,200,-1,200,157,136,-1,200,136,183,-1,183,136,135,-1,183,135,184,-1,196,119,138,-1,196,138,197,-1,197,138,137,-1,197,137,219,-1,219,137,129,-1,219,129,218,-1,218,129,128,-1,218,128,185,-1,209,133,153,-1,209,153,210,-1,210,153,152,-1,210,152,212,-1,212,152,145,-1,212,145,211,-1,211,145,144,-1,211,144,180,-1,225,162,161,-1,225,161,222,-1,222,161,173,-1,222,173,224,-1,224,173,172,-1,224,172,223,-1,223,172,171,-1,223,171,221,-1,221,171,160,-1,221,160,226,-1,226,160,146,-1,226,146,176,-1,187,130,156,-1,187,156,198,-1,198,156,155,-1,198,155,199,-1,199,155,154,-1,199,154,182,-1,182,154,169,-1,182,169,206,-1,206,169,170,-1,206,170,207,-1,207,170,132,-1,207,132,208,-1,163,192,231,-1,163,231,164,-1,164,231,230,-1,164,230,165,-1,165,230,227,-1,165,227,166,-1,166,227,228,-1,166,228,167,-1,167,228,229,-1,167,229,168,-1,168,229,194,-1,168,194,127,-1,
        ]
    }
}
Shape{
    appearance Appearance {
        material  Material 	{
            diffuseColor 1.0 0.9098039215686274 0.8745098039215686
            specularColor 0.5019607843137255 0.4549019607843137 0.4392156862745098
            ambientIntensity 0.2
            transparency 0
            shininess 0.5
        }
    }
    geometry IndexedFaceSet {
        ccw TRUE
        solid FALSE
        coord DEF co Coordinate {
            point [
                -1.6339 0.3543 2.0079, -1.6339 0.3543 0.9055, -1.6339 0.4724 2.0079, -1.6339 0.4724 0.9055, -2.3031 0.3543 0.9055, -2.3031 0.3543 2.0079, -2.3031 0.4724 0.9055, -2.3031 0.4724 2.0079, -2.0945 0.3543 1.1024, -2.0945 0.3543 1.3543, -1.8425 0.3543 1.1024, -1.8425 0.3543 1.3543, -1.8425 0.3543 1.3543
            ]
        }
        coordIndex [
            0,1,2,-1,2,1,3,-1,4,5,6,-1,6,5,7,-1,4,8,9,-1,8,4,10,-1,10,4,1,-1,10,1,11,-1,11,1,0,-1,11,0,9,-1,9,0,5,-1,9,5,4,-1,
        ]
    }
}
Shape{
    appearance Appearance {
        material  Material 	{
            diffuseColor 0.7529411764705882 0.7529411764705882 0.7529411764705882
            specularColor 0.3764705882352941 0.3764705882352941 0.3764705882352941
            ambientIntensity 0.2
            transparency 0
            shininess 0.5
        }
    }
    geometry IndexedFaceSet {
        ccw TRUE
        solid FALSE
        coord DEF co Coordinate {
            point [
                -2.0228 -1.4899 1.2827, -2.0228 -1.4899 1.174, -1.9142 -1.4899 1.2827, -1.9142 -1.4899 1.174, -2.0945 -1.293 1.3543, -1.8425 -1.293 1.3543, -1.8425 -1.293 1.1024, -2.0945 -1.293 1.1024, -1.8425 0.3543 1.3543, -1.8425 0.3543 1.1024, -2.0945 0.3543 1.1024, -2.0945 0.3543 1.3543, -2.0945 0.3543 1.3543
            ]
        }
        coordIndex [
            0,1,2,-1,2,1,3,-1,4,0,5,-1,5,0,2,-1,6,3,7,-1,7,3,1,-1,5,2,6,-1,6,2,3,-1,0,4,1,-1,1,4,7,-1,5,6,8,-1,8,6,9,-1,10,7,11,-1,11,7,4,-1,9,6,10,-1,10,6,7,-1,4,5,11,-1,11,5,8,-1,
        ]
    }
}
Shape{
    appearance Appearance {
        material  Material 	{
            diffuseColor 1.0 0.9098039215686274 0.8745098039215686
            specularColor 0.5019607843137255 0.4549019607843137 0.4392156862745098
            ambientIntensity 0.2
            transparency 0
            shininess 0.5
        }
    }
    geometry IndexedFaceSet {
        ccw TRUE
        solid FALSE
        coord DEF co Coordinate {
            point [
                -1.752 0.3937 0.9055, -1.752 0.3937 0.1969, -1.752 0.4724 0.9055, -1.752 0.4724 0.1969, -2.185 0.3937 0.1969, -2.185 0.3937 0.9055, -2.185 0.4724 0.1969, -2.185 0.4724 0.9055, -0.6496 0.3543 2.0079, -0.6496 0.3543 0.9055, -0.6496 0.4724 2.0079, -0.6496 0.4724 0.9055, -1.3189 0.3543 0.9055, -1.3189 0.3543 2.0079, -1.3189 0.4724 0.9055, -1.3189 0.4724 2.0079, -1.1102 0.3543 1.1024, -1.1102 0.3543 1.3543, -0.8583 0.3543 1.1024, -0.8583 0.3543 1.3543, -0.8583 0.3543 1.3543
            ]
        }
        coordIndex [
            0,1,2,-1,2,1,3,-1,4,5,6,-1,6,5,7,-1,5,4,0,-1,0,4,1,-1,8,9,10,-1,10,9,11,-1,12,13,14,-1,14,13,15,-1,12,16,17,-1,16,12,18,-1,18,12,9,-1,18,9,19,-1,19,9,8,-1,19,8,17,-1,17,8,13,-1,17,13,12,-1,
        ]
    }
}
Shape{
    appearance Appearance {
        material  Material 	{
            diffuseColor 0.7529411764705882 0.7529411764705882 0.7529411764705882
            specularColor 0.3764705882352941 0.3764705882352941 0.3764705882352941
            ambientIntensity 0.2
            transparency 0
            shininess 0.5
        }
    }
    geometry IndexedFaceSet {
        ccw TRUE
        solid FALSE
        coord DEF co Coordinate {
            point [
                -1.0386 -1.4899 1.2827, -1.0386 -1.4899 1.174, -0.9299 -1.4899 1.2827, -0.9299 -1.4899 1.174, -1.1102 -1.293 1.3543, -0.8583 -1.293 1.3543, -0.8583 -1.293 1.1024, -1.1102 -1.293 1.1024, -0.8583 0.3543 1.3543, -0.8583 0.3543 1.1024, -1.1102 0.3543 1.1024, -1.1102 0.3543 1.3543, -1.1102 0.3543 1.3543
            ]
        }
        coordIndex [
            0,1,2,-1,2,1,3,-1,4,0,5,-1,5,0,2,-1,6,3,7,-1,7,3,1,-1,5,2,6,-1,6,2,3,-1,0,4,1,-1,1,4,7,-1,5,6,8,-1,8,6,9,-1,10,7,11,-1,11,7,4,-1,9,6,10,-1,10,6,7,-1,4,5,11,-1,11,5,8,-1,
        ]
    }
}
Shape{
    appearance Appearance {
        material  Material 	{
            diffuseColor 1.0 0.9098039215686274 0.8745098039215686
            specularColor 0.5019607843137255 0.4549019607843137 0.4392156862745098
            ambientIntensity 0.2
            transparency 0
            shininess 0.5
        }
    }
    geometry IndexedFaceSet {
        ccw TRUE
        solid FALSE
        coord DEF co Coordinate {
            point [
                0.3346 0.3543 2.0079, 0.3346 0.3543 0.9055, 0.3346 0.4724 2.0079, 0.3346 0.4724 0.9055, -0.3346 0.3543 0.9055, -0.3346 0.3543 2.0079, -0.3346 0.4724 0.9055, -0.3346 0.4724 2.0079, -0.126 0.3543 1.1024, -0.126 0.3543 1.3543, 0.126 0.3543 1.1024, 0.126 0.3543 1.3543, 0.126 0.3543 1.3543
            ]
        }
        coordIndex [
            0,1,2,-1,2,1,3,-1,4,5,6,-1,6,5,7,-1,4,8,9,-1,8,4,10,-1,10,4,1,-1,10,1,11,-1,11,1,0,-1,11,0,9,-1,9,0,5,-1,9,5,4,-1,
        ]
    }
}
Shape{
    appearance Appearance {
        material  Material 	{
            diffuseColor 0.7529411764705882 0.7529411764705882 0.7529411764705882
            specularColor 0.3764705882352941 0.3764705882352941 0.3764705882352941
            ambientIntensity 0.2
            transparency 0
            shininess 0.5
        }
    }
    geometry IndexedFaceSet {
        ccw TRUE
        solid FALSE
        coord DEF co Coordinate {
            point [
                -0.0543 -1.4899 1.2827, -0.0543 -1.4899 1.174, 0.0543 -1.4899 1.2827, 0.0543 -1.4899 1.174, -0.126 -1.293 1.3543, 0.126 -1.293 1.3543, 0.126 -1.293 1.1024, -0.126 -1.293 1.1024, 0.126 0.3543 1.3543, 0.126 0.3543 1.1024, -0.126 0.3543 1.1024, -0.126 0.3543 1.3543, -0.126 0.3543 1.3543
            ]
        }
        coordIndex [
            0,1,2,-1,2,1,3,-1,4,0,5,-1,5,0,2,-1,6,3,7,-1,7,3,1,-1,5,2,6,-1,6,2,3,-1,0,4,1,-1,1,4,7,-1,5,6,8,-1,8,6,9,-1,10,7,11,-1,11,7,4,-1,9,6,10,-1,10,6,7,-1,4,5,11,-1,11,5,8,-1,
        ]
    }
}
Shape{
    appearance Appearance {
        material  Material 	{
            diffuseColor 1.0 0.9098039215686274 0.8745098039215686
            specularColor 0.5019607843137255 0.4549019607843137 0.4392156862745098
            ambientIntensity 0.2
            transparency 0
            shininess 0.5
        }
    }
    geometry IndexedFaceSet {
        ccw TRUE
        solid FALSE
        coord DEF co Coordinate {
            point [
                1.3189 0.3543 2.0079, 1.3189 0.3543 0.9055, 1.3189 0.4724 2.0079, 1.3189 0.4724 0.9055, 0.6496 0.3543 0.9055, 0.6496 0.3543 2.0079, 0.6496 0.4724 0.9055, 0.6496 0.4724 2.0079, 0.8583 0.3543 1.1024, 0.8583 0.3543 1.3543, 1.1102 0.3543 1.1024, 1.1102 0.3543 1.3543, 1.1102 0.3543 1.3543
            ]
        }
        coordIndex [
            0,1,2,-1,2,1,3,-1,4,5,6,-1,6,5,7,-1,4,8,9,-1,8,4,10,-1,10,4,1,-1,10,1,11,-1,11,1,0,-1,11,0,9,-1,9,0,5,-1,9,5,4,-1,
        ]
    }
}
Shape{
    appearance Appearance {
        material  Material 	{
            diffuseColor 0.7529411764705882 0.7529411764705882 0.7529411764705882
            specularColor 0.3764705882352941 0.3764705882352941 0.3764705882352941
            ambientIntensity 0.2
            transparency 0
            shininess 0.5
        }
    }
    geometry IndexedFaceSet {
        ccw TRUE
        solid FALSE
        coord DEF co Coordinate {
            point [
                0.9299 -1.4899 1.2827, 0.9299 -1.4899 1.174, 1.0386 -1.4899 1.2827, 1.0386 -1.4899 1.174, 0.8583 -1.293 1.3543, 1.1102 -1.293 1.3543, 1.1102 -1.293 1.1024, 0.8583 -1.293 1.1024, 1.1102 0.3543 1.3543, 1.1102 0.3543 1.1024, 0.8583 0.3543 1.1024, 0.8583 0.3543 1.3543, 0.8583 0.3543 1.3543
            ]
        }
        coordIndex [
            0,1,2,-1,2,1,3,-1,4,0,5,-1,5,0,2,-1,6,3,7,-1,7,3,1,-1,5,2,6,-1,6,2,3,-1,0,4,1,-1,1,4,7,-1,5,6,8,-1,8,6,9,-1,10,7,11,-1,11,7,4,-1,9,6,10,-1,10,6,7,-1,4,5,11,-1,11,5,8,-1,
        ]
    }
}
Shape{
    appearance Appearance {
        material  Material 	{
            diffuseColor 1.0 0.9098039215686274 0.8745098039215686
            specularColor 0.5019607843137255 0.4549019607843137 0.4392156862745098
            ambientIntensity 0.2
            transparency 0
            shininess 0.5
        }
    }
    geometry IndexedFaceSet {
        ccw TRUE
        solid FALSE
        coord DEF co Coordinate {
            point [
                2.3031 0.3543 2.0079, 2.3031 0.3543 0.9055, 2.3031 0.4724 2.0079, 2.3031 0.4724 0.9055, 1.6339 0.3543 0.9055, 1.6339 0.3543 2.0079, 1.6339 0.4724 0.9055, 1.6339 0.4724 2.0079, 1.8425 0.3543 1.1024, 1.8425 0.3543 1.3543, 2.0945 0.3543 1.1024, 2.0945 0.3543 1.3543, 2.0945 0.3543 1.3543
            ]
        }
        coordIndex [
            0,1,2,-1,2,1,3,-1,4,5,6,-1,6,5,7,-1,4,8,9,-1,8,4,10,-1,10,4,1,-1,10,1,11,-1,11,1,0,-1,11,0,9,-1,9,0,5,-1,9,5,4,-1,
        ]
    }
}
Shape{
    appearance Appearance {
        material  Material 	{
            diffuseColor 0.7529411764705882 0.7529411764705882 0.7529411764705882
            specularColor 0.3764705882352941 0.3764705882352941 0.3764705882352941
            ambientIntensity 0.2
            transparency 0
            shininess 0.5
        }
    }
    geometry IndexedFaceSet {
        ccw TRUE
        solid FALSE
        coord DEF co Coordinate {
            point [
                1.9142 -1.4899 1.2827, 1.9142 -1.4899 1.174, 2.0228 -1.4899 1.2827, 2.0228 -1.4899 1.174, 1.8425 -1.293 1.3543, 2.0945 -1.293 1.3543, 2.0945 -1.293 1.1024, 1.8425 -1.293 1.1024, 2.0945 0.3543 1.3543, 2.0945 0.3543 1.1024, 1.8425 0.3543 1.1024, 1.8425 0.3543 1.3543, 1.8425 0.3543 1.3543
            ]
        }
        coordIndex [
            0,1,2,-1,2,1,3,-1,4,0,5,-1,5,0,2,-1,6,3,7,-1,7,3,1,-1,5,2,6,-1,6,2,3,-1,0,4,1,-1,1,4,7,-1,5,6,8,-1,8,6,9,-1,10,7,11,-1,11,7,4,-1,9,6,10,-1,10,6,7,-1,4,5,11,-1,11,5,8,-1,
        ]
    }
}
Shape{
    appearance Appearance {
        material  Material 	{
            diffuseColor 1.0 0.9098039215686274 0.8745098039215686
            specularColor 0.5019607843137255 0.4549019607843137 0.4392156862745098
            ambientIntensity 0.2
            transparency 0
            shininess 0.5
        }
    }
    geometry IndexedFaceSet {
        ccw TRUE
        solid FALSE
        coord DEF co Coordinate {
            point [
                -0.7677 0.3937 0.9055, -0.7677 0.3937 0.1969, -0.7677 0.4724 0.9055, -0.7677 0.4724 0.1969, -1.2008 0.3937 0.1969, -1.2008 0.3937 0.9055, -1.2008 0.4724 0.1969, -1.2008 0.4724 0.9055, 0.2165 0.3937 0.9055, 0.2165 0.3937 0.1969, 0.2165 0.4724 0.9055, 0.2165 0.4724 0.1969, -0.2165 0.3937 0.1969, -0.2165 0.3937 0.9055, -0.2165 0.4724 0.1969, -0.2165 0.4724 0.9055, 1.2008 0.3937 0.9055, 1.2008 0.3937 0.1969, 1.2008 0.4724 0.9055, 1.2008 0.4724 0.1969, 0.7677 0.3937 0.1969, 0.7677 0.3937 0.9055, 0.7677 0.4724 0.1969, 0.7677 0.4724 0.9055, 2.185 0.3937 0.9055, 2.185 0.3937 0.1969, 2.185 0.4724 0.9055, 2.185 0.4724 0.1969, 1.752 0.3937 0.1969, 1.752 0.3937 0.9055, 1.752 0.4724 0.1969, 1.752 0.4724 0.9055, -2.7559 -2.0472 2.0866, -2.6772 -1.9685 2.0079, -2.3228 -2.0472 2.0866, -2.2942 -1.9685 2.0079, -2.7559 -2.0472 1.7323, -2.6772 -1.9685 1.7323, -1.7717 -2.0472 2.0866, -1.7717 -1.9685 2.0079, 1.7717 -2.0472 2.0866, 1.7717 -1.9685 2.0079, 2.7559 -2.0472 2.0866, 2.6772 -1.9685 2.0079, 2.7559 -2.0472 1.7323, 2.6772 -1.9685 1.7323, 2.3228 -2.0472 2.0866, 2.2942 -1.9685 2.0079, 2.6772 -1.9685 0.1969, 2.7559 -2.0472 0.1181, 2.6772 -1.9685 1.4173, 2.7559 -2.0472 1.4173, -2.6772 -1.9685 0.1969, -2.7559 -2.0472 0.1181, -2.7559 -2.0472 1.4173, -2.6772 -1.9685 1.4173, -2.6772 -1.9685 1.4173
            ]
        }
        coordIndex [
            0,1,2,-1,2,1,3,-1,4,5,6,-1,6,5,7,-1,5,4,0,-1,0,4,1,-1,8,9,10,-1,10,9,11,-1,12,13,14,-1,14,13,15,-1,13,12,8,-1,8,12,9,-1,16,17,18,-1,18,17,19,-1,20,21,22,-1,22,21,23,-1,21,20,16,-1,16,20,17,-1,24,25,26,-1,26,25,27,-1,28,29,30,-1,30,29,31,-1,29,28,24,-1,24,28,25,-1,32,33,34,-1,34,33,35,-1,36,37,32,-1,32,37,33,-1,38,39,40,-1,40,39,41,-1,42,43,44,-1,44,43,45,-1,46,47,42,-1,42,47,43,-1,48,49,50,-1,50,49,51,-1,52,53,48,-1,48,53,49,-1,53,52,54,-1,54,52,55,-1,
        ]
    }
}
Shape{
    appearance Appearance {
        material  Material 	{
            diffuseColor 0.0 0.0 0.0
            specularColor 0.0 0.0 0.0
            ambientIntensity 0.2
            transparency 0
            shininess 0.5
        }
    }
    geometry IndexedFaceSet {
        ccw TRUE
        solid FALSE
        coord DEF co Coordinate {
            point [
                2.9567 0.4857 0.4261, 2.9567 0.4857 0.4155, 2.9528 0.4857 0.4261, 2.9528 0.4857 0.4155, 2.9567 0.4485 0.4261, 2.9528 0.4485 0.4261, 2.9567 0.4485 0.5089, 2.9528 0.4485 0.5089, 2.9567 0.4365 0.5089, 2.9528 0.4365 0.5089, 2.9567 0.4365 0.4155, 2.9528 0.4365 0.4155, 2.9567 0.5336 0.4139, 2.9528 0.5336 0.4139, 2.9567 0.5479 0.4152, 2.9528 0.5419 0.4147, 2.9528 0.5479 0.4152, 2.9528 0.5579 0.4185, 2.9567 0.5579 0.4185, 2.9528 0.5595 0.4193, 2.9567 0.5595 0.4193, 2.9567 0.5595 0.4309, 2.9528 0.5595 0.4309, 2.9528 0.5504 0.4268, 2.9567 0.5504 0.4268, 2.9528 0.5399 0.4248, 2.9567 0.5399 0.4248, 2.9528 0.5354 0.4246, 2.9567 0.5354 0.4246, 2.9528 0.5266 0.4256, 2.9567 0.5266 0.4256, 2.9528 0.5198 0.4281, 2.9567 0.5198 0.4281, 2.9528 0.5136 0.4323, 2.9567 0.5136 0.4323, 2.9528 0.5114 0.4345, 2.9567 0.5114 0.4345, 2.9528 0.5066 0.4412, 2.9567 0.5066 0.4412, 2.9528 0.5037 0.4488, 2.9567 0.5037 0.4488, 2.9528 0.5022 0.4602, 2.9567 0.5022 0.4602, 2.9528 0.5022 0.4611, 2.9567 0.5022 0.4611, 2.9528 0.5034 0.4727, 2.9567 0.5034 0.4727, 2.9528 0.5064 0.4811, 2.9567 0.5064 0.4811, 2.9528 0.5107 0.4878, 2.9567 0.5107 0.4878, 2.9528 0.512 0.4892, 2.9567 0.512 0.4892, 2.9528 0.518 0.4942, 2.9567 0.518 0.4942, 2.9528 0.5253 0.4977, 2.9567 0.5253 0.4977, 2.9528 0.5333 0.4994, 2.9567 0.5333 0.4994, 2.9528 0.5375 0.4996, 2.9567 0.5375 0.4996, 2.9528 0.5484 0.4983, 2.9567 0.5484 0.4983, 2.9528 0.558 0.4948, 2.9567 0.558 0.4948, 2.9528 0.5595 0.494, 2.9567 0.5595 0.494, 2.9567 0.5595 0.5066, 2.9528 0.5595 0.5066, 2.9528 0.5373 0.5104, 2.9567 0.5373 0.5104, 2.9567 0.5382 0.5104, 2.9528 0.5503 0.5094, 2.9567 0.5503 0.5094, 2.9528 0.5469 0.5097, 2.9528 0.5382 0.5104, 2.9567 0.5255 0.5092, 2.9528 0.5298 0.5097, 2.9528 0.5255 0.5092, 2.9528 0.5155 0.5057, 2.9567 0.5155 0.5057, 2.9528 0.5062 0.4996, 2.9567 0.5062 0.4996, 2.9528 0.503 0.4967, 2.9567 0.503 0.4967, 2.9528 0.4966 0.4884, 2.9528 0.4937 0.4819, 2.9567 0.492 0.4781, 2.9567 0.4966 0.4884, 2.9528 0.492 0.4781, 2.9528 0.4898 0.466, 2.9567 0.4898 0.466, 2.9528 0.4895 0.4604, 2.9567 0.4895 0.4604, 2.9528 0.4913 0.4455, 2.9528 0.4937 0.4392, 2.9567 0.4951 0.4356, 2.9567 0.4913 0.4455, 2.9528 0.4951 0.4356, 2.9528 0.5006 0.4276, 2.9567 0.5006 0.4276, 2.9528 0.5015 0.4266, 2.9567 0.5015 0.4266, 2.9528 0.5179 0.4162, 2.9567 0.5091 0.4203, 2.9528 0.5091 0.4203, 2.9528 0.5255 0.4147, 2.9567 0.5281 0.4141, 2.9567 0.5179 0.4162, 2.9528 0.5281 0.4141, 2.9567 0.6284 0.4261, 2.9567 0.6284 0.4155, 2.9528 0.6284 0.4261, 2.9528 0.6284 0.4155, 2.9528 0.5902 0.4261, 2.9567 0.5902 0.4261, 2.9528 0.6155 0.4261, 2.9567 0.5902 0.4575, 2.9528 0.5902 0.4575, 2.9567 0.6236 0.4575, 2.9528 0.6155 0.4575, 2.9528 0.6236 0.4575, 2.9567 0.6236 0.4682, 2.9528 0.6236 0.4682, 2.9528 0.5902 0.4682, 2.9567 0.5902 0.4682, 2.9528 0.6155 0.4682, 2.9567 0.5902 0.4981, 2.9528 0.5902 0.4981, 2.9567 0.6263 0.4981, 2.9528 0.6155 0.4981, 2.9528 0.6263 0.4981, 2.9567 0.6263 0.5089, 2.9528 0.6263 0.5089, 2.9528 0.5782 0.5089, 2.9567 0.5782 0.5089, 2.9528 0.6155 0.5089, 2.9567 0.5782 0.4155, 2.9528 0.5782 0.4155, 2.9528 0.6155 0.4155, 2.9567 0.7092 0.4577, 2.9567 0.7218 0.457, 2.9567 0.7094 0.463, 2.9567 0.7221 0.4634, 2.9567 0.7082 0.4741, 2.9567 0.7209 0.4749, 2.9567 0.7056 0.4811, 2.9567 0.7177 0.4841, 2.9567 0.7021 0.4864, 2.9567 0.7121 0.4925, 2.9567 0.6992 0.4893, 2.9567 0.708 0.4965, 2.9567 0.692 0.4941, 2.9567 0.6991 0.5027, 2.9567 0.6838 0.4969, 2.9567 0.6879 0.5071, 2.9567 0.6722 0.4981, 2.9567 0.6727 0.5089, 2.9567 0.6581 0.4981, 2.9567 0.6461 0.5089, 2.9567 0.6581 0.4261, 2.9567 0.6461 0.4155, 2.9567 0.6717 0.4261, 2.9567 0.6718 0.4155, 2.9567 0.6834 0.4274, 2.9567 0.6874 0.4173, 2.9567 0.6914 0.4302, 2.9567 0.6981 0.4214, 2.9567 0.6977 0.4342, 2.9567 0.7071 0.4277, 2.9567 0.6995 0.4358, 2.9567 0.708 0.4285, 2.9567 0.7043 0.442, 2.9567 0.7148 0.4365, 2.9567 0.7075 0.449, 2.9567 0.7195 0.4461, 2.9528 0.6718 0.4155, 2.9528 0.6461 0.4155, 2.9528 0.6874 0.4173, 2.9528 0.6889 0.4179, 2.9528 0.6981 0.4214, 2.9528 0.7071 0.4277, 2.9528 0.708 0.4285, 2.9528 0.7148 0.4365, 2.9528 0.7195 0.4461, 2.9528 0.7218 0.457, 2.9528 0.7221 0.4634, 2.9528 0.7209 0.4749, 2.9528 0.7177 0.4841, 2.9528 0.7121 0.4925, 2.9528 0.708 0.4965, 2.9528 0.6727 0.5089, 2.9528 0.6991 0.5027, 2.9528 0.6889 0.5067, 2.9528 0.6879 0.5071, 2.9528 0.6461 0.5089, 2.9528 0.6722 0.4981, 2.9528 0.6581 0.4981, 2.9528 0.6581 0.4261, 2.9528 0.6717 0.4261, 2.9528 0.6995 0.4358, 2.9528 0.6977 0.4342, 2.9528 0.6914 0.4302, 2.9528 0.6834 0.4274, 2.9528 0.7094 0.463, 2.9528 0.7092 0.4577, 2.9528 0.7075 0.449, 2.9528 0.7043 0.442, 2.9528 0.6992 0.4893, 2.9528 0.7021 0.4864, 2.9528 0.7056 0.4811, 2.9528 0.7082 0.4741, 2.9528 0.6838 0.4969, 2.9528 0.692 0.4941, 2.9528 0.692 0.4941
            ]
        }
        coordIndex [
            0,1,2,-1,2,1,3,-1,4,0,5,-1,5,0,2,-1,6,4,7,-1,7,4,5,-1,8,6,9,-1,9,6,7,-1,10,8,11,-1,11,8,9,-1,1,10,3,-1,3,10,11,-1,6,8,4,-1,4,8,10,-1,4,10,0,-1,0,10,1,-1,12,13,14,-1,14,13,15,-1,15,16,14,-1,14,16,17,-1,14,17,18,-1,18,17,19,-1,18,19,20,-1,21,20,22,-1,22,20,19,-1,21,22,23,-1,21,23,24,-1,24,23,25,-1,24,25,26,-1,26,25,27,-1,26,27,28,-1,28,27,29,-1,28,29,30,-1,30,29,31,-1,30,31,32,-1,32,31,33,-1,32,33,34,-1,34,33,35,-1,34,35,36,-1,36,35,37,-1,36,37,38,-1,38,37,39,-1,38,39,40,-1,40,39,41,-1,40,41,42,-1,42,41,43,-1,42,43,44,-1,44,43,45,-1,44,45,46,-1,46,45,47,-1,46,47,48,-1,48,47,49,-1,48,49,50,-1,50,49,51,-1,50,51,52,-1,52,51,53,-1,52,53,54,-1,54,53,55,-1,54,55,56,-1,56,55,57,-1,56,57,58,-1,58,57,59,-1,58,59,60,-1,60,59,61,-1,60,61,62,-1,62,61,63,-1,62,63,64,-1,64,63,65,-1,64,65,66,-1,67,66,68,-1,68,66,65,-1,69,70,71,-1,67,68,72,-1,67,72,73,-1,73,72,74,-1,73,74,71,-1,71,74,75,-1,71,75,69,-1,70,69,76,-1,76,69,77,-1,77,78,76,-1,76,78,79,-1,76,79,80,-1,80,79,81,-1,80,81,82,-1,82,81,83,-1,82,83,84,-1,84,83,85,-1,86,87,85,-1,85,87,88,-1,85,88,84,-1,86,89,87,-1,87,89,90,-1,87,90,91,-1,91,90,92,-1,91,92,93,-1,93,92,94,-1,95,96,94,-1,94,96,97,-1,94,97,93,-1,95,98,96,-1,96,98,99,-1,96,99,100,-1,100,99,101,-1,100,101,102,-1,103,104,105,-1,105,104,102,-1,105,102,101,-1,106,107,103,-1,103,107,108,-1,103,108,104,-1,106,109,107,-1,107,109,13,-1,107,13,12,-1,64,66,67,-1,38,40,97,-1,46,48,88,-1,97,40,93,-1,88,48,84,-1,64,67,62,-1,62,67,73,-1,62,73,60,-1,60,73,71,-1,60,71,58,-1,58,71,70,-1,58,70,56,-1,56,70,76,-1,56,76,54,-1,76,80,54,-1,54,80,82,-1,54,82,52,-1,52,82,84,-1,52,84,50,-1,50,84,48,-1,97,96,38,-1,38,96,100,-1,38,100,36,-1,36,100,102,-1,36,102,34,-1,34,102,104,-1,34,104,32,-1,32,104,108,-1,32,108,30,-1,30,108,107,-1,30,107,28,-1,28,107,12,-1,28,12,26,-1,26,12,14,-1,26,14,24,-1,24,14,18,-1,24,18,21,-1,21,18,20,-1,40,42,93,-1,93,42,44,-1,93,44,91,-1,91,44,46,-1,91,46,87,-1,87,46,88,-1,110,111,112,-1,112,111,113,-1,114,115,116,-1,116,115,110,-1,116,110,112,-1,117,115,118,-1,118,115,114,-1,117,118,119,-1,119,118,120,-1,119,120,121,-1,122,119,123,-1,123,119,121,-1,124,125,126,-1,126,125,122,-1,126,122,123,-1,127,125,128,-1,128,125,124,-1,127,128,129,-1,129,128,130,-1,129,130,131,-1,132,129,133,-1,133,129,131,-1,134,135,136,-1,136,135,132,-1,136,132,133,-1,137,135,138,-1,138,135,134,-1,113,111,139,-1,139,111,137,-1,139,137,138,-1,137,111,110,-1,110,115,137,-1,137,115,117,-1,137,117,135,-1,129,132,127,-1,127,132,135,-1,127,135,125,-1,125,135,117,-1,125,117,122,-1,122,117,119,-1,140,141,142,-1,142,141,143,-1,142,143,144,-1,144,143,145,-1,144,145,146,-1,146,145,147,-1,146,147,148,-1,148,147,149,-1,148,149,150,-1,150,149,151,-1,150,151,152,-1,152,151,153,-1,152,153,154,-1,154,153,155,-1,154,155,156,-1,156,155,157,-1,156,157,158,-1,158,157,159,-1,158,159,160,-1,160,159,161,-1,160,161,162,-1,162,161,163,-1,162,163,164,-1,164,163,165,-1,164,165,166,-1,166,165,167,-1,166,167,168,-1,168,167,169,-1,168,169,170,-1,170,169,171,-1,170,171,172,-1,172,171,173,-1,172,173,174,-1,174,173,175,-1,174,175,140,-1,140,175,141,-1,163,161,176,-1,176,161,177,-1,163,176,178,-1,163,178,165,-1,165,178,179,-1,165,179,167,-1,179,180,167,-1,167,180,181,-1,167,181,169,-1,169,181,182,-1,169,182,171,-1,171,182,183,-1,171,183,173,-1,173,183,184,-1,173,184,175,-1,175,184,185,-1,175,185,141,-1,141,185,186,-1,141,186,143,-1,143,186,187,-1,143,187,145,-1,145,187,188,-1,145,188,147,-1,147,188,189,-1,147,189,149,-1,149,189,190,-1,149,190,151,-1,191,157,155,-1,151,190,192,-1,151,192,153,-1,153,192,193,-1,153,193,155,-1,155,193,194,-1,155,194,191,-1,159,157,195,-1,195,157,191,-1,161,159,177,-1,177,159,195,-1,156,158,196,-1,196,158,197,-1,158,160,197,-1,197,160,198,-1,160,162,198,-1,198,162,199,-1,170,200,201,-1,170,201,168,-1,168,201,202,-1,168,202,166,-1,166,202,203,-1,166,203,164,-1,164,203,199,-1,164,199,162,-1,142,204,205,-1,142,205,140,-1,140,205,206,-1,140,206,174,-1,174,206,207,-1,174,207,172,-1,172,207,200,-1,172,200,170,-1,150,208,209,-1,150,209,148,-1,148,209,210,-1,148,210,146,-1,146,210,211,-1,146,211,144,-1,144,211,204,-1,144,204,142,-1,156,196,212,-1,156,212,154,-1,154,212,213,-1,154,213,152,-1,152,213,208,-1,152,208,150,-1,
        ]
    }
}
Shape{
    appearance Appearance {
        material  Material 	{
            diffuseColor 1.0 0.9098039215686274 0.8745098039215686
            specularColor 0.5019607843137255 0.4549019607843137 0.4392156862745098
            ambientIntensity 0.2
            transparency 0
            shininess 0.5
        }
    }
    geometry IndexedFaceSet {
        ccw TRUE
        solid FALSE
        coord DEF co Coordinate {
            point [
                2.9528 0.6581 0.4981, 2.9528 0.6581 0.4261, 2.9528 0.6722 0.4981, 2.9528 0.6717 0.4261, 2.9528 0.6834 0.4274, 2.9528 0.6914 0.4302, 2.9528 0.6977 0.4342, 2.9528 0.6995 0.4358, 2.9528 0.7043 0.442, 2.9528 0.7075 0.449, 2.9528 0.7092 0.4577, 2.9528 0.7094 0.463, 2.9528 0.7082 0.4741, 2.9528 0.7056 0.4811, 2.9528 0.7021 0.4864, 2.9528 0.6992 0.4893, 2.9528 0.6838 0.4969, 2.9528 0.692 0.4941, 2.9528 0.692 0.4941
            ]
        }
        coordIndex [
            0,1,2,-1,2,1,3,-1,2,3,4,-1,4,5,2,-1,2,5,6,-1,2,6,7,-1,7,8,2,-1,2,8,9,-1,2,9,10,-1,10,11,2,-1,2,11,12,-1,2,12,13,-1,13,14,2,-1,2,14,15,-1,2,15,16,-1,16,15,17,-1,
        ]
    }
}
Shape{
    appearance Appearance {
        material  Material 	{
            diffuseColor 0.0 0.0 0.0
            specularColor 0.0 0.0 0.0
            ambientIntensity 0.2
            transparency 0
            shininess 0.5
        }
    }
    geometry IndexedFaceSet {
        ccw TRUE
        solid FALSE
        coord DEF co Coordinate {
            point [
                2.9567 0.7534 0.4516, 2.9567 0.7496 0.441, 2.9567 0.7848 0.4516, 2.9567 0.7885 0.441, 2.9567 0.7674 0.4904, 2.9567 0.7629 0.5089, 2.9567 0.7273 0.4155, 2.9567 0.7406 0.4155, 2.9567 0.7682 0.4932, 2.9567 0.7689 0.4969, 2.9567 0.7758 0.5089, 2.9567 0.7692 0.4969, 2.9567 0.77 0.493, 2.9567 0.7707 0.4904, 2.9567 0.8114 0.4155, 2.9567 0.798 0.4155, 2.9528 0.7758 0.5089, 2.9528 0.8114 0.4155, 2.9528 0.7629 0.5089, 2.9528 0.7273 0.4155, 2.9528 0.7542 0.4861, 2.9528 0.7406 0.4155, 2.9528 0.7496 0.441, 2.9528 0.7885 0.441, 2.9528 0.7542 0.441, 2.9528 0.798 0.4155, 2.9528 0.7534 0.4516, 2.9528 0.7848 0.4516, 2.9528 0.7707 0.4904, 2.9528 0.7692 0.4969, 2.9528 0.77 0.493, 2.9528 0.7689 0.4969, 2.9528 0.7674 0.4904, 2.9528 0.7682 0.4932, 2.9528 0.7682 0.4932
            ]
        }
        coordIndex [
            0,1,2,-1,2,1,3,-1,4,5,0,-1,0,5,6,-1,0,6,1,-1,1,6,7,-1,4,8,5,-1,5,8,9,-1,5,9,10,-1,10,9,11,-1,10,11,12,-1,12,13,10,-1,10,13,2,-1,10,2,14,-1,14,2,3,-1,14,3,15,-1,10,14,16,-1,16,14,17,-1,5,10,18,-1,18,10,16,-1,19,6,20,-1,20,6,5,-1,20,5,18,-1,7,6,21,-1,21,6,19,-1,1,7,22,-1,22,7,21,-1,23,3,24,-1,24,3,1,-1,24,1,22,-1,15,3,25,-1,25,3,23,-1,14,15,17,-1,17,15,25,-1,0,2,26,-1,26,2,27,-1,2,13,27,-1,27,13,28,-1,11,29,30,-1,11,30,12,-1,12,30,28,-1,12,28,13,-1,11,9,29,-1,29,9,31,-1,4,32,33,-1,4,33,8,-1,8,33,31,-1,8,31,9,-1,4,0,32,-1,32,0,26,-1,
        ]
    }
}
Shape{
    appearance Appearance {
        material  Material 	{
            diffuseColor 1.0 0.9098039215686274 0.8745098039215686
            specularColor 0.5019607843137255 0.4549019607843137 0.4392156862745098
            ambientIntensity 0.2
            transparency 0
            shininess 0.5
        }
    }
    geometry IndexedFaceSet {
        ccw TRUE
        solid FALSE
        coord DEF co Coordinate {
            point [
                2.9528 0.7692 0.4969, 2.9528 0.7689 0.4969, 2.9528 0.77 0.493, 2.9528 0.7682 0.4932, 2.9528 0.7707 0.4904, 2.9528 0.7674 0.4904, 2.9528 0.7848 0.4516, 2.9528 0.7534 0.4516, 2.9528 0.7534 0.4516
            ]
        }
        coordIndex [
            0,1,2,-1,2,1,3,-1,2,3,4,-1,4,3,5,-1,4,5,6,-1,6,5,7,-1,
        ]
    }
}
Shape{
    appearance Appearance {
        material  Material 	{
            diffuseColor 0.0 0.0 0.0
            specularColor 0.0 0.0 0.0
            ambientIntensity 0.2
            transparency 0
            shininess 0.5
        }
    }
    geometry IndexedFaceSet {
        ccw TRUE
        solid FALSE
        coord DEF co Coordinate {
            point [
                2.9567 0.4867 0.2779, 2.9567 0.4867 0.2673, 2.9528 0.4867 0.2779, 2.9528 0.4867 0.2673, 2.9567 0.4485 0.2779, 2.9528 0.4485 0.2779, 2.9567 0.4485 0.3093, 2.9528 0.4485 0.3093, 2.9567 0.4819 0.3093, 2.9528 0.4819 0.3093, 2.9567 0.4819 0.32, 2.9528 0.4819 0.32, 2.9567 0.4485 0.32, 2.9528 0.4485 0.32, 2.9567 0.4485 0.3499, 2.9528 0.4485 0.3499, 2.9567 0.4846 0.3499, 2.9528 0.4846 0.3499, 2.9567 0.4846 0.3607, 2.9528 0.4846 0.3607, 2.9567 0.4365 0.3607, 2.9528 0.4365 0.3607, 2.9567 0.4365 0.2673, 2.9528 0.4365 0.2673, 2.9567 0.5395 0.2776, 2.9567 0.5398 0.2776, 2.9567 0.539 0.2883, 2.9567 0.5112 0.3047, 2.9567 0.5146 0.2958, 2.9567 0.5175 0.2971, 2.9567 0.5398 0.2936, 2.9567 0.5515 0.3102, 2.9567 0.5398 0.2943, 2.9567 0.5398 0.3007, 2.9567 0.5398 0.2673, 2.9567 0.5515 0.2673, 2.9567 0.52 0.3069, 2.9567 0.5242 0.2986, 2.9567 0.5398 0.3097, 2.9567 0.5373 0.2842, 2.9567 0.5348 0.2807, 2.9567 0.5377 0.2748, 2.9567 0.5333 0.2793, 2.9567 0.534 0.2708, 2.9567 0.53 0.2771, 2.9567 0.5298 0.2681, 2.9567 0.5265 0.2758, 2.9567 0.5251 0.2664, 2.9567 0.5221 0.2753, 2.9567 0.5191 0.2657, 2.9567 0.5181 0.2757, 2.9567 0.5121 0.2665, 2.9567 0.5155 0.2767, 2.9567 0.5076 0.2682, 2.9567 0.5132 0.2783, 2.9567 0.5036 0.2709, 2.9567 0.5122 0.2793, 2.9567 0.5129 0.2945, 2.9567 0.5062 0.3022, 2.9567 0.5115 0.2928, 2.9567 0.5026 0.2991, 2.9567 0.5104 0.2906, 2.9567 0.5003 0.2957, 2.9567 0.5099 0.2879, 2.9567 0.5044 0.3293, 2.9567 0.5044 0.3179, 2.9567 0.5075 0.3311, 2.9567 0.5128 0.3231, 2.9567 0.5163 0.3343, 2.9567 0.5201 0.3254, 2.9567 0.5274 0.3355, 2.9567 0.5263 0.326, 2.9567 0.5343 0.3349, 2.9567 0.5303 0.3256, 2.9567 0.5393 0.3334, 2.9567 0.533 0.3246, 2.9567 0.5432 0.3312, 2.9567 0.535 0.3233, 2.9567 0.5463 0.3282, 2.9567 0.5368 0.3214, 2.9567 0.5487 0.3245, 2.9567 0.5382 0.319, 2.9567 0.5506 0.3192, 2.9567 0.5394 0.3148, 2.9567 0.4987 0.2916, 2.9567 0.4979 0.2865, 2.9567 0.5098 0.2861, 2.9567 0.4979 0.2851, 2.9567 0.5101 0.2834, 2.9567 0.4985 0.2798, 2.9567 0.5108 0.2813, 2.9567 0.4999 0.2759, 2.9567 0.5023 0.2723, 2.9528 0.5274 0.3355, 2.9528 0.5163 0.3343, 2.9528 0.5075 0.3311, 2.9528 0.5044 0.3293, 2.9528 0.5044 0.3179, 2.9528 0.5128 0.3231, 2.9528 0.5201 0.3254, 2.9528 0.5263 0.326, 2.9528 0.5303 0.3256, 2.9528 0.533 0.3246, 2.9528 0.535 0.3233, 2.9528 0.5368 0.3214, 2.9528 0.5382 0.319, 2.9528 0.5394 0.3148, 2.9528 0.5398 0.3097, 2.9528 0.52 0.3069, 2.9528 0.5112 0.3047, 2.9528 0.5062 0.3022, 2.9528 0.5026 0.2991, 2.9528 0.5003 0.2957, 2.9528 0.4987 0.2916, 2.9528 0.4979 0.2865, 2.9528 0.4979 0.2851, 2.9528 0.4985 0.2798, 2.9528 0.4999 0.2759, 2.9528 0.5023 0.2723, 2.9528 0.5036 0.2709, 2.9528 0.5191 0.2657, 2.9528 0.5123 0.2665, 2.9528 0.5121 0.2665, 2.9528 0.5076 0.2682, 2.9528 0.5251 0.2664, 2.9528 0.5254 0.2665, 2.9528 0.5298 0.2681, 2.9528 0.534 0.2708, 2.9528 0.5377 0.2748, 2.9528 0.5395 0.2776, 2.9528 0.5398 0.2776, 2.9528 0.5398 0.2673, 2.9528 0.5515 0.2673, 2.9528 0.5515 0.3102, 2.9528 0.5506 0.3192, 2.9528 0.5487 0.3245, 2.9528 0.5463 0.3282, 2.9528 0.5432 0.3312, 2.9528 0.5393 0.3334, 2.9528 0.5343 0.3349, 2.9528 0.5129 0.2945, 2.9528 0.5146 0.2958, 2.9528 0.5175 0.2971, 2.9528 0.5242 0.2986, 2.9528 0.5098 0.2861, 2.9528 0.5099 0.2879, 2.9528 0.5104 0.2906, 2.9528 0.5115 0.2928, 2.9528 0.5132 0.2783, 2.9528 0.5122 0.2793, 2.9528 0.5108 0.2813, 2.9528 0.5101 0.2834, 2.9528 0.5221 0.2753, 2.9528 0.5181 0.2757, 2.9528 0.5155 0.2767, 2.9528 0.5348 0.2807, 2.9528 0.5333 0.2793, 2.9528 0.53 0.2771, 2.9528 0.5265 0.2758, 2.9528 0.5398 0.2943, 2.9528 0.5398 0.2936, 2.9528 0.539 0.2883, 2.9528 0.5373 0.2842, 2.9528 0.5398 0.3007, 2.9528 0.5398 0.3007
            ]
        }
        coordIndex [
            0,1,2,-1,2,1,3,-1,4,0,5,-1,5,0,2,-1,6,4,7,-1,7,4,5,-1,8,6,9,-1,9,6,7,-1,10,8,11,-1,11,8,9,-1,12,10,13,-1,13,10,11,-1,14,12,15,-1,15,12,13,-1,16,14,17,-1,17,14,15,-1,18,16,19,-1,19,16,17,-1,20,18,21,-1,21,18,19,-1,22,20,23,-1,23,20,21,-1,1,22,3,-1,3,22,23,-1,1,0,22,-1,22,0,4,-1,8,10,6,-1,6,10,12,-1,16,18,14,-1,14,18,20,-1,14,20,12,-1,12,20,22,-1,12,22,6,-1,6,22,4,-1,24,25,26,-1,27,28,29,-1,30,31,32,-1,32,31,33,-1,34,35,25,-1,25,35,31,-1,25,31,26,-1,26,31,30,-1,27,29,36,-1,36,29,37,-1,36,37,38,-1,26,39,24,-1,24,39,40,-1,24,40,41,-1,41,40,42,-1,41,42,43,-1,43,42,44,-1,43,44,45,-1,45,44,46,-1,45,46,47,-1,47,46,48,-1,47,48,49,-1,49,48,50,-1,49,50,51,-1,51,50,52,-1,51,52,53,-1,53,52,54,-1,53,54,55,-1,55,54,56,-1,28,27,57,-1,57,27,58,-1,57,58,59,-1,59,58,60,-1,59,60,61,-1,61,60,62,-1,61,62,63,-1,64,65,66,-1,66,65,67,-1,66,67,68,-1,68,67,69,-1,68,69,70,-1,70,69,71,-1,70,71,72,-1,72,71,73,-1,72,73,74,-1,74,73,75,-1,74,75,76,-1,76,75,77,-1,76,77,78,-1,78,77,79,-1,78,79,80,-1,80,79,81,-1,80,81,82,-1,82,81,83,-1,82,83,31,-1,31,83,38,-1,31,38,33,-1,33,38,37,-1,62,84,63,-1,63,84,85,-1,63,85,86,-1,86,85,87,-1,86,87,88,-1,88,87,89,-1,88,89,90,-1,90,89,91,-1,90,91,56,-1,56,91,92,-1,56,92,55,-1,70,93,94,-1,70,94,68,-1,68,94,95,-1,68,95,66,-1,66,95,96,-1,66,96,64,-1,65,64,97,-1,97,64,96,-1,65,97,98,-1,65,98,67,-1,67,98,99,-1,67,99,69,-1,69,99,100,-1,69,100,71,-1,71,100,101,-1,71,101,73,-1,73,101,102,-1,73,102,75,-1,75,102,103,-1,75,103,77,-1,77,103,104,-1,77,104,79,-1,79,104,105,-1,79,105,81,-1,81,105,106,-1,81,106,83,-1,83,106,107,-1,83,107,38,-1,36,38,108,-1,108,38,107,-1,36,108,109,-1,36,109,27,-1,27,109,110,-1,27,110,58,-1,58,110,111,-1,58,111,60,-1,60,111,112,-1,60,112,62,-1,62,112,113,-1,62,113,84,-1,84,113,114,-1,84,114,85,-1,85,114,115,-1,85,115,87,-1,87,115,116,-1,87,116,89,-1,89,116,117,-1,89,117,91,-1,91,117,118,-1,91,118,92,-1,92,118,119,-1,92,119,55,-1,120,49,121,-1,121,49,51,-1,121,51,122,-1,122,51,53,-1,122,53,123,-1,123,53,55,-1,123,55,119,-1,49,120,124,-1,49,124,47,-1,47,124,125,-1,47,125,45,-1,125,126,45,-1,45,126,127,-1,45,127,43,-1,43,127,128,-1,43,128,41,-1,41,128,129,-1,41,129,24,-1,25,24,130,-1,130,24,129,-1,34,25,131,-1,131,25,130,-1,35,34,132,-1,132,34,131,-1,31,35,133,-1,133,35,132,-1,31,133,134,-1,31,134,82,-1,82,134,135,-1,82,135,80,-1,80,135,136,-1,80,136,78,-1,78,136,137,-1,78,137,76,-1,76,137,138,-1,76,138,74,-1,74,138,139,-1,74,139,72,-1,72,139,93,-1,72,93,70,-1,57,140,141,-1,57,141,28,-1,28,141,142,-1,28,142,29,-1,29,142,143,-1,29,143,37,-1,86,144,145,-1,86,145,63,-1,63,145,146,-1,63,146,61,-1,61,146,147,-1,61,147,59,-1,59,147,140,-1,59,140,57,-1,54,148,149,-1,54,149,56,-1,56,149,150,-1,56,150,90,-1,90,150,151,-1,90,151,88,-1,88,151,144,-1,88,144,86,-1,48,152,153,-1,48,153,50,-1,50,153,154,-1,50,154,52,-1,52,154,148,-1,52,148,54,-1,40,155,156,-1,40,156,42,-1,42,156,157,-1,42,157,44,-1,44,157,158,-1,44,158,46,-1,46,158,152,-1,46,152,48,-1,32,159,160,-1,32,160,30,-1,30,160,161,-1,30,161,26,-1,26,161,162,-1,26,162,39,-1,39,162,155,-1,39,155,40,-1,32,33,159,-1,159,33,163,-1,33,37,163,-1,163,37,143,-1,
        ]
    }
}
Shape{
    appearance Appearance {
        material  Material 	{
            diffuseColor 1.0 0.9098039215686274 0.8745098039215686
            specularColor 0.5019607843137255 0.4549019607843137 0.4392156862745098
            ambientIntensity 0.2
            transparency 0
            shininess 0.5
        }
    }
    geometry IndexedFaceSet {
        ccw TRUE
        solid FALSE
        coord DEF co Coordinate {
            point [
                2.9528 0.5398 0.3007, 2.9528 0.5242 0.2986, 2.9528 0.5398 0.2943, 2.9528 0.5175 0.2971, 2.9528 0.5146 0.2958, 2.9528 0.5129 0.2945, 2.9528 0.5398 0.2936, 2.9528 0.539 0.2883, 2.9528 0.5115 0.2928, 2.9528 0.5373 0.2842, 2.9528 0.5122 0.2793, 2.9528 0.5132 0.2783, 2.9528 0.5333 0.2793, 2.9528 0.5108 0.2813, 2.9528 0.53 0.2771, 2.9528 0.5265 0.2758, 2.9528 0.5221 0.2753, 2.9528 0.5104 0.2906, 2.9528 0.5099 0.2879, 2.9528 0.5348 0.2807, 2.9528 0.5098 0.2861, 2.9528 0.5101 0.2834, 2.9528 0.5155 0.2767, 2.9528 0.5181 0.2757, 2.9528 0.5181 0.2757
            ]
        }
        coordIndex [
            0,1,2,-1,2,1,3,-1,3,4,2,-1,2,4,5,-1,2,5,6,-1,6,5,7,-1,7,5,8,-1,7,8,9,-1,10,11,12,-1,10,12,13,-1,14,12,15,-1,15,12,16,-1,8,17,9,-1,9,17,18,-1,9,18,19,-1,19,18,20,-1,19,20,12,-1,12,20,21,-1,12,21,13,-1,11,22,12,-1,12,22,23,-1,12,23,16,-1,
        ]
    }
}
Shape{
    appearance Appearance {
        material  Material 	{
            diffuseColor 0.0 0.0 0.0
            specularColor 0.0 0.0 0.0
            ambientIntensity 0.2
            transparency 0
            shininess 0.5
        }
    }
    geometry IndexedFaceSet {
        ccw TRUE
        solid FALSE
        coord DEF co Coordinate {
            point [
                2.9528 0.5674 0.2817, 2.9567 0.5674 0.2817, 2.9567 0.5719 0.2789, 2.9567 0.5866 0.2752, 2.9528 0.5866 0.2752, 2.9528 0.5793 0.2761, 2.9567 0.5793 0.2761, 2.9528 0.5728 0.2785, 2.9528 0.5719 0.2789, 2.9567 0.5674 0.2696, 2.9528 0.5674 0.2696, 2.9567 0.5757 0.2667, 2.9528 0.5728 0.2677, 2.9528 0.5855 0.2657, 2.9567 0.5855 0.2657, 2.9528 0.5778 0.2665, 2.9528 0.5757 0.2667, 2.9567 0.5959 0.2669, 2.9528 0.5922 0.2665, 2.9528 0.5959 0.2669, 2.9528 0.6021 0.2693, 2.9567 0.6021 0.2693, 2.9528 0.6049 0.271, 2.9567 0.6049 0.271, 2.9528 0.6082 0.2739, 2.9567 0.6082 0.2739, 2.9528 0.6104 0.277, 2.9567 0.6104 0.277, 2.9528 0.6119 0.2807, 2.9567 0.6119 0.2807, 2.9528 0.6124 0.2854, 2.9567 0.6124 0.2854, 2.9528 0.6119 0.2898, 2.9567 0.6119 0.2898, 2.9528 0.6107 0.2932, 2.9567 0.6107 0.2932, 2.9528 0.6085 0.2964, 2.9567 0.6085 0.2964, 2.9528 0.6057 0.2989, 2.9567 0.6057 0.2989, 2.9528 0.5979 0.3033, 2.9567 0.5979 0.3033, 2.9528 0.5934 0.3051, 2.9567 0.5934 0.3051, 2.9528 0.5862 0.3082, 2.9567 0.5862 0.3082, 2.9528 0.582 0.3108, 2.9567 0.582 0.3108, 2.9528 0.5809 0.3121, 2.9567 0.5809 0.3121, 2.9528 0.5801 0.3137, 2.9567 0.5801 0.3137, 2.9528 0.5796 0.3155, 2.9567 0.5796 0.3155, 2.9528 0.5795 0.317, 2.9567 0.5795 0.317, 2.9528 0.5797 0.3189, 2.9567 0.5797 0.3189, 2.9528 0.5803 0.3205, 2.9567 0.5803 0.3205, 2.9528 0.5813 0.322, 2.9567 0.5813 0.322, 2.9528 0.583 0.3235, 2.9567 0.583 0.3235, 2.9528 0.5857 0.3249, 2.9567 0.5857 0.3249, 2.9528 0.5888 0.3257, 2.9567 0.5888 0.3257, 2.9528 0.5923 0.326, 2.9567 0.5923 0.326, 2.9528 0.6 0.3251, 2.9567 0.6 0.3251, 2.9528 0.6066 0.3227, 2.9567 0.6066 0.3227, 2.9528 0.6092 0.3212, 2.9567 0.6092 0.3212, 2.9567 0.6092 0.3325, 2.9528 0.6092 0.3325, 2.9528 0.6 0.335, 2.9567 0.6 0.335, 2.9528 0.5934 0.3355, 2.9567 0.5934 0.3355, 2.9528 0.5847 0.3346, 2.9567 0.5847 0.3346, 2.9528 0.5783 0.3322, 2.9567 0.5783 0.3322, 2.9528 0.5749 0.3302, 2.9567 0.5749 0.3302, 2.9528 0.5728 0.3283, 2.9567 0.5715 0.3271, 2.9528 0.5715 0.3271, 2.9528 0.5693 0.3239, 2.9567 0.5693 0.3239, 2.9528 0.5679 0.3202, 2.9567 0.5679 0.3202, 2.9528 0.5674 0.316, 2.9567 0.5674 0.316, 2.9528 0.5679 0.3114, 2.9567 0.5679 0.3114, 2.9528 0.5692 0.3079, 2.9567 0.5692 0.3079, 2.9528 0.5708 0.3054, 2.9567 0.5708 0.3054, 2.9528 0.5851 0.2966, 2.9567 0.5851 0.2966, 2.9567 0.5782 0.2998, 2.9528 0.5727 0.3034, 2.9567 0.5727 0.3034, 2.9528 0.5728 0.3034, 2.9528 0.5782 0.2998, 2.9528 0.5928 0.2934, 2.9567 0.5928 0.2934, 2.9528 0.5974 0.2906, 2.9567 0.5974 0.2906, 2.9528 0.5989 0.2891, 2.9567 0.5989 0.2891, 2.9528 0.5998 0.2875, 2.9567 0.5998 0.2875, 2.9528 0.6003 0.2857, 2.9567 0.6003 0.2857, 2.9528 0.6004 0.2843, 2.9567 0.6004 0.2843, 2.9528 0.6002 0.282, 2.9567 0.6002 0.282, 2.9528 0.5996 0.2804, 2.9567 0.5996 0.2804, 2.9528 0.5986 0.2789, 2.9567 0.5986 0.2789, 2.9528 0.5972 0.2777, 2.9567 0.5972 0.2777, 2.9528 0.5961 0.277, 2.9567 0.5961 0.277, 2.9528 0.5931 0.2759, 2.9567 0.5931 0.2759, 2.9528 0.5871 0.2752, 2.9567 0.5871 0.2752, 2.9567 0.6704 0.334, 2.9567 0.6826 0.334, 2.9528 0.6704 0.334, 2.9528 0.6826 0.334, 2.9567 0.6522 0.2837, 2.9528 0.6522 0.2837, 2.9528 0.6513 0.2806, 2.9567 0.6513 0.2806, 2.9528 0.6508 0.2783, 2.9567 0.6508 0.2783, 2.9567 0.6505 0.2783, 2.9528 0.6505 0.2783, 2.9567 0.649 0.2838, 2.9528 0.649 0.2838, 2.9528 0.6316 0.334, 2.9567 0.6316 0.334, 2.9528 0.6372 0.3177, 2.9567 0.6185 0.334, 2.9528 0.6185 0.334, 2.9528 0.6447 0.2674, 2.9567 0.6447 0.2674, 2.9528 0.6372 0.2863, 2.9528 0.6395 0.2553, 2.9567 0.6395 0.2553, 2.9528 0.6443 0.2665, 2.9528 0.6373 0.2511, 2.9567 0.6373 0.2511, 2.9528 0.6372 0.2511, 2.9567 0.6351 0.2486, 2.9528 0.6351 0.2486, 2.9528 0.6329 0.2471, 2.9567 0.6329 0.2471, 2.9528 0.6304 0.2462, 2.9567 0.6304 0.2462, 2.9528 0.6276 0.2459, 2.9567 0.6276 0.2459, 2.9528 0.6233 0.2464, 2.9567 0.6233 0.2464, 2.9528 0.6209 0.2472, 2.9567 0.6209 0.2472, 2.9567 0.6209 0.2368, 2.9528 0.6209 0.2368, 2.9528 0.6259 0.2359, 2.9567 0.6259 0.2359, 2.9528 0.6285 0.2358, 2.9567 0.6285 0.2358, 2.9528 0.6332 0.2364, 2.9567 0.6332 0.2364, 2.9528 0.6372 0.2379, 2.9567 0.6378 0.2381, 2.9528 0.6378 0.2381, 2.9528 0.6419 0.241, 2.9567 0.6419 0.241, 2.9528 0.6427 0.2417, 2.9567 0.6427 0.2417, 2.9528 0.647 0.2469, 2.9567 0.647 0.2469, 2.9528 0.6523 0.2572, 2.9567 0.6523 0.2572, 2.9528 0.6559 0.2665, 2.9567 0.7454 0.2779, 2.9567 0.7454 0.2673, 2.9528 0.7454 0.2779, 2.9528 0.7454 0.2673, 2.9528 0.7072 0.2779, 2.9567 0.7072 0.2779, 2.9528 0.7247 0.2779, 2.9567 0.7072 0.3093, 2.9528 0.7072 0.3093, 2.9528 0.7406 0.3093, 2.9567 0.7406 0.3093, 2.9528 0.7247 0.3093, 2.9567 0.7406 0.32, 2.9528 0.7406 0.32, 2.9528 0.7072 0.32, 2.9567 0.7072 0.32, 2.9528 0.7247 0.32, 2.9567 0.7072 0.3499, 2.9528 0.7072 0.3499, 2.9528 0.7433 0.3499, 2.9567 0.7433 0.3499, 2.9528 0.7247 0.3499, 2.9567 0.7433 0.3607, 2.9528 0.7433 0.3607, 2.9528 0.6952 0.3607, 2.9567 0.6952 0.3607, 2.9528 0.7247 0.3607, 2.9567 0.6952 0.2673, 2.9528 0.6952 0.2673, 2.9528 0.7247 0.2673, 2.9567 0.8262 0.3095, 2.9567 0.8388 0.3088, 2.9567 0.8264 0.3148, 2.9567 0.8391 0.3152, 2.9567 0.8252 0.3259, 2.9567 0.8379 0.3267, 2.9567 0.8226 0.3329, 2.9567 0.8346 0.3359, 2.9567 0.8191 0.3382, 2.9567 0.829 0.3443, 2.9567 0.8162 0.3411, 2.9567 0.825 0.3483, 2.9567 0.809 0.3459, 2.9567 0.8161 0.3545, 2.9567 0.8008 0.3487, 2.9567 0.8049 0.3589, 2.9567 0.7892 0.3499, 2.9567 0.7897 0.3607, 2.9567 0.7751 0.3499, 2.9567 0.763 0.3607, 2.9567 0.7751 0.2779, 2.9567 0.763 0.2673, 2.9567 0.7887 0.2779, 2.9567 0.7887 0.2673, 2.9567 0.8004 0.2792, 2.9567 0.8044 0.2691, 2.9567 0.8084 0.282, 2.9567 0.8151 0.2732, 2.9567 0.8146 0.286, 2.9567 0.8241 0.2795, 2.9567 0.8164 0.2877, 2.9567 0.825 0.2803, 2.9567 0.8213 0.2938, 2.9567 0.8318 0.2883, 2.9567 0.8245 0.3008, 2.9567 0.8364 0.2979, 2.9528 0.7887 0.2673, 2.9528 0.763 0.2673, 2.9528 0.8044 0.2691, 2.9528 0.8151 0.2732, 2.9528 0.8241 0.2795, 2.9528 0.825 0.2803, 2.9528 0.8318 0.2883, 2.9528 0.8364 0.2979, 2.9528 0.8388 0.3088, 2.9528 0.8391 0.3152, 2.9528 0.8379 0.3267, 2.9528 0.8346 0.3359, 2.9528 0.829 0.3443, 2.9528 0.825 0.3483, 2.9528 0.8161 0.3545, 2.9528 0.8049 0.3589, 2.9528 0.7897 0.3607, 2.9528 0.763 0.3607, 2.9528 0.7892 0.3499, 2.9528 0.7751 0.3499, 2.9528 0.7751 0.2779, 2.9528 0.7887 0.2779, 2.9528 0.8164 0.2877, 2.9528 0.8146 0.286, 2.9528 0.8084 0.282, 2.9528 0.8004 0.2792, 2.9528 0.8264 0.3148, 2.9528 0.8262 0.3095, 2.9528 0.8245 0.3008, 2.9528 0.8213 0.2938, 2.9528 0.8162 0.3411, 2.9528 0.8191 0.3382, 2.9528 0.8226 0.3329, 2.9528 0.8252 0.3259, 2.9528 0.8008 0.3487, 2.9528 0.809 0.3459, 2.9528 0.809 0.3459
            ]
        }
        coordIndex [
            0,1,2,-1,3,4,5,-1,3,5,6,-1,6,5,7,-1,6,7,2,-1,2,7,8,-1,2,8,0,-1,9,1,10,-1,10,1,0,-1,9,10,11,-1,11,10,12,-1,13,14,15,-1,15,14,11,-1,15,11,16,-1,16,11,12,-1,14,13,17,-1,17,13,18,-1,18,19,17,-1,17,19,20,-1,17,20,21,-1,21,20,22,-1,21,22,23,-1,23,22,24,-1,23,24,25,-1,25,24,26,-1,25,26,27,-1,27,26,28,-1,27,28,29,-1,29,28,30,-1,29,30,31,-1,31,30,32,-1,31,32,33,-1,33,32,34,-1,33,34,35,-1,35,34,36,-1,35,36,37,-1,37,36,38,-1,37,38,39,-1,39,38,40,-1,39,40,41,-1,41,40,42,-1,41,42,43,-1,43,42,44,-1,43,44,45,-1,45,44,46,-1,45,46,47,-1,47,46,48,-1,47,48,49,-1,49,48,50,-1,49,50,51,-1,51,50,52,-1,51,52,53,-1,53,52,54,-1,53,54,55,-1,55,54,56,-1,55,56,57,-1,57,56,58,-1,57,58,59,-1,59,58,60,-1,59,60,61,-1,61,60,62,-1,61,62,63,-1,63,62,64,-1,63,64,65,-1,65,64,66,-1,65,66,67,-1,67,66,68,-1,67,68,69,-1,69,68,70,-1,69,70,71,-1,71,70,72,-1,71,72,73,-1,73,72,74,-1,73,74,75,-1,76,75,77,-1,77,75,74,-1,76,77,78,-1,76,78,79,-1,79,78,80,-1,79,80,81,-1,81,80,82,-1,81,82,83,-1,83,82,84,-1,83,84,85,-1,85,84,86,-1,85,86,87,-1,86,88,87,-1,87,88,89,-1,88,90,89,-1,89,90,91,-1,89,91,92,-1,92,91,93,-1,92,93,94,-1,94,93,95,-1,94,95,96,-1,96,95,97,-1,96,97,98,-1,98,97,99,-1,98,99,100,-1,100,99,101,-1,100,101,102,-1,103,104,105,-1,102,101,106,-1,102,106,107,-1,107,106,108,-1,107,108,105,-1,105,108,109,-1,105,109,103,-1,104,103,110,-1,104,110,111,-1,111,110,112,-1,111,112,113,-1,113,112,114,-1,113,114,115,-1,115,114,116,-1,115,116,117,-1,117,116,118,-1,117,118,119,-1,119,118,120,-1,119,120,121,-1,121,120,122,-1,121,122,123,-1,123,122,124,-1,123,124,125,-1,125,124,126,-1,125,126,127,-1,127,126,128,-1,127,128,129,-1,129,128,130,-1,129,130,131,-1,131,130,132,-1,131,132,133,-1,133,132,134,-1,133,134,135,-1,135,134,4,-1,135,4,3,-1,61,63,85,-1,85,63,83,-1,111,43,104,-1,104,43,45,-1,21,23,127,-1,127,23,25,-1,127,25,125,-1,125,25,27,-1,125,27,123,-1,123,27,29,-1,123,29,121,-1,121,29,31,-1,121,31,119,-1,119,31,33,-1,119,33,117,-1,117,33,35,-1,117,35,115,-1,115,35,37,-1,115,37,113,-1,113,37,39,-1,113,39,111,-1,111,39,41,-1,111,41,43,-1,14,3,11,-1,11,3,6,-1,11,6,9,-1,9,6,2,-1,9,2,1,-1,63,65,83,-1,83,65,67,-1,83,67,81,-1,81,67,69,-1,81,69,79,-1,79,69,71,-1,79,71,76,-1,76,71,73,-1,76,73,75,-1,127,129,21,-1,21,129,131,-1,21,131,17,-1,17,131,133,-1,17,133,14,-1,14,133,135,-1,14,135,3,-1,85,87,61,-1,61,87,89,-1,61,89,59,-1,59,89,92,-1,59,92,57,-1,57,92,94,-1,57,94,55,-1,55,94,96,-1,55,96,53,-1,53,96,98,-1,53,98,51,-1,51,98,100,-1,51,100,49,-1,49,100,102,-1,49,102,47,-1,47,102,107,-1,47,107,45,-1,45,107,105,-1,45,105,104,-1,136,137,138,-1,138,137,139,-1,140,136,141,-1,141,136,138,-1,140,141,142,-1,140,142,143,-1,143,142,144,-1,143,144,145,-1,146,145,147,-1,147,145,144,-1,148,146,149,-1,149,146,147,-1,150,151,152,-1,152,151,148,-1,152,148,149,-1,153,151,154,-1,154,151,150,-1,155,156,157,-1,157,156,153,-1,157,153,154,-1,158,159,160,-1,160,159,156,-1,160,156,155,-1,159,158,161,-1,159,161,162,-1,162,161,163,-1,162,163,164,-1,163,165,164,-1,164,165,166,-1,164,166,167,-1,167,166,168,-1,167,168,169,-1,169,168,170,-1,169,170,171,-1,171,170,172,-1,171,172,173,-1,173,172,174,-1,173,174,175,-1,176,175,177,-1,177,175,174,-1,176,177,178,-1,176,178,179,-1,179,178,180,-1,179,180,181,-1,181,180,182,-1,181,182,183,-1,183,182,184,-1,183,184,185,-1,184,186,185,-1,185,186,187,-1,185,187,188,-1,188,187,189,-1,188,189,190,-1,190,189,191,-1,190,191,192,-1,192,191,193,-1,192,193,194,-1,139,137,195,-1,195,137,194,-1,195,194,193,-1,143,145,194,-1,137,136,194,-1,194,136,140,-1,194,140,143,-1,151,153,148,-1,148,153,156,-1,148,156,146,-1,192,162,190,-1,190,162,164,-1,175,176,173,-1,173,176,179,-1,173,179,171,-1,171,179,181,-1,171,181,169,-1,169,181,183,-1,169,183,167,-1,167,183,185,-1,167,185,164,-1,164,185,188,-1,164,188,190,-1,145,146,194,-1,194,146,156,-1,194,156,192,-1,192,156,159,-1,192,159,162,-1,196,197,198,-1,198,197,199,-1,200,201,202,-1,202,201,196,-1,202,196,198,-1,203,201,204,-1,204,201,200,-1,205,206,207,-1,207,206,203,-1,207,203,204,-1,208,206,209,-1,209,206,205,-1,210,211,212,-1,212,211,208,-1,212,208,209,-1,213,211,214,-1,214,211,210,-1,215,216,217,-1,217,216,213,-1,217,213,214,-1,218,216,219,-1,219,216,215,-1,220,221,222,-1,222,221,218,-1,222,218,219,-1,223,221,224,-1,224,221,220,-1,199,197,225,-1,225,197,223,-1,225,223,224,-1,223,197,196,-1,196,201,223,-1,223,201,203,-1,223,203,221,-1,216,218,213,-1,213,218,221,-1,213,221,211,-1,211,221,203,-1,211,203,208,-1,208,203,206,-1,226,227,228,-1,228,227,229,-1,228,229,230,-1,230,229,231,-1,230,231,232,-1,232,231,233,-1,232,233,234,-1,234,233,235,-1,234,235,236,-1,236,235,237,-1,236,237,238,-1,238,237,239,-1,238,239,240,-1,240,239,241,-1,240,241,242,-1,242,241,243,-1,242,243,244,-1,244,243,245,-1,244,245,246,-1,246,245,247,-1,246,247,248,-1,248,247,249,-1,248,249,250,-1,250,249,251,-1,250,251,252,-1,252,251,253,-1,252,253,254,-1,254,253,255,-1,254,255,256,-1,256,255,257,-1,256,257,258,-1,258,257,259,-1,258,259,260,-1,260,259,261,-1,260,261,226,-1,226,261,227,-1,249,247,262,-1,262,247,263,-1,249,262,264,-1,249,264,251,-1,251,264,265,-1,251,265,253,-1,253,265,266,-1,253,266,255,-1,255,266,267,-1,255,267,257,-1,257,267,268,-1,257,268,259,-1,259,268,269,-1,259,269,261,-1,261,269,270,-1,261,270,227,-1,227,270,271,-1,227,271,229,-1,229,271,272,-1,229,272,231,-1,231,272,273,-1,231,273,233,-1,233,273,274,-1,233,274,235,-1,235,274,275,-1,235,275,237,-1,237,275,276,-1,237,276,239,-1,239,276,277,-1,239,277,241,-1,241,277,278,-1,241,278,243,-1,245,243,279,-1,279,243,278,-1,247,245,263,-1,263,245,279,-1,242,244,280,-1,280,244,281,-1,244,246,281,-1,281,246,282,-1,246,248,282,-1,282,248,283,-1,256,284,285,-1,256,285,254,-1,254,285,286,-1,254,286,252,-1,252,286,287,-1,252,287,250,-1,250,287,283,-1,250,283,248,-1,228,288,289,-1,228,289,226,-1,226,289,290,-1,226,290,260,-1,260,290,291,-1,260,291,258,-1,258,291,284,-1,258,284,256,-1,236,292,293,-1,236,293,234,-1,234,293,294,-1,234,294,232,-1,232,294,295,-1,232,295,230,-1,230,295,288,-1,230,288,228,-1,242,280,296,-1,242,296,240,-1,240,296,297,-1,240,297,238,-1,238,297,292,-1,238,292,236,-1,
        ]
    }
}
Shape{
    appearance Appearance {
        material  Material 	{
            diffuseColor 1.0 0.9098039215686274 0.8745098039215686
            specularColor 0.5019607843137255 0.4549019607843137 0.4392156862745098
            ambientIntensity 0.2
            transparency 0
            shininess 0.5
        }
    }
    geometry IndexedFaceSet {
        ccw TRUE
        solid FALSE
        coord DEF co Coordinate {
            point [
                2.9528 0.7751 0.3499, 2.9528 0.7751 0.2779, 2.9528 0.7892 0.3499, 2.9528 0.7887 0.2779, 2.9528 0.8004 0.2792, 2.9528 0.8084 0.282, 2.9528 0.8146 0.286, 2.9528 0.8164 0.2877, 2.9528 0.8213 0.2938, 2.9528 0.8245 0.3008, 2.9528 0.8262 0.3095, 2.9528 0.8264 0.3148, 2.9528 0.8252 0.3259, 2.9528 0.8226 0.3329, 2.9528 0.8191 0.3382, 2.9528 0.8162 0.3411, 2.9528 0.8008 0.3487, 2.9528 0.809 0.3459, 2.9528 0.809 0.3459
            ]
        }
        coordIndex [
            0,1,2,-1,2,1,3,-1,2,3,4,-1,4,5,2,-1,2,5,6,-1,2,6,7,-1,7,8,2,-1,2,8,9,-1,2,9,10,-1,10,11,2,-1,2,11,12,-1,2,12,13,-1,13,14,2,-1,2,14,15,-1,2,15,16,-1,16,15,17,-1,
        ]
    }
}
Shape{
    appearance Appearance {
        material  Material 	{
            diffuseColor 0.0 0.0 0.0
            specularColor 0.0 0.0 0.0
            ambientIntensity 0.2
            transparency 0
            shininess 0.5
        }
    }
    geometry IndexedFaceSet {
        ccw TRUE
        solid FALSE
        coord DEF co Coordinate {
            point [
                2.9567 0.8704 0.3034, 2.9567 0.8666 0.2928, 2.9567 0.9018 0.3034, 2.9567 0.9055 0.2928, 2.9567 0.8844 0.3422, 2.9567 0.8799 0.3607, 2.9567 0.8443 0.2673, 2.9567 0.8576 0.2673, 2.9567 0.8852 0.345, 2.9567 0.8859 0.3487, 2.9567 0.8928 0.3607, 2.9567 0.8862 0.3487, 2.9567 0.8869 0.3448, 2.9567 0.8876 0.3422, 2.9567 0.9283 0.2673, 2.9567 0.915 0.2673, 2.9528 0.8928 0.3607, 2.9528 0.9283 0.2673, 2.9528 0.8799 0.3607, 2.9528 0.8443 0.2673, 2.9528 0.8576 0.2673, 2.9528 0.8666 0.2928, 2.9528 0.9055 0.2928, 2.9528 0.915 0.2673, 2.9528 0.8704 0.3034, 2.9528 0.9018 0.3034, 2.9528 0.8876 0.3422, 2.9528 0.8862 0.3487, 2.9528 0.8869 0.3448, 2.9528 0.8859 0.3487, 2.9528 0.8844 0.3422, 2.9528 0.8852 0.345, 2.9528 0.8852 0.345
            ]
        }
        coordIndex [
            0,1,2,-1,2,1,3,-1,4,5,0,-1,0,5,6,-1,0,6,1,-1,1,6,7,-1,4,8,5,-1,5,8,9,-1,5,9,10,-1,10,9,11,-1,10,11,12,-1,12,13,10,-1,10,13,2,-1,10,2,14,-1,14,2,3,-1,14,3,15,-1,10,14,16,-1,16,14,17,-1,5,10,18,-1,18,10,16,-1,6,5,19,-1,19,5,18,-1,7,6,20,-1,20,6,19,-1,1,7,21,-1,21,7,20,-1,3,1,22,-1,22,1,21,-1,15,3,23,-1,23,3,22,-1,14,15,17,-1,17,15,23,-1,0,2,24,-1,24,2,25,-1,2,13,25,-1,25,13,26,-1,11,27,28,-1,11,28,12,-1,12,28,26,-1,12,26,13,-1,11,9,27,-1,27,9,29,-1,4,30,31,-1,4,31,8,-1,8,31,29,-1,8,29,9,-1,4,0,30,-1,30,0,24,-1,
        ]
    }
}
Shape{
    appearance Appearance {
        material  Material 	{
            diffuseColor 1.0 0.9098039215686274 0.8745098039215686
            specularColor 0.5019607843137255 0.4549019607843137 0.4392156862745098
            ambientIntensity 0.2
            transparency 0
            shininess 0.5
        }
    }
    geometry IndexedFaceSet {
        ccw TRUE
        solid FALSE
        coord DEF co Coordinate {
            point [
                2.9528 0.8862 0.3487, 2.9528 0.8859 0.3487, 2.9528 0.8869 0.3448, 2.9528 0.8852 0.345, 2.9528 0.8876 0.3422, 2.9528 0.8844 0.3422, 2.9528 0.9018 0.3034, 2.9528 0.8704 0.3034, 2.9528 0.8704 0.3034
            ]
        }
        coordIndex [
            0,1,2,-1,2,1,3,-1,2,3,4,-1,4,3,5,-1,4,5,6,-1,6,5,7,-1,
        ]
    }
}
Shape{
    appearance Appearance {
        material  Material 	{
            diffuseColor 0.0 0.0 0.0
            specularColor 0.0 0.0 0.0
            ambientIntensity 0.2
            transparency 0
            shininess 0.5
        }
    }
    geometry IndexedFaceSet {
        ccw TRUE
        solid FALSE
        coord DEF co Coordinate {
            point [
                2.9567 0.0062 0.4281, 2.9567 0.021 0.436, 2.9567 0.0176 0.4769, 2.9567 0.1346 0.2513, 2.9567 0.1424 0.2661, 2.9567 0.1464 0.2824, 2.9567 0.0591 0.4788, 2.9567 0.0797 0.4303, 2.9567 0.0898 0.4514, 2.9567 0.0551 0.2807, 2.9567 0.0538 0.287, 2.9567 0.0179 0.3128, 2.9567 0.0172 0.2683, 2.9567 0.0088 0.2708, 2.9567 0.0034 0.3217, 2.9567 0.0438 0.4801, 2.9567 0.2397 0.3453, 2.9567 0.2191 0.3805, 2.9567 0.1468 0.2962, 2.9567 0.1301 0.334, 2.9567 0.1468 0.2895, 2.9567 0.1113 0.2308, 2.9567 0.1245 0.24, 2.9567 0.0577 0.2751, 2.9567 0.0338 0.2418, 2.9567 0.0239 0.254, 2.9567 0.0727 0.4947, 2.9567 0.1047 0.4692, 2.9567 0.0883 0.508, 2.9567 0.1225 0.4821, 2.9567 0.1045 0.5181, 2.9567 0.0374 0.4399, 2.9567 0.0445 0.4403, 2.9567 0.0514 0.4797, 2.9567 0.0602 0.4383, 2.9567 0.0751 0.4328, 2.9567 0.1007 0.2738, 2.9567 0.0971 0.2697, 2.9567 0.0921 0.2661, 2.9567 0.0965 0.2251, 2.9567 0.0863 0.2638, 2.9567 0.0803 0.2231, 2.9567 0.0797 0.263, 2.9567 0.0778 0.2232, 2.9567 0.0785 0.263, 2.9567 0.0622 0.2256, 2.9567 0.0726 0.264, 2.9567 0.0468 0.232, 2.9567 0.0666 0.2665, 2.9567 0.0615 0.2704, 2.9567 0.1039 0.2981, 2.9567 0.1054 0.292, 2.9567 0.1054 0.2859, 2.9567 0.1038 0.2795, 2.9567 0.3173 0.2815, 2.9567 0.2899 0.3125, 2.9567 0.2971 0.2716, 2.9567 0.2776 0.3084, 2.9567 0.2749 0.2669, 2.9567 0.271 0.3075, 2.9567 0.2358 0.2669, 2.9567 0.2411 0.3075, 2.9567 0.232 0.2675, 2.9567 0.0542 0.2934, 2.9567 0.0561 0.2997, 2.9567 0.0252 0.327, 2.9567 0.0596 0.3052, 2.9567 0.0362 0.3396, 2.9567 0.0622 0.3079, 2.9567 0.0498 0.349, 2.9567 0.0674 0.3116, 2.9567 0.0644 0.3546, 2.9567 0.0732 0.3139, 2.9567 0.0803 0.3566, 2.9567 0.0797 0.3148, 2.9567 0.0884 0.3561, 2.9567 0.0852 0.3142, 2.9567 0.1044 0.3522, 2.9567 0.0914 0.312, 2.9567 0.1185 0.3446, 2.9567 0.0967 0.3083, 2.9567 0.101 0.3036, 2.9567 0.2617 0.4111, 2.9567 0.267 0.4111, 2.9567 0.2942 0.4469, 2.9567 0.278 0.4099, 2.9567 0.2974 0.4459, 2.9567 0.2897 0.4058, 2.9567 0.3172 0.4361, 2.9567 0.3002 0.3989, 2.9567 0.3352 0.4208, 2.9567 0.309 0.3895, 2.9567 0.3488 0.402, 2.9567 0.3153 0.378, 2.9567 0.3569 0.3817, 2.9567 0.3184 0.3653, 2.9567 0.36 0.3599, 2.9567 0.3188 0.3593, 2.9567 0.3569 0.3363, 2.9567 0.3176 0.348, 2.9567 0.3486 0.3152, 2.9567 0.3134 0.3361, 2.9567 0.3354 0.2968, 2.9567 0.3065 0.3255, 2.9567 0.3006 0.3195, 2.9567 0.2583 0.4994, 2.9567 0.2322 0.469, 2.9567 0.2803 0.4739, 2.9567 0.2472 0.4511, 2.9567 0.2575 0.4297, 2.9567 -0.02 0.39, 2.9567 -0.0636 0.3789, 2.9567 -0.0219 0.3739, 2.9567 -0.0638 0.3725, 2.9567 -0.0211 0.3635, 2.9567 -0.0606 0.3465, 2.9567 -0.0163 0.3472, 2.9567 -0.051 0.3217, 2.9567 -0.0085 0.334, 2.9567 -0.0359 0.3001, 2.9567 -0.0152 0.2825, 2.9567 0.1351 0.5299, 2.9567 0.1442 0.4909, 2.9567 0.168 0.5339, 2.9567 0.1687 0.4941, 2.9567 0.1954 0.5311, 2.9567 0.1912 0.4913, 2.9567 0.2287 0.5193, 2.9567 0.2121 0.4833, 2.9567 0.2307 0.4703, 2.9567 -0.007 0.4673, 2.9567 -0.0281 0.4525, 2.9567 -0.005 0.418, 2.9567 -0.0326 0.4483, 2.9567 -0.0143 0.4048, 2.9567 -0.0486 0.4277, 2.9567 -0.0592 0.4038, 2.9567 0.2377 0.3081, 2.9567 0.2218 0.2739, 2.9567 0.2233 0.2723, 2.9567 0.2397 0.3076, 2.9567 0.2276 0.2693, 2.9567 0.2165 0.2875, 2.9567 0.2171 0.2826, 2.9567 0.2189 0.2781, 2.9567 0.2319 0.3075, 2.9567 0.2274 0.3057, 2.9567 0.2167 0.2902, 2.9567 0.2233 0.3028, 2.9567 0.2205 0.2997, 2.9567 0.218 0.2952, 2.9567 0.2371 0.3081, 2.9528 0.3396 0.4147, 2.9528 0.3488 0.402, 2.9528 0.3546 0.3873, 2.9528 0.3569 0.3817, 2.9528 0.36 0.3599, 2.9528 0.3352 0.4208, 2.9528 0.3172 0.4361, 2.9528 0.2974 0.4459, 2.9528 0.2942 0.4469, 2.9528 0.2803 0.4739, 2.9528 0.2583 0.4994, 2.9528 0.2431 0.5097, 2.9528 0.2287 0.5193, 2.9528 0.1954 0.5311, 2.9528 0.168 0.5339, 2.9528 0.1351 0.5299, 2.9528 0.1045 0.5181, 2.9528 0.0909 0.5097, 2.9528 0.0883 0.508, 2.9528 0.0727 0.4947, 2.9528 0.0591 0.4788, 2.9528 0.0514 0.4797, 2.9528 0.0438 0.4801, 2.9528 0.0176 0.4769, 2.9528 -0.007 0.4673, 2.9528 -0.0281 0.4525, 2.9528 -0.0326 0.4483, 2.9528 -0.0486 0.4277, 2.9528 -0.0544 0.4147, 2.9528 -0.0592 0.4038, 2.9528 -0.0621 0.3873, 2.9528 -0.0636 0.3789, 2.9528 -0.0638 0.3725, 2.9528 -0.0606 0.3465, 2.9528 -0.051 0.3217, 2.9528 -0.0359 0.3001, 2.9528 -0.0152 0.2825, 2.9528 0.0088 0.2708, 2.9528 0.0172 0.2683, 2.9528 0.0181 0.2665, 2.9528 0.0239 0.254, 2.9528 0.0338 0.2418, 2.9528 0.0468 0.232, 2.9528 0.0529 0.2295, 2.9528 0.0622 0.2256, 2.9528 0.0778 0.2232, 2.9528 0.0803 0.2231, 2.9528 0.1468 0.2895, 2.9528 0.0965 0.2251, 2.9528 0.1078 0.2295, 2.9528 0.1113 0.2308, 2.9528 0.1245 0.24, 2.9528 0.1346 0.2513, 2.9528 0.1424 0.2661, 2.9528 0.1425 0.2665, 2.9528 0.1464 0.2824, 2.9528 0.1468 0.2962, 2.9528 0.2397 0.3453, 2.9528 0.2191 0.3805, 2.9528 0.1301 0.334, 2.9528 0.1185 0.3446, 2.9528 0.1044 0.3522, 2.9528 0.0884 0.3561, 2.9528 0.0803 0.3566, 2.9528 0.0644 0.3546, 2.9528 0.0498 0.349, 2.9528 0.0362 0.3396, 2.9528 0.0252 0.327, 2.9528 0.0179 0.3128, 2.9528 0.0034 0.3217, 2.9528 -0.0085 0.334, 2.9528 -0.0163 0.3472, 2.9528 -0.0211 0.3635, 2.9528 -0.0219 0.3739, 2.9528 -0.0203 0.3873, 2.9528 -0.02 0.39, 2.9528 -0.0143 0.4048, 2.9528 -0.0074 0.4147, 2.9528 -0.005 0.418, 2.9528 0.0062 0.4281, 2.9528 0.021 0.436, 2.9528 0.0374 0.4399, 2.9528 0.0445 0.4403, 2.9528 0.0602 0.4383, 2.9528 0.0751 0.4328, 2.9528 0.0797 0.4303, 2.9528 0.0898 0.4514, 2.9528 0.1047 0.4692, 2.9528 0.1225 0.4821, 2.9528 0.1442 0.4909, 2.9528 0.1687 0.4941, 2.9528 0.1912 0.4913, 2.9528 0.2121 0.4833, 2.9528 0.2307 0.4703, 2.9528 0.2322 0.469, 2.9528 0.2472 0.4511, 2.9528 0.2575 0.4297, 2.9528 0.2609 0.4147, 2.9528 0.2617 0.4111, 2.9528 0.267 0.4111, 2.9528 0.278 0.4099, 2.9528 0.2897 0.4058, 2.9528 0.3002 0.3989, 2.9528 0.309 0.3895, 2.9528 0.3102 0.3873, 2.9528 0.3153 0.378, 2.9528 0.3184 0.3653, 2.9528 0.3188 0.3593, 2.9528 0.3176 0.348, 2.9528 0.3134 0.3361, 2.9528 0.3065 0.3255, 2.9528 0.3006 0.3195, 2.9528 0.2899 0.3125, 2.9528 0.2776 0.3084, 2.9528 0.271 0.3075, 2.9528 0.2411 0.3075, 2.9528 0.2397 0.3076, 2.9528 0.2377 0.3081, 2.9528 0.2371 0.3081, 2.9528 0.2319 0.3075, 2.9528 0.2274 0.3057, 2.9528 0.2233 0.3028, 2.9528 0.2205 0.2997, 2.9528 0.218 0.2952, 2.9528 0.2167 0.2902, 2.9528 0.2165 0.2875, 2.9528 0.2171 0.2826, 2.9528 0.2189 0.2781, 2.9528 0.2218 0.2739, 2.9528 0.2233 0.2723, 2.9528 0.2276 0.2693, 2.9528 0.232 0.2675, 2.9528 0.2358 0.2669, 2.9528 0.2749 0.2669, 2.9528 0.2971 0.2716, 2.9528 0.3173 0.2815, 2.9528 0.3354 0.2968, 2.9528 0.3486 0.3152, 2.9528 0.3569 0.3363, 2.9528 0.0797 0.3148, 2.9528 0.0852 0.3142, 2.9528 0.0914 0.312, 2.9528 0.0967 0.3083, 2.9528 0.101 0.3036, 2.9528 0.1039 0.2981, 2.9528 0.1054 0.292, 2.9528 0.1054 0.2859, 2.9528 0.1038 0.2795, 2.9528 0.1007 0.2738, 2.9528 0.0971 0.2697, 2.9528 0.0921 0.2661, 2.9528 0.0863 0.2638, 2.9528 0.0797 0.263, 2.9528 0.0785 0.263, 2.9528 0.0726 0.264, 2.9528 0.0666 0.2665, 2.9528 0.0615 0.2704, 2.9528 0.0577 0.2751, 2.9528 0.0551 0.2807, 2.9528 0.0538 0.287, 2.9528 0.0542 0.2934, 2.9528 0.0561 0.2997, 2.9528 0.0596 0.3052, 2.9528 0.0622 0.3079, 2.9528 0.0674 0.3116, 2.9528 0.0732 0.3139, 2.9528 0.0732 0.3139
            ]
        }
        coordIndex [
            0,1,2,-1,3,4,5,-1,6,7,8,-1,9,10,11,-1,12,11,13,-1,13,11,14,-1,2,1,15,-1,16,17,18,-1,18,17,19,-1,18,19,20,-1,20,19,21,-1,20,21,5,-1,5,21,22,-1,5,22,3,-1,23,9,24,-1,24,9,11,-1,24,11,25,-1,25,11,12,-1,6,8,26,-1,26,8,27,-1,26,27,28,-1,28,27,29,-1,28,29,30,-1,1,31,15,-1,15,31,32,-1,15,32,33,-1,33,32,34,-1,33,34,6,-1,6,34,35,-1,6,35,7,-1,36,37,21,-1,21,37,38,-1,21,38,39,-1,39,38,40,-1,39,40,41,-1,41,40,42,-1,41,42,43,-1,43,42,44,-1,43,44,45,-1,45,44,46,-1,45,46,47,-1,47,46,48,-1,47,48,24,-1,24,48,49,-1,24,49,23,-1,50,51,19,-1,19,51,52,-1,19,52,21,-1,21,52,53,-1,21,53,36,-1,54,55,56,-1,56,55,57,-1,56,57,58,-1,58,57,59,-1,58,59,60,-1,60,59,61,-1,60,61,62,-1,10,63,11,-1,11,63,64,-1,11,64,65,-1,65,64,66,-1,65,66,67,-1,67,66,68,-1,67,68,69,-1,69,68,70,-1,69,70,71,-1,71,70,72,-1,71,72,73,-1,73,72,74,-1,73,74,75,-1,75,74,76,-1,75,76,77,-1,77,76,78,-1,77,78,79,-1,79,78,80,-1,79,80,19,-1,19,80,81,-1,19,81,50,-1,82,83,84,-1,84,83,85,-1,84,85,86,-1,86,85,87,-1,86,87,88,-1,88,87,89,-1,88,89,90,-1,90,89,91,-1,90,91,92,-1,92,91,93,-1,92,93,94,-1,94,93,95,-1,94,95,96,-1,96,95,97,-1,96,97,98,-1,98,97,99,-1,98,99,100,-1,100,99,101,-1,100,101,102,-1,102,101,103,-1,102,103,54,-1,54,103,104,-1,54,104,55,-1,105,106,107,-1,107,106,108,-1,107,108,84,-1,84,108,109,-1,84,109,82,-1,110,111,112,-1,112,111,113,-1,112,113,114,-1,114,113,115,-1,114,115,116,-1,116,115,117,-1,116,117,118,-1,118,117,119,-1,118,119,14,-1,14,119,120,-1,14,120,13,-1,30,29,121,-1,121,29,122,-1,121,122,123,-1,123,122,124,-1,123,124,125,-1,125,124,126,-1,125,126,127,-1,127,126,128,-1,127,128,105,-1,105,128,129,-1,105,129,106,-1,2,130,0,-1,0,130,131,-1,0,131,132,-1,132,131,133,-1,132,133,134,-1,134,133,135,-1,134,135,110,-1,110,135,136,-1,110,136,111,-1,137,138,139,-1,61,140,62,-1,62,140,137,-1,62,137,141,-1,141,137,139,-1,142,143,137,-1,137,143,144,-1,137,144,138,-1,145,146,147,-1,146,148,147,-1,147,148,149,-1,147,149,150,-1,142,137,147,-1,147,137,151,-1,147,151,145,-1,152,90,153,-1,153,90,92,-1,153,92,154,-1,154,92,94,-1,154,94,155,-1,155,94,96,-1,155,96,156,-1,152,157,90,-1,90,157,158,-1,90,158,88,-1,88,158,159,-1,88,159,86,-1,86,159,160,-1,86,160,84,-1,84,160,161,-1,84,161,107,-1,107,161,162,-1,107,162,105,-1,127,105,163,-1,163,105,162,-1,163,164,127,-1,127,164,165,-1,127,165,125,-1,125,165,166,-1,125,166,123,-1,123,166,167,-1,123,167,121,-1,121,167,168,-1,121,168,30,-1,30,168,28,-1,28,168,169,-1,28,169,170,-1,28,170,171,-1,28,171,26,-1,26,171,172,-1,26,172,6,-1,6,172,173,-1,6,173,33,-1,33,173,174,-1,33,174,15,-1,15,174,175,-1,15,175,2,-1,2,175,176,-1,2,176,130,-1,130,176,177,-1,130,177,131,-1,131,177,178,-1,131,178,133,-1,136,135,179,-1,179,135,133,-1,179,133,178,-1,179,180,136,-1,136,180,181,-1,136,181,111,-1,111,181,182,-1,182,183,111,-1,111,183,184,-1,111,184,113,-1,113,184,185,-1,113,185,115,-1,115,185,186,-1,115,186,117,-1,117,186,187,-1,117,187,119,-1,119,187,188,-1,119,188,120,-1,120,188,189,-1,120,189,13,-1,13,189,190,-1,13,190,12,-1,12,190,191,-1,12,191,25,-1,191,192,25,-1,25,192,193,-1,25,193,24,-1,24,193,194,-1,24,194,47,-1,47,194,195,-1,47,195,45,-1,195,196,45,-1,45,196,197,-1,45,197,43,-1,43,197,198,-1,43,198,41,-1,199,20,5,-1,41,198,200,-1,201,21,200,-1,200,21,39,-1,200,39,41,-1,201,202,21,-1,21,202,203,-1,21,203,22,-1,22,203,204,-1,22,204,3,-1,3,204,205,-1,3,205,4,-1,4,205,206,-1,4,206,5,-1,5,206,207,-1,5,207,199,-1,18,20,208,-1,208,20,199,-1,16,18,209,-1,209,18,208,-1,17,16,210,-1,210,16,209,-1,19,17,211,-1,211,17,210,-1,19,211,212,-1,19,212,79,-1,79,212,213,-1,79,213,77,-1,77,213,214,-1,77,214,75,-1,75,214,215,-1,75,215,73,-1,73,215,216,-1,73,216,71,-1,71,216,217,-1,71,217,69,-1,69,217,218,-1,69,218,67,-1,67,218,219,-1,67,219,65,-1,65,219,220,-1,65,220,11,-1,11,220,221,-1,11,221,14,-1,14,221,222,-1,14,222,118,-1,118,222,223,-1,118,223,116,-1,116,223,224,-1,116,224,114,-1,114,224,225,-1,114,225,112,-1,110,112,225,-1,225,226,110,-1,110,226,227,-1,110,227,228,-1,229,132,228,-1,228,132,134,-1,228,134,110,-1,229,230,132,-1,132,230,231,-1,132,231,0,-1,0,231,232,-1,0,232,1,-1,1,232,233,-1,1,233,31,-1,31,233,234,-1,31,234,32,-1,32,234,235,-1,32,235,34,-1,34,235,236,-1,34,236,35,-1,35,236,237,-1,35,237,7,-1,7,237,238,-1,7,238,8,-1,8,238,239,-1,8,239,27,-1,27,239,240,-1,27,240,29,-1,29,240,241,-1,29,241,122,-1,122,241,242,-1,122,242,124,-1,124,242,243,-1,124,243,126,-1,126,243,244,-1,126,244,128,-1,128,244,245,-1,128,245,129,-1,129,245,246,-1,129,246,106,-1,106,246,247,-1,106,247,108,-1,108,247,248,-1,108,248,109,-1,109,248,82,-1,82,248,249,-1,82,249,250,-1,83,82,251,-1,251,82,250,-1,83,251,252,-1,83,252,85,-1,85,252,253,-1,85,253,87,-1,87,253,254,-1,87,254,89,-1,89,254,255,-1,89,255,91,-1,91,255,256,-1,91,256,93,-1,256,257,93,-1,93,257,258,-1,93,258,95,-1,95,258,259,-1,95,259,97,-1,97,259,260,-1,97,260,99,-1,99,260,261,-1,99,261,101,-1,101,261,262,-1,101,262,103,-1,103,262,263,-1,103,263,104,-1,104,263,264,-1,104,264,55,-1,55,264,265,-1,55,265,57,-1,57,265,266,-1,57,266,59,-1,61,59,267,-1,267,59,266,-1,61,267,268,-1,61,268,140,-1,140,268,269,-1,140,269,137,-1,137,269,270,-1,137,270,151,-1,151,270,271,-1,151,271,145,-1,145,271,272,-1,145,272,146,-1,146,272,273,-1,146,273,148,-1,148,273,274,-1,148,274,149,-1,149,274,275,-1,149,275,150,-1,150,275,276,-1,150,276,147,-1,147,276,277,-1,147,277,142,-1,142,277,278,-1,142,278,143,-1,143,278,279,-1,143,279,144,-1,144,279,280,-1,144,280,138,-1,138,280,281,-1,138,281,139,-1,139,281,282,-1,139,282,141,-1,141,282,283,-1,141,283,62,-1,62,283,284,-1,62,284,60,-1,58,60,285,-1,285,60,284,-1,58,285,286,-1,58,286,56,-1,56,286,287,-1,56,287,54,-1,54,287,288,-1,54,288,102,-1,102,288,289,-1,102,289,100,-1,100,289,290,-1,100,290,98,-1,98,290,156,-1,98,156,96,-1,74,291,292,-1,74,292,76,-1,76,292,293,-1,76,293,78,-1,78,293,294,-1,78,294,80,-1,80,294,295,-1,80,295,81,-1,81,295,296,-1,81,296,50,-1,50,296,297,-1,50,297,51,-1,51,297,298,-1,51,298,52,-1,52,298,299,-1,52,299,53,-1,53,299,300,-1,53,300,36,-1,36,300,301,-1,36,301,37,-1,37,301,302,-1,37,302,38,-1,38,302,303,-1,38,303,40,-1,40,303,304,-1,40,304,42,-1,42,304,305,-1,42,305,44,-1,44,305,306,-1,44,306,46,-1,46,306,307,-1,46,307,48,-1,48,307,308,-1,48,308,49,-1,49,308,309,-1,49,309,23,-1,23,309,310,-1,23,310,9,-1,9,310,311,-1,9,311,10,-1,10,311,312,-1,10,312,63,-1,63,312,313,-1,63,313,64,-1,64,313,314,-1,64,314,66,-1,66,314,315,-1,66,315,68,-1,68,315,316,-1,68,316,70,-1,70,316,317,-1,70,317,72,-1,72,317,291,-1,72,291,74,-1,
        ]
    }
}
Shape{
    appearance Appearance {
        material  Material 	{
            diffuseColor 1.0 0.9098039215686274 0.8745098039215686
            specularColor 0.5019607843137255 0.4549019607843137 0.4392156862745098
            ambientIntensity 0.2
            transparency 0
            shininess 0.5
        }
    }
    geometry IndexedFaceSet {
        ccw TRUE
        solid FALSE
        coord DEF co Coordinate {
            point [
                2.9528 0.0785 0.263, 2.9528 0.0622 0.3079, 2.9528 0.0596 0.3052, 2.9528 0.0863 0.2638, 2.9528 0.0921 0.2661, 2.9528 0.0852 0.3142, 2.9528 0.0797 0.3148, 2.9528 0.0732 0.3139, 2.9528 0.0674 0.3116, 2.9528 0.0551 0.2807, 2.9528 0.0577 0.2751, 2.9528 0.0615 0.2704, 2.9528 0.0797 0.263, 2.9528 0.0561 0.2997, 2.9528 0.0542 0.2934, 2.9528 0.0538 0.287, 2.9528 0.0666 0.2665, 2.9528 0.0726 0.264, 2.9528 0.0971 0.2697, 2.9528 0.1007 0.2738, 2.9528 0.1038 0.2795, 2.9528 0.1054 0.2859, 2.9528 0.1054 0.292, 2.9528 0.1039 0.2981, 2.9528 0.101 0.3036, 2.9528 0.0967 0.3083, 2.9528 0.0914 0.312, 2.9528 0.0914 0.312
            ]
        }
        coordIndex [
            0,1,2,-1,3,4,5,-1,6,7,0,-1,0,7,8,-1,0,8,1,-1,9,10,2,-1,2,10,11,-1,6,0,5,-1,5,0,12,-1,5,12,3,-1,13,14,2,-1,2,14,15,-1,2,15,9,-1,11,16,2,-1,2,16,17,-1,2,17,0,-1,4,18,5,-1,5,18,19,-1,5,19,20,-1,20,21,5,-1,5,21,22,-1,5,22,23,-1,23,24,5,-1,5,24,25,-1,5,25,26,-1,
        ]
    }
}