#VRML V2.0 utf8
# 3D model generated by easyeda2kicad.py (https://github.com/uPesy/easyeda2kicad.py)

Shape{
    appearance Appearance {
        material  Material 	{
            diffuseColor 0.7529411764705882 1.0 0.7529411764705882
            specularColor 0.3764705882352941 0.5019607843137255 0.3764705882352941
            ambientIntensity 0.2
            transparency 0
            shininess 0.5
        }
    }
    geometry IndexedFaceSet {
        ccw TRUE
        solid FALSE
        coord DEF co Coordinate {
            point [
                2.9291 0.8542 0.5744, 2.9291 0.8542 0.4325, 2.9291 0.918 0.4325, 2.9291 1.5282 0.0, 2.9291 1.739 0.0, 2.9291 1.739 0.0954, 2.9291 1.3783 0.0, 2.9291 1.5282 0.0954, 2.9291 1.1071 0.1597, 2.9291 1.1003 0.1589, 2.9291 1.1404 0.1589, 2.9291 1.277 0.3203, 2.9291 1.3277 0.3203, 2.9291 1.3277 0.3659, 2.9291 -0.0235 0.3543, 2.9291 -0.0213 0.3659, 2.9291 -1.8012 0.3659, 2.9291 0.6292 0.4495, 2.9291 0.66 0.4233, 2.9291 0.7679 0.5757, 2.9291 0.7679 0.4129, 2.9291 0.5339 0.5527, 2.9291 0.5698 0.5084, 2.9291 0.5896 0.4682, 2.9291 0.5953 0.4663, 2.9291 -1.6931 0.6518, 2.9291 -1.8012 0.6518, 2.9291 -1.8012 0.5757, 2.9291 0.4774 0.5923, 2.9291 0.502 0.5757, 2.9291 0.5282 0.5582, 2.9291 -1.0612 1.3058, 2.9291 -1.6931 1.3058, 2.9291 -1.6931 1.4501, 2.9291 -1.0612 1.4501, 2.9291 -1.0242 1.5876, 2.9291 -0.3839 2.7559, 2.9291 -0.3839 2.8504, 2.9291 -0.6201 2.8504, 2.9291 0.3733 0.6174, 2.9291 0.4202 0.6124, 2.9291 0.7679 1.1683, 2.9291 -1.0242 1.1683, 2.9291 -1.8012 2.7559, 2.9291 -1.8012 2.1041, 2.9291 -1.6931 2.1041, 2.9291 0.2412 0.5757, 2.9291 0.2643 0.5901, 2.9291 0.3167 0.6104, 2.9291 -0.6201 2.7559, 2.9291 0.0295 0.4705, 2.9291 0.0381 0.4786, 2.9291 0.2367 0.573, 2.9291 0.0761 0.5046, 2.9291 0.1184 0.5203, 2.9291 0.1604 0.5251, 2.9291 0.2099 0.55, 2.9291 0.1735 0.5244, 2.9291 0.1866 0.5229, 2.9291 -1.8012 0.4129, 2.9291 -0.0153 0.397, 2.9291 -0.0079 0.4129, 2.9291 0.0035 0.4377, 2.9291 0.0563 0.1883, 2.9291 0.0238 0.2166, 2.9291 -1.8012 0.1589, 2.9291 0.0971 0.1674, 2.9291 -0.0036 0.2564, 2.9291 -0.0192 0.2989, 2.9291 -0.0241 0.3407, 2.9291 0.1149 0.1619, 2.9291 0.1163 0.1589, 2.9291 0.1263 0.1375, 2.9291 0.1432 0.1166, 2.9291 0.7679 0.0954, 2.9291 0.2702 0.0954, 2.9291 0.7679 0.0, 2.9291 0.2505 0.0879, 2.9291 0.223 0.0845, 2.9291 0.2186 0.0846, 2.9291 -1.8012 0.0, 2.9291 0.1917 0.0888, 2.9291 -1.8012 0.0954, 2.9291 0.1759 0.0954, 2.9291 0.1654 0.0998, 2.9291 0.7679 0.1589, 2.9291 0.3297 0.1589, 2.9291 0.3296 0.1585, 2.9291 0.3162 0.1331, 2.9291 0.2986 0.1134, 2.9291 0.2759 0.0976, 2.9291 0.6972 0.3562, 2.9291 0.7024 0.3191, 2.9291 0.7679 0.3659, 2.9291 0.4752 0.2261, 2.9291 0.483 0.2291, 2.9291 0.4963 0.294, 2.9291 0.6602 0.2109, 2.9291 0.6292 0.1846, 2.9291 0.3084 0.2746, 2.9291 0.461 0.3543, 2.9291 0.2885 0.2927, 2.9291 0.2644 0.3057, 2.9291 0.4681 0.2211, 2.9291 0.6828 0.2423, 2.9291 0.6312 0.3278, 2.9291 0.6259 0.3497, 2.9291 0.6171 0.3659, 2.9291 0.0505 0.3659, 2.9291 0.6971 0.2784, 2.9291 0.4917 0.2302, 2.9291 0.4928 0.2302, 2.9291 0.4962 0.2294, 2.9291 0.0572 0.2977, 2.9291 0.0708 0.2744, 2.9291 0.1286 0.2627, 2.9291 0.0912 0.2535, 2.9291 0.116 0.2382, 2.9291 0.1707 0.3004, 2.9291 0.1474 0.2842, 2.9291 0.0477 0.343, 2.9291 0.049 0.3255, 2.9291 0.1959 0.31, 2.9291 0.223 0.3134, 2.9291 0.2369 0.3125, 2.9291 0.4564 0.1949, 2.9291 0.4567 0.1992, 2.9291 0.3369 0.2097, 2.9291 0.4589 0.2079, 2.9291 0.4632 0.2157, 2.9291 0.6087 0.2577, 2.9291 0.6212 0.2755, 2.9291 0.629 0.2958, 2.9291 0.6318 0.3179, 2.9291 0.483 0.1607, 2.9291 0.4755 0.1637, 2.9291 0.4681 0.1689, 2.9291 0.4655 0.1716, 2.9291 0.4605 0.1787, 2.9291 0.4575 0.1865, 2.9291 0.3363 0.1866, 2.9291 0.3369 0.1984, 2.9291 0.5945 0.1677, 2.9291 0.5566 0.1597, 2.9291 0.4894 0.1597, 2.9291 0.4986 0.2291, 2.9291 0.5498 0.2291, 2.9291 0.5701 0.233, 2.9291 0.5902 0.2423, 2.9291 0.6071 0.256, 2.9291 0.5338 0.4067, 2.9291 0.0608 0.3959, 2.9291 0.0511 0.3705, 2.9291 0.543 0.4067, 2.9291 0.6153 0.3693, 2.9291 0.6021 0.3841, 2.9291 0.5845 0.3964, 2.9291 0.5646 0.4041, 2.9291 0.5095 0.4748, 2.9291 0.4839 0.5056, 2.9291 0.2219 0.4397, 2.9291 0.0726 0.4129, 2.9291 0.2136 0.4443, 2.9291 0.4807 0.5085, 2.9291 0.4487 0.5307, 2.9291 0.413 0.5443, 2.9291 0.5325 0.4129, 2.9291 0.527 0.4381, 2.9291 0.1881 0.4536, 2.9291 0.1615 0.4568, 2.9291 0.1498 0.4562, 2.9291 0.333 0.5438, 2.9291 0.2957 0.5288, 2.9291 0.3744 0.549, 2.9291 0.2645 0.506, 2.9291 0.239 0.4754, 2.9291 0.1217 0.4496, 2.9291 0.0963 0.4361, 2.9291 0.0766 0.4186, 2.9291 0.6675 0.4129, 2.9291 0.6833 0.3909, 2.9291 0.6933 0.3659, 2.9291 1.3631 0.1785, 2.9291 1.3631 0.1602, 2.9291 1.3783 0.1589, 2.9291 1.3783 0.3659, 2.9291 1.3595 0.3203, 2.9291 1.3595 0.3019, 2.9291 1.2977 0.2323, 2.9291 1.2977 0.1785, 2.9291 1.3277 0.2323, 2.9291 1.3277 0.1785, 2.9291 1.3549 0.2323, 2.9291 1.3549 0.2507, 2.9291 1.2977 0.3019, 2.9291 1.2977 0.2507, 2.9291 1.3277 0.3019, 2.9291 1.3277 0.2507, 2.9291 1.3277 0.1589, 2.9291 1.3277 0.1602, 2.9291 1.277 0.1602, 2.9291 1.1979 0.1886, 2.9291 1.2004 0.1792, 2.9291 1.2009 0.1792, 2.9291 1.2554 0.2746, 2.9291 1.1777 0.3659, 2.9291 1.2346 0.2746, 2.9291 1.1777 0.2467, 2.9291 1.2034 0.1885, 2.9291 1.2018 0.1831, 2.9291 1.058 0.2437, 2.9291 1.0588 0.2509, 2.9291 1.0376 0.3659, 2.9291 1.0611 0.2298, 2.9291 1.0589 0.2359, 2.9291 1.0579 0.1849, 2.9291 1.0669 0.1795, 2.9291 1.0672 0.1794, 2.9291 1.0672 0.2221, 2.9291 1.0637 0.2256, 2.9291 1.067 0.2222, 2.9291 1.076 0.1589, 2.9291 1.072 0.1593, 2.9291 1.0672 0.1589, 2.9291 1.0672 0.161, 2.9291 1.0376 0.1589, 2.9291 1.0579 0.1642, 2.9291 1.1297 0.2721, 2.9291 1.1297 0.2526, 2.9291 1.0709 0.2681, 2.9291 1.0758 0.2711, 2.9291 1.0672 0.3659, 2.9291 1.0612 0.2573, 2.9291 1.0649 0.2627, 2.9291 1.0672 0.2648, 2.9291 1.1342 0.1833, 2.9291 1.1318 0.1769, 2.9291 1.128 0.1716, 2.9291 1.0866 0.2753, 2.9291 1.1026 0.2772, 2.9291 1.1404 0.3659, 2.9291 1.1166 0.276, 2.9291 1.1284 0.2102, 2.9291 1.1322 0.2047, 2.9291 1.1343 0.1988, 2.9291 1.1352 0.1913, 2.9291 1.1223 0.1666, 2.9291 1.1176 0.1637, 2.9291 1.1006 0.2609, 2.9291 1.0947 0.2605, 2.9291 1.0787 0.2455, 2.9291 1.0893 0.259, 2.9291 1.0848 0.2567, 2.9291 1.0789 0.2428, 2.9291 1.0797 0.2397, 2.9291 1.0811 0.237, 2.9291 1.0831 0.2349, 2.9291 1.0902 0.2305, 2.9291 1.1146 0.2592, 2.9291 1.1026 0.225, 2.9291 1.126 0.2548, 2.9291 1.1103 0.2219, 2.9291 1.1237 0.2145, 2.9291 1.0818 0.254, 2.9291 1.0801 0.2514, 2.9291 1.0791 0.2487, 2.9291 1.0796 0.1751, 2.9291 1.0884 0.2105, 2.9291 1.0765 0.216, 2.9291 1.0909 0.1739, 2.9291 1.0918 0.1739, 2.9291 1.1016 0.205, 2.9291 1.1021 0.175, 2.9291 1.1146 0.1894, 2.9291 1.1144 0.1918, 2.9291 1.1073 0.1769, 2.9291 1.1091 0.178, 2.9291 1.1114 0.1801, 2.9291 1.1131 0.1827, 2.9291 1.1142 0.1855, 2.9291 1.1135 0.195, 2.9291 1.1119 0.1976, 2.9291 1.1094 0.2002, 2.9291 1.5282 0.4129, 2.9291 1.4762 0.4143, 2.9291 1.4534 0.4143, 2.9291 1.437 0.4581, 2.9291 1.3783 0.4581, 2.9291 1.3783 0.4129, 2.9291 1.4152 0.5744, 2.9291 1.5282 0.5757, 2.9291 1.3783 0.5757, 2.9291 1.3703 0.4581, 2.9291 1.3549 0.4143, 2.9291 1.3277 0.4129, 2.9291 1.3321 0.4143, 2.9291 1.3277 0.5757, 2.9291 1.3783 0.5354, 2.9291 1.3931 0.5744, 2.9291 1.1589 0.5744, 2.9291 1.1777 0.5757, 2.9291 1.1404 0.5757, 2.9291 1.0971 0.4864, 2.9291 1.0971 0.4325, 2.9291 1.1404 0.4864, 2.9291 1.1404 0.4325, 2.9291 1.1544 0.4864, 2.9291 1.1626 0.4325, 2.9291 1.1544 0.5047, 2.9291 1.1589 0.556, 2.9291 1.1404 0.5047, 2.9291 1.1404 0.556, 2.9291 1.0971 0.5047, 2.9291 1.0971 0.556, 2.9291 1.0765 0.4143, 2.9291 1.0672 0.4129, 2.9291 1.1404 0.4129, 2.9291 1.1777 0.4129, 2.9291 1.1626 0.4143, 2.9291 1.1404 0.4143, 2.9291 1.0672 0.5757, 2.9291 1.0765 0.5744, 2.9291 1.1404 0.5744, 2.9291 0.7679 2.7559, 2.9291 0.7679 1.5876, 2.9291 0.9221 2.7559, 2.9291 0.9221 1.5876, 2.9291 0.9317 2.7559, 2.9291 0.9317 1.5876, 2.9291 1.0376 2.7559, 2.9291 1.0376 1.5876, 2.9291 1.0672 2.7559, 2.9291 1.0672 1.5876, 2.9291 1.1404 2.7559, 2.9291 1.1404 1.5876, 2.9291 1.1777 2.7559, 2.9291 1.1777 1.5876, 2.9291 1.3277 2.7559, 2.9291 1.3277 1.5876, 2.9291 1.3783 2.7559, 2.9291 1.3783 1.5876, 2.9291 1.5282 2.7559, 2.9291 1.5282 1.5876, 2.9291 1.6043 2.7559, 2.9291 1.739 2.7018, 2.9291 1.7028 2.7295, 2.9291 1.6553 2.7492, 2.9291 1.739 1.5876, 2.9291 1.8012 1.5876, 2.9291 1.8012 2.5591, 2.9291 1.7945 2.61, 2.9291 1.7748 2.6575, 2.9291 1.7435 2.6982, 2.9291 0.9221 1.1683, 2.9291 0.9221 0.5757, 2.9291 0.9317 1.1683, 2.9291 1.0066 0.5771, 2.9291 1.0376 1.1683, 2.9291 1.0065 0.5771, 2.9291 0.9954 0.5757, 2.9291 0.9317 0.5757, 2.9291 0.9832 0.5743, 2.9291 1.0236 0.5757, 2.9291 1.0376 0.5757, 2.9291 1.0672 1.1683, 2.9291 1.1404 1.1683, 2.9291 1.1777 1.1683, 2.9291 1.3277 1.1683, 2.9291 1.3783 1.1683, 2.9291 1.5282 1.1683, 2.9291 1.739 1.1683, 2.9291 1.8012 1.1683, 2.9291 1.739 0.5757, 2.9291 1.0426 0.5499, 2.9291 1.0376 0.4376, 2.9291 1.0444 0.4407, 2.9291 1.0444 0.5489, 2.9291 0.9489 0.5147, 2.9291 0.9462 0.4925, 2.9291 1.0106 0.4303, 2.9291 0.9466 0.4839, 2.9291 0.9496 0.4685, 2.9291 0.9756 0.4363, 2.9291 0.987 0.4319, 2.9291 1.0031 0.43, 2.9291 1.0376 0.5518, 2.9291 1.0264 0.5561, 2.9291 1.0287 0.4336, 2.9291 1.0067 0.5584, 2.9291 1.0004 0.5582, 2.9291 0.9865 0.5555, 2.9291 0.9739 0.5497, 2.9291 0.9551 0.4559, 2.9291 0.9619 0.4468, 2.9291 0.9651 0.4437, 2.9291 0.963 0.5407, 2.9291 0.9543 0.5285, 2.9291 1.0275 0.5754, 2.9291 1.0376 0.5725, 2.9291 1.0444 0.5705, 2.9291 0.9317 0.5282, 2.9291 0.936 0.5383, 2.9291 0.9476 0.5535, 2.9291 0.9515 0.5572, 2.9291 0.9665 0.5677, 2.9291 0.9284 0.5206, 2.9291 0.9317 0.455, 2.9291 0.9277 0.4651, 2.9291 0.9221 0.4129, 2.9291 0.9245 0.4913, 2.9291 0.9248 0.4996, 2.9291 0.973 0.4156, 2.9291 0.9579 0.4227, 2.9291 0.9317 0.4129, 2.9291 0.9451 0.4334, 2.9291 0.9342 0.4484, 2.9291 0.9861 0.4129, 2.9291 0.9317 0.3659, 2.9291 0.9904 0.412, 2.9291 1.0001 0.4116, 2.9291 1.0142 0.4129, 2.9291 1.0444 0.4209, 2.9291 1.0417 0.4195, 2.9291 1.0376 0.4129, 2.9291 1.0376 0.4182, 2.9291 1.0245 0.4139, 2.9291 0.9463 0.214, 2.9291 0.95 0.2471, 2.9291 0.9422 0.2074, 2.9291 0.9397 0.2001, 2.9291 1.0307 0.1602, 2.9291 1.0107 0.1602, 2.9291 0.9943 0.2602, 2.9291 0.9875 0.2609, 2.9291 0.9768 0.2282, 2.9291 1.0288 0.2507, 2.9291 1.0307 0.2338, 2.9291 0.9521 0.2194, 2.9291 0.9602 0.2238, 2.9291 0.9639 0.2558, 2.9291 0.9764 0.2598, 2.9291 0.9554 0.1618, 2.9291 0.9487 0.1665, 2.9291 0.9317 0.1589, 2.9291 0.9468 0.1683, 2.9291 0.9426 0.1743, 2.9291 1.0107 0.1779, 2.9291 1.0101 0.1779, 2.9291 1.0067 0.1727, 2.9291 1.0003 0.166, 2.9291 0.94 0.1809, 2.9291 0.9388 0.1908, 2.9291 0.95 0.2666, 2.9291 1.0107 0.2329, 2.9291 1.01 0.2417, 2.9291 1.0079 0.2489, 2.9291 1.0056 0.253, 2.9291 0.9541 0.2689, 2.9291 0.969 0.2747, 2.9291 0.9894 0.2772, 2.9291 1.0033 0.2757, 2.9291 1.0113 0.2729, 2.9291 1.0177 0.2689, 2.9291 1.0212 0.2655, 2.9291 1.0255 0.2593, 2.9291 1.0025 0.2563, 2.9291 0.999 0.2586, 2.9291 0.9861 0.1589, 2.9291 0.9856 0.1587, 2.9291 1.0376 0.0954, 2.9291 0.9317 0.0954, 2.9291 0.9751 0.1575, 2.9291 0.9635 0.1589, 2.9291 0.9631 0.1589, 2.9291 1.1777 0.1589, 2.9291 1.1777 0.1929, 2.9291 1.1456 0.2746, 2.9291 1.168 0.2746, 2.9291 1.1905 0.1605, 2.9291 1.1898 0.1589, 2.9291 1.1817 0.1397, 2.9291 1.1404 0.0954, 2.9291 1.1497 0.108, 2.9291 1.1497 0.1258, 2.9291 1.1739 0.1282, 2.9291 1.1776 0.1323, 2.9291 1.1777 0.1325, 2.9291 1.0889 0.1575, 2.9291 1.0672 0.0954, 2.9291 1.1538 0.1245, 2.9291 1.1611 0.1235, 2.9291 1.1777 0.1099, 2.9291 1.1708 0.1073, 2.9291 1.1777 0.0954, 2.9291 1.1627 0.1063, 2.9291 1.1582 0.1065, 2.9291 1.1664 0.1242, 2.9291 1.1708 0.126, 2.9291 1.2035 0.1429, 2.9291 1.1944 0.1252, 2.9291 1.3277 0.0954, 2.9291 1.2098 0.1589, 2.9291 1.1871 0.1164, 2.9291 1.1857 0.1152, 2.9291 1.1787 0.1103, 2.9291 1.3783 0.0954, 2.9291 1.3277 0.0, 2.9291 1.1777 0.0, 2.9291 1.1404 0.0, 2.9291 1.0672 0.0, 2.9291 1.0376 0.0, 2.9291 0.9317 0.0, 2.9291 0.9937 0.1617, 2.9291 1.739 0.1589, 2.9291 1.5282 0.1589, 2.9291 0.8335 0.3203, 2.9291 0.8335 0.1602, 2.9291 0.9221 0.1589, 2.9291 0.9221 0.0954, 2.9291 0.9221 0.0, 2.9291 0.916 0.3203, 2.9291 0.9221 0.3659, 2.9291 0.916 0.3019, 2.9291 0.9196 0.1785, 2.9291 0.9196 0.1602, 2.9291 0.8542 0.2323, 2.9291 0.8542 0.1785, 2.9291 0.9114 0.2323, 2.9291 0.9114 0.2507, 2.9291 0.8542 0.2507, 2.9291 0.8542 0.3019, 2.9291 1.3934 0.1602, 2.9291 1.5194 0.2134, 2.9291 1.5115 0.1968, 2.9291 1.4996 0.1826, 2.9291 1.5151 0.2797, 2.9291 1.5211 0.2645, 2.9291 1.5282 0.3659, 2.9291 1.5238 0.2423, 2.9291 1.5233 0.2321, 2.9291 1.483 0.1707, 2.9291 1.4647 0.1636, 2.9291 1.4374 0.1602, 2.9291 1.3934 0.3203, 2.9291 1.4391 0.3203, 2.9291 1.4635 0.3176, 2.9291 1.4828 0.3106, 2.9291 1.4996 0.2991, 2.9291 1.5052 0.2937, 2.9291 1.6767 0.1602, 2.9291 1.6157 0.3203, 2.9291 1.739 0.3659, 2.9291 1.6376 0.204, 2.9291 1.5709 0.204, 2.9291 1.6539 0.1602, 2.9291 1.5555 0.1602, 2.9291 1.5326 0.1602, 2.9291 1.5936 0.3203, 2.9291 0.8335 0.4143, 2.9291 0.8335 0.5744, 2.9291 0.918 0.4143, 2.9291 1.263 0.5717, 2.9291 1.2823 0.5646, 2.9291 1.3146 0.5338, 2.9291 1.3205 0.5185, 2.9291 1.3232 0.4964, 2.9291 1.3227 0.4862, 2.9291 1.3189 0.4674, 2.9291 1.311 0.4509, 2.9291 1.2991 0.4367, 2.9291 1.2824 0.4247, 2.9291 1.2385 0.5744, 2.9291 1.2642 0.4176, 2.9291 1.2369 0.4143, 2.9291 1.1928 0.4143, 2.9291 1.1928 0.5744, 2.9291 1.2991 0.5532, 2.9291 1.3047 0.5477, 2.9291 1.739 0.4129, 2.9291 1.8012 0.5757, 2.9291 1.8012 0.4129, 2.9291 1.8012 0.3659, 2.9291 1.8012 0.1589, 2.9291 1.8012 0.0954, 2.9291 1.8012 0.0, 2.4213 1.8012 2.4606, 2.4213 1.8012 2.5591, 1.5157 1.8012 2.0079, 1.5157 1.8012 0.0, 1.2402 1.8012 0.0, 1.0433 1.8012 2.4606, 1.7126 1.8012 2.4606, 1.0433 1.8012 2.5591, 1.7126 1.8012 2.5591, 0.1378 1.8012 2.0079, 0.1378 1.8012 0.0, -0.1378 1.8012 0.0, 2.6181 1.8012 0.0, 2.6535 1.8012 1.5876, 2.6181 1.8012 2.0079, 2.6535 1.8012 1.1683, -0.3346 1.8012 2.4606, 0.3346 1.8012 2.4606, -0.3346 1.8012 2.5591, 0.3346 1.8012 2.5591, 1.2402 1.8012 2.0079, 0.8858 1.8012 2.0079, 0.8791 1.8012 2.0588, 0.8282 1.8012 2.1471, 0.7874 1.8012 2.1784, -1.2402 1.8012 2.0079, -1.2402 1.8012 0.0, -1.5157 1.8012 0.0, 0.8595 1.8012 2.1063, -1.7126 1.8012 2.4606, -1.0433 1.8012 2.4606, -1.7126 1.8012 2.5591, -1.0433 1.8012 2.5591, -0.5498 1.8012 2.1471, -0.5906 1.8012 2.1784, 2.2638 1.8012 2.0079, 2.2571 1.8012 2.0588, 1.9685 1.8012 2.1784, 1.9277 1.8012 2.1471, 1.8965 1.8012 2.1063, 1.8768 1.8012 2.0588, 1.8701 1.8012 2.0079, -0.1378 1.8012 2.0079, -0.4921 1.8012 2.0079, -0.4988 1.8012 2.0588, -2.9291 1.8012 2.5591, -2.4213 1.8012 2.5591, -2.6181 1.8012 2.0079, -2.4213 1.8012 2.4606, -1.9277 1.8012 2.1471, -1.9685 1.8012 2.1784, 2.2374 1.8012 2.1063, 2.2061 1.8012 2.1471, 2.1654 1.8012 2.1784, 0.5906 1.8012 2.1784, 0.5498 1.8012 2.1471, 0.5185 1.8012 2.1063, 0.4988 1.8012 2.0588, 0.4921 1.8012 2.0079, -1.5157 1.8012 2.0079, -1.8701 1.8012 2.0079, -1.8768 1.8012 2.0588, -2.9291 1.8012 1.5876, -2.6535 1.8012 1.5876, -2.6535 1.8012 1.1683, -2.6181 1.8012 0.0, -2.9291 1.8012 1.1683, -2.9291 1.8012 0.0, 0.7399 1.8012 2.198, 0.689 1.8012 2.2047, 0.638 1.8012 2.198, 2.1179 1.8012 2.198, 2.0669 1.8012 2.2047, 2.016 1.8012 2.198, -0.5185 1.8012 2.1063, -0.638 1.8012 2.198, -0.689 1.8012 2.2047, -0.7399 1.8012 2.198, -0.7874 1.8012 2.1784, -2.1654 1.8012 2.1784, -2.2061 1.8012 2.1471, -2.2374 1.8012 2.1063, -2.2571 1.8012 2.0588, -2.2638 1.8012 2.0079, -0.8282 1.8012 2.1471, -0.8595 1.8012 2.1063, -0.8791 1.8012 2.0588, -0.8858 1.8012 2.0079, -1.8965 1.8012 2.1063, -2.016 1.8012 2.198, -2.0669 1.8012 2.2047, -2.1179 1.8012 2.198, -2.9291 -1.8012 0.0, -2.9291 -1.8012 0.6518, -2.9291 -1.6931 0.6518, -2.9291 -1.0242 1.1683, -2.9291 -1.6931 1.3058, -2.9291 -1.0612 1.3058, -2.9291 -1.0612 1.4501, -2.9291 -1.0242 1.5876, -2.9291 -1.6931 2.1041, -2.9291 -0.3839 2.8504, -2.9291 -1.6931 1.4501, -2.9291 -0.3839 2.7559, -2.9291 -1.8012 2.1041, -2.9291 -1.8012 2.7559, -2.9291 -0.6201 2.7559, -2.9291 -0.6201 2.8504, -2.9291 1.6043 2.7559, -2.9291 1.6553 2.7492, -2.9291 1.7028 2.7295, -2.9291 1.7435 2.6982, -2.9291 1.7945 2.61, -2.9291 1.7748 2.6575, 0.8858 1.7224 2.0079, 1.2402 1.7224 2.0079, -0.4921 1.7224 2.0079, -0.1378 1.7224 2.0079, -1.8701 1.7224 2.0079, -1.5157 1.7224 2.0079, -1.7717 1.7224 0.0394, -1.5157 1.7224 0.0394, -1.7717 0.935 0.0394, -1.5157 0.8169 0.0394, -2.3622 0.935 0.0394, -2.6181 0.8169 0.0394, -2.3622 1.7224 0.0394, -2.6181 1.7224 0.0394, -0.3937 1.7224 0.0394, -0.1378 1.7224 0.0394, -0.3937 0.935 0.0394, -0.1378 0.8169 0.0394, -0.9843 0.935 0.0394, -1.2402 0.8169 0.0394, -0.9843 1.7224 0.0394, -1.2402 1.7224 0.0394, 0.9843 1.7224 0.0394, 1.2402 1.7224 0.0394, 0.9843 0.935 0.0394, 1.2402 0.8169 0.0394, 0.3937 0.935 0.0394, 0.1378 0.8169 0.0394, 0.3937 1.7224 0.0394, 0.1378 1.7224 0.0394, 2.2638 1.7224 2.0079, 2.6181 1.7224 2.0079, 2.3622 1.7224 0.0394, 2.6181 1.7224 0.0394, 2.3622 0.935 0.0394, 2.6181 0.8169 0.0394, 1.7717 0.935 0.0394, 1.5157 0.8169 0.0394, 1.7717 1.7224 0.0394, 1.5157 1.7224 0.0394, 2.2896 0.561 1.4038, 2.3397 0.561 1.3386, 2.6181 0.561 2.0472, 1.5157 0.561 0.1969, 1.8442 0.561 0.9584, 1.7942 0.561 1.0236, 2.3712 0.561 1.0996, 2.6181 0.561 0.1969, 2.3819 0.561 1.1811, 2.3712 0.561 1.2626, 2.3397 0.561 1.0236, 2.2896 0.561 0.9584, 2.2244 0.561 0.9083, 1.9094 0.561 0.9083, 1.6732 0.561 0.1969, 1.9854 0.561 0.8769, 1.7942 0.561 1.3386, 1.8442 0.561 1.4038, 1.5157 0.561 2.0472, 1.9094 0.561 1.4539, 1.7126 0.561 2.0472, 1.7627 0.561 1.0996, 1.752 0.561 1.1811, 1.7627 0.561 1.2626, 1.8236 0.561 0.2638, 1.9846 0.561 0.298, 2.0669 0.561 0.8661, 2.1492 0.561 0.298, 2.1484 0.561 0.8769, 2.3102 0.561 0.2638, 2.4606 0.561 0.1969, 1.9854 0.561 1.4853, 2.0669 0.561 1.4961, 2.4213 0.561 2.0472, 2.1484 0.561 1.4853, 2.2244 0.561 1.4539, 1.5157 -1.8012 0.1969, 1.6732 -1.8012 0.1969, 2.6181 -1.8012 0.1969, 2.4606 -1.8012 0.1969, 2.6181 -1.8012 2.0472, 1.5157 -1.8012 2.0472, 0.1378 -1.8012 2.5591, 1.2402 -1.8012 2.5591, -1.5157 -1.8012 2.5591, 1.7126 -1.8012 2.0472, 1.7126 -1.8012 2.2441, 1.1959 -1.8012 2.2441, 1.5157 -1.8012 2.5591, 1.56 -1.8012 2.2441, 1.0433 -1.8012 2.2441, 1.0433 -1.8012 2.0472, 1.2402 -1.8012 2.0472, -2.6181 -1.8012 0.1969, -2.6181 -1.8012 2.0472, 2.937 -1.8012 0.6518, 2.937 -1.8012 2.1041, 2.6181 -1.8012 2.5591, -2.4213 -1.8012 2.0472, -2.4213 -1.8012 2.2441, -2.5738 -1.8012 2.2441, -2.6181 -1.8012 2.5591, -2.3102 -1.8012 0.2638, -2.4606 -1.8012 0.1969, -1.6732 -1.8012 0.1969, -1.56 -1.8012 2.2441, -1.2402 -1.8012 2.5591, -1.1959 -1.8012 2.2441, -0.1378 -1.8012 2.5591, -0.1821 -1.8012 2.2441, 0.1821 -1.8012 2.2441, 2.4213 -1.8012 2.0472, 2.4213 -1.8012 2.2441, 2.5738 -1.8012 2.2441, -1.2402 -1.8012 0.1969, -1.2402 -1.8012 2.0472, -1.5157 -1.8012 2.0472, 0.2953 -1.8012 0.1969, 0.1378 -1.8012 0.1969, -2.937 -1.8012 2.1041, -2.937 -1.8012 0.6518, -1.5157 -1.8012 0.1969, 0.1378 -1.8012 2.0472, -0.1378 -1.8012 2.0472, -0.1378 -1.8012 0.1969, -0.2953 -1.8012 0.1969, -1.0433 -1.8012 2.0472, -1.0433 -1.8012 2.2441, -1.7126 -1.8012 2.0472, -1.7126 -1.8012 2.2441, 1.2402 -1.8012 0.1969, 1.0827 -1.8012 0.1969, 0.4457 -1.8012 0.2638, 0.3346 -1.8012 2.0472, 0.3346 -1.8012 2.2441, -0.3346 -1.8012 2.0472, -0.3346 -1.8012 2.2441, 2.3102 -1.8012 0.2638, 2.1492 -1.8012 0.298, 1.9846 -1.8012 0.298, 1.8236 -1.8012 0.2638, -2.1492 -1.8012 0.298, -1.8236 -1.8012 0.2638, -1.9846 -1.8012 0.298, -1.0827 -1.8012 0.1969, -0.9323 -1.8012 0.2638, -0.4457 -1.8012 0.2638, -0.7713 -1.8012 0.298, -0.6067 -1.8012 0.298, 0.6067 -1.8012 0.298, 0.9323 -1.8012 0.2638, 0.7713 -1.8012 0.298, -0.1378 0.8169 0.0, 0.1378 0.8169 0.0, 1.2402 0.8169 0.0, -1.5157 0.8169 0.0, -2.6181 0.8169 0.0, 1.5157 0.8169 0.0, 2.6181 0.8169 0.0, -1.2402 0.8169 0.0, 1.5157 0.9547 2.5591, 2.6181 0.9547 2.5591, 1.7126 0.9547 2.2441, 1.7126 0.9547 2.0472, 1.56 0.9547 2.2441, 2.5738 0.9547 2.2441, 2.4213 0.9547 2.2441, 2.4213 0.9547 2.0472, 1.5157 1.7224 2.0079, 1.8701 1.7224 2.0079, 2.3622 1.7224 1.6535, 1.9277 1.7224 2.1471, 1.9685 1.7224 2.1784, 1.8965 1.7224 2.1063, 1.7717 1.7224 1.6535, 1.8768 1.7224 2.0588, 2.016 1.7224 2.198, 2.2374 1.7224 2.1063, 2.2571 1.7224 2.0588, 2.0669 1.7224 2.2047, 2.1179 1.7224 2.198, 2.2061 1.7224 2.1471, 2.1654 1.7224 2.1784, 1.7717 0.935 1.6535, 1.9094 0.935 1.3386, 1.9094 0.935 1.0236, 2.2244 0.935 1.3386, 2.3622 0.935 1.6535, 2.2244 0.935 1.0236, 1.7126 1.8002 2.5787, 1.7126 1.7224 2.5787, 1.7126 1.7224 2.4606, 2.4213 1.7224 2.4606, 2.4213 1.7224 2.5787, 2.4213 1.8002 2.5787, 2.4213 1.8002 2.5787
            ]
        }
        coordIndex [
            0,1,2,-1,3,4,5,-1,6,3,7,-1,8,9,10,-1,11,12,13,-1,14,15,16,-1,17,18,19,-1,19,18,20,-1,21,22,19,-1,22,23,19,-1,19,23,24,-1,19,24,17,-1,25,26,27,-1,28,29,19,-1,19,29,30,-1,19,30,21,-1,31,32,25,-1,33,34,35,-1,36,37,38,-1,39,40,41,-1,35,34,42,-1,43,44,45,-1,46,47,42,-1,42,47,41,-1,41,47,48,-1,41,48,39,-1,33,35,45,-1,45,35,49,-1,45,49,43,-1,50,51,27,-1,34,31,42,-1,42,31,25,-1,42,25,46,-1,46,25,27,-1,46,27,52,-1,51,53,27,-1,27,53,54,-1,27,54,52,-1,52,54,55,-1,52,55,56,-1,56,55,57,-1,56,57,58,-1,16,15,59,-1,15,60,59,-1,59,60,61,-1,59,61,27,-1,27,61,62,-1,27,62,50,-1,63,64,65,-1,63,65,66,-1,64,67,65,-1,65,67,68,-1,65,68,16,-1,16,68,69,-1,16,69,14,-1,70,66,71,-1,71,66,65,-1,71,65,72,-1,72,65,73,-1,74,75,76,-1,76,75,77,-1,77,78,76,-1,76,78,79,-1,76,79,80,-1,80,79,81,-1,80,81,82,-1,82,81,83,-1,82,83,65,-1,65,83,84,-1,65,84,73,-1,85,86,74,-1,74,86,87,-1,74,87,88,-1,88,89,74,-1,74,89,90,-1,74,90,75,-1,91,92,93,-1,94,95,96,-1,97,98,85,-1,99,100,101,-1,101,100,102,-1,94,96,103,-1,97,85,104,-1,105,106,100,-1,100,106,107,-1,100,107,108,-1,93,92,85,-1,85,92,109,-1,85,109,104,-1,95,110,96,-1,96,110,111,-1,96,111,112,-1,113,114,115,-1,115,114,116,-1,115,116,117,-1,118,108,119,-1,119,108,120,-1,119,120,115,-1,115,120,121,-1,115,121,113,-1,118,122,108,-1,108,122,123,-1,108,123,100,-1,100,123,124,-1,100,124,102,-1,125,126,127,-1,127,126,128,-1,127,128,96,-1,96,128,129,-1,96,129,103,-1,130,131,96,-1,96,131,132,-1,96,132,100,-1,100,132,133,-1,100,133,105,-1,134,135,86,-1,86,135,136,-1,86,136,137,-1,137,138,86,-1,86,138,139,-1,86,139,140,-1,140,139,125,-1,140,125,141,-1,141,125,127,-1,98,142,85,-1,85,142,143,-1,85,143,86,-1,86,143,144,-1,86,144,134,-1,112,145,96,-1,96,145,146,-1,96,146,147,-1,147,148,96,-1,96,148,149,-1,96,149,130,-1,150,151,152,-1,152,108,150,-1,150,108,107,-1,150,107,153,-1,153,107,154,-1,154,155,153,-1,153,155,156,-1,153,156,157,-1,158,159,160,-1,161,160,162,-1,159,163,160,-1,160,163,164,-1,160,164,165,-1,151,150,161,-1,161,150,166,-1,161,166,160,-1,160,166,167,-1,160,167,158,-1,162,168,161,-1,161,168,169,-1,161,169,170,-1,171,172,173,-1,173,172,174,-1,173,174,165,-1,165,174,175,-1,165,175,160,-1,176,177,170,-1,170,177,178,-1,170,178,161,-1,18,179,20,-1,20,179,180,-1,20,180,93,-1,93,180,181,-1,93,181,91,-1,182,183,184,-1,13,12,185,-1,185,12,186,-1,185,186,187,-1,188,189,190,-1,190,189,191,-1,190,191,192,-1,192,191,182,-1,192,182,193,-1,194,195,196,-1,196,195,197,-1,196,197,187,-1,184,183,198,-1,198,183,199,-1,198,199,200,-1,201,202,203,-1,204,205,206,-1,206,205,207,-1,206,207,208,-1,208,207,201,-1,208,201,209,-1,209,201,203,-1,210,211,212,-1,213,214,215,-1,216,217,218,-1,213,215,219,-1,216,218,215,-1,215,218,220,-1,215,220,219,-1,221,222,223,-1,223,222,224,-1,223,224,225,-1,225,224,226,-1,225,226,215,-1,227,228,10,-1,229,230,231,-1,211,232,212,-1,212,232,233,-1,212,233,231,-1,231,233,234,-1,231,234,229,-1,235,236,10,-1,10,236,237,-1,230,238,231,-1,231,238,239,-1,231,239,240,-1,240,239,241,-1,240,241,227,-1,242,243,228,-1,228,243,244,-1,228,244,10,-1,10,244,245,-1,10,245,235,-1,237,246,10,-1,10,246,247,-1,10,247,8,-1,248,249,250,-1,250,249,251,-1,250,251,252,-1,250,253,248,-1,248,253,254,-1,248,254,255,-1,255,256,248,-1,248,256,257,-1,248,257,258,-1,258,257,259,-1,258,259,260,-1,260,259,261,-1,260,261,228,-1,228,261,262,-1,228,262,242,-1,263,264,252,-1,252,264,265,-1,252,265,250,-1,266,267,217,-1,217,267,268,-1,217,268,218,-1,266,269,267,-1,267,269,270,-1,267,270,271,-1,271,270,272,-1,271,273,274,-1,272,275,271,-1,271,275,276,-1,271,276,277,-1,277,278,271,-1,271,278,279,-1,271,279,273,-1,274,280,271,-1,271,280,281,-1,271,281,282,-1,283,284,285,-1,286,287,285,-1,285,287,288,-1,285,288,283,-1,284,283,289,-1,289,283,290,-1,289,290,291,-1,287,292,288,-1,288,292,293,-1,288,293,294,-1,294,293,295,-1,294,295,296,-1,296,295,297,-1,296,297,291,-1,291,297,298,-1,291,298,289,-1,299,300,301,-1,302,303,304,-1,304,303,305,-1,304,305,306,-1,306,305,307,-1,306,307,308,-1,308,307,309,-1,308,309,310,-1,310,309,311,-1,310,311,312,-1,312,311,313,-1,314,315,316,-1,299,309,300,-1,300,309,307,-1,300,307,317,-1,317,307,318,-1,317,318,316,-1,316,318,319,-1,316,319,314,-1,320,321,301,-1,301,321,322,-1,301,322,299,-1,38,49,36,-1,36,49,35,-1,36,35,323,-1,323,35,324,-1,323,324,325,-1,325,324,326,-1,325,326,327,-1,327,326,328,-1,327,328,329,-1,329,328,330,-1,329,330,331,-1,331,330,332,-1,331,332,333,-1,333,332,334,-1,333,334,335,-1,335,334,336,-1,335,336,337,-1,337,336,338,-1,337,338,339,-1,339,338,340,-1,339,340,341,-1,341,340,342,-1,341,342,343,-1,344,345,342,-1,342,345,346,-1,342,346,343,-1,342,347,344,-1,344,347,348,-1,344,348,349,-1,349,350,344,-1,344,350,351,-1,344,351,352,-1,40,28,41,-1,41,28,19,-1,41,19,353,-1,353,19,354,-1,353,354,355,-1,356,357,358,-1,358,357,355,-1,358,355,359,-1,359,355,360,-1,359,360,361,-1,356,362,357,-1,357,362,363,-1,357,363,364,-1,364,363,320,-1,364,320,365,-1,365,320,301,-1,365,301,366,-1,366,301,300,-1,366,300,367,-1,367,296,368,-1,368,296,291,-1,368,291,369,-1,369,291,290,-1,369,290,370,-1,371,370,372,-1,373,374,375,-1,373,375,376,-1,376,375,315,-1,376,315,320,-1,320,315,314,-1,320,314,321,-1,377,378,379,-1,379,378,380,-1,379,380,381,-1,382,383,384,-1,373,385,374,-1,374,385,386,-1,374,386,387,-1,387,386,388,-1,387,388,379,-1,388,389,379,-1,379,389,390,-1,379,390,391,-1,381,392,379,-1,379,392,393,-1,379,393,384,-1,384,393,394,-1,384,394,382,-1,391,395,379,-1,379,395,396,-1,379,396,377,-1,362,397,363,-1,363,397,398,-1,363,398,320,-1,320,398,399,-1,320,399,376,-1,400,401,360,-1,360,401,402,-1,402,403,360,-1,360,403,404,-1,360,404,361,-1,355,354,360,-1,360,354,405,-1,360,405,400,-1,406,407,408,-1,408,407,409,-1,408,409,354,-1,354,409,410,-1,354,410,405,-1,411,412,413,-1,412,414,413,-1,413,414,415,-1,413,415,406,-1,411,413,416,-1,416,413,417,-1,416,417,418,-1,418,417,419,-1,419,417,212,-1,419,212,420,-1,375,421,315,-1,315,421,422,-1,315,422,423,-1,423,422,424,-1,423,424,425,-1,426,427,428,-1,428,427,429,-1,225,430,431,-1,432,433,434,-1,212,435,436,-1,426,437,427,-1,427,437,438,-1,427,438,439,-1,439,438,434,-1,439,434,440,-1,440,434,433,-1,214,210,215,-1,215,210,212,-1,215,212,225,-1,225,212,436,-1,225,436,430,-1,441,442,443,-1,443,442,444,-1,443,444,445,-1,446,447,431,-1,431,447,448,-1,431,448,449,-1,445,450,443,-1,443,450,451,-1,443,451,417,-1,417,451,429,-1,417,429,452,-1,452,429,427,-1,453,454,434,-1,434,454,455,-1,434,455,456,-1,452,457,417,-1,417,457,458,-1,417,458,212,-1,212,458,459,-1,459,460,212,-1,212,460,461,-1,212,461,462,-1,462,463,212,-1,212,463,464,-1,212,464,435,-1,456,465,434,-1,434,465,466,-1,434,466,432,-1,467,468,469,-1,469,468,470,-1,468,471,470,-1,470,471,472,-1,470,472,443,-1,443,472,473,-1,443,473,441,-1,474,475,10,-1,10,475,476,-1,227,10,240,-1,240,10,476,-1,240,476,205,-1,205,476,477,-1,205,477,207,-1,478,475,479,-1,479,475,474,-1,479,474,480,-1,481,482,483,-1,484,485,474,-1,474,485,486,-1,474,486,480,-1,487,488,9,-1,9,488,481,-1,9,481,10,-1,10,481,483,-1,10,483,474,-1,474,483,489,-1,474,489,490,-1,491,492,493,-1,493,492,494,-1,493,494,481,-1,481,494,495,-1,481,495,482,-1,490,496,474,-1,474,496,497,-1,474,497,484,-1,498,499,500,-1,498,500,501,-1,499,502,500,-1,500,502,503,-1,500,503,493,-1,493,503,504,-1,493,504,491,-1,6,505,506,-1,506,505,500,-1,506,500,507,-1,507,500,493,-1,507,493,508,-1,508,493,481,-1,508,481,509,-1,509,481,488,-1,509,488,510,-1,510,488,469,-1,510,469,511,-1,511,469,470,-1,487,221,488,-1,488,221,223,-1,488,223,469,-1,469,223,225,-1,469,225,467,-1,467,225,431,-1,467,431,512,-1,512,431,449,-1,505,184,500,-1,500,184,198,-1,500,198,501,-1,501,198,200,-1,501,200,204,-1,204,200,11,-1,204,11,205,-1,205,11,13,-1,3,5,7,-1,7,5,513,-1,7,513,514,-1,515,93,516,-1,516,93,85,-1,516,85,517,-1,517,85,74,-1,517,74,518,-1,518,74,76,-1,518,76,519,-1,515,520,521,-1,520,522,521,-1,521,522,523,-1,521,523,517,-1,517,523,524,-1,517,524,516,-1,525,526,527,-1,527,526,523,-1,527,523,528,-1,528,523,522,-1,528,522,529,-1,529,522,530,-1,197,193,187,-1,187,193,182,-1,187,182,185,-1,185,182,184,-1,185,184,531,-1,532,533,514,-1,514,533,534,-1,535,536,537,-1,537,536,538,-1,537,538,514,-1,514,538,539,-1,514,539,532,-1,534,540,514,-1,514,540,541,-1,514,541,542,-1,6,7,505,-1,505,7,514,-1,505,514,184,-1,184,514,542,-1,184,542,531,-1,531,543,185,-1,185,543,544,-1,185,544,537,-1,537,544,545,-1,537,545,546,-1,546,547,537,-1,537,547,548,-1,537,548,535,-1,549,513,550,-1,550,513,551,-1,552,553,554,-1,554,553,555,-1,549,554,513,-1,513,554,555,-1,513,555,514,-1,514,555,556,-1,514,556,537,-1,537,556,557,-1,406,408,413,-1,413,408,521,-1,413,521,417,-1,417,521,517,-1,417,517,443,-1,443,517,518,-1,443,518,470,-1,470,518,519,-1,470,519,511,-1,537,283,185,-1,185,283,288,-1,185,288,13,-1,13,288,294,-1,13,294,205,-1,205,294,317,-1,205,317,240,-1,240,317,316,-1,240,316,231,-1,231,316,315,-1,231,315,212,-1,212,315,423,-1,212,423,420,-1,420,423,425,-1,515,521,93,-1,93,521,408,-1,93,408,20,-1,20,408,558,-1,20,558,19,-1,558,559,19,-1,19,559,0,-1,19,0,354,-1,354,0,2,-1,354,2,408,-1,408,2,560,-1,408,560,558,-1,561,562,296,-1,563,564,296,-1,296,564,565,-1,296,565,294,-1,294,565,566,-1,294,566,567,-1,567,568,294,-1,294,568,569,-1,294,569,570,-1,367,300,296,-1,296,300,571,-1,296,571,561,-1,570,572,294,-1,294,572,573,-1,294,573,317,-1,317,573,574,-1,317,574,300,-1,300,574,575,-1,300,575,571,-1,562,576,296,-1,296,576,577,-1,296,577,563,-1,370,290,372,-1,372,290,283,-1,372,283,578,-1,578,283,537,-1,578,537,551,-1,551,537,557,-1,551,557,550,-1,371,372,579,-1,579,372,578,-1,579,578,580,-1,580,578,551,-1,580,551,581,-1,581,551,513,-1,581,513,582,-1,582,513,5,-1,582,5,583,-1,583,5,4,-1,583,4,584,-1,585,586,349,-1,587,588,589,-1,587,590,591,-1,591,590,592,-1,591,592,593,-1,594,595,596,-1,579,580,597,-1,597,580,581,-1,348,598,599,-1,599,598,600,-1,599,600,597,-1,597,600,371,-1,597,371,579,-1,594,601,602,-1,602,601,603,-1,602,603,604,-1,605,606,607,-1,608,609,590,-1,610,611,612,-1,581,582,597,-1,597,582,583,-1,597,583,584,-1,589,605,587,-1,587,605,607,-1,587,607,590,-1,590,607,613,-1,590,613,608,-1,610,614,615,-1,615,614,616,-1,615,616,617,-1,618,619,601,-1,620,621,599,-1,599,621,585,-1,599,585,348,-1,348,585,349,-1,622,623,591,-1,591,623,624,-1,591,624,587,-1,587,624,625,-1,587,625,626,-1,627,628,629,-1,630,631,632,-1,632,631,633,-1,634,635,614,-1,621,636,585,-1,585,636,637,-1,585,637,638,-1,639,640,602,-1,602,640,641,-1,602,641,594,-1,594,641,642,-1,594,642,643,-1,644,645,646,-1,647,630,648,-1,648,630,632,-1,648,632,649,-1,649,632,650,-1,649,650,651,-1,651,650,652,-1,609,653,590,-1,590,653,654,-1,590,654,602,-1,602,654,655,-1,602,655,639,-1,638,656,585,-1,585,656,657,-1,585,657,591,-1,591,657,658,-1,591,658,622,-1,596,627,594,-1,594,627,629,-1,594,629,601,-1,601,629,659,-1,601,659,618,-1,619,660,601,-1,601,660,661,-1,601,661,615,-1,615,661,662,-1,615,662,663,-1,664,665,633,-1,633,665,666,-1,633,666,632,-1,632,666,667,-1,632,667,668,-1,663,669,615,-1,615,669,670,-1,615,670,610,-1,610,670,671,-1,610,671,672,-1,612,644,610,-1,610,644,646,-1,610,646,614,-1,614,646,673,-1,614,673,634,-1,635,674,614,-1,614,674,675,-1,614,675,633,-1,633,675,676,-1,633,676,664,-1,677,678,679,-1,680,651,652,-1,679,681,682,-1,683,684,682,-1,682,684,680,-1,682,680,679,-1,679,680,652,-1,679,652,677,-1,685,686,687,-1,687,686,688,-1,630,647,684,-1,689,690,685,-1,685,690,691,-1,685,691,686,-1,686,691,692,-1,683,687,684,-1,684,687,688,-1,684,688,630,-1,630,688,693,-1,630,693,694,-1,694,695,630,-1,630,695,696,-1,630,696,697,-1,697,696,698,-1,325,693,323,-1,323,693,688,-1,323,688,36,-1,325,327,693,-1,693,327,329,-1,693,329,331,-1,331,333,693,-1,693,333,335,-1,693,335,337,-1,337,339,693,-1,693,339,341,-1,693,341,343,-1,606,605,699,-1,699,605,700,-1,628,627,701,-1,701,627,702,-1,645,644,703,-1,703,644,704,-1,705,706,707,-1,707,706,708,-1,707,708,709,-1,709,708,710,-1,709,710,711,-1,711,710,712,-1,713,714,715,-1,715,714,716,-1,715,716,717,-1,717,716,718,-1,717,718,719,-1,719,718,720,-1,721,722,723,-1,723,722,724,-1,723,724,725,-1,725,724,726,-1,725,726,727,-1,727,726,728,-1,620,599,729,-1,729,599,730,-1,731,732,733,-1,733,732,734,-1,733,734,735,-1,735,734,736,-1,735,736,737,-1,737,736,738,-1,739,740,741,-1,742,743,744,-1,745,746,747,-1,747,746,741,-1,747,741,748,-1,748,741,740,-1,745,749,746,-1,746,749,750,-1,746,750,751,-1,743,742,752,-1,752,742,753,-1,752,753,754,-1,755,756,757,-1,757,756,758,-1,757,758,759,-1,744,760,742,-1,742,760,761,-1,742,761,757,-1,757,761,762,-1,757,762,755,-1,753,763,754,-1,754,763,764,-1,754,764,765,-1,765,764,766,-1,765,766,767,-1,767,766,768,-1,767,768,751,-1,751,768,769,-1,751,769,746,-1,758,770,759,-1,759,770,771,-1,759,771,772,-1,772,771,773,-1,772,773,741,-1,741,773,774,-1,741,774,739,-1,742,775,753,-1,753,775,776,-1,777,746,778,-1,778,746,769,-1,746,777,741,-1,741,777,779,-1,775,742,780,-1,780,742,757,-1,781,782,43,-1,783,43,690,-1,780,784,785,-1,782,786,787,-1,787,786,788,-1,789,790,786,-1,786,790,791,-1,786,791,788,-1,777,80,82,-1,792,793,689,-1,689,793,690,-1,794,795,44,-1,782,787,43,-1,43,787,796,-1,43,796,44,-1,797,798,793,-1,793,798,799,-1,793,799,690,-1,690,799,800,-1,690,800,783,-1,801,802,803,-1,783,804,805,-1,805,804,806,-1,783,805,43,-1,43,805,807,-1,43,807,781,-1,781,807,808,-1,781,808,809,-1,777,778,80,-1,80,778,776,-1,80,776,775,-1,794,44,26,-1,810,779,811,-1,811,779,812,-1,813,814,815,-1,80,816,817,-1,82,65,777,-1,777,65,16,-1,777,16,59,-1,818,819,689,-1,689,819,678,-1,689,678,792,-1,792,678,677,-1,792,677,802,-1,802,677,80,-1,802,80,803,-1,803,80,820,-1,821,822,817,-1,817,822,823,-1,817,823,80,-1,80,823,824,-1,825,826,814,-1,814,826,806,-1,814,806,815,-1,815,806,804,-1,815,804,827,-1,827,804,828,-1,785,788,780,-1,780,788,791,-1,780,791,775,-1,775,791,829,-1,775,829,80,-1,80,829,830,-1,80,830,816,-1,816,830,831,-1,832,833,821,-1,821,833,809,-1,821,809,822,-1,822,809,808,-1,822,808,834,-1,834,808,835,-1,778,836,837,-1,837,838,778,-1,778,838,839,-1,778,839,776,-1,59,27,777,-1,777,27,26,-1,777,26,779,-1,779,26,44,-1,779,44,812,-1,812,44,796,-1,801,803,840,-1,840,803,841,-1,840,841,842,-1,815,820,813,-1,813,820,80,-1,813,80,843,-1,843,80,824,-1,843,824,844,-1,844,824,845,-1,844,845,846,-1,846,845,847,-1,831,830,848,-1,848,830,849,-1,848,849,850,-1,690,43,691,-1,691,43,49,-1,851,596,595,-1,677,852,80,-1,80,852,853,-1,854,677,855,-1,855,677,652,-1,855,652,650,-1,589,588,853,-1,853,588,856,-1,853,856,80,-1,80,856,857,-1,80,857,76,-1,595,852,851,-1,851,852,677,-1,851,677,858,-1,858,677,854,-1,858,854,611,-1,611,854,612,-1,584,4,597,-1,597,4,3,-1,3,6,597,-1,597,6,506,-1,597,506,857,-1,857,506,507,-1,507,508,857,-1,857,508,509,-1,857,509,510,-1,510,511,857,-1,857,511,519,-1,857,519,76,-1,859,860,787,-1,787,860,796,-1,784,780,759,-1,759,780,757,-1,785,784,861,-1,861,784,759,-1,861,759,862,-1,788,785,863,-1,863,785,861,-1,864,865,812,-1,812,865,811,-1,810,811,772,-1,772,811,865,-1,772,865,866,-1,779,810,741,-1,741,810,772,-1,778,769,768,-1,778,768,836,-1,836,768,766,-1,836,766,837,-1,837,766,764,-1,837,764,838,-1,838,764,763,-1,838,763,839,-1,839,763,753,-1,839,753,776,-1,736,856,738,-1,738,856,588,-1,738,588,867,-1,867,588,587,-1,736,734,856,-1,856,734,857,-1,730,599,732,-1,732,599,597,-1,732,597,734,-1,734,597,857,-1,868,867,626,-1,626,867,587,-1,732,731,730,-1,730,731,869,-1,730,869,729,-1,870,871,729,-1,870,729,872,-1,737,738,873,-1,873,738,867,-1,873,867,869,-1,869,867,868,-1,869,868,729,-1,729,868,874,-1,729,874,872,-1,875,876,871,-1,871,876,877,-1,871,877,729,-1,875,878,876,-1,876,878,879,-1,876,879,880,-1,880,879,881,-1,882,883,884,-1,883,882,885,-1,885,882,886,-1,885,886,887,-1,887,886,733,-1,887,733,884,-1,884,733,735,-1,884,735,882,-1,882,735,873,-1,873,735,737,-1,869,731,886,-1,886,731,733,-1,886,882,869,-1,869,882,873,-1,868,626,874,-1,874,626,625,-1,874,625,872,-1,872,625,624,-1,872,624,870,-1,870,624,623,-1,870,623,871,-1,871,623,622,-1,871,622,875,-1,875,622,658,-1,875,658,878,-1,878,658,657,-1,878,657,879,-1,879,657,656,-1,879,656,881,-1,881,656,638,-1,881,638,880,-1,880,638,637,-1,880,637,876,-1,876,637,636,-1,876,636,877,-1,877,636,621,-1,877,621,729,-1,729,621,620,-1,888,889,593,-1,593,889,890,-1,593,890,591,-1,890,891,591,-1,591,891,585,-1,585,891,586,-1,586,891,892,-1,586,892,893,-1,893,892,888,-1,888,892,889,-1,892,891,889,-1,889,891,890,-1,
        ]
    }
}
Shape{
    appearance Appearance {
        material  Material 	{
            diffuseColor 1.0 1.0 1.0
            specularColor 0.5019607843137255 0.5019607843137255 0.5019607843137255
            ambientIntensity 0.2
            transparency 0
            shininess 0.5
        }
    }
    geometry IndexedFaceSet {
        ccw TRUE
        solid FALSE
        coord DEF co Coordinate {
            point [
                2.2244 0.9744 1.0236, 1.9094 0.9744 1.0236, 2.2244 0.9846 1.0223, 1.9094 0.9846 1.0223, 2.2244 0.9941 1.0183, 1.9094 0.9941 1.0183, 2.2244 1.0022 1.0121, 1.9094 1.0022 1.0121, 2.2244 1.0085 1.0039, 1.9094 1.0085 1.0039, 2.2244 1.0124 0.9944, 1.9094 1.0124 0.9944, 2.2244 1.0138 0.9843, 1.9094 1.0138 0.9843, 2.2244 1.0138 -1.1811, 1.9094 1.0138 -1.1811, 2.0231 1.1274 -1.378, 2.0231 1.2151 -1.378, 2.1108 1.1274 -1.378, 2.1108 1.2151 -1.378, 1.9094 1.3287 -1.1811, 1.9094 1.3287 0.9843, 2.2244 1.3287 -1.1811, 2.2244 1.3287 0.9843, 1.9094 1.3167 1.076, 2.2244 1.3167 1.076, 1.9094 1.2813 1.1614, 2.2244 1.2813 1.1614, 1.9094 1.225 1.2348, 2.2244 1.225 1.2348, 1.9094 1.1516 1.2911, 2.2244 1.1516 1.2911, 1.9094 1.0661 1.3265, 2.2244 1.0661 1.3265, 1.9094 0.9744 1.3386, 2.2244 0.9744 1.3386, 2.2244 0.935 1.0236, 2.2244 0.935 1.3386, 1.9094 0.935 1.0236, 1.9094 0.935 1.3386, 1.9094 0.935 1.3386
            ]
        }
        coordIndex [
            0,1,2,-1,2,1,3,-1,2,3,4,-1,4,3,5,-1,4,5,6,-1,6,5,7,-1,6,7,8,-1,8,7,9,-1,8,9,10,-1,10,9,11,-1,10,11,12,-1,12,11,13,-1,14,12,15,-1,15,12,13,-1,16,17,18,-1,18,17,19,-1,20,21,22,-1,22,21,23,-1,23,21,24,-1,23,24,25,-1,25,24,26,-1,25,26,27,-1,27,26,28,-1,27,28,29,-1,29,28,30,-1,29,30,31,-1,31,30,32,-1,31,32,33,-1,33,32,34,-1,33,34,35,-1,14,22,12,-1,12,22,23,-1,12,23,10,-1,10,23,25,-1,10,25,8,-1,8,25,27,-1,8,27,6,-1,6,27,29,-1,6,29,4,-1,4,29,31,-1,4,31,2,-1,2,31,33,-1,2,33,0,-1,0,33,35,-1,0,35,36,-1,36,35,37,-1,38,39,1,-1,1,39,34,-1,1,34,3,-1,3,34,32,-1,3,32,5,-1,5,32,30,-1,5,30,7,-1,7,30,28,-1,7,28,9,-1,9,28,26,-1,9,26,11,-1,11,26,24,-1,11,24,13,-1,13,24,21,-1,13,21,15,-1,15,21,20,-1,1,0,38,-1,38,0,36,-1,37,35,39,-1,39,35,34,-1,22,19,20,-1,20,19,17,-1,14,18,22,-1,22,18,19,-1,16,15,17,-1,17,15,20,-1,15,16,14,-1,14,16,18,-1,
        ]
    }
}
Shape{
    appearance Appearance {
        material  Material 	{
            diffuseColor 0.7529411764705882 1.0 0.7529411764705882
            specularColor 0.3764705882352941 0.5019607843137255 0.3764705882352941
            ambientIntensity 0.2
            transparency 0
            shininess 0.5
        }
    }
    geometry IndexedFaceSet {
        ccw TRUE
        solid FALSE
        coord DEF co Coordinate {
            point [
                2.0669 0.561 1.4961, 2.1484 0.3248 1.4853, 2.1484 0.561 1.4853, 2.2244 0.3248 1.4539, 2.2244 0.561 1.4539, 2.2896 0.3248 1.4038, 2.2896 0.561 1.4038, 2.3397 0.3248 1.3386, 2.3397 0.561 1.3386, 2.3712 0.3248 1.2626, 2.3712 0.561 1.2626, 2.3819 0.3248 1.1811, 2.3819 0.561 1.1811, 2.3712 0.3248 1.0996, 2.3712 0.561 1.0996, 2.3397 0.3248 1.0236, 2.3397 0.561 1.0236, 2.2896 0.3248 0.9584, 2.2896 0.561 0.9584, 2.2244 0.3248 0.9083, 2.2244 0.561 0.9083, 2.1484 0.3248 0.8769, 2.1484 0.561 0.8769, 2.0669 0.3248 0.8661, 2.0669 0.561 0.8661, 1.9854 0.3248 0.8769, 1.9854 0.561 0.8769, 1.9094 0.3248 0.9083, 1.9094 0.561 0.9083, 1.8442 0.3248 0.9584, 1.8442 0.561 0.9584, 1.7942 0.3248 1.0236, 1.7942 0.561 1.0236, 1.7627 0.3248 1.0996, 1.7627 0.561 1.0996, 1.752 0.3248 1.1811, 1.752 0.561 1.1811, 1.7627 0.3248 1.2626, 1.7627 0.561 1.2626, 1.7942 0.3248 1.3386, 1.7942 0.561 1.3386, 1.8442 0.3248 1.4038, 1.8442 0.561 1.4038, 1.9094 0.3248 1.4539, 1.9094 0.561 1.4539, 1.9854 0.3248 1.4853, 1.9854 0.561 1.4853, 2.0669 0.3248 1.4961, 2.2244 0.3248 1.0236, 1.9094 0.3248 1.0236, 1.9094 0.3248 1.3386, 2.2244 0.3248 1.3386, 2.2244 0.3248 1.3386
            ]
        }
        coordIndex [
            0,1,2,-1,2,1,3,-1,2,3,4,-1,4,3,5,-1,4,5,6,-1,6,5,7,-1,6,7,8,-1,8,7,9,-1,8,9,10,-1,10,9,11,-1,10,11,12,-1,12,11,13,-1,12,13,14,-1,14,13,15,-1,14,15,16,-1,16,15,17,-1,16,17,18,-1,18,17,19,-1,18,19,20,-1,20,19,21,-1,20,21,22,-1,22,21,23,-1,22,23,24,-1,24,23,25,-1,24,25,26,-1,26,25,27,-1,26,27,28,-1,28,27,29,-1,28,29,30,-1,30,29,31,-1,30,31,32,-1,32,31,33,-1,32,33,34,-1,34,33,35,-1,34,35,36,-1,36,35,37,-1,36,37,38,-1,38,37,39,-1,38,39,40,-1,40,39,41,-1,40,41,42,-1,42,41,43,-1,42,43,44,-1,44,43,45,-1,44,45,46,-1,46,45,47,-1,46,47,0,-1,0,47,1,-1,19,17,48,-1,48,17,15,-1,31,29,49,-1,49,29,27,-1,43,41,50,-1,50,41,39,-1,27,25,49,-1,49,25,23,-1,49,23,48,-1,48,23,21,-1,48,21,19,-1,7,5,51,-1,51,5,3,-1,15,13,48,-1,48,13,11,-1,48,11,51,-1,51,11,9,-1,51,9,7,-1,3,1,51,-1,51,1,47,-1,51,47,50,-1,50,47,45,-1,50,45,43,-1,39,37,50,-1,50,37,35,-1,50,35,49,-1,49,35,33,-1,49,33,31,-1,
        ]
    }
}
Shape{
    appearance Appearance {
        material  Material 	{
            diffuseColor 1.0 1.0 1.0
            specularColor 0.5019607843137255 0.5019607843137255 0.5019607843137255
            ambientIntensity 0.2
            transparency 0
            shininess 0.5
        }
    }
    geometry IndexedFaceSet {
        ccw TRUE
        solid FALSE
        coord DEF co Coordinate {
            point [
                2.0231 -1.4075 1.2249, 2.0231 -1.4075 1.1373, 2.1108 -1.4075 1.2249, 2.1108 -1.4075 1.1373, 1.9094 -1.2106 1.3386, 2.2244 -1.2106 1.3386, 2.2244 -1.2106 1.0236, 1.9094 -1.2106 1.0236, 2.2244 0.3248 1.3386, 2.2244 0.3248 1.0236, 1.9094 0.3248 1.0236, 1.9094 0.3248 1.3386, 1.9094 0.3248 1.3386
            ]
        }
        coordIndex [
            0,1,2,-1,2,1,3,-1,4,0,5,-1,5,0,2,-1,6,3,7,-1,7,3,1,-1,5,2,6,-1,6,2,3,-1,0,4,1,-1,1,4,7,-1,5,6,8,-1,8,6,9,-1,10,7,11,-1,11,7,4,-1,9,6,10,-1,10,6,7,-1,4,5,11,-1,11,5,8,-1,
        ]
    }
}
Shape{
    appearance Appearance {
        material  Material 	{
            diffuseColor 0.7529411764705882 1.0 0.7529411764705882
            specularColor 0.3764705882352941 0.5019607843137255 0.3764705882352941
            ambientIntensity 0.2
            transparency 0
            shininess 0.5
        }
    }
    geometry IndexedFaceSet {
        ccw TRUE
        solid FALSE
        coord DEF co Coordinate {
            point [
                2.4213 0.9547 2.0472, 1.7126 0.9547 2.0472, 2.4213 0.561 2.0472, 1.7126 0.561 2.0472, 1.5157 0.9547 2.5591, 1.56 0.9547 2.2441, 2.6181 0.9547 2.5591, 1.7126 0.9547 2.2441, 2.5738 0.9547 2.2441, 2.4213 0.9547 2.2441, 2.6181 -1.8012 2.5591, 2.5738 -1.8012 2.2441, 1.56 -1.8012 2.2441, 1.5157 -1.8012 2.5591, -1.5157 0.9547 2.5591, -1.56 0.9547 2.2441, -1.5157 -1.8012 2.5591, -1.56 -1.8012 2.2441, -2.6181 0.9547 2.5591, -2.6181 -1.8012 2.5591, -2.5738 0.9547 2.2441, -2.5738 -1.8012 2.2441, -2.3397 0.3248 1.0236, -2.2896 0.3248 0.9584, -2.2244 0.3248 1.0236, -2.2244 0.3248 0.9083, -2.2244 0.3248 1.4539, -2.2896 0.3248 1.4038, -2.2244 0.3248 1.3386, -2.3397 0.3248 1.3386, -2.1484 0.3248 0.8769, -2.0669 0.3248 0.8661, -1.9094 0.3248 1.0236, -1.9854 0.3248 0.8769, -1.9094 0.3248 0.9083, -1.8442 0.3248 0.9584, -1.7942 0.3248 1.0236, -1.7942 0.3248 1.3386, -1.8442 0.3248 1.4038, -1.9094 0.3248 1.3386, -1.9094 0.3248 1.4539, -2.3712 0.3248 1.2626, -2.3819 0.3248 1.1811, -2.3712 0.3248 1.0996, -1.9854 0.3248 1.4853, -2.0669 0.3248 1.4961, -2.1484 0.3248 1.4853, -1.7627 0.3248 1.0996, -1.752 0.3248 1.1811, -1.7627 0.3248 1.2626, -2.0669 0.561 1.4961, -1.9854 0.561 1.4853, -1.9094 0.561 1.4539, -1.8442 0.561 1.4038, -1.7942 0.561 1.3386, -1.7627 0.561 1.2626, -1.752 0.561 1.1811, -1.7627 0.561 1.0996, -1.7942 0.561 1.0236, -1.8442 0.561 0.9584, -1.9094 0.561 0.9083, -1.9854 0.561 0.8769, -2.0669 0.561 0.8661, -2.1484 0.561 0.8769, -2.2244 0.561 0.9083, -2.2896 0.561 0.9584, -2.3397 0.561 1.0236, -2.3712 0.561 1.0996, -2.3819 0.561 1.1811, -2.3712 0.561 1.2626, -2.3397 0.561 1.3386, -2.2896 0.561 1.4038, -2.2244 0.561 1.4539, -2.1484 0.561 1.4853, -1.5157 0.561 0.1969, -1.5157 -1.8012 0.1969, -1.5157 0.561 2.0472, -1.5157 -1.8012 2.0472, -1.6732 -1.8012 0.1969, -1.6732 0.561 0.1969, -2.6181 -1.8012 0.1969, -2.6181 0.561 0.1969, -2.6181 -1.8012 2.0472, -2.6181 0.561 2.0472, -2.4606 0.561 0.1969, -2.4606 -1.8012 0.1969, -1.8236 0.561 0.2638, -1.8236 -1.8012 0.2638, -1.9846 0.561 0.298, -1.9846 -1.8012 0.298, -2.1492 0.561 0.298, -2.1492 -1.8012 0.298, -2.3102 0.561 0.2638, -2.3102 -1.8012 0.2638, -2.4213 0.561 2.0472, -1.7126 0.561 2.0472, -1.7126 0.9547 2.0472, -2.4213 0.9547 2.0472, -2.4213 -1.8012 2.0472, -2.4213 -1.8012 2.2441, -2.4213 0.9547 2.2441, -1.7126 0.9547 2.2441, -1.7126 -1.8012 2.2441, -1.7126 -1.8012 2.0472, -0.1378 0.9547 2.5591, -0.1821 0.9547 2.2441, -0.1378 -1.8012 2.5591, -0.1821 -1.8012 2.2441, -1.2402 0.9547 2.5591, -1.2402 -1.8012 2.5591, -1.1959 0.9547 2.2441, -1.1959 -1.8012 2.2441, -0.4162 0.3248 1.3386, -0.4663 0.3248 1.4038, -0.5315 0.3248 1.3386, -0.8465 0.3248 1.0236, -0.9117 0.3248 0.9584, -0.8465 0.3248 0.9083, -0.7705 0.3248 0.8769, -0.689 0.3248 0.8661, -0.5315 0.3248 1.0236, -0.6075 0.3248 0.8769, -1.0039 0.3248 1.1811, -0.9932 0.3248 1.0996, -0.9617 0.3248 1.0236, -0.5315 0.3248 0.9083, -0.4663 0.3248 0.9584, -0.4162 0.3248 1.0236, -0.9932 0.3248 1.2626, -0.8465 0.3248 1.3386, -0.9617 0.3248 1.3386, -0.5315 0.3248 1.4539, -0.6075 0.3248 1.4853, -0.689 0.3248 1.4961, -0.7705 0.3248 1.4853, -0.8465 0.3248 1.4539, -0.9117 0.3248 1.4038, -0.3847 0.3248 1.0996, -0.374 0.3248 1.1811, -0.3847 0.3248 1.2626, -0.689 0.561 1.4961, -0.6075 0.561 1.4853, -0.5315 0.561 1.4539, -0.4663 0.561 1.4038, -0.4162 0.561 1.3386, -0.3847 0.561 1.2626, -0.374 0.561 1.1811, -0.3847 0.561 1.0996, -0.4162 0.561 1.0236, -0.4663 0.561 0.9584, -0.5315 0.561 0.9083, -0.6075 0.561 0.8769, -0.689 0.561 0.8661, -0.7705 0.561 0.8769, -0.8465 0.561 0.9083, -0.9117 0.561 0.9584, -0.9617 0.561 1.0236, -0.9932 0.561 1.0996, -1.0039 0.561 1.1811, -0.9932 0.561 1.2626, -0.9617 0.561 1.3386, -0.9117 0.561 1.4038, -0.8465 0.561 1.4539, -0.7705 0.561 1.4853, -0.1378 0.561 0.1969, -0.1378 -1.8012 0.1969, -0.1378 0.561 2.0472, -0.1378 -1.8012 2.0472, -0.2953 -1.8012 0.1969, -0.2953 0.561 0.1969, -1.2402 -1.8012 0.1969, -1.2402 0.561 0.1969, -1.2402 -1.8012 2.0472, -1.2402 0.561 2.0472, -1.0827 0.561 0.1969, -1.0827 -1.8012 0.1969, -0.4457 0.561 0.2638, -0.4457 -1.8012 0.2638, -0.6067 0.561 0.298, -0.6067 -1.8012 0.298, -0.7713 0.561 0.298, -0.7713 -1.8012 0.298, -0.9323 0.561 0.2638, -0.9323 -1.8012 0.2638, -1.0433 0.561 2.0472, -0.3346 0.561 2.0472, -0.3346 0.9547 2.0472, -1.0433 0.9547 2.0472, -1.0433 -1.8012 2.0472, -1.0433 -1.8012 2.2441, -1.0433 0.9547 2.2441, -0.3346 0.9547 2.2441, -0.3346 -1.8012 2.2441, -0.3346 -1.8012 2.0472, 1.2402 0.9547 2.5591, 1.1959 0.9547 2.2441, 1.2402 -1.8012 2.5591, 1.1959 -1.8012 2.2441, 0.1378 0.9547 2.5591, 0.1378 -1.8012 2.5591, 0.1821 0.9547 2.2441, 0.1821 -1.8012 2.2441, 0.8465 0.3248 0.9083, 0.9117 0.3248 0.9584, 0.8465 0.3248 1.0236, 0.4162 0.3248 1.0236, 0.4663 0.3248 0.9584, 0.5315 0.3248 1.0236, 0.5315 0.3248 0.9083, 0.8465 0.3248 1.4539, 0.7705 0.3248 1.4853, 0.8465 0.3248 1.3386, 0.6075 0.3248 0.8769, 0.689 0.3248 0.8661, 0.7705 0.3248 0.8769, 0.4162 0.3248 1.3386, 0.3847 0.3248 1.2626, 0.5315 0.3248 1.3386, 0.374 0.3248 1.1811, 0.3847 0.3248 1.0996, 0.6075 0.3248 1.4853, 0.5315 0.3248 1.4539, 0.4663 0.3248 1.4038, 0.9617 0.3248 1.0236, 0.9932 0.3248 1.0996, 1.0039 0.3248 1.1811, 0.9932 0.3248 1.2626, 0.689 0.3248 1.4961, 0.9617 0.3248 1.3386, 0.9117 0.3248 1.4038, 0.689 0.561 1.4961, 0.7705 0.561 1.4853, 0.8465 0.561 1.4539, 0.9117 0.561 1.4038, 0.9617 0.561 1.3386, 0.9932 0.561 1.2626, 1.0039 0.561 1.1811, 0.9932 0.561 1.0996, 0.9617 0.561 1.0236, 0.9117 0.561 0.9584, 0.8465 0.561 0.9083, 0.7705 0.561 0.8769, 0.689 0.561 0.8661, 0.6075 0.561 0.8769, 0.5315 0.561 0.9083, 0.4663 0.561 0.9584, 0.4162 0.561 1.0236, 0.3847 0.561 1.0996, 0.374 0.561 1.1811, 0.3847 0.561 1.2626, 0.4162 0.561 1.3386, 0.4663 0.561 1.4038, 0.5315 0.561 1.4539, 0.6075 0.561 1.4853, 1.2402 0.561 0.1969, 1.2402 -1.8012 0.1969, 1.2402 0.561 2.0472, 1.2402 -1.8012 2.0472, 1.0827 -1.8012 0.1969, 1.0827 0.561 0.1969, 0.1378 -1.8012 0.1969, 0.1378 0.561 0.1969, 0.1378 -1.8012 2.0472, 0.1378 0.561 2.0472, 0.2953 0.561 0.1969, 0.2953 -1.8012 0.1969, 0.9323 0.561 0.2638, 0.9323 -1.8012 0.2638, 0.7713 0.561 0.298, 0.7713 -1.8012 0.298, 0.6067 0.561 0.298, 0.6067 -1.8012 0.298, 0.4457 0.561 0.2638, 0.4457 -1.8012 0.2638, 0.3346 0.561 2.0472, 1.0433 0.561 2.0472, 1.0433 0.9547 2.0472, 0.3346 0.9547 2.0472, 0.3346 -1.8012 2.0472, 0.3346 -1.8012 2.2441, 0.3346 0.9547 2.2441, 1.0433 0.9547 2.2441, 1.0433 -1.8012 2.2441, 1.0433 -1.8012 2.0472, -2.6181 0.8169 0.0394, -2.6181 0.8169 0.0, -2.6181 1.7224 0.0394, -2.6181 1.8012 0.0, -2.6181 1.7224 2.0079, -2.6181 1.8012 2.0079, -1.5157 0.8169 0.0394, -1.5157 0.8169 0.0, -1.5157 1.7224 2.0079, -1.5157 1.8012 2.0079, -1.5157 1.7224 0.0394, -1.5157 1.8012 0.0, -1.2402 0.8169 0.0394, -1.2402 0.8169 0.0, -1.2402 1.7224 0.0394, -1.2402 1.8012 0.0, -1.2402 1.7224 2.0079, -1.2402 1.8012 2.0079, -0.1378 0.8169 0.0394, -0.1378 0.8169 0.0, -0.1378 1.7224 2.0079, -0.1378 1.8012 2.0079, -0.1378 1.7224 0.0394, -0.1378 1.8012 0.0, 0.1378 0.8169 0.0394, 0.1378 0.8169 0.0, 0.1378 1.7224 0.0394, 0.1378 1.8012 0.0, 0.1378 1.7224 2.0079, 0.1378 1.8012 2.0079, 1.2402 0.8169 0.0394, 1.2402 0.8169 0.0, 1.2402 1.7224 2.0079, 1.2402 1.8012 2.0079, 1.2402 1.7224 0.0394, 1.2402 1.8012 0.0, 0.4921 1.7224 2.0079, 0.4921 1.8012 2.0079, 0.8791 1.7224 2.0588, 0.8858 1.7224 2.0079, 0.3937 1.7224 0.0394, 0.3937 1.7224 1.6535, 0.9843 1.7224 0.0394, 0.9843 1.7224 1.6535, 0.8595 1.7224 2.1063, 0.4988 1.7224 2.0588, 0.5185 1.7224 2.1063, 0.5498 1.7224 2.1471, 0.5906 1.7224 2.1784, 0.638 1.7224 2.198, 0.689 1.7224 2.2047, 0.7399 1.7224 2.198, 0.8282 1.7224 2.1471, 0.7874 1.7224 2.1784, -0.8858 1.7224 2.0079, -0.8858 1.8012 2.0079, -0.3937 1.7224 0.0394, -0.3937 1.7224 1.6535, -0.4921 1.7224 2.0079, -0.9843 1.7224 0.0394, -0.9843 1.7224 1.6535, -0.8791 1.7224 2.0588, -0.8595 1.7224 2.1063, -0.8282 1.7224 2.1471, -0.7874 1.7224 2.1784, -0.7399 1.7224 2.198, -0.689 1.7224 2.2047, -0.5906 1.7224 2.1784, -0.5498 1.7224 2.1471, -0.638 1.7224 2.198, -0.5185 1.7224 2.1063, -0.4988 1.7224 2.0588, -2.2638 1.7224 2.0079, -2.2638 1.8012 2.0079, -1.7717 1.7224 0.0394, -1.7717 1.7224 1.6535, -1.8701 1.7224 2.0079, -2.2061 1.7224 2.1471, -2.1654 1.7224 2.1784, -2.2374 1.7224 2.1063, -2.3622 1.7224 0.0394, -2.3622 1.7224 1.6535, -2.2571 1.7224 2.0588, -2.1179 1.7224 2.198, -1.8965 1.7224 2.1063, -1.8768 1.7224 2.0588, -2.0669 1.7224 2.2047, -2.016 1.7224 2.198, -1.9277 1.7224 2.1471, -1.9685 1.7224 2.1784, -2.3622 0.935 1.6535, -2.2244 0.935 1.3386, -2.2244 0.935 1.0236, -1.9094 0.935 1.3386, -1.7717 0.935 1.6535, -1.9094 0.935 1.0236, -1.7717 0.935 0.0394, -2.3622 0.935 0.0394, -0.9843 0.935 1.6535, -0.8465 0.935 1.3386, -0.8465 0.935 1.0236, -0.5315 0.935 1.3386, -0.3937 0.935 1.6535, -0.5315 0.935 1.0236, -0.3937 0.935 0.0394, -0.9843 0.935 0.0394, 0.3937 0.935 1.6535, 0.5315 0.935 1.3386, 0.5315 0.935 1.0236, 0.8465 0.935 1.3386, 0.9843 0.935 1.6535, 0.8465 0.935 1.0236, 0.9843 0.935 0.0394, 0.3937 0.935 0.0394, -2.2571 1.8012 2.0588, -2.2374 1.8012 2.1063, -2.2061 1.8012 2.1471, -2.1654 1.8012 2.1784, -2.1179 1.8012 2.198, -2.0669 1.8012 2.2047, -2.016 1.8012 2.198, -1.9685 1.8012 2.1784, -1.9277 1.8012 2.1471, -1.8965 1.8012 2.1063, -1.8768 1.8012 2.0588, -1.8701 1.8012 2.0079, -0.8791 1.8012 2.0588, -0.8595 1.8012 2.1063, -0.8282 1.8012 2.1471, -0.7874 1.8012 2.1784, -0.7399 1.8012 2.198, -0.689 1.8012 2.2047, -0.638 1.8012 2.198, -0.5906 1.8012 2.1784, -0.5498 1.8012 2.1471, -0.5185 1.8012 2.1063, -0.4988 1.8012 2.0588, -0.4921 1.8012 2.0079, 0.4988 1.8012 2.0588, 0.5185 1.8012 2.1063, 0.5498 1.8012 2.1471, 0.5906 1.8012 2.1784, 0.638 1.8012 2.198, 0.689 1.8012 2.2047, 0.7399 1.8012 2.198, 0.7874 1.8012 2.1784, 0.8282 1.8012 2.1471, 0.8595 1.8012 2.1063, 0.8791 1.8012 2.0588, 0.8858 1.8012 2.0079, -2.4213 1.8002 2.5787, -2.4213 1.7224 2.5787, -2.4213 1.8012 2.5591, -2.4213 1.7224 2.4606, -2.4213 1.8012 2.4606, -1.7126 1.7224 2.4606, -1.7126 1.8012 2.4606, -1.7126 1.8012 2.5591, -1.7126 1.7224 2.5787, -1.7126 1.8002 2.5787, -1.0433 1.8002 2.5787, -1.0433 1.7224 2.5787, -1.0433 1.8012 2.5591, -1.0433 1.7224 2.4606, -1.0433 1.8012 2.4606, -0.3346 1.7224 2.4606, -0.3346 1.8012 2.4606, -0.3346 1.8012 2.5591, -0.3346 1.7224 2.5787, -0.3346 1.8002 2.5787, 0.3346 1.8002 2.5787, 0.3346 1.7224 2.5787, 0.3346 1.8012 2.5591, 0.3346 1.7224 2.4606, 0.3346 1.8012 2.4606, 1.0433 1.7224 2.4606, 1.0433 1.8012 2.4606, 1.0433 1.8012 2.5591, 1.0433 1.7224 2.5787, 1.0433 1.8002 2.5787, 1.0433 1.8002 2.5787
            ]
        }
        coordIndex [
            0,1,2,-1,2,1,3,-1,4,5,6,-1,6,5,7,-1,8,6,9,-1,9,6,7,-1,9,7,0,-1,0,7,1,-1,6,8,10,-1,10,8,11,-1,5,4,12,-1,12,4,13,-1,14,15,16,-1,16,15,17,-1,18,14,19,-1,19,14,16,-1,20,18,21,-1,21,18,19,-1,22,23,24,-1,24,23,25,-1,26,27,28,-1,28,27,29,-1,25,30,24,-1,24,30,31,-1,24,31,32,-1,32,31,33,-1,33,34,32,-1,32,34,35,-1,32,35,36,-1,37,38,39,-1,39,38,40,-1,29,41,28,-1,28,41,42,-1,28,42,24,-1,24,42,43,-1,24,43,22,-1,40,44,39,-1,39,44,45,-1,39,45,28,-1,28,45,46,-1,28,46,26,-1,36,47,32,-1,32,47,48,-1,32,48,39,-1,39,48,49,-1,39,49,37,-1,50,44,51,-1,51,44,40,-1,51,40,52,-1,52,40,38,-1,52,38,53,-1,53,38,37,-1,53,37,54,-1,54,37,49,-1,54,49,55,-1,55,49,48,-1,55,48,56,-1,56,48,47,-1,56,47,57,-1,57,47,36,-1,57,36,58,-1,58,36,35,-1,58,35,59,-1,59,35,34,-1,59,34,60,-1,60,34,33,-1,60,33,61,-1,61,33,31,-1,61,31,62,-1,62,31,30,-1,62,30,63,-1,63,30,25,-1,63,25,64,-1,64,25,23,-1,64,23,65,-1,65,23,22,-1,65,22,66,-1,66,22,43,-1,66,43,67,-1,67,43,42,-1,67,42,68,-1,68,42,41,-1,68,41,69,-1,69,41,29,-1,69,29,70,-1,70,29,27,-1,70,27,71,-1,71,27,26,-1,71,26,72,-1,72,26,46,-1,72,46,73,-1,73,46,45,-1,73,45,50,-1,50,45,44,-1,74,75,76,-1,76,75,77,-1,75,74,78,-1,78,74,79,-1,80,81,82,-1,82,81,83,-1,81,80,84,-1,84,80,85,-1,78,79,86,-1,78,86,87,-1,87,86,88,-1,87,88,89,-1,89,88,90,-1,89,90,91,-1,91,90,92,-1,91,92,93,-1,93,92,84,-1,93,84,85,-1,53,54,76,-1,81,65,66,-1,57,74,56,-1,56,74,76,-1,56,76,55,-1,55,76,54,-1,57,58,74,-1,74,58,59,-1,74,59,60,-1,65,81,64,-1,64,81,84,-1,64,84,63,-1,70,71,83,-1,83,71,72,-1,83,72,94,-1,66,67,81,-1,81,67,68,-1,81,68,83,-1,83,68,69,-1,83,69,70,-1,84,92,63,-1,63,92,90,-1,63,90,62,-1,62,90,88,-1,62,88,61,-1,61,88,86,-1,61,86,60,-1,60,86,79,-1,60,79,74,-1,72,73,94,-1,94,73,50,-1,94,50,95,-1,95,50,51,-1,95,51,76,-1,76,51,52,-1,76,52,53,-1,96,97,95,-1,95,97,94,-1,98,82,94,-1,94,82,83,-1,99,98,100,-1,100,98,94,-1,100,94,97,-1,21,99,20,-1,20,99,100,-1,18,20,14,-1,14,20,100,-1,15,14,101,-1,101,14,100,-1,101,100,96,-1,96,100,97,-1,15,101,17,-1,17,101,102,-1,103,102,95,-1,95,102,101,-1,95,101,96,-1,77,103,76,-1,76,103,95,-1,104,105,106,-1,106,105,107,-1,108,104,109,-1,109,104,106,-1,110,108,111,-1,111,108,109,-1,112,113,114,-1,115,116,117,-1,117,118,115,-1,115,118,119,-1,115,119,120,-1,120,119,121,-1,122,123,115,-1,115,123,124,-1,115,124,116,-1,121,125,120,-1,120,125,126,-1,120,126,127,-1,122,115,128,-1,128,115,129,-1,128,129,130,-1,113,131,114,-1,114,131,132,-1,114,132,129,-1,129,132,133,-1,129,133,134,-1,134,135,129,-1,129,135,136,-1,129,136,130,-1,127,137,120,-1,120,137,138,-1,120,138,114,-1,114,138,139,-1,114,139,112,-1,140,132,141,-1,141,132,131,-1,141,131,142,-1,142,131,113,-1,142,113,143,-1,143,113,112,-1,143,112,144,-1,144,112,139,-1,144,139,145,-1,145,139,138,-1,145,138,146,-1,146,138,137,-1,146,137,147,-1,147,137,127,-1,147,127,148,-1,148,127,126,-1,148,126,149,-1,149,126,125,-1,149,125,150,-1,150,125,121,-1,150,121,151,-1,151,121,119,-1,151,119,152,-1,152,119,118,-1,152,118,153,-1,153,118,117,-1,153,117,154,-1,154,117,116,-1,154,116,155,-1,155,116,124,-1,155,124,156,-1,156,124,123,-1,156,123,157,-1,157,123,122,-1,157,122,158,-1,158,122,128,-1,158,128,159,-1,159,128,130,-1,159,130,160,-1,160,130,136,-1,160,136,161,-1,161,136,135,-1,161,135,162,-1,162,135,134,-1,162,134,163,-1,163,134,133,-1,163,133,140,-1,140,133,132,-1,164,165,166,-1,166,165,167,-1,165,164,168,-1,168,164,169,-1,170,171,172,-1,172,171,173,-1,171,170,174,-1,174,170,175,-1,168,169,176,-1,168,176,177,-1,177,176,178,-1,177,178,179,-1,179,178,180,-1,179,180,181,-1,181,180,182,-1,181,182,183,-1,183,182,174,-1,183,174,175,-1,171,155,156,-1,166,143,144,-1,147,164,146,-1,146,164,166,-1,146,166,145,-1,145,166,144,-1,147,148,164,-1,164,148,149,-1,164,149,150,-1,155,171,154,-1,154,171,174,-1,154,174,153,-1,156,157,171,-1,171,157,158,-1,171,158,173,-1,173,158,159,-1,173,159,160,-1,160,161,173,-1,173,161,162,-1,173,162,184,-1,184,162,163,-1,184,163,185,-1,174,182,153,-1,153,182,180,-1,153,180,152,-1,152,180,178,-1,152,178,151,-1,151,178,176,-1,151,176,150,-1,150,176,169,-1,150,169,164,-1,163,140,185,-1,185,140,141,-1,185,141,166,-1,166,141,142,-1,166,142,143,-1,186,187,185,-1,185,187,184,-1,188,172,184,-1,184,172,173,-1,189,188,190,-1,190,188,184,-1,190,184,187,-1,111,189,110,-1,110,189,190,-1,108,110,104,-1,104,110,190,-1,105,104,191,-1,191,104,190,-1,191,190,186,-1,186,190,187,-1,105,191,107,-1,107,191,192,-1,193,192,185,-1,185,192,191,-1,185,191,186,-1,167,193,166,-1,166,193,185,-1,194,195,196,-1,196,195,197,-1,198,194,199,-1,199,194,196,-1,200,198,201,-1,201,198,199,-1,202,203,204,-1,205,206,207,-1,207,206,208,-1,209,210,211,-1,208,212,207,-1,207,212,213,-1,207,213,204,-1,204,213,214,-1,204,214,202,-1,215,216,217,-1,217,216,218,-1,217,218,207,-1,207,218,219,-1,207,219,205,-1,220,221,217,-1,217,221,222,-1,217,222,215,-1,203,223,204,-1,204,223,224,-1,204,224,211,-1,211,224,225,-1,211,225,226,-1,211,210,217,-1,217,210,227,-1,217,227,220,-1,226,228,211,-1,211,228,229,-1,211,229,209,-1,230,210,231,-1,231,210,209,-1,231,209,232,-1,232,209,229,-1,232,229,233,-1,233,229,228,-1,233,228,234,-1,234,228,226,-1,234,226,235,-1,235,226,225,-1,235,225,236,-1,236,225,224,-1,236,224,237,-1,237,224,223,-1,237,223,238,-1,238,223,203,-1,238,203,239,-1,239,203,202,-1,239,202,240,-1,240,202,214,-1,240,214,241,-1,241,214,213,-1,241,213,242,-1,242,213,212,-1,242,212,243,-1,243,212,208,-1,243,208,244,-1,244,208,206,-1,244,206,245,-1,245,206,205,-1,245,205,246,-1,246,205,219,-1,246,219,247,-1,247,219,218,-1,247,218,248,-1,248,218,216,-1,248,216,249,-1,249,216,215,-1,249,215,250,-1,250,215,222,-1,250,222,251,-1,251,222,221,-1,251,221,252,-1,252,221,220,-1,252,220,253,-1,253,220,227,-1,253,227,230,-1,230,227,210,-1,254,255,256,-1,256,255,257,-1,255,254,258,-1,258,254,259,-1,260,261,262,-1,262,261,263,-1,261,260,264,-1,264,260,265,-1,258,259,266,-1,258,266,267,-1,267,266,268,-1,267,268,269,-1,269,268,270,-1,269,270,271,-1,271,270,272,-1,271,272,273,-1,273,272,264,-1,273,264,265,-1,240,254,239,-1,239,254,238,-1,243,272,270,-1,246,247,261,-1,261,247,248,-1,261,248,263,-1,263,248,249,-1,263,249,250,-1,256,233,234,-1,250,251,263,-1,263,251,252,-1,263,252,274,-1,274,252,253,-1,274,253,275,-1,253,230,275,-1,275,230,231,-1,275,231,256,-1,256,231,232,-1,256,232,233,-1,243,270,242,-1,242,270,268,-1,242,268,241,-1,241,268,266,-1,241,266,240,-1,240,266,259,-1,240,259,254,-1,272,243,264,-1,264,243,244,-1,264,244,261,-1,261,244,245,-1,261,245,246,-1,234,235,256,-1,256,235,236,-1,256,236,254,-1,254,236,237,-1,254,237,238,-1,276,277,275,-1,275,277,274,-1,278,262,274,-1,274,262,263,-1,279,278,280,-1,280,278,274,-1,280,274,277,-1,201,279,200,-1,200,279,280,-1,198,200,194,-1,194,200,280,-1,195,194,281,-1,281,194,280,-1,281,280,276,-1,276,280,277,-1,195,281,197,-1,197,281,282,-1,283,282,275,-1,275,282,281,-1,275,281,276,-1,257,283,256,-1,256,283,275,-1,284,285,286,-1,286,285,287,-1,286,287,288,-1,288,287,289,-1,284,290,285,-1,285,290,291,-1,292,293,294,-1,294,293,295,-1,294,295,290,-1,290,295,291,-1,296,297,298,-1,298,297,299,-1,298,299,300,-1,300,299,301,-1,296,302,297,-1,297,302,303,-1,304,305,306,-1,306,305,307,-1,306,307,302,-1,302,307,303,-1,308,309,310,-1,310,309,311,-1,310,311,312,-1,312,311,313,-1,308,314,309,-1,309,314,315,-1,316,317,318,-1,318,317,319,-1,318,319,314,-1,314,319,315,-1,320,312,321,-1,321,312,313,-1,322,323,320,-1,324,310,325,-1,325,310,312,-1,318,326,316,-1,316,326,327,-1,316,327,323,-1,323,327,325,-1,323,325,320,-1,320,325,312,-1,322,320,328,-1,328,320,329,-1,328,329,330,-1,330,331,328,-1,328,331,332,-1,328,332,333,-1,333,334,328,-1,328,334,335,-1,328,335,336,-1,336,335,337,-1,338,300,339,-1,339,300,301,-1,306,340,304,-1,304,340,341,-1,304,341,342,-1,343,298,344,-1,344,298,300,-1,344,300,341,-1,341,300,338,-1,341,338,342,-1,338,345,342,-1,342,345,346,-1,342,346,347,-1,347,348,342,-1,342,348,349,-1,342,349,350,-1,351,352,353,-1,353,352,354,-1,353,354,350,-1,350,354,355,-1,350,355,342,-1,356,288,357,-1,357,288,289,-1,294,358,292,-1,292,358,359,-1,292,359,360,-1,361,362,360,-1,361,360,363,-1,364,286,365,-1,365,286,288,-1,365,288,359,-1,359,288,356,-1,359,356,360,-1,360,356,366,-1,360,366,363,-1,367,368,362,-1,362,368,369,-1,362,369,360,-1,367,370,368,-1,368,370,371,-1,368,371,372,-1,372,371,373,-1,374,375,376,-1,375,374,377,-1,377,374,378,-1,377,378,379,-1,379,378,380,-1,379,380,376,-1,376,380,381,-1,376,381,374,-1,374,381,365,-1,365,381,364,-1,359,358,378,-1,378,358,380,-1,378,374,359,-1,359,374,365,-1,382,383,384,-1,383,382,385,-1,385,382,386,-1,385,386,387,-1,387,386,388,-1,387,388,384,-1,384,388,389,-1,384,389,382,-1,382,389,344,-1,344,389,343,-1,341,340,386,-1,386,340,388,-1,386,382,341,-1,341,382,344,-1,390,391,392,-1,391,390,393,-1,393,390,394,-1,393,394,395,-1,395,394,396,-1,395,396,392,-1,392,396,397,-1,392,397,390,-1,390,397,325,-1,325,397,324,-1,327,326,394,-1,394,326,396,-1,394,390,327,-1,327,390,325,-1,356,357,366,-1,366,357,398,-1,366,398,363,-1,363,398,399,-1,363,399,361,-1,361,399,400,-1,361,400,362,-1,362,400,401,-1,362,401,367,-1,367,401,402,-1,367,402,370,-1,370,402,403,-1,370,403,371,-1,371,403,404,-1,371,404,373,-1,373,404,405,-1,373,405,372,-1,372,405,406,-1,372,406,368,-1,368,406,407,-1,368,407,369,-1,369,407,408,-1,369,408,360,-1,360,408,409,-1,338,339,345,-1,345,339,410,-1,345,410,346,-1,346,410,411,-1,346,411,347,-1,347,411,412,-1,347,412,348,-1,348,412,413,-1,348,413,349,-1,349,413,414,-1,349,414,350,-1,350,414,415,-1,350,415,353,-1,353,415,416,-1,353,416,351,-1,351,416,417,-1,351,417,352,-1,352,417,418,-1,352,418,354,-1,354,418,419,-1,354,419,355,-1,355,419,420,-1,355,420,342,-1,342,420,421,-1,320,321,329,-1,329,321,422,-1,329,422,330,-1,330,422,423,-1,330,423,331,-1,331,423,424,-1,331,424,332,-1,332,424,425,-1,332,425,333,-1,333,425,426,-1,333,426,334,-1,334,426,427,-1,334,427,335,-1,335,427,428,-1,335,428,337,-1,337,428,429,-1,337,429,336,-1,336,429,430,-1,336,430,328,-1,328,430,431,-1,328,431,322,-1,322,431,432,-1,322,432,323,-1,323,432,433,-1,434,435,436,-1,436,435,437,-1,436,437,438,-1,437,439,438,-1,438,439,440,-1,440,439,441,-1,441,439,442,-1,441,442,443,-1,443,442,434,-1,434,442,435,-1,442,439,435,-1,435,439,437,-1,444,445,446,-1,446,445,447,-1,446,447,448,-1,447,449,448,-1,448,449,450,-1,450,449,451,-1,451,449,452,-1,451,452,453,-1,453,452,444,-1,444,452,445,-1,452,449,445,-1,445,449,447,-1,454,455,456,-1,456,455,457,-1,456,457,458,-1,457,459,458,-1,458,459,460,-1,460,459,461,-1,461,459,462,-1,461,462,463,-1,463,462,454,-1,454,462,455,-1,462,459,455,-1,455,459,457,-1,
        ]
    }
}
Shape{
    appearance Appearance {
        material  Material 	{
            diffuseColor 1.0 1.0 1.0
            specularColor 0.5019607843137255 0.5019607843137255 0.5019607843137255
            ambientIntensity 0.2
            transparency 0
            shininess 0.5
        }
    }
    geometry IndexedFaceSet {
        ccw TRUE
        solid FALSE
        coord DEF co Coordinate {
            point [
                0.8465 0.9744 1.0236, 0.5315 0.9744 1.0236, 0.8465 0.9846 1.0223, 0.5315 0.9846 1.0223, 0.8465 0.9941 1.0183, 0.5315 0.9941 1.0183, 0.8465 1.0022 1.0121, 0.5315 1.0022 1.0121, 0.8465 1.0085 1.0039, 0.5315 1.0085 1.0039, 0.8465 1.0124 0.9944, 0.5315 1.0124 0.9944, 0.8465 1.0138 0.9843, 0.5315 1.0138 0.9843, 0.8465 1.0138 -1.1811, 0.5315 1.0138 -1.1811, 0.6451 1.1274 -1.378, 0.6451 1.2151 -1.378, 0.7328 1.1274 -1.378, 0.7328 1.2151 -1.378, 0.5315 1.3287 -1.1811, 0.5315 1.3287 0.9843, 0.8465 1.3287 -1.1811, 0.8465 1.3287 0.9843, 0.5315 1.3167 1.076, 0.8465 1.3167 1.076, 0.5315 1.2813 1.1614, 0.8465 1.2813 1.1614, 0.5315 1.225 1.2348, 0.8465 1.225 1.2348, 0.5315 1.1516 1.2911, 0.8465 1.1516 1.2911, 0.5315 1.0661 1.3265, 0.8465 1.0661 1.3265, 0.5315 0.9744 1.3386, 0.8465 0.9744 1.3386, 0.8465 0.935 1.0236, 0.8465 0.935 1.3386, 0.5315 0.935 1.0236, 0.5315 0.935 1.3386, 0.8465 -1.2106 1.3386, 0.8465 0.3248 1.3386, 0.5315 -1.2106 1.3386, 0.5315 0.3248 1.3386, 0.5315 -1.2106 1.0236, 0.5315 0.3248 1.0236, 0.8465 -1.2106 1.0236, 0.8465 0.3248 1.0236, 0.6451 -1.4075 1.2249, 0.6451 -1.4075 1.1373, 0.7328 -1.4075 1.2249, 0.7328 -1.4075 1.1373, -0.5315 0.9744 1.0236, -0.8465 0.9744 1.0236, -0.5315 0.9846 1.0223, -0.8465 0.9846 1.0223, -0.5315 0.9941 1.0183, -0.8465 0.9941 1.0183, -0.5315 1.0022 1.0121, -0.8465 1.0022 1.0121, -0.5315 1.0085 1.0039, -0.8465 1.0085 1.0039, -0.5315 1.0124 0.9944, -0.8465 1.0124 0.9944, -0.5315 1.0138 0.9843, -0.8465 1.0138 0.9843, -0.5315 1.0138 -1.1811, -0.8465 1.0138 -1.1811, -0.7328 1.1274 -1.378, -0.7328 1.2151 -1.378, -0.6451 1.1274 -1.378, -0.6451 1.2151 -1.378, -0.8465 1.3287 -1.1811, -0.8465 1.3287 0.9843, -0.5315 1.3287 -1.1811, -0.5315 1.3287 0.9843, -0.8465 1.3167 1.076, -0.5315 1.3167 1.076, -0.8465 1.2813 1.1614, -0.5315 1.2813 1.1614, -0.8465 1.225 1.2348, -0.5315 1.225 1.2348, -0.8465 1.1516 1.2911, -0.5315 1.1516 1.2911, -0.8465 1.0661 1.3265, -0.5315 1.0661 1.3265, -0.8465 0.9744 1.3386, -0.5315 0.9744 1.3386, -0.5315 0.935 1.0236, -0.5315 0.935 1.3386, -0.8465 0.935 1.0236, -0.8465 0.935 1.3386, -0.5315 -1.2106 1.3386, -0.5315 0.3248 1.3386, -0.8465 -1.2106 1.3386, -0.8465 0.3248 1.3386, -0.8465 -1.2106 1.0236, -0.8465 0.3248 1.0236, -0.5315 -1.2106 1.0236, -0.5315 0.3248 1.0236, -0.7328 -1.4075 1.2249, -0.7328 -1.4075 1.1373, -0.6451 -1.4075 1.2249, -0.6451 -1.4075 1.1373, -1.9094 0.9744 1.0236, -2.2244 0.9744 1.0236, -1.9094 0.9846 1.0223, -2.2244 0.9846 1.0223, -1.9094 0.9941 1.0183, -2.2244 0.9941 1.0183, -1.9094 1.0022 1.0121, -2.2244 1.0022 1.0121, -1.9094 1.0085 1.0039, -2.2244 1.0085 1.0039, -1.9094 1.0124 0.9944, -2.2244 1.0124 0.9944, -1.9094 1.0138 0.9843, -2.2244 1.0138 0.9843, -1.9094 1.0138 -1.1811, -2.2244 1.0138 -1.1811, -2.1108 1.1274 -1.378, -2.1108 1.2151 -1.378, -2.0231 1.1274 -1.378, -2.0231 1.2151 -1.378, -2.2244 1.3287 -1.1811, -2.2244 1.3287 0.9843, -1.9094 1.3287 -1.1811, -1.9094 1.3287 0.9843, -2.2244 1.3167 1.076, -1.9094 1.3167 1.076, -2.2244 1.2813 1.1614, -1.9094 1.2813 1.1614, -2.2244 1.225 1.2348, -1.9094 1.225 1.2348, -2.2244 1.1516 1.2911, -1.9094 1.1516 1.2911, -2.2244 1.0661 1.3265, -1.9094 1.0661 1.3265, -2.2244 0.9744 1.3386, -1.9094 0.9744 1.3386, -1.9094 0.935 1.0236, -1.9094 0.935 1.3386, -2.2244 0.935 1.0236, -2.2244 0.935 1.3386, -1.9094 -1.2106 1.3386, -1.9094 0.3248 1.3386, -2.2244 -1.2106 1.3386, -2.2244 0.3248 1.3386, -2.2244 -1.2106 1.0236, -2.2244 0.3248 1.0236, -1.9094 -1.2106 1.0236, -1.9094 0.3248 1.0236, -2.1108 -1.4075 1.2249, -2.1108 -1.4075 1.1373, -2.0231 -1.4075 1.2249, -2.0231 -1.4075 1.1373, -2.0231 -1.4075 1.1373
            ]
        }
        coordIndex [
            0,1,2,-1,2,1,3,-1,2,3,4,-1,4,3,5,-1,4,5,6,-1,6,5,7,-1,6,7,8,-1,8,7,9,-1,8,9,10,-1,10,9,11,-1,10,11,12,-1,12,11,13,-1,14,12,15,-1,15,12,13,-1,16,17,18,-1,18,17,19,-1,20,21,22,-1,22,21,23,-1,23,21,24,-1,23,24,25,-1,25,24,26,-1,25,26,27,-1,27,26,28,-1,27,28,29,-1,29,28,30,-1,29,30,31,-1,31,30,32,-1,31,32,33,-1,33,32,34,-1,33,34,35,-1,14,22,12,-1,12,22,23,-1,12,23,10,-1,10,23,25,-1,10,25,8,-1,8,25,27,-1,8,27,6,-1,6,27,29,-1,6,29,4,-1,4,29,31,-1,4,31,2,-1,2,31,33,-1,2,33,0,-1,0,33,35,-1,0,35,36,-1,36,35,37,-1,38,39,1,-1,1,39,34,-1,1,34,3,-1,3,34,32,-1,3,32,5,-1,5,32,30,-1,5,30,7,-1,7,30,28,-1,7,28,9,-1,9,28,26,-1,9,26,11,-1,11,26,24,-1,11,24,13,-1,13,24,21,-1,13,21,15,-1,15,21,20,-1,1,0,38,-1,38,0,36,-1,37,35,39,-1,39,35,34,-1,40,41,42,-1,42,41,43,-1,44,45,46,-1,46,45,47,-1,46,47,40,-1,40,47,41,-1,42,43,44,-1,44,43,45,-1,48,49,50,-1,50,49,51,-1,52,53,54,-1,54,53,55,-1,54,55,56,-1,56,55,57,-1,56,57,58,-1,58,57,59,-1,58,59,60,-1,60,59,61,-1,60,61,62,-1,62,61,63,-1,62,63,64,-1,64,63,65,-1,66,64,67,-1,67,64,65,-1,68,69,70,-1,70,69,71,-1,72,73,74,-1,74,73,75,-1,75,73,76,-1,75,76,77,-1,77,76,78,-1,77,78,79,-1,79,78,80,-1,79,80,81,-1,81,80,82,-1,81,82,83,-1,83,82,84,-1,83,84,85,-1,85,84,86,-1,85,86,87,-1,66,74,64,-1,64,74,75,-1,64,75,62,-1,62,75,77,-1,62,77,60,-1,60,77,79,-1,60,79,58,-1,58,79,81,-1,58,81,56,-1,56,81,83,-1,56,83,54,-1,54,83,85,-1,54,85,52,-1,52,85,87,-1,52,87,88,-1,88,87,89,-1,90,91,53,-1,53,91,86,-1,53,86,55,-1,55,86,84,-1,55,84,57,-1,57,84,82,-1,57,82,59,-1,59,82,80,-1,59,80,61,-1,61,80,78,-1,61,78,63,-1,63,78,76,-1,63,76,65,-1,65,76,73,-1,65,73,67,-1,67,73,72,-1,53,52,90,-1,90,52,88,-1,89,87,91,-1,91,87,86,-1,92,93,94,-1,94,93,95,-1,96,97,98,-1,98,97,99,-1,98,99,92,-1,92,99,93,-1,94,95,96,-1,96,95,97,-1,100,101,102,-1,102,101,103,-1,104,105,106,-1,106,105,107,-1,106,107,108,-1,108,107,109,-1,108,109,110,-1,110,109,111,-1,110,111,112,-1,112,111,113,-1,112,113,114,-1,114,113,115,-1,114,115,116,-1,116,115,117,-1,118,116,119,-1,119,116,117,-1,120,121,122,-1,122,121,123,-1,124,125,126,-1,126,125,127,-1,127,125,128,-1,127,128,129,-1,129,128,130,-1,129,130,131,-1,131,130,132,-1,131,132,133,-1,133,132,134,-1,133,134,135,-1,135,134,136,-1,135,136,137,-1,137,136,138,-1,137,138,139,-1,118,126,116,-1,116,126,127,-1,116,127,114,-1,114,127,129,-1,114,129,112,-1,112,129,131,-1,112,131,110,-1,110,131,133,-1,110,133,108,-1,108,133,135,-1,108,135,106,-1,106,135,137,-1,106,137,104,-1,104,137,139,-1,104,139,140,-1,140,139,141,-1,142,143,105,-1,105,143,138,-1,105,138,107,-1,107,138,136,-1,107,136,109,-1,109,136,134,-1,109,134,111,-1,111,134,132,-1,111,132,113,-1,113,132,130,-1,113,130,115,-1,115,130,128,-1,115,128,117,-1,117,128,125,-1,117,125,119,-1,119,125,124,-1,105,104,142,-1,142,104,140,-1,141,139,143,-1,143,139,138,-1,144,145,146,-1,146,145,147,-1,148,149,150,-1,150,149,151,-1,150,151,144,-1,144,151,145,-1,146,147,148,-1,148,147,149,-1,152,153,154,-1,154,153,155,-1,46,51,44,-1,44,51,49,-1,40,50,46,-1,46,50,51,-1,48,42,49,-1,49,42,44,-1,42,48,40,-1,40,48,50,-1,22,19,20,-1,20,19,17,-1,14,18,22,-1,22,18,19,-1,16,15,17,-1,17,15,20,-1,15,16,14,-1,14,16,18,-1,98,103,96,-1,96,103,101,-1,92,102,98,-1,98,102,103,-1,100,94,101,-1,101,94,96,-1,94,100,92,-1,92,100,102,-1,74,71,72,-1,72,71,69,-1,66,70,74,-1,74,70,71,-1,68,67,69,-1,69,67,72,-1,67,68,66,-1,66,68,70,-1,150,155,148,-1,148,155,153,-1,144,154,150,-1,150,154,155,-1,152,146,153,-1,153,146,148,-1,146,152,144,-1,144,152,154,-1,126,123,124,-1,124,123,121,-1,118,122,126,-1,126,122,123,-1,120,119,121,-1,121,119,124,-1,119,120,118,-1,118,120,122,-1,
        ]
    }
}
Shape{
    appearance Appearance {
        material  Material 	{
            diffuseColor 0.7529411764705882 1.0 0.7529411764705882
            specularColor 0.3764705882352941 0.5019607843137255 0.3764705882352941
            ambientIntensity 0.2
            transparency 0
            shininess 0.5
        }
    }
    geometry IndexedFaceSet {
        ccw TRUE
        solid FALSE
        coord DEF co Coordinate {
            point [
                -2.9291 -0.6201 2.7559, 2.9291 -0.6201 2.7559, -2.9291 -0.6201 2.8504, 2.9291 -0.6201 2.8504, 2.9291 -0.3839 2.7559, -2.9291 -0.3839 2.7559, 2.9291 -0.3839 2.8504, -2.9291 -0.3839 2.8504, -2.9291 1.6043 2.7559, 2.9291 1.6043 2.7559, 2.9291 1.6553 2.7492, 2.9291 1.8012 2.5591, 2.4213 1.8012 2.5591, 2.9291 1.7945 2.61, 2.4213 1.8002 2.5787, 1.7126 1.8002 2.5787, 1.7126 1.8012 2.5591, 1.0433 1.8012 2.5591, 0.3346 1.8012 2.5591, -0.3346 1.8012 2.5591, 0.3346 1.8002 2.5787, -0.3346 1.8002 2.5787, 1.0433 1.8002 2.5787, -2.9291 1.7945 2.61, -1.0433 1.8002 2.5787, -2.4213 1.8012 2.5591, -2.9291 1.8012 2.5591, -2.4213 1.8002 2.5787, -1.7126 1.8002 2.5787, -1.7126 1.8012 2.5591, -1.0433 1.8012 2.5591, -2.9291 1.6553 2.7492, 2.9291 1.7028 2.7295, -2.9291 1.7028 2.7295, 2.9291 1.739 2.7018, -2.9291 1.7435 2.6982, -2.9291 1.7748 2.6575, 2.9291 1.7748 2.6575, 2.9291 1.7435 2.6982, 2.937 -1.6931 0.6518, 2.937 -1.8012 0.6518, 2.9291 -1.6931 0.6518, 2.9291 -1.8012 0.6518, 2.937 -1.6931 1.3058, 2.9291 -1.6931 1.3058, 2.937 -1.0612 1.3058, 2.9291 -1.0612 1.3058, 2.937 -1.0612 1.4501, 2.9291 -1.0612 1.4501, 2.937 -1.6931 1.4501, 2.9291 -1.6931 1.4501, 2.937 -1.6931 2.1041, 2.9291 -1.6931 2.1041, 2.937 -1.8012 2.1041, 2.9291 -1.8012 2.1041, 2.6535 -1.0242 1.1683, 2.9291 -1.0242 1.1683, 2.9291 0.7679 1.1683, 2.6535 1.8012 1.1683, 2.9291 0.9221 1.1683, 2.9291 0.9317 1.1683, 2.9291 1.0376 1.1683, 2.9291 1.0672 1.1683, 2.9291 1.1404 1.1683, 2.9291 1.1777 1.1683, 2.9291 1.3277 1.1683, 2.9291 1.3783 1.1683, 2.9291 1.5282 1.1683, 2.9291 1.739 1.1683, 2.9291 1.8012 1.1683, 2.6535 -1.0242 1.5876, 2.9291 -1.0242 1.5876, 2.9291 1.8012 1.5876, 2.9291 1.739 1.5876, 2.6535 1.8012 1.5876, 2.9291 1.5282 1.5876, 2.9291 0.7679 1.5876, 2.9291 1.3783 1.5876, 2.9291 1.3277 1.5876, 2.9291 1.1777 1.5876, 2.9291 1.1404 1.5876, 2.9291 1.0672 1.5876, 2.9291 1.0376 1.5876, 2.9291 0.9317 1.5876, 2.9291 0.9221 1.5876, -2.937 -1.6931 2.1041, -2.937 -1.8012 2.1041, -2.9291 -1.6931 2.1041, -2.9291 -1.8012 2.1041, -2.937 -1.6931 1.4501, -2.9291 -1.6931 1.4501, -2.937 -1.0612 1.4501, -2.9291 -1.0612 1.4501, -2.937 -1.0612 1.3058, -2.9291 -1.0612 1.3058, -2.937 -1.6931 1.3058, -2.9291 -1.6931 1.3058, -2.937 -1.6931 0.6518, -2.9291 -1.6931 0.6518, -2.937 -1.8012 0.6518, -2.9291 -1.8012 0.6518, -2.6535 -1.0242 1.1683, -2.6535 1.8012 1.1683, -2.9291 -1.0242 1.1683, -2.9291 1.8012 1.1683, -2.6535 1.8012 1.5876, -2.6535 -1.0242 1.5876, -2.9291 1.8012 1.5876, -2.9291 -1.0242 1.5876, -2.9291 -1.0242 1.5876
            ]
        }
        coordIndex [
            0,1,2,-1,2,1,3,-1,4,5,6,-1,6,5,7,-1,2,3,7,-1,7,3,6,-1,8,9,10,-1,11,12,13,-1,13,12,14,-1,13,14,15,-1,15,16,17,-1,18,19,20,-1,20,19,21,-1,22,20,23,-1,23,20,21,-1,23,21,24,-1,25,26,27,-1,27,26,23,-1,27,23,28,-1,28,23,24,-1,28,24,29,-1,29,24,30,-1,8,10,31,-1,31,10,32,-1,31,32,33,-1,33,32,34,-1,33,34,35,-1,17,22,15,-1,15,22,23,-1,15,23,13,-1,13,23,36,-1,13,36,37,-1,37,36,35,-1,37,35,38,-1,38,35,34,-1,39,40,41,-1,41,40,42,-1,43,39,44,-1,44,39,41,-1,45,43,46,-1,46,43,44,-1,47,45,48,-1,48,45,46,-1,49,47,50,-1,50,47,48,-1,51,49,52,-1,52,49,50,-1,53,51,54,-1,54,51,52,-1,53,40,43,-1,43,40,39,-1,51,53,49,-1,49,53,43,-1,49,43,47,-1,47,43,45,-1,55,56,57,-1,55,57,58,-1,58,57,59,-1,58,59,60,-1,60,61,58,-1,58,61,62,-1,58,62,63,-1,63,64,58,-1,58,64,65,-1,58,65,66,-1,66,67,58,-1,58,67,68,-1,58,68,69,-1,55,70,56,-1,56,70,71,-1,72,73,74,-1,74,73,75,-1,71,70,76,-1,76,70,74,-1,75,77,74,-1,74,77,78,-1,74,78,79,-1,79,80,74,-1,74,80,81,-1,74,81,82,-1,82,83,74,-1,74,83,84,-1,74,84,76,-1,74,70,58,-1,58,70,55,-1,85,86,87,-1,87,86,88,-1,89,85,90,-1,90,85,87,-1,91,89,92,-1,92,89,90,-1,93,91,94,-1,94,91,92,-1,95,93,96,-1,96,93,94,-1,97,95,98,-1,98,95,96,-1,99,97,100,-1,100,97,98,-1,99,86,89,-1,89,86,85,-1,97,99,95,-1,95,99,89,-1,95,89,93,-1,93,89,91,-1,101,102,103,-1,103,102,104,-1,105,106,107,-1,107,106,108,-1,106,101,108,-1,108,101,103,-1,106,105,101,-1,101,105,102,-1,
        ]
    }
}
Shape{
    appearance Appearance {
        material  Material 	{
            diffuseColor 0.0 0.0 0.0
            specularColor 0.0 0.0 0.0
            ambientIntensity 0.2
            transparency 0
            shininess 0.5
        }
    }
    geometry IndexedFaceSet {
        ccw TRUE
        solid FALSE
        coord DEF co Coordinate {
            point [
                2.9331 0.918 0.4325, 2.9331 0.918 0.4143, 2.9291 0.918 0.4325, 2.9291 0.918 0.4143, 2.9331 0.8542 0.4325, 2.9291 0.8542 0.4325, 2.9331 0.8542 0.5744, 2.9291 0.8542 0.5744, 2.9331 0.8335 0.5744, 2.9291 0.8335 0.5744, 2.9331 0.8335 0.4143, 2.9291 0.8335 0.4143, 2.9331 1.0245 0.4139, 2.9331 1.0001 0.4116, 2.9291 1.0001 0.4116, 2.9291 1.0142 0.4129, 2.9291 1.0245 0.4139, 2.9331 1.0417 0.4195, 2.9291 1.0376 0.4182, 2.9291 1.0417 0.4195, 2.9291 1.0444 0.4209, 2.9331 1.0444 0.4209, 2.9331 1.0444 0.4407, 2.9291 1.0444 0.4407, 2.9291 1.0376 0.4376, 2.9331 1.0287 0.4336, 2.9291 1.0287 0.4336, 2.9291 1.0106 0.4303, 2.9331 1.0106 0.4303, 2.9291 1.0031 0.43, 2.9331 1.0031 0.43, 2.9291 0.987 0.4319, 2.9331 0.987 0.4319, 2.9291 0.9756 0.4363, 2.9331 0.9756 0.4363, 2.9291 0.9651 0.4437, 2.9331 0.9651 0.4437, 2.9291 0.9619 0.4468, 2.9331 0.9619 0.4468, 2.9291 0.9551 0.4559, 2.9331 0.9551 0.4559, 2.9291 0.9496 0.4685, 2.9331 0.9496 0.4685, 2.9291 0.9466 0.4839, 2.9331 0.9466 0.4839, 2.9291 0.9462 0.4925, 2.9331 0.9462 0.4925, 2.9291 0.9489 0.5147, 2.9331 0.9489 0.5147, 2.9291 0.9543 0.5285, 2.9331 0.9543 0.5285, 2.9291 0.963 0.5407, 2.9331 0.963 0.5407, 2.9291 0.9739 0.5497, 2.9331 0.9739 0.5497, 2.9291 0.9865 0.5555, 2.9331 0.9865 0.5555, 2.9291 1.0004 0.5582, 2.9331 1.0004 0.5582, 2.9291 1.0067 0.5584, 2.9331 1.0067 0.5584, 2.9291 1.0264 0.5561, 2.9291 1.0376 0.5518, 2.9331 1.0426 0.5499, 2.9331 1.0264 0.5561, 2.9291 1.0426 0.5499, 2.9291 1.0444 0.5489, 2.9331 1.0444 0.5489, 2.9331 1.0444 0.5705, 2.9291 1.0444 0.5705, 2.9291 1.0065 0.5771, 2.9331 1.0065 0.5771, 2.9331 1.0066 0.5771, 2.9291 1.0376 0.5725, 2.9331 1.0275 0.5754, 2.9291 1.0275 0.5754, 2.9291 1.0236 0.5757, 2.9291 1.0066 0.5771, 2.9291 0.9954 0.5757, 2.9331 0.9832 0.5743, 2.9291 0.9832 0.5743, 2.9291 0.9665 0.5677, 2.9331 0.9665 0.5677, 2.9291 0.9515 0.5572, 2.9331 0.9515 0.5572, 2.9291 0.9476 0.5535, 2.9331 0.9476 0.5535, 2.9291 0.936 0.5383, 2.9291 0.9317 0.5282, 2.9331 0.9284 0.5206, 2.9331 0.936 0.5383, 2.9291 0.9284 0.5206, 2.9291 0.9248 0.4996, 2.9331 0.9248 0.4996, 2.9291 0.9245 0.4913, 2.9331 0.9245 0.4913, 2.9291 0.9277 0.4651, 2.9291 0.9317 0.455, 2.9331 0.9342 0.4484, 2.9331 0.9277 0.4651, 2.9291 0.9342 0.4484, 2.9291 0.9451 0.4334, 2.9331 0.9451 0.4334, 2.9291 0.973 0.4156, 2.9331 0.9579 0.4227, 2.9291 0.9579 0.4227, 2.9291 0.9861 0.4129, 2.9331 0.9904 0.412, 2.9331 0.973 0.4156, 2.9291 0.9904 0.412, 2.9331 1.1626 0.4325, 2.9331 1.1626 0.4143, 2.9291 1.1626 0.4325, 2.9291 1.1626 0.4143, 2.9291 1.0971 0.4325, 2.9331 1.0971 0.4325, 2.9291 1.1404 0.4325, 2.9331 1.0971 0.4864, 2.9291 1.0971 0.4864, 2.9291 1.1544 0.4864, 2.9331 1.1544 0.4864, 2.9291 1.1404 0.4864, 2.9331 1.1544 0.5047, 2.9291 1.1544 0.5047, 2.9291 1.0971 0.5047, 2.9331 1.0971 0.5047, 2.9291 1.1404 0.5047, 2.9331 1.0971 0.556, 2.9291 1.0971 0.556, 2.9291 1.1589 0.556, 2.9331 1.1589 0.556, 2.9291 1.1404 0.556, 2.9331 1.1589 0.5744, 2.9291 1.1589 0.5744, 2.9291 1.0765 0.5744, 2.9331 1.0765 0.5744, 2.9291 1.1404 0.5744, 2.9331 1.0765 0.4143, 2.9291 1.0765 0.4143, 2.9291 1.1404 0.4143, 2.9331 1.2915 0.4577, 2.9331 1.2844 0.4492, 2.9331 1.2991 0.4367, 2.9331 1.2826 0.4476, 2.9331 1.2824 0.4247, 2.9331 1.2723 0.4404, 2.9331 1.2642 0.4176, 2.9331 1.2591 0.4352, 2.9331 1.2369 0.4143, 2.9331 1.2368 0.4325, 2.9331 1.1928 0.4143, 2.9331 1.2135 0.4325, 2.9331 1.1928 0.5744, 2.9331 1.2135 0.556, 2.9331 1.2385 0.5744, 2.9331 1.2377 0.556, 2.9331 1.263 0.5717, 2.9331 1.2583 0.5537, 2.9331 1.2823 0.5646, 2.9331 1.2722 0.5487, 2.9331 1.2991 0.5532, 2.9331 1.2839 0.5409, 2.9331 1.3047 0.5477, 2.9331 1.2883 0.5366, 2.9331 1.3146 0.5338, 2.9331 1.2945 0.5276, 2.9331 1.3205 0.5185, 2.9331 1.2991 0.516, 2.9331 1.3232 0.4964, 2.9331 1.3015 0.4958, 2.9331 1.3227 0.4862, 2.9331 1.3007 0.4835, 2.9331 1.3189 0.4674, 2.9331 1.2973 0.4693, 2.9331 1.311 0.4509, 2.9291 1.2369 0.4143, 2.9291 1.1928 0.4143, 2.9291 1.2642 0.4176, 2.9291 1.2824 0.4247, 2.9291 1.2991 0.4367, 2.9291 1.311 0.4509, 2.9291 1.3189 0.4674, 2.9291 1.3227 0.4862, 2.9291 1.3232 0.4964, 2.9291 1.3205 0.5185, 2.9291 1.3146 0.5338, 2.9291 1.3047 0.5477, 2.9291 1.2991 0.5532, 2.9291 1.2823 0.5646, 2.9291 1.263 0.5717, 2.9291 1.2385 0.5744, 2.9291 1.1928 0.5744, 2.9291 1.2377 0.556, 2.9291 1.2135 0.556, 2.9291 1.2135 0.4325, 2.9291 1.2368 0.4325, 2.9291 1.2844 0.4492, 2.9291 1.2826 0.4476, 2.9291 1.2723 0.4404, 2.9291 1.2591 0.4352, 2.9291 1.3015 0.4958, 2.9291 1.3007 0.4835, 2.9291 1.2973 0.4693, 2.9291 1.2915 0.4577, 2.9291 1.2839 0.5409, 2.9291 1.2883 0.5366, 2.9291 1.2945 0.5276, 2.9291 1.2991 0.516, 2.9291 1.2583 0.5537, 2.9291 1.2722 0.5487, 2.9291 1.2722 0.5487
            ]
        }
        coordIndex [
            0,1,2,-1,2,1,3,-1,4,0,5,-1,5,0,2,-1,6,4,7,-1,7,4,5,-1,8,6,9,-1,9,6,7,-1,10,8,11,-1,11,8,9,-1,1,10,3,-1,3,10,11,-1,6,8,4,-1,4,8,10,-1,4,10,0,-1,0,10,1,-1,12,13,14,-1,14,15,12,-1,12,15,16,-1,12,16,17,-1,17,16,18,-1,18,19,17,-1,17,19,20,-1,17,20,21,-1,22,21,23,-1,23,21,20,-1,22,23,24,-1,22,24,25,-1,24,26,25,-1,25,26,27,-1,25,27,28,-1,28,27,29,-1,28,29,30,-1,30,29,31,-1,30,31,32,-1,32,31,33,-1,32,33,34,-1,34,33,35,-1,34,35,36,-1,36,35,37,-1,36,37,38,-1,38,37,39,-1,38,39,40,-1,40,39,41,-1,40,41,42,-1,42,41,43,-1,42,43,44,-1,44,43,45,-1,44,45,46,-1,46,45,47,-1,46,47,48,-1,48,47,49,-1,48,49,50,-1,50,49,51,-1,50,51,52,-1,52,51,53,-1,52,53,54,-1,54,53,55,-1,54,55,56,-1,56,55,57,-1,56,57,58,-1,58,57,59,-1,58,59,60,-1,60,59,61,-1,62,63,61,-1,61,63,64,-1,61,64,60,-1,62,65,63,-1,63,65,66,-1,63,66,67,-1,68,67,69,-1,69,67,66,-1,70,71,72,-1,68,69,73,-1,68,73,74,-1,73,75,74,-1,74,75,76,-1,74,76,72,-1,72,76,77,-1,72,77,70,-1,71,70,78,-1,71,78,79,-1,78,80,79,-1,79,80,81,-1,79,81,82,-1,82,81,83,-1,82,83,84,-1,84,83,85,-1,84,85,86,-1,86,85,87,-1,88,89,87,-1,87,89,90,-1,87,90,86,-1,88,91,89,-1,89,91,92,-1,89,92,93,-1,93,92,94,-1,93,94,95,-1,95,94,96,-1,97,98,96,-1,96,98,99,-1,96,99,95,-1,97,100,98,-1,98,100,101,-1,98,101,102,-1,103,104,105,-1,105,104,102,-1,105,102,101,-1,106,107,103,-1,103,107,108,-1,103,108,104,-1,106,109,107,-1,107,109,14,-1,107,14,13,-1,63,67,68,-1,54,84,52,-1,52,84,86,-1,52,86,50,-1,50,86,90,-1,50,90,48,-1,63,68,64,-1,64,68,74,-1,64,74,60,-1,60,74,72,-1,60,72,58,-1,58,72,71,-1,58,71,56,-1,56,71,79,-1,56,79,54,-1,54,79,82,-1,54,82,84,-1,95,46,93,-1,93,46,48,-1,93,48,89,-1,89,48,90,-1,21,22,17,-1,17,22,25,-1,17,25,12,-1,12,25,28,-1,12,28,13,-1,13,28,30,-1,13,30,107,-1,107,30,32,-1,107,32,108,-1,108,32,34,-1,108,34,104,-1,104,34,36,-1,104,36,102,-1,102,36,38,-1,102,38,98,-1,98,38,40,-1,98,40,99,-1,99,40,42,-1,99,42,95,-1,95,42,44,-1,95,44,46,-1,110,111,112,-1,112,111,113,-1,114,115,116,-1,116,115,110,-1,116,110,112,-1,117,115,118,-1,118,115,114,-1,119,120,121,-1,121,120,117,-1,121,117,118,-1,122,120,123,-1,123,120,119,-1,124,125,126,-1,126,125,122,-1,126,122,123,-1,127,125,128,-1,128,125,124,-1,129,130,131,-1,131,130,127,-1,131,127,128,-1,132,130,133,-1,133,130,129,-1,134,135,136,-1,136,135,132,-1,136,132,133,-1,137,135,138,-1,138,135,134,-1,113,111,139,-1,139,111,137,-1,139,137,138,-1,137,111,110,-1,110,115,137,-1,137,115,117,-1,137,117,135,-1,130,132,127,-1,127,132,135,-1,127,135,125,-1,125,135,117,-1,125,117,122,-1,122,117,120,-1,140,141,142,-1,142,141,143,-1,142,143,144,-1,144,143,145,-1,144,145,146,-1,146,145,147,-1,146,147,148,-1,148,147,149,-1,148,149,150,-1,150,149,151,-1,150,151,152,-1,152,151,153,-1,152,153,154,-1,154,153,155,-1,154,155,156,-1,156,155,157,-1,156,157,158,-1,158,157,159,-1,158,159,160,-1,160,159,161,-1,160,161,162,-1,162,161,163,-1,162,163,164,-1,164,163,165,-1,164,165,166,-1,166,165,167,-1,166,167,168,-1,168,167,169,-1,168,169,170,-1,170,169,171,-1,170,171,172,-1,172,171,173,-1,172,173,174,-1,174,173,140,-1,174,140,142,-1,148,150,175,-1,175,150,176,-1,148,175,177,-1,148,177,146,-1,146,177,178,-1,146,178,144,-1,144,178,179,-1,144,179,142,-1,142,179,180,-1,142,180,174,-1,174,180,181,-1,174,181,172,-1,172,181,182,-1,172,182,170,-1,170,182,183,-1,170,183,168,-1,168,183,184,-1,168,184,166,-1,166,184,185,-1,166,185,164,-1,164,185,186,-1,164,186,162,-1,162,186,187,-1,162,187,160,-1,160,187,188,-1,160,188,158,-1,158,188,189,-1,158,189,156,-1,156,189,190,-1,156,190,154,-1,152,154,191,-1,191,154,190,-1,150,152,176,-1,176,152,191,-1,155,153,192,-1,192,153,193,-1,153,151,193,-1,193,151,194,-1,151,149,194,-1,194,149,195,-1,141,196,197,-1,141,197,143,-1,143,197,198,-1,143,198,145,-1,145,198,199,-1,145,199,147,-1,147,199,195,-1,147,195,149,-1,169,200,201,-1,169,201,171,-1,171,201,202,-1,171,202,173,-1,173,202,203,-1,173,203,140,-1,140,203,196,-1,140,196,141,-1,161,204,205,-1,161,205,163,-1,163,205,206,-1,163,206,165,-1,165,206,207,-1,165,207,167,-1,167,207,200,-1,167,200,169,-1,155,192,208,-1,155,208,157,-1,157,208,209,-1,157,209,159,-1,159,209,204,-1,159,204,161,-1,
        ]
    }
}
Shape{
    appearance Appearance {
        material  Material 	{
            diffuseColor 0.7529411764705882 1.0 0.7529411764705882
            specularColor 0.3764705882352941 0.5019607843137255 0.3764705882352941
            ambientIntensity 0.2
            transparency 0
            shininess 0.5
        }
    }
    geometry IndexedFaceSet {
        ccw TRUE
        solid FALSE
        coord DEF co Coordinate {
            point [
                2.9291 1.2826 0.4476, 2.9291 1.2844 0.4492, 2.9291 1.2377 0.556, 2.9291 1.2135 0.556, 2.9291 1.2135 0.4325, 2.9291 1.2368 0.4325, 2.9291 1.2591 0.4352, 2.9291 1.2723 0.4404, 2.9291 1.2915 0.4577, 2.9291 1.2973 0.4693, 2.9291 1.3007 0.4835, 2.9291 1.3015 0.4958, 2.9291 1.2991 0.516, 2.9291 1.2945 0.5276, 2.9291 1.2883 0.5366, 2.9291 1.2839 0.5409, 2.9291 1.2583 0.5537, 2.9291 1.2722 0.5487, 2.9291 1.2722 0.5487
            ]
        }
        coordIndex [
            0,1,2,-1,3,4,2,-1,2,4,5,-1,5,6,2,-1,2,6,7,-1,2,7,0,-1,1,8,2,-1,2,8,9,-1,2,9,10,-1,10,11,2,-1,2,11,12,-1,2,12,13,-1,13,14,2,-1,2,14,15,-1,2,15,16,-1,16,15,17,-1,
        ]
    }
}
Shape{
    appearance Appearance {
        material  Material 	{
            diffuseColor 0.0 0.0 0.0
            specularColor 0.0 0.0 0.0
            ambientIntensity 0.2
            transparency 0
            shininess 0.5
        }
    }
    geometry IndexedFaceSet {
        ccw TRUE
        solid FALSE
        coord DEF co Coordinate {
            point [
                2.9331 1.3769 0.4761, 2.9331 1.3703 0.4581, 2.9331 1.4306 0.4761, 2.9331 1.437 0.4581, 2.9331 1.4008 0.5427, 2.9331 1.3931 0.5744, 2.9331 1.3321 0.4143, 2.9331 1.3549 0.4143, 2.9331 1.4022 0.5475, 2.9331 1.4035 0.5539, 2.9331 1.4152 0.5744, 2.9331 1.4039 0.5539, 2.9331 1.4052 0.5471, 2.9331 1.4064 0.5427, 2.9331 1.4762 0.4143, 2.9331 1.4534 0.4143, 2.9291 1.4152 0.5744, 2.9291 1.4762 0.4143, 2.9291 1.3931 0.5744, 2.9291 1.3321 0.4143, 2.9291 1.3783 0.5354, 2.9291 1.3549 0.4143, 2.9291 1.3703 0.4581, 2.9291 1.437 0.4581, 2.9291 1.3783 0.4581, 2.9291 1.4534 0.4143, 2.9291 1.3769 0.4761, 2.9291 1.4306 0.4761, 2.9291 1.4064 0.5427, 2.9291 1.4039 0.5539, 2.9291 1.4052 0.5471, 2.9291 1.4035 0.5539, 2.9291 1.4008 0.5427, 2.9291 1.4022 0.5475, 2.9291 1.4022 0.5475
            ]
        }
        coordIndex [
            0,1,2,-1,2,1,3,-1,4,5,0,-1,0,5,6,-1,0,6,1,-1,1,6,7,-1,4,8,5,-1,5,8,9,-1,5,9,10,-1,10,9,11,-1,10,11,12,-1,12,13,10,-1,10,13,2,-1,10,2,14,-1,14,2,3,-1,14,3,15,-1,10,14,16,-1,16,14,17,-1,5,10,18,-1,18,10,16,-1,19,6,20,-1,20,6,5,-1,20,5,18,-1,7,6,21,-1,21,6,19,-1,1,7,22,-1,22,7,21,-1,23,3,24,-1,24,3,1,-1,24,1,22,-1,15,3,25,-1,25,3,23,-1,14,15,17,-1,17,15,25,-1,0,2,26,-1,26,2,27,-1,2,13,27,-1,27,13,28,-1,11,29,30,-1,11,30,12,-1,12,30,28,-1,12,28,13,-1,11,9,29,-1,29,9,31,-1,4,32,33,-1,4,33,8,-1,8,33,31,-1,8,31,9,-1,4,0,32,-1,32,0,26,-1,
        ]
    }
}
Shape{
    appearance Appearance {
        material  Material 	{
            diffuseColor 0.7529411764705882 1.0 0.7529411764705882
            specularColor 0.3764705882352941 0.5019607843137255 0.3764705882352941
            ambientIntensity 0.2
            transparency 0
            shininess 0.5
        }
    }
    geometry IndexedFaceSet {
        ccw TRUE
        solid FALSE
        coord DEF co Coordinate {
            point [
                2.9291 1.4039 0.5539, 2.9291 1.4035 0.5539, 2.9291 1.4052 0.5471, 2.9291 1.4022 0.5475, 2.9291 1.4064 0.5427, 2.9291 1.4008 0.5427, 2.9291 1.4306 0.4761, 2.9291 1.3769 0.4761, 2.9291 1.3769 0.4761
            ]
        }
        coordIndex [
            0,1,2,-1,2,1,3,-1,2,3,4,-1,4,3,5,-1,4,5,6,-1,6,5,7,-1,
        ]
    }
}
Shape{
    appearance Appearance {
        material  Material 	{
            diffuseColor 0.0 0.0 0.0
            specularColor 0.0 0.0 0.0
            ambientIntensity 0.2
            transparency 0
            shininess 0.5
        }
    }
    geometry IndexedFaceSet {
        ccw TRUE
        solid FALSE
        coord DEF co Coordinate {
            point [
                2.9331 0.9196 0.1785, 2.9331 0.9196 0.1602, 2.9291 0.9196 0.1785, 2.9291 0.9196 0.1602, 2.9331 0.8542 0.1785, 2.9291 0.8542 0.1785, 2.9331 0.8542 0.2323, 2.9291 0.8542 0.2323, 2.9331 0.9114 0.2323, 2.9291 0.9114 0.2323, 2.9331 0.9114 0.2507, 2.9291 0.9114 0.2507, 2.9331 0.8542 0.2507, 2.9291 0.8542 0.2507, 2.9331 0.8542 0.3019, 2.9291 0.8542 0.3019, 2.9331 0.916 0.3019, 2.9291 0.916 0.3019, 2.9331 0.916 0.3203, 2.9291 0.916 0.3203, 2.9331 0.8335 0.3203, 2.9291 0.8335 0.3203, 2.9331 0.8335 0.1602, 2.9291 0.8335 0.1602, 2.9331 1.0101 0.1779, 2.9331 1.0107 0.1779, 2.9331 1.0094 0.1963, 2.9331 0.9667 0.2087, 2.9331 0.9712 0.211, 2.9331 0.9602 0.2238, 2.9331 1.0107 0.2053, 2.9331 1.0307 0.2338, 2.9331 1.0107 0.2066, 2.9331 1.0107 0.2176, 2.9331 1.0107 0.1602, 2.9331 1.0307 0.1602, 2.9331 1.0033 0.2757, 2.9331 0.999 0.2586, 2.9331 1.0113 0.2729, 2.9331 1.0025 0.2563, 2.9331 1.0064 0.1892, 2.9331 1.0021 0.1833, 2.9331 1.0067 0.1727, 2.9331 0.9996 0.1808, 2.9331 1.0003 0.166, 2.9331 0.9939 0.177, 2.9331 0.9937 0.1617, 2.9331 0.9878 0.1748, 2.9331 0.9856 0.1587, 2.9331 0.9803 0.174, 2.9331 0.9751 0.1575, 2.9331 0.9735 0.1747, 2.9331 0.9631 0.1589, 2.9331 0.969 0.1764, 2.9331 0.9554 0.1618, 2.9331 0.965 0.1791, 2.9331 0.9487 0.1665, 2.9331 0.9633 0.1808, 2.9331 0.9768 0.2282, 2.9331 0.9839 0.214, 2.9331 1.0107 0.2329, 2.9331 0.95 0.2666, 2.9331 0.95 0.2471, 2.9331 0.9541 0.2689, 2.9331 0.9639 0.2558, 2.9331 0.969 0.2747, 2.9331 0.9764 0.2598, 2.9331 0.9894 0.2772, 2.9331 0.9875 0.2609, 2.9331 0.9943 0.2602, 2.9331 1.01 0.2417, 2.9331 1.0288 0.2507, 2.9331 1.0079 0.2489, 2.9331 1.0255 0.2593, 2.9331 1.0056 0.253, 2.9331 1.0212 0.2655, 2.9331 1.0177 0.2689, 2.9331 0.9645 0.207, 2.9331 0.9521 0.2194, 2.9331 0.9621 0.204, 2.9331 0.9463 0.214, 2.9331 0.9603 0.2002, 2.9331 0.9422 0.2074, 2.9331 0.9593 0.1956, 2.9331 0.9397 0.2001, 2.9331 0.9592 0.1925, 2.9331 0.9388 0.1908, 2.9331 0.9597 0.1879, 2.9331 0.94 0.1809, 2.9331 0.961 0.1842, 2.9331 0.9426 0.1743, 2.9331 0.9468 0.1683, 2.9291 0.9894 0.2772, 2.9291 0.969 0.2747, 2.9291 0.9541 0.2689, 2.9291 0.95 0.2666, 2.9291 0.95 0.2471, 2.9291 0.9639 0.2558, 2.9291 0.9764 0.2598, 2.9291 0.9875 0.2609, 2.9291 0.9943 0.2602, 2.9291 0.999 0.2586, 2.9291 1.0025 0.2563, 2.9291 1.0056 0.253, 2.9291 1.0079 0.2489, 2.9291 1.01 0.2417, 2.9291 1.0107 0.2329, 2.9291 0.9768 0.2282, 2.9291 0.9602 0.2238, 2.9291 0.9521 0.2194, 2.9291 0.9463 0.214, 2.9291 0.9422 0.2074, 2.9291 0.9397 0.2001, 2.9291 0.9388 0.1908, 2.9291 0.94 0.1809, 2.9291 0.9426 0.1743, 2.9291 0.9468 0.1683, 2.9291 0.9487 0.1665, 2.9291 0.9751 0.1575, 2.9291 0.9635 0.1589, 2.9291 0.9631 0.1589, 2.9291 0.9554 0.1618, 2.9291 0.9856 0.1587, 2.9291 0.9861 0.1589, 2.9291 0.9937 0.1617, 2.9291 1.0003 0.166, 2.9291 1.0067 0.1727, 2.9291 1.0101 0.1779, 2.9291 1.0107 0.1779, 2.9291 1.0107 0.1602, 2.9291 1.0307 0.1602, 2.9291 1.0307 0.2338, 2.9291 1.0288 0.2507, 2.9291 1.0255 0.2593, 2.9291 1.0212 0.2655, 2.9291 1.0177 0.2689, 2.9291 1.0113 0.2729, 2.9291 1.0033 0.2757, 2.9291 0.9645 0.207, 2.9291 0.9667 0.2087, 2.9291 0.9712 0.211, 2.9291 0.9839 0.214, 2.9291 0.9592 0.1925, 2.9291 0.9593 0.1956, 2.9291 0.9603 0.2002, 2.9291 0.9621 0.204, 2.9291 0.965 0.1791, 2.9291 0.9633 0.1808, 2.9291 0.961 0.1842, 2.9291 0.9597 0.1879, 2.9291 0.9803 0.174, 2.9291 0.9735 0.1747, 2.9291 0.969 0.1764, 2.9291 1.0021 0.1833, 2.9291 0.9996 0.1808, 2.9291 0.9939 0.177, 2.9291 0.9878 0.1748, 2.9291 1.0107 0.2066, 2.9291 1.0107 0.2053, 2.9291 1.0094 0.1963, 2.9291 1.0064 0.1892, 2.9291 1.0107 0.2176, 2.9291 1.0107 0.2176
            ]
        }
        coordIndex [
            0,1,2,-1,2,1,3,-1,4,0,5,-1,5,0,2,-1,6,4,7,-1,7,4,5,-1,8,6,9,-1,9,6,7,-1,10,8,11,-1,11,8,9,-1,12,10,13,-1,13,10,11,-1,14,12,15,-1,15,12,13,-1,16,14,17,-1,17,14,15,-1,18,16,19,-1,19,16,17,-1,20,18,21,-1,21,18,19,-1,22,20,23,-1,23,20,21,-1,1,22,3,-1,3,22,23,-1,1,0,22,-1,22,0,4,-1,8,10,6,-1,6,10,12,-1,16,18,14,-1,14,18,20,-1,14,20,12,-1,12,20,22,-1,12,22,6,-1,6,22,4,-1,24,25,26,-1,27,28,29,-1,30,31,32,-1,32,31,33,-1,34,35,25,-1,25,35,31,-1,25,31,26,-1,26,31,30,-1,36,37,38,-1,38,37,39,-1,26,40,24,-1,24,40,41,-1,24,41,42,-1,42,41,43,-1,42,43,44,-1,44,43,45,-1,44,45,46,-1,46,45,47,-1,46,47,48,-1,48,47,49,-1,48,49,50,-1,50,49,51,-1,50,51,52,-1,52,51,53,-1,52,53,54,-1,54,53,55,-1,54,55,56,-1,56,55,57,-1,29,28,58,-1,58,28,59,-1,58,59,60,-1,61,62,63,-1,63,62,64,-1,63,64,65,-1,65,64,66,-1,65,66,67,-1,67,66,68,-1,67,68,36,-1,36,68,69,-1,36,69,37,-1,59,33,60,-1,60,33,31,-1,60,31,70,-1,70,31,71,-1,70,71,72,-1,72,71,73,-1,72,73,74,-1,74,73,75,-1,74,75,39,-1,39,75,76,-1,39,76,38,-1,27,29,77,-1,77,29,78,-1,77,78,79,-1,79,78,80,-1,79,80,81,-1,81,80,82,-1,81,82,83,-1,83,82,84,-1,83,84,85,-1,85,84,86,-1,85,86,87,-1,87,86,88,-1,87,88,89,-1,89,88,90,-1,89,90,57,-1,57,90,91,-1,57,91,56,-1,67,92,93,-1,67,93,65,-1,65,93,94,-1,65,94,63,-1,63,94,95,-1,63,95,61,-1,62,61,96,-1,96,61,95,-1,62,96,97,-1,62,97,64,-1,64,97,98,-1,64,98,66,-1,66,98,99,-1,66,99,68,-1,68,99,100,-1,68,100,69,-1,69,100,101,-1,69,101,37,-1,37,101,102,-1,37,102,39,-1,39,102,103,-1,39,103,74,-1,74,103,104,-1,74,104,72,-1,72,104,105,-1,72,105,70,-1,70,105,106,-1,70,106,60,-1,58,60,107,-1,107,60,106,-1,58,107,108,-1,58,108,29,-1,29,108,109,-1,29,109,78,-1,78,109,110,-1,78,110,80,-1,80,110,111,-1,80,111,82,-1,82,111,112,-1,82,112,84,-1,84,112,113,-1,84,113,86,-1,86,113,114,-1,86,114,88,-1,88,114,115,-1,88,115,90,-1,90,115,116,-1,90,116,91,-1,91,116,117,-1,91,117,56,-1,118,50,119,-1,119,50,52,-1,119,52,120,-1,120,52,54,-1,120,54,121,-1,121,54,56,-1,121,56,117,-1,50,118,122,-1,50,122,48,-1,48,122,123,-1,48,123,46,-1,123,124,46,-1,46,124,125,-1,46,125,44,-1,44,125,126,-1,44,126,42,-1,42,126,127,-1,42,127,24,-1,25,24,128,-1,128,24,127,-1,34,25,129,-1,129,25,128,-1,35,34,130,-1,130,34,129,-1,31,35,131,-1,131,35,130,-1,31,131,132,-1,31,132,71,-1,71,132,133,-1,71,133,73,-1,73,133,134,-1,73,134,75,-1,75,134,135,-1,75,135,76,-1,76,135,136,-1,76,136,38,-1,38,136,137,-1,38,137,36,-1,36,137,92,-1,36,92,67,-1,77,138,139,-1,77,139,27,-1,27,139,140,-1,27,140,28,-1,28,140,141,-1,28,141,59,-1,85,142,143,-1,85,143,83,-1,83,143,144,-1,83,144,81,-1,81,144,145,-1,81,145,79,-1,79,145,138,-1,79,138,77,-1,55,146,147,-1,55,147,57,-1,57,147,148,-1,57,148,89,-1,89,148,149,-1,89,149,87,-1,87,149,142,-1,87,142,85,-1,49,150,151,-1,49,151,51,-1,51,151,152,-1,51,152,53,-1,53,152,146,-1,53,146,55,-1,41,153,154,-1,41,154,43,-1,43,154,155,-1,43,155,45,-1,45,155,156,-1,45,156,47,-1,47,156,150,-1,47,150,49,-1,32,157,158,-1,32,158,30,-1,30,158,159,-1,30,159,26,-1,26,159,160,-1,26,160,40,-1,40,160,153,-1,40,153,41,-1,32,33,157,-1,157,33,161,-1,33,59,161,-1,161,59,141,-1,
        ]
    }
}
Shape{
    appearance Appearance {
        material  Material 	{
            diffuseColor 0.7529411764705882 1.0 0.7529411764705882
            specularColor 0.3764705882352941 0.5019607843137255 0.3764705882352941
            ambientIntensity 0.2
            transparency 0
            shininess 0.5
        }
    }
    geometry IndexedFaceSet {
        ccw TRUE
        solid FALSE
        coord DEF co Coordinate {
            point [
                2.9291 1.0107 0.2053, 2.9291 1.0107 0.2066, 2.9291 0.9645 0.207, 2.9291 1.0107 0.2176, 2.9291 0.9839 0.214, 2.9291 0.9712 0.211, 2.9291 0.9667 0.2087, 2.9291 1.0094 0.1963, 2.9291 0.9621 0.204, 2.9291 1.0064 0.1892, 2.9291 0.9633 0.1808, 2.9291 0.965 0.1791, 2.9291 0.9996 0.1808, 2.9291 0.961 0.1842, 2.9291 0.9939 0.177, 2.9291 0.9878 0.1748, 2.9291 0.9803 0.174, 2.9291 0.9603 0.2002, 2.9291 0.9593 0.1956, 2.9291 1.0021 0.1833, 2.9291 0.9592 0.1925, 2.9291 0.9597 0.1879, 2.9291 0.969 0.1764, 2.9291 0.9735 0.1747, 2.9291 0.9735 0.1747
            ]
        }
        coordIndex [
            0,1,2,-1,1,3,4,-1,4,5,1,-1,1,5,6,-1,1,6,2,-1,0,2,7,-1,7,2,8,-1,7,8,9,-1,10,11,12,-1,10,12,13,-1,14,12,15,-1,15,12,16,-1,8,17,9,-1,9,17,18,-1,9,18,19,-1,19,18,20,-1,19,20,12,-1,12,20,21,-1,12,21,13,-1,11,22,12,-1,12,22,23,-1,12,23,16,-1,
        ]
    }
}
Shape{
    appearance Appearance {
        material  Material 	{
            diffuseColor 0.0 0.0 0.0
            specularColor 0.0 0.0 0.0
            ambientIntensity 0.2
            transparency 0
            shininess 0.5
        }
    }
    geometry IndexedFaceSet {
        ccw TRUE
        solid FALSE
        coord DEF co Coordinate {
            point [
                2.9291 1.0579 0.1849, 2.9331 1.0579 0.1849, 2.9331 1.0669 0.1795, 2.9331 1.0909 0.1739, 2.9291 1.0909 0.1739, 2.9291 1.0796 0.1751, 2.9331 1.0796 0.1751, 2.9291 1.0672 0.1794, 2.9291 1.0669 0.1795, 2.9331 1.0579 0.1642, 2.9291 1.0579 0.1642, 2.9331 1.072 0.1593, 2.9291 1.0672 0.161, 2.9291 1.0889 0.1575, 2.9331 1.0889 0.1575, 2.9291 1.076 0.1589, 2.9291 1.072 0.1593, 2.9331 1.1071 0.1597, 2.9291 1.1003 0.1589, 2.9291 1.1071 0.1597, 2.9291 1.1176 0.1637, 2.9331 1.1176 0.1637, 2.9291 1.1223 0.1666, 2.9331 1.1223 0.1666, 2.9291 1.128 0.1716, 2.9331 1.128 0.1716, 2.9291 1.1318 0.1769, 2.9331 1.1318 0.1769, 2.9291 1.1342 0.1833, 2.9331 1.1342 0.1833, 2.9291 1.1352 0.1913, 2.9331 1.1352 0.1913, 2.9291 1.1343 0.1988, 2.9331 1.1343 0.1988, 2.9291 1.1322 0.2047, 2.9331 1.1322 0.2047, 2.9291 1.1284 0.2102, 2.9331 1.1284 0.2102, 2.9291 1.1237 0.2145, 2.9331 1.1237 0.2145, 2.9291 1.1103 0.2219, 2.9331 1.1103 0.2219, 2.9291 1.1026 0.225, 2.9331 1.1026 0.225, 2.9291 1.0902 0.2305, 2.9331 1.0902 0.2305, 2.9291 1.0831 0.2349, 2.9331 1.0831 0.2349, 2.9291 1.0811 0.237, 2.9331 1.0811 0.237, 2.9291 1.0797 0.2397, 2.9331 1.0797 0.2397, 2.9291 1.0789 0.2428, 2.9331 1.0789 0.2428, 2.9291 1.0787 0.2455, 2.9331 1.0787 0.2455, 2.9291 1.0791 0.2487, 2.9331 1.0791 0.2487, 2.9291 1.0801 0.2514, 2.9331 1.0801 0.2514, 2.9291 1.0818 0.254, 2.9331 1.0818 0.254, 2.9291 1.0848 0.2567, 2.9331 1.0848 0.2567, 2.9291 1.0893 0.259, 2.9331 1.0893 0.259, 2.9291 1.0947 0.2605, 2.9331 1.0947 0.2605, 2.9291 1.1006 0.2609, 2.9331 1.1006 0.2609, 2.9291 1.1146 0.2592, 2.9331 1.1146 0.2592, 2.9291 1.126 0.2548, 2.9331 1.126 0.2548, 2.9291 1.1297 0.2526, 2.9331 1.1297 0.2526, 2.9331 1.1297 0.2721, 2.9291 1.1297 0.2721, 2.9291 1.1166 0.276, 2.9331 1.1166 0.276, 2.9291 1.1026 0.2772, 2.9331 1.1026 0.2772, 2.9291 1.0866 0.2753, 2.9331 1.0866 0.2753, 2.9291 1.0758 0.2711, 2.9331 1.0758 0.2711, 2.9291 1.0709 0.2681, 2.9331 1.0709 0.2681, 2.9331 1.0649 0.2627, 2.9291 1.0672 0.2648, 2.9291 1.0649 0.2627, 2.9291 1.0612 0.2573, 2.9331 1.0612 0.2573, 2.9291 1.0588 0.2509, 2.9331 1.0588 0.2509, 2.9291 1.058 0.2437, 2.9331 1.058 0.2437, 2.9291 1.0589 0.2359, 2.9331 1.0589 0.2359, 2.9291 1.0611 0.2298, 2.9331 1.0611 0.2298, 2.9291 1.0637 0.2256, 2.9331 1.0637 0.2256, 2.9291 1.0884 0.2105, 2.9331 1.0884 0.2105, 2.9331 1.0765 0.216, 2.9291 1.067 0.2222, 2.9331 1.067 0.2222, 2.9291 1.0672 0.2221, 2.9291 1.0765 0.216, 2.9291 1.1016 0.205, 2.9331 1.1016 0.205, 2.9291 1.1094 0.2002, 2.9331 1.1094 0.2002, 2.9291 1.1119 0.1976, 2.9331 1.1119 0.1976, 2.9291 1.1135 0.195, 2.9331 1.1135 0.195, 2.9291 1.1144 0.1918, 2.9331 1.1144 0.1918, 2.9291 1.1146 0.1894, 2.9331 1.1146 0.1894, 2.9291 1.1142 0.1855, 2.9331 1.1142 0.1855, 2.9291 1.1131 0.1827, 2.9331 1.1131 0.1827, 2.9291 1.1114 0.1801, 2.9331 1.1114 0.1801, 2.9291 1.1091 0.178, 2.9331 1.1091 0.178, 2.9291 1.1073 0.1769, 2.9331 1.1073 0.1769, 2.9291 1.1021 0.175, 2.9331 1.1021 0.175, 2.9291 1.0918 0.1739, 2.9331 1.0918 0.1739, 2.9331 1.2346 0.2746, 2.9331 1.2554 0.2746, 2.9291 1.2346 0.2746, 2.9291 1.2554 0.2746, 2.9331 1.2034 0.1885, 2.9291 1.2034 0.1885, 2.9291 1.2018 0.1831, 2.9331 1.2018 0.1831, 2.9291 1.2009 0.1792, 2.9331 1.2009 0.1792, 2.9331 1.2004 0.1792, 2.9291 1.2004 0.1792, 2.9331 1.1979 0.1886, 2.9291 1.1979 0.1886, 2.9291 1.168 0.2746, 2.9331 1.168 0.2746, 2.9291 1.1777 0.2467, 2.9331 1.1456 0.2746, 2.9291 1.1456 0.2746, 2.9291 1.1905 0.1605, 2.9331 1.1905 0.1605, 2.9291 1.1777 0.1929, 2.9291 1.1817 0.1397, 2.9331 1.1817 0.1397, 2.9291 1.1898 0.1589, 2.9291 1.1777 0.1325, 2.9331 1.1776 0.1323, 2.9291 1.1776 0.1323, 2.9291 1.1739 0.1282, 2.9331 1.1739 0.1282, 2.9291 1.1708 0.126, 2.9331 1.1708 0.126, 2.9291 1.1664 0.1242, 2.9331 1.1664 0.1242, 2.9291 1.1611 0.1235, 2.9331 1.1611 0.1235, 2.9291 1.1538 0.1245, 2.9331 1.1538 0.1245, 2.9291 1.1497 0.1258, 2.9331 1.1497 0.1258, 2.9331 1.1497 0.108, 2.9291 1.1497 0.108, 2.9291 1.1582 0.1065, 2.9331 1.1582 0.1065, 2.9291 1.1627 0.1063, 2.9331 1.1627 0.1063, 2.9291 1.1708 0.1073, 2.9331 1.1708 0.1073, 2.9291 1.1777 0.1099, 2.9331 1.1787 0.1103, 2.9291 1.1787 0.1103, 2.9291 1.1857 0.1152, 2.9331 1.1857 0.1152, 2.9291 1.1871 0.1164, 2.9331 1.1871 0.1164, 2.9291 1.1944 0.1252, 2.9331 1.1944 0.1252, 2.9291 1.2035 0.1429, 2.9331 1.2035 0.1429, 2.9291 1.2098 0.1589, 2.9331 1.3631 0.1785, 2.9331 1.3631 0.1602, 2.9291 1.3631 0.1785, 2.9291 1.3631 0.1602, 2.9291 1.2977 0.1785, 2.9331 1.2977 0.1785, 2.9291 1.3277 0.1785, 2.9331 1.2977 0.2323, 2.9291 1.2977 0.2323, 2.9291 1.3549 0.2323, 2.9331 1.3549 0.2323, 2.9291 1.3277 0.2323, 2.9331 1.3549 0.2507, 2.9291 1.3549 0.2507, 2.9291 1.2977 0.2507, 2.9331 1.2977 0.2507, 2.9291 1.3277 0.2507, 2.9331 1.2977 0.3019, 2.9291 1.2977 0.3019, 2.9291 1.3595 0.3019, 2.9331 1.3595 0.3019, 2.9291 1.3277 0.3019, 2.9331 1.3595 0.3203, 2.9291 1.3595 0.3203, 2.9291 1.277 0.3203, 2.9331 1.277 0.3203, 2.9291 1.3277 0.3203, 2.9331 1.277 0.1602, 2.9291 1.277 0.1602, 2.9291 1.3277 0.1602, 2.9331 1.492 0.2037, 2.9331 1.4849 0.1952, 2.9331 1.4996 0.1826, 2.9331 1.4831 0.1935, 2.9331 1.483 0.1707, 2.9331 1.4728 0.1863, 2.9331 1.4647 0.1636, 2.9331 1.4596 0.1812, 2.9331 1.4374 0.1602, 2.9331 1.4373 0.1785, 2.9331 1.3934 0.1602, 2.9331 1.4141 0.1785, 2.9331 1.3934 0.3203, 2.9331 1.4141 0.3019, 2.9331 1.4391 0.3203, 2.9331 1.4382 0.3019, 2.9331 1.4635 0.3176, 2.9331 1.4588 0.2997, 2.9331 1.4828 0.3106, 2.9331 1.4727 0.2947, 2.9331 1.4996 0.2991, 2.9331 1.4845 0.2869, 2.9331 1.5052 0.2937, 2.9331 1.4888 0.2825, 2.9331 1.5151 0.2797, 2.9331 1.4951 0.2736, 2.9331 1.5211 0.2645, 2.9331 1.4996 0.2619, 2.9331 1.5238 0.2423, 2.9331 1.502 0.2418, 2.9331 1.5233 0.2321, 2.9331 1.5012 0.2295, 2.9331 1.5194 0.2134, 2.9331 1.4978 0.2153, 2.9331 1.5115 0.1968, 2.9291 1.4374 0.1602, 2.9291 1.3934 0.1602, 2.9291 1.4647 0.1636, 2.9291 1.483 0.1707, 2.9291 1.4996 0.1826, 2.9291 1.5115 0.1968, 2.9291 1.5194 0.2134, 2.9291 1.5233 0.2321, 2.9291 1.5238 0.2423, 2.9291 1.5211 0.2645, 2.9291 1.5151 0.2797, 2.9291 1.5052 0.2937, 2.9291 1.4996 0.2991, 2.9291 1.4828 0.3106, 2.9291 1.4635 0.3176, 2.9291 1.4391 0.3203, 2.9291 1.3934 0.3203, 2.9291 1.4382 0.3019, 2.9291 1.4141 0.3019, 2.9291 1.4141 0.1785, 2.9291 1.4373 0.1785, 2.9291 1.4849 0.1952, 2.9291 1.4831 0.1935, 2.9291 1.4728 0.1863, 2.9291 1.4596 0.1812, 2.9291 1.502 0.2418, 2.9291 1.5012 0.2295, 2.9291 1.4978 0.2153, 2.9291 1.492 0.2037, 2.9291 1.4845 0.2869, 2.9291 1.4888 0.2825, 2.9291 1.4951 0.2736, 2.9291 1.4996 0.2619, 2.9291 1.4588 0.2997, 2.9291 1.4727 0.2947, 2.9291 1.4727 0.2947
            ]
        }
        coordIndex [
            0,1,2,-1,3,4,5,-1,3,5,6,-1,6,5,7,-1,6,7,2,-1,2,7,8,-1,2,8,0,-1,9,1,10,-1,10,1,0,-1,9,10,11,-1,11,10,12,-1,13,14,15,-1,15,14,11,-1,15,11,16,-1,16,11,12,-1,14,13,17,-1,17,13,18,-1,18,19,17,-1,17,19,20,-1,17,20,21,-1,21,20,22,-1,21,22,23,-1,23,22,24,-1,23,24,25,-1,25,24,26,-1,25,26,27,-1,27,26,28,-1,27,28,29,-1,29,28,30,-1,29,30,31,-1,31,30,32,-1,31,32,33,-1,33,32,34,-1,33,34,35,-1,35,34,36,-1,35,36,37,-1,37,36,38,-1,37,38,39,-1,39,38,40,-1,39,40,41,-1,41,40,42,-1,41,42,43,-1,43,42,44,-1,43,44,45,-1,45,44,46,-1,45,46,47,-1,47,46,48,-1,47,48,49,-1,49,48,50,-1,49,50,51,-1,51,50,52,-1,51,52,53,-1,53,52,54,-1,53,54,55,-1,55,54,56,-1,55,56,57,-1,57,56,58,-1,57,58,59,-1,59,58,60,-1,59,60,61,-1,61,60,62,-1,61,62,63,-1,63,62,64,-1,63,64,65,-1,65,64,66,-1,65,66,67,-1,67,66,68,-1,67,68,69,-1,69,68,70,-1,69,70,71,-1,71,70,72,-1,71,72,73,-1,73,72,74,-1,73,74,75,-1,76,75,77,-1,77,75,74,-1,76,77,78,-1,76,78,79,-1,79,78,80,-1,79,80,81,-1,81,80,82,-1,81,82,83,-1,83,82,84,-1,83,84,85,-1,85,84,86,-1,85,86,87,-1,87,86,88,-1,88,86,89,-1,89,90,88,-1,88,90,91,-1,88,91,92,-1,92,91,93,-1,92,93,94,-1,94,93,95,-1,94,95,96,-1,96,95,97,-1,96,97,98,-1,98,97,99,-1,98,99,100,-1,100,99,101,-1,100,101,102,-1,103,104,105,-1,102,101,106,-1,102,106,107,-1,107,106,108,-1,107,108,105,-1,105,108,109,-1,105,109,103,-1,104,103,110,-1,104,110,111,-1,111,110,112,-1,111,112,113,-1,113,112,114,-1,113,114,115,-1,115,114,116,-1,115,116,117,-1,117,116,118,-1,117,118,119,-1,119,118,120,-1,119,120,121,-1,121,120,122,-1,121,122,123,-1,123,122,124,-1,123,124,125,-1,125,124,126,-1,125,126,127,-1,127,126,128,-1,127,128,129,-1,129,128,130,-1,129,130,131,-1,131,130,132,-1,131,132,133,-1,133,132,134,-1,133,134,135,-1,135,134,4,-1,135,4,3,-1,61,63,85,-1,85,63,83,-1,111,43,104,-1,104,43,45,-1,21,23,127,-1,127,23,25,-1,127,25,125,-1,125,25,27,-1,125,27,123,-1,123,27,29,-1,123,29,121,-1,121,29,31,-1,121,31,119,-1,119,31,33,-1,119,33,117,-1,117,33,35,-1,117,35,115,-1,115,35,37,-1,115,37,113,-1,113,37,39,-1,113,39,111,-1,111,39,41,-1,111,41,43,-1,14,3,11,-1,11,3,6,-1,11,6,9,-1,9,6,2,-1,9,2,1,-1,63,65,83,-1,83,65,67,-1,83,67,81,-1,81,67,69,-1,81,69,79,-1,79,69,71,-1,79,71,76,-1,76,71,73,-1,76,73,75,-1,127,129,21,-1,21,129,131,-1,21,131,17,-1,17,131,133,-1,17,133,14,-1,14,133,135,-1,14,135,3,-1,85,87,61,-1,61,87,88,-1,61,88,59,-1,59,88,92,-1,59,92,57,-1,57,92,94,-1,57,94,55,-1,55,94,96,-1,55,96,53,-1,53,96,98,-1,53,98,51,-1,51,98,100,-1,51,100,49,-1,49,100,102,-1,49,102,47,-1,47,102,107,-1,47,107,45,-1,45,107,105,-1,45,105,104,-1,136,137,138,-1,138,137,139,-1,140,136,141,-1,141,136,138,-1,140,141,142,-1,140,142,143,-1,143,142,144,-1,143,144,145,-1,146,145,147,-1,147,145,144,-1,148,146,149,-1,149,146,147,-1,150,151,152,-1,152,151,148,-1,152,148,149,-1,153,151,154,-1,154,151,150,-1,155,156,157,-1,157,156,153,-1,157,153,154,-1,158,159,160,-1,160,159,156,-1,160,156,155,-1,158,161,159,-1,159,161,162,-1,161,163,162,-1,162,163,164,-1,162,164,165,-1,165,164,166,-1,165,166,167,-1,167,166,168,-1,167,168,169,-1,169,168,170,-1,169,170,171,-1,171,170,172,-1,171,172,173,-1,173,172,174,-1,173,174,175,-1,176,175,177,-1,177,175,174,-1,176,177,178,-1,176,178,179,-1,179,178,180,-1,179,180,181,-1,181,180,182,-1,181,182,183,-1,183,182,184,-1,183,184,185,-1,184,186,185,-1,185,186,187,-1,185,187,188,-1,188,187,189,-1,188,189,190,-1,190,189,191,-1,190,191,192,-1,192,191,193,-1,192,193,194,-1,139,137,195,-1,195,137,194,-1,195,194,193,-1,143,145,194,-1,137,136,194,-1,194,136,140,-1,194,140,143,-1,151,153,148,-1,148,153,156,-1,148,156,146,-1,175,176,173,-1,173,176,179,-1,173,179,171,-1,171,179,181,-1,171,181,169,-1,169,181,183,-1,169,183,167,-1,167,183,185,-1,167,185,165,-1,145,146,194,-1,194,146,156,-1,194,156,192,-1,156,159,192,-1,192,159,162,-1,192,162,190,-1,190,162,165,-1,190,165,188,-1,188,165,185,-1,196,197,198,-1,198,197,199,-1,200,201,202,-1,202,201,196,-1,202,196,198,-1,203,201,204,-1,204,201,200,-1,205,206,207,-1,207,206,203,-1,207,203,204,-1,208,206,209,-1,209,206,205,-1,210,211,212,-1,212,211,208,-1,212,208,209,-1,213,211,214,-1,214,211,210,-1,215,216,217,-1,217,216,213,-1,217,213,214,-1,218,216,219,-1,219,216,215,-1,220,221,222,-1,222,221,218,-1,222,218,219,-1,223,221,224,-1,224,221,220,-1,199,197,225,-1,225,197,223,-1,225,223,224,-1,197,196,223,-1,223,196,201,-1,206,208,203,-1,203,208,211,-1,216,218,213,-1,213,218,221,-1,213,221,211,-1,211,221,223,-1,211,223,203,-1,203,223,201,-1,226,227,228,-1,228,227,229,-1,228,229,230,-1,230,229,231,-1,230,231,232,-1,232,231,233,-1,232,233,234,-1,234,233,235,-1,234,235,236,-1,236,235,237,-1,236,237,238,-1,238,237,239,-1,238,239,240,-1,240,239,241,-1,240,241,242,-1,242,241,243,-1,242,243,244,-1,244,243,245,-1,244,245,246,-1,246,245,247,-1,246,247,248,-1,248,247,249,-1,248,249,250,-1,250,249,251,-1,250,251,252,-1,252,251,253,-1,252,253,254,-1,254,253,255,-1,254,255,256,-1,256,255,257,-1,256,257,258,-1,258,257,259,-1,258,259,260,-1,260,259,226,-1,260,226,228,-1,234,236,261,-1,261,236,262,-1,234,261,263,-1,234,263,232,-1,232,263,264,-1,232,264,230,-1,230,264,265,-1,230,265,228,-1,228,265,266,-1,228,266,260,-1,260,266,267,-1,260,267,258,-1,258,267,268,-1,258,268,256,-1,256,268,269,-1,256,269,254,-1,254,269,270,-1,254,270,252,-1,252,270,271,-1,252,271,250,-1,250,271,272,-1,250,272,248,-1,248,272,273,-1,248,273,246,-1,246,273,274,-1,246,274,244,-1,244,274,275,-1,244,275,242,-1,242,275,276,-1,242,276,240,-1,238,240,277,-1,277,240,276,-1,236,238,262,-1,262,238,277,-1,241,239,278,-1,278,239,279,-1,239,237,279,-1,279,237,280,-1,237,235,280,-1,280,235,281,-1,227,282,283,-1,227,283,229,-1,229,283,284,-1,229,284,231,-1,231,284,285,-1,231,285,233,-1,233,285,281,-1,233,281,235,-1,255,286,287,-1,255,287,257,-1,257,287,288,-1,257,288,259,-1,259,288,289,-1,259,289,226,-1,226,289,282,-1,226,282,227,-1,247,290,291,-1,247,291,249,-1,249,291,292,-1,249,292,251,-1,251,292,293,-1,251,293,253,-1,253,293,286,-1,253,286,255,-1,241,278,294,-1,241,294,243,-1,243,294,295,-1,243,295,245,-1,245,295,290,-1,245,290,247,-1,
        ]
    }
}
Shape{
    appearance Appearance {
        material  Material 	{
            diffuseColor 0.7529411764705882 1.0 0.7529411764705882
            specularColor 0.3764705882352941 0.5019607843137255 0.3764705882352941
            ambientIntensity 0.2
            transparency 0
            shininess 0.5
        }
    }
    geometry IndexedFaceSet {
        ccw TRUE
        solid FALSE
        coord DEF co Coordinate {
            point [
                2.9291 1.4831 0.1935, 2.9291 1.4849 0.1952, 2.9291 1.4382 0.3019, 2.9291 1.4141 0.3019, 2.9291 1.4141 0.1785, 2.9291 1.4373 0.1785, 2.9291 1.4596 0.1812, 2.9291 1.4728 0.1863, 2.9291 1.492 0.2037, 2.9291 1.4978 0.2153, 2.9291 1.5012 0.2295, 2.9291 1.502 0.2418, 2.9291 1.4996 0.2619, 2.9291 1.4951 0.2736, 2.9291 1.4888 0.2825, 2.9291 1.4845 0.2869, 2.9291 1.4588 0.2997, 2.9291 1.4727 0.2947, 2.9291 1.4727 0.2947
            ]
        }
        coordIndex [
            0,1,2,-1,3,4,2,-1,2,4,5,-1,5,6,2,-1,2,6,7,-1,2,7,0,-1,1,8,2,-1,2,8,9,-1,2,9,10,-1,10,11,2,-1,2,11,12,-1,2,12,13,-1,13,14,2,-1,2,14,15,-1,2,15,16,-1,16,15,17,-1,
        ]
    }
}
Shape{
    appearance Appearance {
        material  Material 	{
            diffuseColor 0.0 0.0 0.0
            specularColor 0.0 0.0 0.0
            ambientIntensity 0.2
            transparency 0
            shininess 0.5
        }
    }
    geometry IndexedFaceSet {
        ccw TRUE
        solid FALSE
        coord DEF co Coordinate {
            point [
                2.9331 1.5774 0.2221, 2.9331 1.5709 0.204, 2.9331 1.6312 0.2221, 2.9331 1.6376 0.204, 2.9331 1.6014 0.2887, 2.9331 1.5936 0.3203, 2.9331 1.5326 0.1602, 2.9331 1.5555 0.1602, 2.9331 1.6028 0.2934, 2.9331 1.604 0.2999, 2.9331 1.6157 0.3203, 2.9331 1.6045 0.2999, 2.9331 1.6058 0.2931, 2.9331 1.607 0.2887, 2.9331 1.6767 0.1602, 2.9331 1.6539 0.1602, 2.9291 1.6157 0.3203, 2.9291 1.6767 0.1602, 2.9291 1.5936 0.3203, 2.9291 1.5326 0.1602, 2.9291 1.5555 0.1602, 2.9291 1.5709 0.204, 2.9291 1.6376 0.204, 2.9291 1.6539 0.1602, 2.9291 1.5774 0.2221, 2.9291 1.6312 0.2221, 2.9291 1.607 0.2887, 2.9291 1.6045 0.2999, 2.9291 1.6058 0.2931, 2.9291 1.604 0.2999, 2.9291 1.6014 0.2887, 2.9291 1.6028 0.2934, 2.9291 1.6028 0.2934
            ]
        }
        coordIndex [
            0,1,2,-1,2,1,3,-1,4,5,0,-1,0,5,6,-1,0,6,1,-1,1,6,7,-1,4,8,5,-1,5,8,9,-1,5,9,10,-1,10,9,11,-1,10,11,12,-1,12,13,10,-1,10,13,2,-1,10,2,14,-1,14,2,3,-1,14,3,15,-1,10,14,16,-1,16,14,17,-1,5,10,18,-1,18,10,16,-1,6,5,19,-1,19,5,18,-1,7,6,20,-1,20,6,19,-1,1,7,21,-1,21,7,20,-1,3,1,22,-1,22,1,21,-1,15,3,23,-1,23,3,22,-1,14,15,17,-1,17,15,23,-1,0,2,24,-1,24,2,25,-1,2,13,25,-1,25,13,26,-1,11,27,28,-1,11,28,12,-1,12,28,26,-1,12,26,13,-1,11,9,27,-1,27,9,29,-1,4,30,31,-1,4,31,8,-1,8,31,29,-1,8,29,9,-1,4,0,30,-1,30,0,24,-1,
        ]
    }
}
Shape{
    appearance Appearance {
        material  Material 	{
            diffuseColor 0.7529411764705882 1.0 0.7529411764705882
            specularColor 0.3764705882352941 0.5019607843137255 0.3764705882352941
            ambientIntensity 0.2
            transparency 0
            shininess 0.5
        }
    }
    geometry IndexedFaceSet {
        ccw TRUE
        solid FALSE
        coord DEF co Coordinate {
            point [
                2.9291 1.6045 0.2999, 2.9291 1.604 0.2999, 2.9291 1.6058 0.2931, 2.9291 1.6028 0.2934, 2.9291 1.607 0.2887, 2.9291 1.6014 0.2887, 2.9291 1.6312 0.2221, 2.9291 1.5774 0.2221, 2.9291 1.5774 0.2221
            ]
        }
        coordIndex [
            0,1,2,-1,2,1,3,-1,2,3,4,-1,4,3,5,-1,4,5,6,-1,6,5,7,-1,
        ]
    }
}
Shape{
    appearance Appearance {
        material  Material 	{
            diffuseColor 0.0 0.0 0.0
            specularColor 0.0 0.0 0.0
            ambientIntensity 0.2
            transparency 0
            shininess 0.5
        }
    }
    geometry IndexedFaceSet {
        ccw TRUE
        solid FALSE
        coord DEF co Coordinate {
            point [
                2.9331 0.1263 0.1375, 2.9331 0.1432 0.1166, 2.9331 0.116 0.2382, 2.9331 0.527 0.4381, 2.9331 0.5338 0.4067, 2.9331 0.5896 0.4682, 2.9331 0.0963 0.4361, 2.9331 0.1217 0.4496, 2.9331 0.1184 0.5203, 2.9331 0.3162 0.1331, 2.9331 0.3296 0.1585, 2.9331 0.3363 0.1866, 2.9331 0.1604 0.5251, 2.9331 0.4963 0.294, 2.9331 0.461 0.3543, 2.9331 0.3369 0.2097, 2.9331 0.3084 0.2746, 2.9331 0.3369 0.1984, 2.9331 0.2759 0.0976, 2.9331 0.2986 0.1134, 2.9331 0.1936 0.163, 2.9331 0.2029 0.1571, 2.9331 0.1654 0.0998, 2.9331 0.2136 0.1536, 2.9331 0.0912 0.2535, 2.9331 0.0971 0.1674, 2.9331 0.1149 0.1619, 2.9331 0.543 0.4067, 2.9331 0.5646 0.4041, 2.9331 0.5953 0.4663, 2.9331 0.5845 0.3964, 2.9331 0.6292 0.4495, 2.9331 0.66 0.4233, 2.9331 0.2957 0.5288, 2.9331 0.2367 0.573, 2.9331 0.2645 0.506, 2.9331 0.2099 0.55, 2.9331 0.239 0.4754, 2.9331 0.1866 0.5229, 2.9331 0.2219 0.4397, 2.9331 0.1498 0.4562, 2.9331 0.1615 0.4568, 2.9331 0.1735 0.5244, 2.9331 0.1881 0.4536, 2.9331 0.2136 0.4443, 2.9331 0.178 0.1906, 2.9331 0.1808 0.1802, 2.9331 0.186 0.171, 2.9331 0.1917 0.0888, 2.9331 0.2186 0.0846, 2.9331 0.2219 0.1528, 2.9331 0.223 0.0845, 2.9331 0.2319 0.154, 2.9331 0.2505 0.0879, 2.9331 0.2419 0.1576, 2.9331 0.2507 0.1635, 2.9331 0.2582 0.1717, 2.9331 0.6602 0.2109, 2.9331 0.6071 0.256, 2.9331 0.6292 0.1846, 2.9331 0.5902 0.2423, 2.9331 0.5945 0.1677, 2.9331 0.5701 0.233, 2.9331 0.5566 0.1597, 2.9331 0.5498 0.2291, 2.9331 0.4894 0.1597, 2.9331 0.4986 0.2291, 2.9331 0.483 0.1607, 2.9331 0.0511 0.3705, 2.9331 -0.0235 0.3543, 2.9331 0.0477 0.343, 2.9331 -0.0241 0.3407, 2.9331 0.049 0.3255, 2.9331 -0.0192 0.2989, 2.9331 0.0572 0.2977, 2.9331 -0.0036 0.2564, 2.9331 0.0708 0.2744, 2.9331 0.0238 0.2166, 2.9331 0.0563 0.1883, 2.9331 0.2635 0.2128, 2.9331 0.266 0.2022, 2.9331 0.266 0.1925, 2.9331 0.2634 0.1815, 2.9331 0.6021 0.3841, 2.9331 0.6153 0.3693, 2.9331 0.6833 0.3909, 2.9331 0.6259 0.3497, 2.9331 0.6972 0.3562, 2.9331 0.6312 0.3278, 2.9331 0.7024 0.3191, 2.9331 0.6318 0.3179, 2.9331 0.6971 0.2784, 2.9331 0.629 0.2958, 2.9331 0.6828 0.2423, 2.9331 0.6212 0.2755, 2.9331 0.6087 0.2577, 2.9331 0.0761 0.5046, 2.9331 0.0381 0.4786, 2.9331 0.0766 0.4186, 2.9331 0.0295 0.4705, 2.9331 0.0608 0.3959, 2.9331 0.0035 0.4377, 2.9331 -0.0153 0.397, 2.9331 0.5095 0.4748, 2.9331 0.5698 0.5084, 2.9331 0.4839 0.5056, 2.9331 0.5339 0.5527, 2.9331 0.4807 0.5085, 2.9331 0.5282 0.5582, 2.9331 0.4487 0.5307, 2.9331 0.4774 0.5923, 2.9331 0.413 0.5443, 2.9331 0.4202 0.6124, 2.9331 0.3744 0.549, 2.9331 0.3733 0.6174, 2.9331 0.333 0.5438, 2.9331 0.3167 0.6104, 2.9331 0.2643 0.5901, 2.9331 0.1777 0.2017, 2.9331 0.1802 0.2127, 2.9331 0.1286 0.2627, 2.9331 0.1854 0.2226, 2.9331 0.1474 0.2842, 2.9331 0.1928 0.2308, 2.9331 0.1707 0.3004, 2.9331 0.2019 0.2369, 2.9331 0.1959 0.31, 2.9331 0.2119 0.2405, 2.9331 0.223 0.3134, 2.9331 0.2219 0.2416, 2.9331 0.2369 0.3125, 2.9331 0.2317 0.2405, 2.9331 0.2644 0.3057, 2.9331 0.2422 0.2367, 2.9331 0.2885 0.2927, 2.9331 0.2514 0.2304, 2.9331 0.2586 0.2222, 2.9331 0.4928 0.2302, 2.9331 0.4655 0.1716, 2.9331 0.4681 0.1689, 2.9331 0.4962 0.2294, 2.9331 0.4755 0.1637, 2.9331 0.4564 0.1949, 2.9331 0.4575 0.1865, 2.9331 0.4605 0.1787, 2.9331 0.483 0.2291, 2.9331 0.4752 0.2261, 2.9331 0.4567 0.1992, 2.9331 0.4681 0.2211, 2.9331 0.4632 0.2157, 2.9331 0.4589 0.2079, 2.9331 0.4917 0.2302, 2.9291 0.7024 0.3191, 2.9291 0.6972 0.3562, 2.9291 0.6675 0.4129, 2.9291 0.6933 0.3659, 2.9291 0.6833 0.3909, 2.9291 0.66 0.4233, 2.9291 0.6292 0.4495, 2.9291 0.5953 0.4663, 2.9291 0.5896 0.4682, 2.9291 0.5698 0.5084, 2.9291 0.5339 0.5527, 2.9291 0.5282 0.5582, 2.9291 0.502 0.5757, 2.9291 0.4774 0.5923, 2.9291 0.4202 0.6124, 2.9291 0.3733 0.6174, 2.9291 0.3167 0.6104, 2.9291 0.2643 0.5901, 2.9291 0.2412 0.5757, 2.9291 0.2367 0.573, 2.9291 0.2099 0.55, 2.9291 0.1866 0.5229, 2.9291 0.1735 0.5244, 2.9291 0.1604 0.5251, 2.9291 0.1184 0.5203, 2.9291 0.0761 0.5046, 2.9291 0.0381 0.4786, 2.9291 0.0295 0.4705, 2.9291 -0.0213 0.3659, 2.9291 -0.0153 0.397, 2.9291 -0.0079 0.4129, 2.9291 0.0035 0.4377, 2.9291 -0.0235 0.3543, 2.9291 -0.0241 0.3407, 2.9291 -0.0192 0.2989, 2.9291 -0.0036 0.2564, 2.9291 0.0238 0.2166, 2.9291 0.0563 0.1883, 2.9291 0.0971 0.1674, 2.9291 0.1149 0.1619, 2.9291 0.1163 0.1589, 2.9291 0.1263 0.1375, 2.9291 0.1432 0.1166, 2.9291 0.1654 0.0998, 2.9291 0.1759 0.0954, 2.9291 0.1917 0.0888, 2.9291 0.2186 0.0846, 2.9291 0.223 0.0845, 2.9291 0.3369 0.1984, 2.9291 0.2505 0.0879, 2.9291 0.2702 0.0954, 2.9291 0.2759 0.0976, 2.9291 0.2986 0.1134, 2.9291 0.3162 0.1331, 2.9291 0.3296 0.1585, 2.9291 0.3297 0.1589, 2.9291 0.3363 0.1866, 2.9291 0.3369 0.2097, 2.9291 0.4963 0.294, 2.9291 0.461 0.3543, 2.9291 0.3084 0.2746, 2.9291 0.2885 0.2927, 2.9291 0.2644 0.3057, 2.9291 0.2369 0.3125, 2.9291 0.223 0.3134, 2.9291 0.1959 0.31, 2.9291 0.1707 0.3004, 2.9291 0.1474 0.2842, 2.9291 0.1286 0.2627, 2.9291 0.116 0.2382, 2.9291 0.0912 0.2535, 2.9291 0.0708 0.2744, 2.9291 0.0572 0.2977, 2.9291 0.049 0.3255, 2.9291 0.0477 0.343, 2.9291 0.0505 0.3659, 2.9291 0.0511 0.3705, 2.9291 0.0608 0.3959, 2.9291 0.0726 0.4129, 2.9291 0.0766 0.4186, 2.9291 0.0963 0.4361, 2.9291 0.1217 0.4496, 2.9291 0.1498 0.4562, 2.9291 0.1615 0.4568, 2.9291 0.1881 0.4536, 2.9291 0.2136 0.4443, 2.9291 0.2219 0.4397, 2.9291 0.239 0.4754, 2.9291 0.2645 0.506, 2.9291 0.2957 0.5288, 2.9291 0.333 0.5438, 2.9291 0.3744 0.549, 2.9291 0.413 0.5443, 2.9291 0.4487 0.5307, 2.9291 0.4807 0.5085, 2.9291 0.4839 0.5056, 2.9291 0.5095 0.4748, 2.9291 0.527 0.4381, 2.9291 0.5325 0.4129, 2.9291 0.5338 0.4067, 2.9291 0.543 0.4067, 2.9291 0.5646 0.4041, 2.9291 0.5845 0.3964, 2.9291 0.6021 0.3841, 2.9291 0.6153 0.3693, 2.9291 0.6171 0.3659, 2.9291 0.6259 0.3497, 2.9291 0.6312 0.3278, 2.9291 0.6318 0.3179, 2.9291 0.629 0.2958, 2.9291 0.6212 0.2755, 2.9291 0.6087 0.2577, 2.9291 0.6071 0.256, 2.9291 0.5902 0.2423, 2.9291 0.5701 0.233, 2.9291 0.5498 0.2291, 2.9291 0.4986 0.2291, 2.9291 0.4962 0.2294, 2.9291 0.4928 0.2302, 2.9291 0.4917 0.2302, 2.9291 0.483 0.2291, 2.9291 0.4752 0.2261, 2.9291 0.4681 0.2211, 2.9291 0.4632 0.2157, 2.9291 0.4589 0.2079, 2.9291 0.4567 0.1992, 2.9291 0.4564 0.1949, 2.9291 0.4575 0.1865, 2.9291 0.4605 0.1787, 2.9291 0.4655 0.1716, 2.9291 0.4681 0.1689, 2.9291 0.4755 0.1637, 2.9291 0.483 0.1607, 2.9291 0.4894 0.1597, 2.9291 0.5566 0.1597, 2.9291 0.5945 0.1677, 2.9291 0.6292 0.1846, 2.9291 0.6602 0.2109, 2.9291 0.6828 0.2423, 2.9291 0.6971 0.2784, 2.9291 0.2219 0.2416, 2.9291 0.2317 0.2405, 2.9291 0.2422 0.2367, 2.9291 0.2514 0.2304, 2.9291 0.2586 0.2222, 2.9291 0.2635 0.2128, 2.9291 0.266 0.2022, 2.9291 0.266 0.1925, 2.9291 0.2634 0.1815, 2.9291 0.2582 0.1717, 2.9291 0.2507 0.1635, 2.9291 0.2419 0.1576, 2.9291 0.2319 0.154, 2.9291 0.2219 0.1528, 2.9291 0.2136 0.1536, 2.9291 0.2029 0.1571, 2.9291 0.1936 0.163, 2.9291 0.186 0.171, 2.9291 0.1808 0.1802, 2.9291 0.178 0.1906, 2.9291 0.1777 0.2017, 2.9291 0.1802 0.2127, 2.9291 0.1854 0.2226, 2.9291 0.1928 0.2308, 2.9291 0.2019 0.2369, 2.9291 0.2119 0.2405, 2.9291 0.2119 0.2405
            ]
        }
        coordIndex [
            0,1,2,-1,3,4,5,-1,6,7,8,-1,9,10,11,-1,8,7,12,-1,13,14,15,-1,15,14,16,-1,15,16,17,-1,17,16,18,-1,17,18,11,-1,11,18,19,-1,11,19,9,-1,20,1,21,-1,21,1,22,-1,21,22,23,-1,24,25,2,-1,2,25,26,-1,2,26,0,-1,4,27,5,-1,5,27,28,-1,5,28,29,-1,29,28,30,-1,29,30,31,-1,31,30,32,-1,33,34,35,-1,35,34,36,-1,35,36,37,-1,37,36,38,-1,37,38,39,-1,7,40,12,-1,12,40,41,-1,12,41,42,-1,42,41,43,-1,42,43,38,-1,38,43,44,-1,38,44,39,-1,45,2,46,-1,46,2,1,-1,46,1,47,-1,47,1,20,-1,22,48,23,-1,23,48,49,-1,23,49,50,-1,50,49,51,-1,50,51,52,-1,52,51,53,-1,52,53,54,-1,54,53,18,-1,54,18,55,-1,55,18,56,-1,57,58,59,-1,59,58,60,-1,59,60,61,-1,61,60,62,-1,61,62,63,-1,63,62,64,-1,63,64,65,-1,65,64,66,-1,65,66,67,-1,68,69,70,-1,70,69,71,-1,70,71,72,-1,72,71,73,-1,72,73,74,-1,74,73,75,-1,74,75,76,-1,76,75,77,-1,76,77,24,-1,24,77,78,-1,24,78,25,-1,79,80,16,-1,16,80,81,-1,16,81,18,-1,18,81,82,-1,18,82,56,-1,30,83,32,-1,32,83,84,-1,32,84,85,-1,85,84,86,-1,85,86,87,-1,87,86,88,-1,87,88,89,-1,89,88,90,-1,89,90,91,-1,91,90,92,-1,91,92,93,-1,93,92,94,-1,93,94,57,-1,57,94,95,-1,57,95,58,-1,8,96,6,-1,6,96,97,-1,6,97,98,-1,98,97,99,-1,98,99,100,-1,100,99,101,-1,100,101,68,-1,68,101,102,-1,68,102,69,-1,3,5,103,-1,103,5,104,-1,103,104,105,-1,105,104,106,-1,105,106,107,-1,107,106,108,-1,107,108,109,-1,109,108,110,-1,109,110,111,-1,111,110,112,-1,111,112,113,-1,113,112,114,-1,113,114,115,-1,115,114,116,-1,115,116,33,-1,33,116,117,-1,33,117,34,-1,45,118,2,-1,2,118,119,-1,2,119,120,-1,120,119,121,-1,120,121,122,-1,122,121,123,-1,122,123,124,-1,124,123,125,-1,124,125,126,-1,126,125,127,-1,126,127,128,-1,128,127,129,-1,128,129,130,-1,130,129,131,-1,130,131,132,-1,132,131,133,-1,132,133,134,-1,134,133,135,-1,134,135,16,-1,16,135,136,-1,16,136,79,-1,137,138,139,-1,66,140,67,-1,67,140,137,-1,67,137,141,-1,141,137,139,-1,142,143,137,-1,137,143,144,-1,137,144,138,-1,145,146,147,-1,146,148,147,-1,147,148,149,-1,147,149,150,-1,142,137,147,-1,147,137,151,-1,147,151,145,-1,89,152,153,-1,154,32,85,-1,89,153,87,-1,87,153,155,-1,87,155,85,-1,85,155,156,-1,85,156,154,-1,154,157,32,-1,32,157,158,-1,32,158,31,-1,31,158,159,-1,31,159,29,-1,29,159,160,-1,29,160,5,-1,5,160,161,-1,5,161,104,-1,104,161,162,-1,104,162,106,-1,106,162,163,-1,106,163,108,-1,110,108,164,-1,164,108,163,-1,164,165,110,-1,110,165,166,-1,110,166,112,-1,112,166,167,-1,112,167,114,-1,114,167,168,-1,114,168,116,-1,116,168,169,-1,116,169,117,-1,117,169,34,-1,34,169,170,-1,34,170,171,-1,34,171,172,-1,34,172,36,-1,36,172,173,-1,36,173,38,-1,38,173,174,-1,38,174,42,-1,42,174,175,-1,42,175,12,-1,12,175,176,-1,12,176,8,-1,8,176,177,-1,8,177,96,-1,96,177,178,-1,96,178,97,-1,97,178,179,-1,97,179,99,-1,180,69,181,-1,181,69,102,-1,181,102,182,-1,182,102,101,-1,182,101,183,-1,183,101,99,-1,183,99,179,-1,180,184,69,-1,69,184,185,-1,69,185,71,-1,71,185,186,-1,71,186,73,-1,73,186,187,-1,73,187,75,-1,75,187,188,-1,75,188,77,-1,77,188,189,-1,77,189,78,-1,78,189,190,-1,78,190,25,-1,25,190,191,-1,25,191,26,-1,26,191,192,-1,26,192,0,-1,192,193,0,-1,0,193,194,-1,0,194,1,-1,1,194,195,-1,1,195,22,-1,22,195,196,-1,22,196,48,-1,196,197,48,-1,48,197,198,-1,48,198,49,-1,49,198,199,-1,49,199,51,-1,200,17,11,-1,51,199,201,-1,202,18,201,-1,201,18,53,-1,201,53,51,-1,202,203,18,-1,18,203,204,-1,18,204,19,-1,19,204,205,-1,19,205,9,-1,9,205,206,-1,9,206,10,-1,10,206,207,-1,10,207,11,-1,11,207,208,-1,11,208,200,-1,15,17,209,-1,209,17,200,-1,13,15,210,-1,210,15,209,-1,14,13,211,-1,211,13,210,-1,16,14,212,-1,212,14,211,-1,16,212,213,-1,16,213,134,-1,134,213,214,-1,134,214,132,-1,132,214,215,-1,132,215,130,-1,130,215,216,-1,130,216,128,-1,128,216,217,-1,128,217,126,-1,126,217,218,-1,126,218,124,-1,124,218,219,-1,124,219,122,-1,122,219,220,-1,122,220,120,-1,120,220,221,-1,120,221,2,-1,2,221,222,-1,2,222,24,-1,24,222,223,-1,24,223,76,-1,76,223,224,-1,76,224,74,-1,74,224,225,-1,74,225,72,-1,72,225,226,-1,72,226,70,-1,68,70,226,-1,226,227,68,-1,68,227,228,-1,68,228,229,-1,230,98,229,-1,229,98,100,-1,229,100,68,-1,230,231,98,-1,98,231,232,-1,98,232,6,-1,6,232,233,-1,6,233,7,-1,7,233,234,-1,7,234,40,-1,40,234,235,-1,40,235,41,-1,41,235,236,-1,41,236,43,-1,43,236,237,-1,43,237,44,-1,44,237,238,-1,44,238,39,-1,39,238,239,-1,39,239,37,-1,37,239,240,-1,37,240,35,-1,35,240,241,-1,35,241,33,-1,33,241,242,-1,33,242,115,-1,115,242,243,-1,115,243,113,-1,113,243,244,-1,113,244,111,-1,111,244,245,-1,111,245,109,-1,109,245,246,-1,109,246,107,-1,107,246,247,-1,107,247,105,-1,105,247,248,-1,105,248,103,-1,103,248,249,-1,103,249,3,-1,3,249,4,-1,4,249,250,-1,4,250,251,-1,27,4,252,-1,252,4,251,-1,27,252,253,-1,27,253,28,-1,28,253,254,-1,28,254,30,-1,30,254,255,-1,30,255,83,-1,83,255,256,-1,83,256,84,-1,84,256,257,-1,84,257,86,-1,257,258,86,-1,86,258,259,-1,86,259,88,-1,88,259,260,-1,88,260,90,-1,90,260,261,-1,90,261,92,-1,92,261,262,-1,92,262,94,-1,94,262,263,-1,94,263,95,-1,95,263,264,-1,95,264,58,-1,58,264,265,-1,58,265,60,-1,60,265,266,-1,60,266,62,-1,62,266,267,-1,62,267,64,-1,66,64,268,-1,268,64,267,-1,66,268,269,-1,66,269,140,-1,140,269,270,-1,140,270,137,-1,137,270,271,-1,137,271,151,-1,151,271,272,-1,151,272,145,-1,145,272,273,-1,145,273,146,-1,146,273,274,-1,146,274,148,-1,148,274,275,-1,148,275,149,-1,149,275,276,-1,149,276,150,-1,150,276,277,-1,150,277,147,-1,147,277,278,-1,147,278,142,-1,142,278,279,-1,142,279,143,-1,143,279,280,-1,143,280,144,-1,144,280,281,-1,144,281,138,-1,138,281,282,-1,138,282,139,-1,139,282,283,-1,139,283,141,-1,141,283,284,-1,141,284,67,-1,67,284,285,-1,67,285,65,-1,63,65,286,-1,286,65,285,-1,63,286,287,-1,63,287,61,-1,61,287,288,-1,61,288,59,-1,59,288,289,-1,59,289,57,-1,57,289,290,-1,57,290,93,-1,93,290,291,-1,93,291,91,-1,91,291,152,-1,91,152,89,-1,129,292,293,-1,129,293,131,-1,131,293,294,-1,131,294,133,-1,133,294,295,-1,133,295,135,-1,135,295,296,-1,135,296,136,-1,136,296,297,-1,136,297,79,-1,79,297,298,-1,79,298,80,-1,80,298,299,-1,80,299,81,-1,81,299,300,-1,81,300,82,-1,82,300,301,-1,82,301,56,-1,56,301,302,-1,56,302,55,-1,55,302,303,-1,55,303,54,-1,54,303,304,-1,54,304,52,-1,52,304,305,-1,52,305,50,-1,50,305,306,-1,50,306,23,-1,23,306,307,-1,23,307,21,-1,21,307,308,-1,21,308,20,-1,20,308,309,-1,20,309,47,-1,47,309,310,-1,47,310,46,-1,46,310,311,-1,46,311,45,-1,45,311,312,-1,45,312,118,-1,118,312,313,-1,118,313,119,-1,119,313,314,-1,119,314,121,-1,121,314,315,-1,121,315,123,-1,123,315,316,-1,123,316,125,-1,125,316,317,-1,125,317,127,-1,127,317,292,-1,127,292,129,-1,
        ]
    }
}
Shape{
    appearance Appearance {
        material  Material 	{
            diffuseColor 0.7529411764705882 1.0 0.7529411764705882
            specularColor 0.3764705882352941 0.5019607843137255 0.3764705882352941
            ambientIntensity 0.2
            transparency 0
            shininess 0.5
        }
    }
    geometry IndexedFaceSet {
        ccw TRUE
        solid FALSE
        coord DEF co Coordinate {
            point [
                2.9291 0.2136 0.1536, 2.9291 0.2219 0.1528, 2.9291 0.2219 0.2416, 2.9291 0.2419 0.1576, 2.9291 0.266 0.1925, 2.9291 0.2319 0.154, 2.9291 0.266 0.2022, 2.9291 0.2635 0.2128, 2.9291 0.2586 0.2222, 2.9291 0.2514 0.2304, 2.9291 0.2019 0.2369, 2.9291 0.186 0.171, 2.9291 0.1936 0.163, 2.9291 0.2422 0.2367, 2.9291 0.2317 0.2405, 2.9291 0.1808 0.1802, 2.9291 0.1928 0.2308, 2.9291 0.178 0.1906, 2.9291 0.2119 0.2405, 2.9291 0.2029 0.1571, 2.9291 0.2507 0.1635, 2.9291 0.2582 0.1717, 2.9291 0.2634 0.1815, 2.9291 0.1777 0.2017, 2.9291 0.1854 0.2226, 2.9291 0.1802 0.2127, 2.9291 0.1802 0.2127
            ]
        }
        coordIndex [
            0,1,2,-1,3,4,5,-1,5,4,6,-1,5,6,1,-1,6,7,1,-1,1,7,8,-1,1,8,9,-1,10,11,12,-1,9,13,1,-1,1,13,14,-1,1,14,2,-1,11,10,15,-1,15,10,16,-1,15,16,17,-1,2,18,0,-1,0,18,10,-1,0,10,19,-1,19,10,12,-1,3,20,4,-1,4,20,21,-1,4,21,22,-1,17,16,23,-1,23,16,24,-1,23,24,25,-1,
        ]
    }
}