#VRML V2.0 utf8
# 3D model generated by easyeda2kicad.py (https://github.com/uPesy/easyeda2kicad.py)

Shape{
    appearance Appearance {
        material  Material 	{
            diffuseColor 1.0 1.0 0.5019607843137255
            specularColor 0.5019607843137255 0.5019607843137255 0.25098039215686274
            ambientIntensity 0.2
            transparency 0
            shininess 0.5
        }
    }
    geometry IndexedFaceSet {
        ccw TRUE
        solid FALSE
        coord DEF co Coordinate {
            point [
                0.1447 -1.1024 3.5358, 0.1447 -1.1024 3.483, 0.2731 -1.1024 3.483, 0.1447 -1.1024 3.7475, 0.1447 -1.1024 3.7084, 0.2731 -1.1024 3.7084, 0.3076 -1.1024 3.5358, 0.2811 -1.1024 3.5358, 0.2811 -1.1024 3.483, 0.3241 -1.1024 3.882, 0.3342 -1.1024 3.8832, 0.2811 -1.1024 3.8832, 0.419 -1.1024 3.8667, 0.419 -1.1024 3.824, 0.455 -1.1024 3.824, 0.4272 -1.1024 3.5365, 0.4217 -1.1024 3.5358, 0.455 -1.1024 3.5358, 0.3981 -1.1024 3.5362, 0.394 -1.1024 3.5376, 0.394 -1.1024 3.5358, 0.5861 -1.1024 3.597, 0.5861 -1.1024 3.5522, 0.6111 -1.1024 3.5522, -0.515 -1.1024 3.6978, -0.513 -1.1024 3.7084, -0.8679 -1.1024 3.7084, 0.029 -1.1024 3.778, 0.0547 -1.1024 3.7562, 0.1447 -1.1024 3.8832, -0.077 -1.1024 3.8832, -0.0552 -1.1024 3.8686, -0.051 -1.1024 3.8647, -0.0209 -1.1024 3.8279, -0.0039 -1.1024 3.7936, 0.0008 -1.1024 3.792, -0.1451 -1.1024 3.9138, -0.0975 -1.1024 3.897, 0.1447 -1.1024 4.2126, -0.2686 -1.1024 3.8984, -0.2244 -1.1024 3.9137, -0.8679 -1.1024 4.2126, -0.1842 -1.1024 3.9179, -0.2942 -1.1024 3.8832, -0.8679 -1.1024 3.8832, -0.2981 -1.1024 3.8809, -0.4707 -1.1024 3.7955, -0.4631 -1.1024 3.8027, -0.4327 -1.1024 3.8236, -0.3974 -1.1024 3.8368, -0.3616 -1.1024 3.841, -0.3204 -1.1024 3.8618, -0.3507 -1.1024 3.8405, -0.3398 -1.1024 3.8391, -0.8679 -1.1024 3.7475, -0.5083 -1.1024 3.7335, -0.5019 -1.1024 3.7475, -0.4928 -1.1024 3.7674, -0.4476 -1.1024 3.5598, -0.4755 -1.1024 3.5839, -0.8679 -1.1024 3.5358, -0.4136 -1.1024 3.5427, -0.4979 -1.1024 3.6163, -0.5111 -1.1024 3.6517, -0.5153 -1.1024 3.6873, -0.3996 -1.1024 3.5384, -0.3984 -1.1024 3.5358, -0.3901 -1.1024 3.518, -0.8679 -1.1024 3.483, -0.376 -1.1024 3.5006, -0.3574 -1.1024 3.4866, -0.8679 -1.1024 1.378, -0.3355 -1.1024 3.4774, -0.3487 -1.1024 3.483, -0.2702 -1.1024 3.483, -0.2865 -1.1024 3.4767, 0.1447 -1.1024 1.378, -0.3094 -1.1024 3.4739, -0.3131 -1.1024 3.4739, -0.2205 -1.1024 3.5358, -0.2206 -1.1024 3.5355, -0.2318 -1.1024 3.5144, -0.2464 -1.1024 3.4979, -0.2653 -1.1024 3.4848, 0.0857 -1.1024 3.7002, 0.09 -1.1024 3.6693, -0.0994 -1.1024 3.5918, -0.0929 -1.1024 3.5944, -0.0817 -1.1024 3.6484, 0.0549 -1.1024 3.5792, 0.0291 -1.1024 3.5573, -0.2383 -1.1024 3.6323, -0.1111 -1.1024 3.6987, -0.2548 -1.1024 3.6474, -0.275 -1.1024 3.6582, -0.1052 -1.1024 3.5877, 0.0737 -1.1024 3.6054, 0.0307 -1.1024 3.6766, 0.0263 -1.1024 3.6948, 0.019 -1.1024 3.7084, -0.4532 -1.1024 3.7084, 0.0856 -1.1024 3.6354, -0.0855 -1.1024 3.5953, -0.0846 -1.1024 3.5952, -0.0818 -1.1024 3.5946, -0.4477 -1.1024 3.6515, -0.4363 -1.1024 3.6321, -0.3881 -1.1024 3.6224, -0.4193 -1.1024 3.6147, -0.3986 -1.1024 3.6019, -0.353 -1.1024 3.6538, -0.3724 -1.1024 3.6403, -0.4556 -1.1024 3.6892, -0.4544 -1.1024 3.6747, -0.3321 -1.1024 3.6618, -0.3094 -1.1024 3.6646, -0.2979 -1.1024 3.6639, -0.1149 -1.1024 3.5659, -0.1147 -1.1024 3.5696, -0.2146 -1.1024 3.5782, -0.1128 -1.1024 3.5769, -0.1091 -1.1024 3.5833, 0.0119 -1.1024 3.6182, 0.0224 -1.1024 3.633, 0.0289 -1.1024 3.6499, 0.0312 -1.1024 3.6684, -0.0928 -1.1024 3.5373, -0.099 -1.1024 3.5398, -0.1052 -1.1024 3.5442, -0.1074 -1.1024 3.5464, -0.1115 -1.1024 3.5524, -0.114 -1.1024 3.5588, -0.2151 -1.1024 3.5589, -0.2146 -1.1024 3.5687, 0.0001 -1.1024 3.5431, -0.0314 -1.1024 3.5365, -0.0874 -1.1024 3.5365, -0.0798 -1.1024 3.5944, -0.0371 -1.1024 3.5944, -0.0202 -1.1024 3.5976, -0.0034 -1.1024 3.6053, 0.0106 -1.1024 3.6168, -0.0504 -1.1024 3.7424, -0.4446 -1.1024 3.7333, -0.4527 -1.1024 3.7122, -0.0428 -1.1024 3.7424, 0.0175 -1.1024 3.7112, 0.0065 -1.1024 3.7235, -0.0082 -1.1024 3.7338, -0.0248 -1.1024 3.7401, -0.0708 -1.1024 3.7993, -0.0922 -1.1024 3.8249, -0.3104 -1.1024 3.7699, -0.0947 -1.1024 3.8271, -0.1214 -1.1024 3.8456, -0.2959 -1.1024 3.7999, -0.4348 -1.1024 3.7475, -0.3173 -1.1024 3.7736, -0.0515 -1.1024 3.7475, -0.0562 -1.1024 3.7687, -0.3385 -1.1024 3.7814, -0.3607 -1.1024 3.7841, -0.3705 -1.1024 3.7836, -0.2746 -1.1024 3.8253, -0.1511 -1.1024 3.857, -0.2492 -1.1024 3.8439, -0.1833 -1.1024 3.861, -0.2182 -1.1024 3.8565, -0.3939 -1.1024 3.7781, -0.4151 -1.1024 3.7669, -0.4315 -1.1024 3.7522, 0.061 -1.1024 3.7475, 0.0741 -1.1024 3.7292, 0.0824 -1.1024 3.7084, 0.6406 -1.1024 3.5522, 0.6406 -1.1024 3.5369, 0.6533 -1.1024 3.5358, 0.6111 -1.1024 3.5358, 0.6533 -1.1024 3.7084, 0.6376 -1.1024 3.6704, 0.6376 -1.1024 3.655, 0.6338 -1.1024 3.6123, 0.6338 -1.1024 3.597, 0.6111 -1.1024 3.597, 0.6111 -1.1024 3.655, 0.6111 -1.1024 3.6123, 0.5861 -1.1024 3.655, 0.5861 -1.1024 3.6123, 0.6111 -1.1024 3.5369, 0.5689 -1.1024 3.5369, 0.5599 -1.1024 3.5358, 0.5689 -1.1024 3.6704, 0.2898 -1.1024 3.5763, 0.2933 -1.1024 3.5818, 0.2964 -1.1024 3.6093, 0.3333 -1.1024 3.6203, 0.3276 -1.1024 3.6209, 0.3187 -1.1024 3.5936, 0.3863 -1.1024 3.5575, 0.3637 -1.1024 3.5983, 0.3863 -1.1024 3.5403, 0.3637 -1.1024 3.5369, 0.3378 -1.1024 3.5414, 0.333 -1.1024 3.5382, 0.3469 -1.1024 3.5369, 0.3265 -1.1024 3.5358, 0.2982 -1.1024 3.5863, 0.3049 -1.1024 3.59, 0.3079 -1.1024 3.6166, 0.3184 -1.1024 3.62, 0.3073 -1.1024 3.5358, 0.3009 -1.1024 3.5383, 0.2953 -1.1024 3.5422, 0.2878 -1.1024 3.5702, 0.2811 -1.1024 3.7084, 0.2871 -1.1024 3.5625, 0.2881 -1.1024 3.554, 0.2964 -1.1024 3.6256, 0.2998 -1.1024 3.6275, 0.3122 -1.1024 3.6324, 0.3936 -1.1024 3.5531, 0.394 -1.1024 3.553, 0.394 -1.1024 3.5885, 0.3469 -1.1024 3.5517, 0.3465 -1.1024 3.5517, 0.3432 -1.1024 3.5468, 0.2938 -1.1024 3.5436, 0.2903 -1.1024 3.5486, 0.3871 -1.1024 3.6, 0.362 -1.1024 3.6123, 0.3864 -1.1024 3.6065, 0.3469 -1.1024 3.5975, 0.3464 -1.1024 3.6049, 0.3446 -1.1024 3.6109, 0.3427 -1.1024 3.6143, 0.3292 -1.1024 3.6344, 0.3407 -1.1024 3.6332, 0.3474 -1.1024 3.6309, 0.3871 -1.1024 3.6125, 0.389 -1.1024 3.6179, 0.3593 -1.1024 3.6195, 0.3921 -1.1024 3.6224, 0.3557 -1.1024 3.6246, 0.3527 -1.1024 3.6276, 0.3939 -1.1024 3.5886, 0.3911 -1.1024 3.5915, 0.389 -1.1024 3.5949, 0.3401 -1.1024 3.617, 0.3372 -1.1024 3.6189, 0.4013 -1.1024 3.5358, 0.394 -1.1024 3.483, 0.4122 -1.1024 3.5347, 0.4461 -1.1024 3.6302, 0.4461 -1.1024 3.614, 0.394 -1.1024 3.6241, 0.394 -1.1024 3.7084, 0.3971 -1.1024 3.6269, 0.4012 -1.1024 3.6294, 0.4499 -1.1024 3.5562, 0.4478 -1.1024 3.5509, 0.4447 -1.1024 3.5464, 0.4102 -1.1024 3.6328, 0.4235 -1.1024 3.6344, 0.455 -1.1024 3.7084, 0.4352 -1.1024 3.6334, 0.4451 -1.1024 3.5786, 0.4482 -1.1024 3.574, 0.45 -1.1024 3.5691, 0.4507 -1.1024 3.5629, 0.4399 -1.1024 3.5423, 0.436 -1.1024 3.5399, 0.4219 -1.1024 3.6209, 0.4169 -1.1024 3.6205, 0.4036 -1.1024 3.608, 0.4125 -1.1024 3.6193, 0.4087 -1.1024 3.6173, 0.4038 -1.1024 3.6058, 0.4044 -1.1024 3.6032, 0.4057 -1.1024 3.601, 0.4073 -1.1024 3.5992, 0.4132 -1.1024 3.5955, 0.432 -1.1024 3.6198, 0.4235 -1.1024 3.591, 0.4415 -1.1024 3.6166, 0.43 -1.1024 3.5884, 0.4411 -1.1024 3.5822, 0.4062 -1.1024 3.6151, 0.4048 -1.1024 3.613, 0.4039 -1.1024 3.6107, 0.4041 -1.1024 3.5494, 0.4117 -1.1024 3.5788, 0.4018 -1.1024 3.5834, 0.4138 -1.1024 3.5483, 0.4145 -1.1024 3.5483, 0.4227 -1.1024 3.5742, 0.4231 -1.1024 3.5493, 0.4335 -1.1024 3.5612, 0.4334 -1.1024 3.5633, 0.4274 -1.1024 3.5509, 0.4289 -1.1024 3.5518, 0.4309 -1.1024 3.5535, 0.4323 -1.1024 3.5557, 0.4332 -1.1024 3.558, 0.4326 -1.1024 3.5659, 0.4313 -1.1024 3.5681, 0.4292 -1.1024 3.5703, 0.7022 -1.1024 3.7851, 0.6533 -1.1024 3.7851, 0.7158 -1.1024 3.7486, 0.6533 -1.1024 3.7475, 0.7349 -1.1024 3.7486, 2.0079 -1.1024 3.7475, 2.0079 -1.1024 3.8832, 0.684 -1.1024 3.8821, 0.6533 -1.1024 3.8832, 0.6467 -1.1024 3.7851, 0.6338 -1.1024 3.7486, 0.6111 -1.1024 3.7475, 0.6148 -1.1024 3.7486, 0.6111 -1.1024 3.8832, 0.6533 -1.1024 3.8496, 0.6656 -1.1024 3.8821, 0.5599 -1.1024 3.7475, 0.5582 -1.1024 3.7514, 0.5354 -1.1024 3.7486, 0.5368 -1.1024 3.8821, 0.5599 -1.1024 3.8832, 0.4861 -1.1024 3.8832, 0.4861 -1.1024 3.7475, 0.4987 -1.1024 3.7486, 0.4987 -1.1024 3.8821, 0.6038 -1.1024 3.793, 0.5972 -1.1024 3.7792, 0.5919 -1.1024 3.8599, 0.6002 -1.1024 3.8482, 0.5873 -1.1024 3.7673, 0.5734 -1.1024 3.7574, 0.5599 -1.1024 3.7521, 0.5873 -1.1024 3.8644, 0.5572 -1.1024 3.8798, 0.5599 -1.1024 3.8789, 0.5733 -1.1024 3.874, 0.6052 -1.1024 3.8355, 0.6074 -1.1024 3.8171, 0.607 -1.1024 3.8086, 0.455 -1.1024 3.8832, 0.4705 -1.1024 3.8821, 0.455 -1.1024 3.8821, 0.419 -1.1024 3.7639, 0.455 -1.1024 3.7639, 0.419 -1.1024 3.8087, 0.455 -1.1024 3.8087, 0.4667 -1.1024 3.8087, 0.4735 -1.1024 3.7639, 0.4667 -1.1024 3.824, 0.4705 -1.1024 3.8667, 0.455 -1.1024 3.8667, 0.4018 -1.1024 3.7486, 0.394 -1.1024 3.7475, 0.455 -1.1024 3.7475, 0.4735 -1.1024 3.7486, 0.455 -1.1024 3.7486, 0.4018 -1.1024 3.8821, 0.394 -1.1024 3.8832, 0.3577 -1.1024 3.8832, 0.3609 -1.1024 3.883, 0.375 -1.1024 3.8789, 0.375 -1.1024 3.8609, 0.375 -1.1024 3.7707, 0.375 -1.1024 3.7542, 0.3728 -1.1024 3.753, 0.3584 -1.1024 3.7483, 0.3499 -1.1024 3.7475, 0.36 -1.1024 3.8668, 0.3436 -1.1024 3.8688, 0.3736 -1.1024 3.8617, 0.3366 -1.1024 3.8684, 0.3252 -1.1024 3.8658, 0.3149 -1.1024 3.8606, 0.3072 -1.1024 3.854, 0.3064 -1.1024 3.853, 0.2999 -1.1024 3.8438, 0.2954 -1.1024 3.8323, 0.2932 -1.1024 3.8139, 0.2935 -1.1024 3.807, 0.2959 -1.1024 3.7941, 0.3468 -1.1024 3.762, 0.3619 -1.1024 3.7648, 0.3177 -1.1024 3.767, 0.3272 -1.1024 3.7634, 0.3406 -1.1024 3.7617, 0.3005 -1.1024 3.7836, 0.3063 -1.1024 3.7758, 0.309 -1.1024 3.7732, 0.3434 -1.1024 3.8843, 0.2811 -1.1024 4.2126, 0.394 -1.1024 4.2126, 0.3435 -1.1024 3.8843, 0.2847 -1.1024 3.8521, 0.2944 -1.1024 3.8647, 0.2977 -1.1024 3.8678, 0.3101 -1.1024 3.8766, 0.2811 -1.1024 3.7826, 0.2778 -1.1024 3.791, 0.2731 -1.1024 3.7475, 0.2751 -1.1024 3.8128, 0.2754 -1.1024 3.8198, 0.2731 -1.1024 3.8832, 0.2784 -1.1024 3.8372, 0.2811 -1.1024 3.8436, 0.303 -1.1024 3.7557, 0.2923 -1.1024 3.7646, 0.2811 -1.1024 3.7475, 0.2832 -1.1024 3.7771, 0.3381 -1.1024 3.7464, 0.33 -1.1024 3.7468, 0.3264 -1.1024 3.7475, 0.3156 -1.1024 3.7498, 0.3263 -1.1024 3.5357, 0.3173 -1.1024 3.5347, 0.5335 -1.1024 3.6323, 0.5509 -1.1024 3.6323, 0.5599 -1.1024 3.7084, 0.6111 -1.1024 3.6704, 0.6111 -1.1024 3.7084, 0.5128 -1.1024 3.5358, 0.503 -1.1024 3.5606, 0.505 -1.1024 3.5528, 0.5055 -1.1024 3.5528, 0.4861 -1.1024 3.7084, 0.4861 -1.1024 3.609, 0.5075 -1.1024 3.5605, 0.5062 -1.1024 3.556, 0.4861 -1.1024 3.5358, 0.4861 -1.1024 3.5642, 0.4594 -1.1024 3.6323, 0.4781 -1.1024 3.6323, 0.4968 -1.1024 3.5371, 0.4962 -1.1024 3.5358, 0.4894 -1.1024 3.5198, 0.455 -1.1024 3.483, 0.4628 -1.1024 3.4934, 0.4628 -1.1024 3.5083, 0.4829 -1.1024 3.5102, 0.4861 -1.1024 3.5137, 0.4861 -1.1024 3.5138, 0.4662 -1.1024 3.5072, 0.4723 -1.1024 3.5064, 0.4861 -1.1024 3.495, 0.4804 -1.1024 3.4928, 0.4861 -1.1024 3.483, 0.4736 -1.1024 3.492, 0.4699 -1.1024 3.4922, 0.4767 -1.1024 3.5069, 0.4803 -1.1024 3.5084, 0.5076 -1.1024 3.5225, 0.5 -1.1024 3.5078, 0.5599 -1.1024 3.483, 0.4939 -1.1024 3.5005, 0.4928 -1.1024 3.4994, 0.4869 -1.1024 3.4953, -1.2205 -1.1024 1.378, -1.2205 -1.1024 3.483, -1.2205 -1.1024 3.5358, -1.2205 -1.1024 3.7084, -1.2205 -1.1024 3.7475, -1.2205 -1.1024 3.8832, -1.2205 -1.1024 4.2126, 0.2697 -1.1024 3.7639, 0.2697 -1.1024 3.7486, 0.1993 -1.1024 3.7486, 0.2165 -1.1024 3.8821, 0.2165 -1.1024 3.7639, 0.1993 -1.1024 3.8821, 0.2731 -1.1024 3.5358, 0.2711 -1.1024 3.5369, 0.1993 -1.1024 3.5369, 0.2711 -1.1024 3.5522, 0.268 -1.1024 3.655, 0.2165 -1.1024 3.597, 0.2165 -1.1024 3.5522, 0.2642 -1.1024 3.597, 0.2642 -1.1024 3.6123, 0.2165 -1.1024 3.6123, 0.2165 -1.1024 3.655, 0.1993 -1.1024 3.6704, 0.268 -1.1024 3.6704, 0.2731 -1.1024 4.2126, 0.455 -1.1024 4.2126, 0.4861 -1.1024 4.2126, 0.5599 -1.1024 4.2126, 0.6111 -1.1024 4.2126, 0.6533 -1.1024 4.2126, 2.0079 -1.1024 4.2126, 0.6659 -1.1024 3.5369, 0.6659 -1.1024 3.6704, 0.7026 -1.1024 3.5369, 0.883 -1.1024 3.5369, 0.902 -1.1024 3.5369, 2.0079 -1.1024 3.5358, 0.8512 -1.1024 3.6704, 2.0079 -1.1024 3.7084, 0.8693 -1.1024 3.5734, 0.8138 -1.1024 3.5734, 0.8009 -1.1024 3.5369, 0.7819 -1.1024 3.5369, 0.8327 -1.1024 3.6704, 0.7643 -1.1024 3.5674, 0.7544 -1.1024 3.5556, 0.7405 -1.1024 3.5457, 0.7253 -1.1024 3.5397, 0.7544 -1.1024 3.6527, 0.7591 -1.1024 3.6482, 0.7673 -1.1024 3.6365, 0.7723 -1.1024 3.6238, 0.7039 -1.1024 3.6704, 0.7243 -1.1024 3.6681, 0.7404 -1.1024 3.6623, 0.7745 -1.1024 3.6054, 0.7741 -1.1024 3.5969, 0.7709 -1.1024 3.5813, 0.6111 -1.1024 3.483, 0.6533 -1.1024 3.483, 2.0079 -1.1024 3.483, 0.2731 -1.1024 1.378, 0.2811 -1.1024 1.378, 0.394 -1.1024 1.378, 0.455 -1.1024 1.378, 0.4861 -1.1024 1.378, 0.5599 -1.1024 1.378, 0.6111 -1.1024 1.378, 0.6533 -1.1024 1.378, 2.0079 -1.1024 1.378, 2.0079 1.1024 4.2126, 2.0079 1.1024 1.378, -1.2205 1.1024 4.2126, -1.2205 1.1024 1.378, -2.0079 -0.315 4.2126, -2.0079 0.315 4.2126, -2.0079 -0.315 1.378, -2.0079 0.315 1.378, -1.3741 1.0872 1.378, -1.3741 1.0872 4.2126, -1.5218 1.0424 1.378, -1.5218 1.0424 4.2126, -1.6579 0.9697 1.378, -1.6579 0.9697 4.2126, -1.7772 0.8717 1.378, -1.7772 0.8717 4.2126, -1.8752 0.7524 1.378, -1.8752 0.7524 4.2126, -1.9479 0.6163 1.378, -1.9479 0.6163 4.2126, -1.9927 0.4686 1.378, -1.9927 0.4686 4.2126, -1.9927 -0.4686 1.378, -1.9927 -0.4686 4.2126, -1.9479 -0.6163 1.378, -1.9479 -0.6163 4.2126, -1.8752 -0.7524 1.378, -1.8752 -0.7524 4.2126, -1.7772 -0.8717 1.378, -1.7772 -0.8717 4.2126, -1.6579 -0.9697 1.378, -1.6579 -0.9697 4.2126, -1.5218 -1.0424 1.378, -1.5218 -1.0424 4.2126, -1.3741 -1.0872 1.378, -1.3741 -1.0872 4.2126, -1.3741 -1.0872 4.2126
            ]
        }
        coordIndex [
            0,1,2,-1,3,4,5,-1,6,7,8,-1,9,10,11,-1,12,13,14,-1,15,16,17,-1,18,19,20,-1,21,22,23,-1,24,25,26,-1,27,28,29,-1,29,28,3,-1,30,31,29,-1,29,31,32,-1,29,32,33,-1,33,34,29,-1,29,34,35,-1,29,35,27,-1,36,37,38,-1,39,40,41,-1,41,40,38,-1,38,40,42,-1,38,42,36,-1,39,41,43,-1,43,41,44,-1,43,44,45,-1,44,46,47,-1,47,48,44,-1,44,48,49,-1,44,49,45,-1,45,49,50,-1,45,50,51,-1,51,50,52,-1,51,52,53,-1,26,25,54,-1,25,55,54,-1,54,55,56,-1,54,56,44,-1,44,56,57,-1,44,57,46,-1,58,59,60,-1,58,60,61,-1,59,62,60,-1,60,62,63,-1,60,63,26,-1,26,63,64,-1,26,64,24,-1,65,61,66,-1,66,61,60,-1,66,60,67,-1,67,60,68,-1,67,68,69,-1,69,68,70,-1,71,72,68,-1,68,72,73,-1,68,73,70,-1,74,75,76,-1,76,75,77,-1,76,77,71,-1,71,77,78,-1,71,78,72,-1,0,79,1,-1,1,79,80,-1,1,80,81,-1,81,82,1,-1,1,82,83,-1,1,83,74,-1,84,85,4,-1,86,87,88,-1,89,90,0,-1,91,92,93,-1,93,92,94,-1,86,88,95,-1,89,0,96,-1,97,98,92,-1,92,98,99,-1,92,99,100,-1,4,85,0,-1,0,85,101,-1,0,101,96,-1,87,102,88,-1,88,102,103,-1,88,103,104,-1,105,106,107,-1,107,106,108,-1,107,108,109,-1,110,100,111,-1,111,100,112,-1,111,112,107,-1,107,112,113,-1,107,113,105,-1,110,114,100,-1,100,114,115,-1,100,115,92,-1,92,115,116,-1,92,116,94,-1,117,118,119,-1,119,118,120,-1,119,120,88,-1,88,120,121,-1,88,121,95,-1,122,123,88,-1,88,123,124,-1,88,124,92,-1,92,124,125,-1,92,125,97,-1,126,127,79,-1,79,127,128,-1,79,128,129,-1,129,130,79,-1,79,130,131,-1,79,131,132,-1,132,131,117,-1,132,117,133,-1,133,117,119,-1,90,134,0,-1,0,134,135,-1,0,135,79,-1,79,135,136,-1,79,136,126,-1,104,137,88,-1,88,137,138,-1,88,138,139,-1,139,140,88,-1,88,140,141,-1,88,141,122,-1,142,143,144,-1,144,100,142,-1,142,100,99,-1,142,99,145,-1,145,99,146,-1,146,147,145,-1,145,147,148,-1,145,148,149,-1,150,151,152,-1,151,153,152,-1,152,153,154,-1,152,154,155,-1,156,152,157,-1,143,142,156,-1,156,142,158,-1,156,158,152,-1,152,158,159,-1,152,159,150,-1,157,160,156,-1,156,160,161,-1,156,161,162,-1,155,154,163,-1,163,154,164,-1,163,164,165,-1,165,164,166,-1,165,166,167,-1,168,169,162,-1,162,169,170,-1,162,170,156,-1,28,171,3,-1,3,171,172,-1,3,172,4,-1,4,172,173,-1,4,173,84,-1,174,175,176,-1,176,175,177,-1,178,179,180,-1,181,182,174,-1,174,182,23,-1,23,182,183,-1,23,183,21,-1,180,184,185,-1,185,184,186,-1,185,186,187,-1,175,188,177,-1,177,188,189,-1,177,189,190,-1,190,189,191,-1,192,193,194,-1,195,196,197,-1,198,199,200,-1,200,199,201,-1,200,201,19,-1,202,203,204,-1,204,203,205,-1,204,205,201,-1,193,206,194,-1,194,206,207,-1,194,207,208,-1,208,207,197,-1,208,197,209,-1,209,197,196,-1,6,210,7,-1,7,210,211,-1,7,211,212,-1,213,214,215,-1,215,214,7,-1,215,7,216,-1,192,194,213,-1,213,194,217,-1,213,217,214,-1,214,217,218,-1,214,218,219,-1,220,221,222,-1,223,224,204,-1,204,224,225,-1,204,225,202,-1,212,226,7,-1,7,226,227,-1,7,227,216,-1,199,228,229,-1,229,228,230,-1,231,232,197,-1,197,232,233,-1,197,233,234,-1,220,222,198,-1,219,235,214,-1,214,235,236,-1,214,236,237,-1,230,238,229,-1,229,238,239,-1,229,239,240,-1,240,239,241,-1,240,241,242,-1,242,241,243,-1,222,244,198,-1,198,244,245,-1,198,245,199,-1,199,245,246,-1,199,246,228,-1,234,247,197,-1,197,247,248,-1,197,248,195,-1,18,20,249,-1,249,20,250,-1,249,250,251,-1,252,253,17,-1,241,254,255,-1,255,254,256,-1,255,256,257,-1,258,259,17,-1,17,259,260,-1,257,261,255,-1,255,261,262,-1,255,262,263,-1,263,262,264,-1,263,264,252,-1,265,266,253,-1,253,266,267,-1,253,267,17,-1,17,267,268,-1,17,268,258,-1,260,269,17,-1,17,269,270,-1,17,270,15,-1,271,272,273,-1,273,272,274,-1,273,274,275,-1,273,276,271,-1,271,276,277,-1,271,277,278,-1,278,279,271,-1,271,279,280,-1,271,280,281,-1,281,280,282,-1,281,282,283,-1,283,282,284,-1,283,284,253,-1,253,284,285,-1,253,285,265,-1,286,287,275,-1,275,287,288,-1,275,288,273,-1,289,290,221,-1,221,290,291,-1,221,291,222,-1,289,292,290,-1,290,292,293,-1,290,293,294,-1,294,293,295,-1,294,296,297,-1,295,298,294,-1,294,298,299,-1,294,299,300,-1,300,301,294,-1,294,301,302,-1,294,302,296,-1,297,303,294,-1,294,303,304,-1,294,304,305,-1,306,307,308,-1,308,307,309,-1,308,309,310,-1,311,312,313,-1,313,312,314,-1,307,315,309,-1,309,315,316,-1,309,316,317,-1,317,316,318,-1,317,318,319,-1,319,318,320,-1,319,320,314,-1,314,320,321,-1,314,321,313,-1,322,323,324,-1,325,326,327,-1,322,324,328,-1,328,324,329,-1,328,329,327,-1,327,329,330,-1,327,330,325,-1,331,332,317,-1,333,334,319,-1,332,335,317,-1,317,335,336,-1,317,336,322,-1,322,336,337,-1,322,337,323,-1,333,319,338,-1,325,339,326,-1,326,339,340,-1,326,340,319,-1,319,340,341,-1,319,341,338,-1,334,342,319,-1,319,342,343,-1,319,343,317,-1,317,343,344,-1,317,344,331,-1,327,345,346,-1,346,345,347,-1,348,349,350,-1,350,349,351,-1,351,349,352,-1,352,349,353,-1,352,353,354,-1,354,353,355,-1,354,355,14,-1,14,355,356,-1,14,356,12,-1,357,358,359,-1,346,355,327,-1,327,355,353,-1,327,353,328,-1,328,353,360,-1,328,360,359,-1,359,360,361,-1,359,361,357,-1,347,345,362,-1,362,345,363,-1,362,363,357,-1,364,365,363,-1,363,365,366,-1,363,366,367,-1,368,369,358,-1,369,370,358,-1,358,370,371,-1,358,371,372,-1,373,374,368,-1,357,363,358,-1,358,363,367,-1,358,367,368,-1,368,367,375,-1,368,375,373,-1,374,376,368,-1,368,376,377,-1,368,377,378,-1,378,379,368,-1,368,379,380,-1,368,380,381,-1,381,382,368,-1,368,382,383,-1,368,383,384,-1,385,386,384,-1,384,386,387,-1,384,387,368,-1,388,389,390,-1,385,391,386,-1,386,391,392,-1,386,392,390,-1,390,392,393,-1,390,393,388,-1,10,394,395,-1,395,394,396,-1,396,394,397,-1,396,397,364,-1,11,398,399,-1,399,400,11,-1,11,400,401,-1,11,401,9,-1,402,403,404,-1,405,406,407,-1,407,406,408,-1,407,408,11,-1,11,408,409,-1,11,409,398,-1,410,411,412,-1,412,411,413,-1,414,415,214,-1,214,415,416,-1,214,416,412,-1,412,416,417,-1,412,417,410,-1,372,414,255,-1,255,414,214,-1,255,214,241,-1,241,214,237,-1,241,237,243,-1,19,201,20,-1,20,201,205,-1,20,205,250,-1,250,205,418,-1,250,418,8,-1,8,418,419,-1,8,419,6,-1,420,421,422,-1,179,178,423,-1,423,178,424,-1,423,424,191,-1,191,424,422,-1,191,422,190,-1,190,422,421,-1,190,421,425,-1,426,427,428,-1,422,429,420,-1,420,429,430,-1,420,430,431,-1,431,430,426,-1,431,426,432,-1,432,426,428,-1,433,434,17,-1,17,434,435,-1,252,17,263,-1,263,17,435,-1,263,435,429,-1,429,435,436,-1,429,436,430,-1,437,434,438,-1,438,434,433,-1,438,433,439,-1,440,441,442,-1,443,444,433,-1,433,444,445,-1,433,445,439,-1,251,250,16,-1,16,250,440,-1,16,440,17,-1,17,440,442,-1,17,442,433,-1,433,442,446,-1,433,446,447,-1,448,449,450,-1,450,449,451,-1,450,451,440,-1,440,451,452,-1,440,452,441,-1,447,453,433,-1,433,453,454,-1,433,454,443,-1,455,456,457,-1,455,457,425,-1,456,458,457,-1,457,458,459,-1,457,459,450,-1,450,459,460,-1,450,460,448,-1,461,71,462,-1,462,71,68,-1,462,68,463,-1,463,68,60,-1,463,60,464,-1,464,60,26,-1,464,26,465,-1,465,26,54,-1,465,54,466,-1,466,54,44,-1,466,44,467,-1,467,44,41,-1,468,469,404,-1,404,469,470,-1,471,407,29,-1,403,405,404,-1,404,405,407,-1,404,407,468,-1,468,407,471,-1,468,471,472,-1,5,404,3,-1,3,404,470,-1,3,470,29,-1,29,470,473,-1,29,473,471,-1,474,475,476,-1,475,474,477,-1,477,474,5,-1,477,5,478,-1,479,480,481,-1,481,480,477,-1,481,477,482,-1,482,477,478,-1,482,478,483,-1,483,478,484,-1,2,474,0,-1,0,474,476,-1,0,476,4,-1,4,476,485,-1,4,485,5,-1,5,485,486,-1,5,486,478,-1,10,395,11,-1,11,395,487,-1,11,487,407,-1,407,487,38,-1,407,38,29,-1,29,38,37,-1,29,37,30,-1,2,8,474,-1,474,8,7,-1,474,7,5,-1,5,7,214,-1,5,214,404,-1,404,214,412,-1,404,412,402,-1,402,412,413,-1,372,255,358,-1,358,255,263,-1,358,263,359,-1,359,263,429,-1,359,429,328,-1,328,429,422,-1,328,422,322,-1,322,422,424,-1,322,424,317,-1,317,424,178,-1,317,178,309,-1,364,363,396,-1,396,363,345,-1,396,345,488,-1,488,345,327,-1,488,327,489,-1,489,327,326,-1,489,326,490,-1,490,326,319,-1,490,319,491,-1,491,319,314,-1,491,314,492,-1,492,314,312,-1,492,312,493,-1,494,495,178,-1,185,181,180,-1,180,181,174,-1,180,174,178,-1,178,174,176,-1,178,176,494,-1,494,176,496,-1,497,176,498,-1,498,176,499,-1,498,499,500,-1,500,499,501,-1,502,503,497,-1,497,503,504,-1,497,504,176,-1,176,504,505,-1,176,505,496,-1,313,310,311,-1,311,310,309,-1,311,309,501,-1,501,309,178,-1,501,178,500,-1,500,178,506,-1,505,507,508,-1,508,509,505,-1,505,509,510,-1,505,510,496,-1,511,512,506,-1,506,512,513,-1,506,513,514,-1,495,515,178,-1,178,515,516,-1,178,516,506,-1,506,516,517,-1,506,517,511,-1,514,518,506,-1,506,518,519,-1,506,519,505,-1,505,519,520,-1,505,520,507,-1,425,457,190,-1,190,457,521,-1,190,521,177,-1,177,521,522,-1,177,522,176,-1,176,522,523,-1,176,523,499,-1,74,76,1,-1,1,76,524,-1,1,524,2,-1,2,524,525,-1,2,525,8,-1,8,525,526,-1,8,526,250,-1,250,526,527,-1,250,527,440,-1,440,527,528,-1,440,528,450,-1,450,528,529,-1,450,529,457,-1,457,529,530,-1,457,530,521,-1,521,530,531,-1,521,531,522,-1,522,531,532,-1,522,532,523,-1,533,493,534,-1,534,493,532,-1,535,533,536,-1,536,533,534,-1,537,538,539,-1,539,538,540,-1,535,536,541,-1,535,541,542,-1,542,541,543,-1,542,543,544,-1,544,543,545,-1,544,545,546,-1,546,545,547,-1,546,547,548,-1,548,547,549,-1,548,549,550,-1,550,549,551,-1,550,551,552,-1,552,551,553,-1,552,553,554,-1,554,553,540,-1,554,540,538,-1,537,539,555,-1,537,555,556,-1,556,555,557,-1,556,557,558,-1,558,557,559,-1,558,559,560,-1,560,559,561,-1,560,561,562,-1,562,561,563,-1,562,563,564,-1,564,563,565,-1,564,565,566,-1,566,565,567,-1,566,567,568,-1,568,567,461,-1,568,461,467,-1,
        ]
    }
}
Shape{
    appearance Appearance {
        material  Material 	{
            diffuseColor 0.7529411764705882 0.7529411764705882 0.0
            specularColor 0.3764705882352941 0.3764705882352941 0.0
            ambientIntensity 0.2
            transparency 0
            shininess 0.5
        }
    }
    geometry IndexedFaceSet {
        ccw TRUE
        solid FALSE
        coord DEF co Coordinate {
            point [
                0.9252 0.4886 3.2283, 0.9252 0.4886 1.063, 0.848 0.4729 3.2283, 0.8192 0.4636 1.063, 0.8198 0.4621 3.2283, 0.7707 0.4434 3.2283, 0.7213 0.416 1.063, 0.7221 0.4147 3.2283, 0.6995 0.4014 3.2283, 0.6363 0.348 1.063, 0.6363 0.348 3.2283, 0.5829 0.2848 3.2283, 0.5683 0.2629 1.063, 0.5696 0.2622 3.2283, 0.5409 0.2135 3.2283, 0.5206 0.165 1.063, 0.5221 0.1645 3.2283, 0.5114 0.1363 3.2283, 0.4957 0.0591 1.063, 0.4957 0.0591 3.2283, 1.4728 0.0591 3.2283, 1.4728 0.0591 1.063, 1.4571 0.1363 3.2283, 1.4479 0.165 1.063, 1.4464 0.1645 3.2283, 1.4276 0.2135 3.2283, 1.4002 0.2629 1.063, 1.3989 0.2622 3.2283, 1.3856 0.2848 3.2283, 1.3322 0.348 1.063, 1.3322 0.348 3.2283, 1.269 0.4014 3.2283, 1.2472 0.416 1.063, 1.2464 0.4147 3.2283, 1.1978 0.4434 3.2283, 1.1493 0.4636 1.063, 1.1487 0.4621 3.2283, 1.1205 0.4729 3.2283, 1.0433 0.4886 1.063, 1.0433 0.4886 3.2283, 0.4957 -0.0591 3.2283, 0.4957 -0.0591 1.063, 0.5114 -0.1363 3.2283, 0.5206 -0.165 1.063, 0.5221 -0.1645 3.2283, 0.5409 -0.2135 3.2283, 0.5683 -0.2629 1.063, 0.5696 -0.2622 3.2283, 0.5829 -0.2848 3.2283, 0.6363 -0.348 1.063, 0.6363 -0.348 3.2283, 0.6995 -0.4014 3.2283, 0.7213 -0.416 1.063, 0.7221 -0.4147 3.2283, 0.7707 -0.4434 3.2283, 0.8192 -0.4636 1.063, 0.8198 -0.4621 3.2283, 0.848 -0.4729 3.2283, 0.9252 -0.4886 1.063, 0.9252 -0.4886 3.2283, 1.0433 -0.4886 3.2283, 1.0433 -0.4886 1.063, 1.1205 -0.4729 3.2283, 1.1493 -0.4636 1.063, 1.1487 -0.4621 3.2283, 1.1978 -0.4434 3.2283, 1.2472 -0.416 1.063, 1.2464 -0.4147 3.2283, 1.269 -0.4014 3.2283, 1.3322 -0.348 1.063, 1.3322 -0.348 3.2283, 1.3856 -0.2848 3.2283, 1.4002 -0.2629 1.063, 1.3989 -0.2622 3.2283, 1.4276 -0.2135 3.2283, 1.4479 -0.165 1.063, 1.4464 -0.1645 3.2283, 1.4571 -0.1363 3.2283, 1.4728 -0.0591 1.063, 1.4728 -0.0591 3.2283, 0.7005 0.0818 3.4252, 0.6949 0.0591 3.4252, 0.9252 0.0591 3.4252, 0.9252 0.2893 3.4252, 0.9025 0.2837 3.4252, 0.8561 0.266 3.4252, 0.8134 0.2408 3.4252, 0.7755 0.2088 3.4252, 0.7434 0.1709 3.4252, 0.7182 0.1281 3.4252, 1.2736 0.0591 3.4252, 1.268 0.0818 3.4252, 1.0433 0.0591 3.4252, 1.2503 0.1281 3.4252, 1.1551 0.2408 3.4252, 1.1124 0.266 3.4252, 1.066 0.2837 3.4252, 1.0433 0.2893 3.4252, 1.2251 0.1709 3.4252, 1.193 0.2088 3.4252, 0.9025 -0.2837 3.4252, 0.9252 -0.2893 3.4252, 0.9252 -0.0591 3.4252, 0.6949 -0.0591 3.4252, 0.7005 -0.0818 3.4252, 0.7182 -0.1281 3.4252, 0.7434 -0.1709 3.4252, 0.7755 -0.2088 3.4252, 0.8134 -0.2408 3.4252, 0.8561 -0.266 3.4252, 1.0433 -0.2893 3.4252, 1.066 -0.2837 3.4252, 1.0433 -0.0591 3.4252, 1.1124 -0.266 3.4252, 1.2251 -0.1709 3.4252, 1.2503 -0.1281 3.4252, 1.268 -0.0818 3.4252, 1.2736 -0.0591 3.4252, 1.1551 -0.2408 3.4252, 1.193 -0.2088 3.4252, 0.7736 0.4373 3.2793, 0.7033 0.3959 3.2793, 0.5469 0.2106 3.2793, 0.5178 0.1344 3.2793, 0.688 0.0591 3.4251, 0.6504 0.0591 3.4203, 0.6516 0.0959 3.4185, 0.6432 0.0591 3.4181, 0.6227 0.0591 3.4119, 0.6059 0.109 3.3988, 0.5953 0.0591 3.3983, 0.589 0.0591 3.3952, 0.5668 0.1203 3.3675, 0.5657 0.0591 3.3784, 0.5367 0.129 3.3268, 0.5394 0.0591 3.3517, 0.5544 0.0591 3.3669, 0.5071 0.0591 3.2941, 0.523 0.0591 3.328, 0.4961 0.0591 3.2415, 0.5022 0.0591 3.2783, 0.5025 0.0591 3.2793, 0.9252 0.4872 3.2518, 0.8498 0.4664 3.2793, 0.9252 0.4613 3.3264, 0.9252 0.4682 3.3153, 0.8553 0.4475 3.3268, 0.9252 0.4792 3.2882, 0.9252 0.4812 3.2792, 0.9252 0.4485 3.347, 0.8639 0.4175 3.3675, 0.9252 0.4303 3.3674, 0.8752 0.3783 3.3988, 0.9252 0.3993 3.3927, 0.9252 0.4286 3.3693, 0.8884 0.3327 3.4185, 0.9252 0.3719 3.4076, 0.9252 0.389 3.3983, 0.9252 0.327 3.4217, 0.9252 0.3362 3.4197, 0.9252 0.341 3.4181, 0.5646 0.2021 3.3268, 0.5928 0.1885 3.3675, 0.6295 0.1708 3.3988, 0.6723 0.1502 3.4185, 0.5884 0.2809 3.2793, 0.6044 0.2695 3.3268, 0.6299 0.2514 3.3675, 0.6632 0.2278 3.3988, 0.7019 0.2004 3.4185, 0.7394 0.2448 3.4185, 0.7059 0.2784 3.3988, 0.677 0.3072 3.3675, 0.6549 0.3293 3.3268, 0.641 0.3432 3.2793, 0.7839 0.2824 3.4185, 0.7564 0.3211 3.3988, 0.7328 0.3543 3.3675, 0.7147 0.3798 3.3268, 0.7821 0.4196 3.3268, 0.7957 0.3914 3.3675, 0.8134 0.3547 3.3988, 0.834 0.3119 3.4185, 1.4216 0.2106 3.2793, 1.3801 0.2809 3.2793, 1.1949 0.4373 3.2793, 1.1187 0.4664 3.2793, 1.4725 0.0591 3.2389, 1.4689 0.0591 3.2675, 1.4507 0.1344 3.2793, 1.4653 0.0591 3.2791, 1.4579 0.0591 3.3031, 1.4318 0.129 3.3268, 1.4461 0.0591 3.3267, 1.4017 0.1203 3.3675, 1.4225 0.0591 3.3594, 1.4447 0.0591 3.3293, 1.3626 0.109 3.3988, 1.4007 0.0591 3.3802, 1.4143 0.0591 3.3672, 1.3406 0.0591 3.4138, 1.3695 0.0591 3.401, 1.3733 0.0591 3.3985, 1.3252 0.0591 3.4177, 1.3169 0.0959 3.4185, 1.304 0.0591 3.4229, 1.0433 0.3071 3.4244, 1.0801 0.3327 3.4185, 1.0433 0.3888 3.3981, 1.0433 0.3715 3.4078, 1.0933 0.3783 3.3988, 1.0433 0.3444 3.4176, 1.0433 0.3411 3.4182, 1.0433 0.4043 3.3893, 1.1046 0.4175 3.3675, 1.0433 0.4265 3.3713, 1.1132 0.4475 3.3268, 1.0433 0.4512 3.3433, 1.0433 0.4301 3.3673, 1.0433 0.4816 3.2792, 1.0433 0.4803 3.2844, 1.0433 0.4663 3.319, 1.0433 0.4616 3.3265, 1.0433 0.485 3.2654, 1.1864 0.4196 3.3268, 1.1728 0.3914 3.3675, 1.1551 0.3547 3.3988, 1.1345 0.3119 3.4185, 1.2652 0.3959 3.2793, 1.2538 0.3798 3.3268, 1.2357 0.3543 3.3675, 1.2121 0.3211 3.3988, 1.1846 0.2824 3.4185, 1.2291 0.2448 3.4185, 1.2626 0.2784 3.3988, 1.2915 0.3072 3.3675, 1.3136 0.3293 3.3268, 1.3275 0.3432 3.2793, 1.2666 0.2004 3.4185, 1.3053 0.2278 3.3988, 1.3386 0.2514 3.3675, 1.3641 0.2695 3.3268, 1.4039 0.2021 3.3268, 1.3757 0.1885 3.3675, 1.339 0.1708 3.3988, 1.2962 0.1502 3.4185, 0.5469 -0.2106 3.2793, 0.5884 -0.2809 3.2793, 0.7736 -0.4373 3.2793, 0.8498 -0.4664 3.2793, 0.9252 -0.2995 3.4249, 0.5178 -0.1344 3.2793, 0.4979 -0.0591 3.258, 0.4957 -0.0591 3.2295, 0.5367 -0.129 3.3268, 0.523 -0.0591 3.3263, 0.5136 -0.0591 3.3102, 0.5071 -0.0591 3.2941, 0.5033 -0.0591 3.2791, 0.5668 -0.1203 3.3675, 0.5516 -0.0591 3.3653, 0.5324 -0.0591 3.3424, 0.6059 -0.109 3.3988, 0.5802 -0.0591 3.3895, 0.554 -0.0591 3.3673, 0.6431 -0.0591 3.4185, 0.6423 -0.0591 3.4183, 0.6516 -0.0959 3.4185, 0.607 -0.0591 3.4051, 0.5953 -0.0591 3.3983, 0.6573 -0.0591 3.4217, 0.9252 -0.337 3.4195, 0.8884 -0.3327 3.4185, 0.9252 -0.3411 3.4182, 0.9252 -0.3645 3.4108, 0.8752 -0.3783 3.3988, 0.9252 -0.3889 3.3982, 0.8639 -0.4175 3.3675, 0.9252 -0.421 3.3763, 0.9252 -0.398 3.3935, 0.8553 -0.4475 3.3268, 0.9252 -0.4468 3.3492, 0.9252 -0.4298 3.367, 0.9252 -0.4782 3.2912, 0.9252 -0.4629 3.3252, 0.9252 -0.4883 3.2389, 0.9252 -0.4827 3.2757, 0.9252 -0.4817 3.2793, 0.7821 -0.4196 3.3268, 0.7957 -0.3914 3.3675, 0.8134 -0.3547 3.3988, 0.834 -0.3119 3.4185, 0.7033 -0.3959 3.2793, 0.7147 -0.3798 3.3268, 0.7328 -0.3543 3.3675, 0.7564 -0.3211 3.3988, 0.7839 -0.2824 3.4185, 0.7394 -0.2448 3.4185, 0.7059 -0.2784 3.3988, 0.677 -0.3072 3.3675, 0.6549 -0.3293 3.3268, 0.641 -0.3432 3.2793, 0.7019 -0.2004 3.4185, 0.6632 -0.2278 3.3988, 0.6299 -0.2514 3.3675, 0.6044 -0.2695 3.3268, 0.5646 -0.2021 3.3268, 0.5928 -0.1885 3.3675, 0.6295 -0.1708 3.3988, 0.6723 -0.1502 3.4185, 1.1949 -0.4373 3.2793, 1.2652 -0.3959 3.2793, 1.4216 -0.2106 3.2793, 1.4507 -0.1344 3.2793, 1.3129 -0.0591 3.4214, 1.3169 -0.0959 3.4185, 1.3252 -0.0591 3.418, 1.3408 -0.0591 3.4138, 1.3626 -0.109 3.3988, 1.375 -0.0591 3.398, 1.3986 -0.0591 3.3818, 1.4017 -0.1203 3.3675, 1.4141 -0.0591 3.3669, 1.4256 -0.0591 3.3558, 1.4318 -0.129 3.3268, 1.4426 -0.0591 3.3328, 1.4594 -0.0591 3.2995, 1.4458 -0.0591 3.3265, 1.4727 -0.0591 3.2352, 1.4678 -0.0591 3.2722, 1.4657 -0.0591 3.2792, 1.0433 -0.4868 3.2549, 1.1187 -0.4664 3.2793, 1.1132 -0.4475 3.3268, 1.0433 -0.4612 3.3264, 1.0433 -0.4717 3.3078, 1.0433 -0.4782 3.2912, 1.0433 -0.481 3.2791, 1.1046 -0.4175 3.3675, 1.0433 -0.4345 3.3633, 1.0433 -0.4534 3.3403, 1.0933 -0.3783 3.3988, 1.0433 -0.4063 3.3879, 1.0433 -0.4301 3.3672, 1.0433 -0.3411 3.4184, 1.0433 -0.3447 3.4175, 1.0801 -0.3327 3.4185, 1.0433 -0.3797 3.4039, 1.0433 -0.389 3.3984, 1.0433 -0.327 3.4217, 1.4039 -0.2021 3.3268, 1.3757 -0.1885 3.3675, 1.339 -0.1708 3.3988, 1.2962 -0.1502 3.4185, 1.3801 -0.2809 3.2793, 1.3641 -0.2695 3.3268, 1.3386 -0.2514 3.3675, 1.3053 -0.2278 3.3988, 1.2666 -0.2004 3.4185, 1.2291 -0.2448 3.4185, 1.2626 -0.2784 3.3988, 1.2915 -0.3072 3.3675, 1.3136 -0.3293 3.3268, 1.3275 -0.3432 3.2793, 1.1846 -0.2824 3.4185, 1.2121 -0.3211 3.3988, 1.2357 -0.3543 3.3675, 1.2538 -0.3798 3.3268, 1.1864 -0.4196 3.3268, 1.1728 -0.3914 3.3675, 1.1551 -0.3547 3.3988, 1.1345 -0.3119 3.4185, 0.9252 0.0591 1.063, 1.0433 0.0591 1.063, 0.9252 -0.0591 1.063, 1.0433 -0.0591 1.063, -0.9252 -0.4886 3.2283, -0.9252 -0.4886 1.063, -0.848 -0.4729 3.2283, -0.8192 -0.4636 1.063, -0.8198 -0.4621 3.2283, -0.7707 -0.4434 3.2283, -0.7213 -0.416 1.063, -0.7221 -0.4147 3.2283, -0.6995 -0.4014 3.2283, -0.6363 -0.348 1.063, -0.6363 -0.348 3.2283, -0.5829 -0.2848 3.2283, -0.5683 -0.2629 1.063, -0.5696 -0.2622 3.2283, -0.5409 -0.2135 3.2283, -0.5206 -0.165 1.063, -0.5221 -0.1645 3.2283, -0.5114 -0.1363 3.2283, -0.4957 -0.0591 1.063, -0.4957 -0.0591 3.2283, -0.9252 -0.2893 3.4252, -0.9025 -0.2837 3.4252, -0.9252 -0.0591 3.4252, -0.8561 -0.266 3.4252, -0.7434 -0.1709 3.4252, -0.7182 -0.1281 3.4252, -0.7005 -0.0818 3.4252, -0.6949 -0.0591 3.4252, -0.8134 -0.2408 3.4252, -0.7755 -0.2088 3.4252, -0.7736 -0.4373 3.2793, -0.7033 -0.3959 3.2793, -0.5469 -0.2106 3.2793, -0.5178 -0.1344 3.2793, -0.6645 -0.0591 3.4229, -0.6516 -0.0959 3.4185, -0.5952 -0.0591 3.3985, -0.599 -0.0591 3.401, -0.6059 -0.109 3.3988, -0.6279 -0.0591 3.4138, -0.6433 -0.0591 3.4177, -0.5678 -0.0591 3.3802, -0.5668 -0.1203 3.3675, -0.5542 -0.0591 3.3672, -0.546 -0.0591 3.3594, -0.5367 -0.129 3.3268, -0.5238 -0.0591 3.3293, -0.5106 -0.0591 3.3031, -0.5224 -0.0591 3.3267, -0.496 -0.0591 3.2389, -0.4996 -0.0591 3.2675, -0.5032 -0.0591 3.2791, -0.8498 -0.4664 3.2793, -0.9252 -0.4827 3.2757, -0.9252 -0.4883 3.2389, -0.8553 -0.4475 3.3268, -0.9252 -0.4782 3.2912, -0.9252 -0.4817 3.2793, -0.8639 -0.4175 3.3675, -0.9252 -0.4468 3.3492, -0.9252 -0.4629 3.3252, -0.9252 -0.3889 3.3982, -0.9252 -0.398 3.3935, -0.8752 -0.3783 3.3988, -0.9252 -0.421 3.3763, -0.9252 -0.4298 3.367, -0.9252 -0.3645 3.4108, -0.8884 -0.3327 3.4185, -0.9252 -0.3411 3.4182, -0.9252 -0.2995 3.4249, -0.9252 -0.337 3.4195, -0.5646 -0.2021 3.3268, -0.5928 -0.1885 3.3675, -0.6295 -0.1708 3.3988, -0.6723 -0.1502 3.4185, -0.5884 -0.2809 3.2793, -0.6044 -0.2695 3.3268, -0.6299 -0.2514 3.3675, -0.6632 -0.2278 3.3988, -0.7019 -0.2004 3.4185, -0.7394 -0.2448 3.4185, -0.7059 -0.2784 3.3988, -0.677 -0.3072 3.3675, -0.6549 -0.3293 3.3268, -0.641 -0.3432 3.2793, -0.7839 -0.2824 3.4185, -0.7564 -0.3211 3.3988, -0.7328 -0.3543 3.3675, -0.7147 -0.3798 3.3268, -0.7821 -0.4196 3.3268, -0.7957 -0.3914 3.3675, -0.8134 -0.3547 3.3988, -0.834 -0.3119 3.4185, -0.4957 0.0591 3.2283, -0.4957 0.0591 1.063, -0.5114 0.1363 3.2283, -0.5206 0.165 1.063, -0.5221 0.1645 3.2283, -0.5409 0.2135 3.2283, -0.5683 0.2629 1.063, -0.5696 0.2622 3.2283, -0.5829 0.2848 3.2283, -0.6363 0.348 1.063, -0.6363 0.348 3.2283, -0.6995 0.4014 3.2283, -0.7213 0.416 1.063, -0.7221 0.4147 3.2283, -0.7707 0.4434 3.2283, -0.8192 0.4636 1.063, -0.8198 0.4621 3.2283, -0.848 0.4729 3.2283, -0.9252 0.4886 1.063, -0.9252 0.4886 3.2283, -0.6949 0.0591 3.4252, -0.7005 0.0818 3.4252, -0.9252 0.0591 3.4252, -0.7182 0.1281 3.4252, -0.7434 0.1709 3.4252, -0.7755 0.2088 3.4252, -0.8134 0.2408 3.4252, -0.8561 0.266 3.4252, -0.9025 0.2837 3.4252, -0.9252 0.2893 3.4252, -0.5469 0.2106 3.2793, -0.5884 0.2809 3.2793, -0.7736 0.4373 3.2793, -0.8498 0.4664 3.2793, -0.5178 0.1344 3.2793, -0.5007 0.0591 3.2722, -0.4958 0.0591 3.2352, -0.5367 0.129 3.3268, -0.5091 0.0591 3.2995, -0.5028 0.0591 3.2792, -0.5429 0.0591 3.3558, -0.5259 0.0591 3.3328, -0.5227 0.0591 3.3265, -0.5544 0.0591 3.3669, -0.5668 0.1203 3.3675, -0.5699 0.0591 3.3818, -0.6059 0.109 3.3988, -0.5935 0.0591 3.398, -0.6277 0.0591 3.4138, -0.6516 0.0959 3.4185, -0.6433 0.0591 3.418, -0.6556 0.0591 3.4214, -0.9252 0.327 3.4217, -0.8884 0.3327 3.4185, -0.9252 0.3362 3.4197, -0.9252 0.341 3.4181, -0.9252 0.3719 3.4076, -0.8752 0.3783 3.3988, -0.9252 0.389 3.3983, -0.9252 0.3993 3.3927, -0.8639 0.4175 3.3675, -0.9252 0.4286 3.3693, -0.9252 0.4682 3.3153, -0.9252 0.4613 3.3264, -0.8553 0.4475 3.3268, -0.9252 0.4485 3.347, -0.9252 0.4303 3.3674, -0.9252 0.4792 3.2882, -0.9252 0.4812 3.2792, -0.9252 0.4872 3.2518, -0.7821 0.4196 3.3268, -0.7957 0.3914 3.3675, -0.8134 0.3547 3.3988, -0.834 0.3119 3.4185, -0.7033 0.3959 3.2793, -0.7147 0.3798 3.3268, -0.7328 0.3543 3.3675, -0.7564 0.3211 3.3988, -0.7839 0.2824 3.4185, -0.7394 0.2448 3.4185, -0.7059 0.2784 3.3988, -0.677 0.3072 3.3675, -0.6549 0.3293 3.3268, -0.641 0.3432 3.2793, -0.7019 0.2004 3.4185, -0.6632 0.2278 3.3988, -0.6299 0.2514 3.3675, -0.6044 0.2695 3.3268, -0.5646 0.2021 3.3268, -0.5928 0.1885 3.3675, -0.6295 0.1708 3.3988, -0.6723 0.1502 3.4185, -0.9252 -0.0591 1.063, -0.9252 0.0591 1.063, -1.4728 -0.0591 3.2283, -1.4728 -0.0591 1.063, -1.4571 -0.1363 3.2283, -1.4479 -0.165 1.063, -1.4464 -0.1645 3.2283, -1.4276 -0.2135 3.2283, -1.4002 -0.2629 1.063, -1.3989 -0.2622 3.2283, -1.3856 -0.2848 3.2283, -1.3322 -0.348 1.063, -1.3322 -0.348 3.2283, -1.269 -0.4014 3.2283, -1.2472 -0.416 1.063, -1.2464 -0.4147 3.2283, -1.1978 -0.4434 3.2283, -1.1493 -0.4636 1.063, -1.1487 -0.4621 3.2283, -1.1205 -0.4729 3.2283, -1.0433 -0.4886 1.063, -1.0433 -0.4886 3.2283, -1.2736 -0.0591 3.4252, -1.268 -0.0818 3.4252, -1.0433 -0.0591 3.4252, -1.2503 -0.1281 3.4252, -1.2251 -0.1709 3.4252, -1.193 -0.2088 3.4252, -1.1551 -0.2408 3.4252, -1.1124 -0.266 3.4252, -1.066 -0.2837 3.4252, -1.0433 -0.2893 3.4252, -1.4216 -0.2106 3.2793, -1.3801 -0.2809 3.2793, -1.1949 -0.4373 3.2793, -1.1187 -0.4664 3.2793, -1.4724 -0.0591 3.2415, -1.4663 -0.0591 3.2783, -1.4507 -0.1344 3.2793, -1.466 -0.0591 3.2793, -1.4614 -0.0591 3.2941, -1.4318 -0.129 3.3268, -1.4456 -0.0591 3.328, -1.4291 -0.0591 3.3517, -1.4017 -0.1203 3.3675, -1.4141 -0.0591 3.3669, -1.3626 -0.109 3.3988, -1.3795 -0.0591 3.3952, -1.4028 -0.0591 3.3784, -1.3169 -0.0959 3.4185, -1.3458 -0.0591 3.4119, -1.3732 -0.0591 3.3983, -1.2805 -0.0591 3.4251, -1.3182 -0.0591 3.4203, -1.3253 -0.0591 3.4181, -1.0433 -0.327 3.4217, -1.0801 -0.3327 3.4185, -1.0433 -0.3411 3.4184, -1.0433 -0.3447 3.4175, -1.0433 -0.3797 3.4039, -1.0933 -0.3783 3.3988, -1.0433 -0.389 3.3984, -1.0433 -0.4063 3.3879, -1.1046 -0.4175 3.3675, -1.0433 -0.4301 3.3672, -1.0433 -0.4345 3.3633, -1.1132 -0.4475 3.3268, -1.0433 -0.4534 3.3403, -1.0433 -0.481 3.2791, -1.0433 -0.4782 3.2912, -1.0433 -0.4717 3.3078, -1.0433 -0.4612 3.3264, -1.0433 -0.4868 3.2549, -1.1864 -0.4196 3.3268, -1.1728 -0.3914 3.3675, -1.1551 -0.3547 3.3988, -1.1345 -0.3119 3.4185, -1.2652 -0.3959 3.2793, -1.2538 -0.3798 3.3268, -1.2357 -0.3543 3.3675, -1.2121 -0.3211 3.3988, -1.1846 -0.2824 3.4185, -1.2291 -0.2448 3.4185, -1.2626 -0.2784 3.3988, -1.2915 -0.3072 3.3675, -1.3136 -0.3293 3.3268, -1.3275 -0.3432 3.2793, -1.2666 -0.2004 3.4185, -1.3053 -0.2278 3.3988, -1.3386 -0.2514 3.3675, -1.3641 -0.2695 3.3268, -1.4039 -0.2021 3.3268, -1.3757 -0.1885 3.3675, -1.339 -0.1708 3.3988, -1.2962 -0.1502 3.4185, -1.2962 -0.1502 3.4185
            ]
        }
        coordIndex [
            0,1,2,-1,2,1,3,-1,2,3,4,-1,4,3,5,-1,5,3,6,-1,5,6,7,-1,7,6,8,-1,8,6,9,-1,8,9,10,-1,10,9,11,-1,11,9,12,-1,11,12,13,-1,13,12,14,-1,14,12,15,-1,14,15,16,-1,16,15,17,-1,17,15,18,-1,17,18,19,-1,20,21,22,-1,22,21,23,-1,22,23,24,-1,24,23,25,-1,25,23,26,-1,25,26,27,-1,27,26,28,-1,28,26,29,-1,28,29,30,-1,30,29,31,-1,31,29,32,-1,31,32,33,-1,33,32,34,-1,34,32,35,-1,34,35,36,-1,36,35,37,-1,37,35,38,-1,37,38,39,-1,40,41,42,-1,42,41,43,-1,42,43,44,-1,44,43,45,-1,45,43,46,-1,45,46,47,-1,47,46,48,-1,48,46,49,-1,48,49,50,-1,50,49,51,-1,51,49,52,-1,51,52,53,-1,53,52,54,-1,54,52,55,-1,54,55,56,-1,56,55,57,-1,57,55,58,-1,57,58,59,-1,60,61,62,-1,62,61,63,-1,62,63,64,-1,64,63,65,-1,65,63,66,-1,65,66,67,-1,67,66,68,-1,68,66,69,-1,68,69,70,-1,70,69,71,-1,71,69,72,-1,71,72,73,-1,73,72,74,-1,74,72,75,-1,74,75,76,-1,76,75,77,-1,77,75,78,-1,77,78,79,-1,80,81,82,-1,82,83,84,-1,84,85,82,-1,82,85,86,-1,82,86,87,-1,87,88,82,-1,82,88,89,-1,82,89,80,-1,90,91,92,-1,92,91,93,-1,94,95,92,-1,92,95,96,-1,92,96,97,-1,93,98,92,-1,92,98,99,-1,92,99,94,-1,100,101,102,-1,102,103,104,-1,104,105,102,-1,102,105,106,-1,102,106,107,-1,107,108,102,-1,102,108,109,-1,102,109,100,-1,110,111,112,-1,112,111,113,-1,114,115,112,-1,112,115,116,-1,112,116,117,-1,113,118,112,-1,112,118,119,-1,112,119,114,-1,4,5,120,-1,7,8,121,-1,13,14,122,-1,16,17,123,-1,124,81,80,-1,124,80,125,-1,125,80,126,-1,125,126,127,-1,127,126,128,-1,128,126,129,-1,128,129,130,-1,130,129,131,-1,131,129,132,-1,131,132,133,-1,134,135,132,-1,132,135,136,-1,132,136,133,-1,123,137,134,-1,134,137,138,-1,134,138,135,-1,19,139,17,-1,17,139,140,-1,17,140,123,-1,123,140,141,-1,123,141,137,-1,0,2,142,-1,142,2,143,-1,144,145,146,-1,146,145,147,-1,146,147,143,-1,143,147,148,-1,143,148,142,-1,144,146,149,-1,149,146,150,-1,149,150,151,-1,152,153,150,-1,150,153,154,-1,150,154,151,-1,155,156,152,-1,152,156,157,-1,152,157,153,-1,84,83,155,-1,155,83,158,-1,158,159,155,-1,155,159,160,-1,155,160,156,-1,14,16,122,-1,122,16,123,-1,122,123,161,-1,161,123,134,-1,161,134,162,-1,162,134,132,-1,162,132,163,-1,163,132,129,-1,163,129,164,-1,164,129,126,-1,164,126,89,-1,89,126,80,-1,11,13,165,-1,165,13,122,-1,165,122,166,-1,166,122,161,-1,166,161,167,-1,167,161,162,-1,167,162,168,-1,168,162,163,-1,168,163,169,-1,169,163,164,-1,169,164,88,-1,88,164,89,-1,88,87,169,-1,169,87,170,-1,169,170,168,-1,168,170,171,-1,168,171,167,-1,167,171,172,-1,167,172,166,-1,166,172,173,-1,166,173,165,-1,165,173,174,-1,165,174,11,-1,11,174,10,-1,87,86,170,-1,170,86,175,-1,170,175,171,-1,171,175,176,-1,171,176,172,-1,172,176,177,-1,172,177,173,-1,173,177,178,-1,173,178,174,-1,174,178,121,-1,174,121,10,-1,10,121,8,-1,5,7,120,-1,120,7,121,-1,120,121,179,-1,179,121,178,-1,179,178,180,-1,180,178,177,-1,180,177,181,-1,181,177,176,-1,181,176,182,-1,182,176,175,-1,182,175,85,-1,85,175,86,-1,2,4,143,-1,143,4,120,-1,143,120,146,-1,146,120,179,-1,146,179,150,-1,150,179,180,-1,150,180,152,-1,152,180,181,-1,152,181,155,-1,155,181,182,-1,155,182,84,-1,84,182,85,-1,24,25,183,-1,27,28,184,-1,33,34,185,-1,36,37,186,-1,187,20,22,-1,187,22,188,-1,188,22,189,-1,188,189,190,-1,190,189,191,-1,191,189,192,-1,191,192,193,-1,194,195,192,-1,192,195,196,-1,192,196,193,-1,197,198,194,-1,194,198,199,-1,194,199,195,-1,200,201,197,-1,197,201,202,-1,197,202,198,-1,200,197,203,-1,203,197,204,-1,203,204,205,-1,205,204,91,-1,205,91,90,-1,97,96,206,-1,206,96,207,-1,208,209,210,-1,210,209,211,-1,210,211,207,-1,207,211,212,-1,207,212,206,-1,208,210,213,-1,213,210,214,-1,213,214,215,-1,216,217,214,-1,214,217,218,-1,214,218,215,-1,219,220,186,-1,186,220,221,-1,186,221,216,-1,216,221,222,-1,216,222,217,-1,219,186,223,-1,223,186,37,-1,223,37,39,-1,34,36,185,-1,185,36,186,-1,185,186,224,-1,224,186,216,-1,224,216,225,-1,225,216,214,-1,225,214,226,-1,226,214,210,-1,226,210,227,-1,227,210,207,-1,227,207,95,-1,95,207,96,-1,31,33,228,-1,228,33,185,-1,228,185,229,-1,229,185,224,-1,229,224,230,-1,230,224,225,-1,230,225,231,-1,231,225,226,-1,231,226,232,-1,232,226,227,-1,232,227,94,-1,94,227,95,-1,94,99,232,-1,232,99,233,-1,232,233,231,-1,231,233,234,-1,231,234,230,-1,230,234,235,-1,230,235,229,-1,229,235,236,-1,229,236,228,-1,228,236,237,-1,228,237,31,-1,31,237,30,-1,99,98,233,-1,233,98,238,-1,233,238,234,-1,234,238,239,-1,234,239,235,-1,235,239,240,-1,235,240,236,-1,236,240,241,-1,236,241,237,-1,237,241,184,-1,237,184,30,-1,30,184,28,-1,25,27,183,-1,183,27,184,-1,183,184,242,-1,242,184,241,-1,242,241,243,-1,243,241,240,-1,243,240,244,-1,244,240,239,-1,244,239,245,-1,245,239,238,-1,245,238,93,-1,93,238,98,-1,22,24,189,-1,189,24,183,-1,189,183,192,-1,192,183,242,-1,192,242,194,-1,194,242,243,-1,194,243,197,-1,197,243,244,-1,197,244,204,-1,204,244,245,-1,204,245,91,-1,91,245,93,-1,44,45,246,-1,47,48,247,-1,53,54,248,-1,56,57,249,-1,250,101,100,-1,251,252,42,-1,42,252,253,-1,42,253,40,-1,254,255,251,-1,251,255,256,-1,256,257,251,-1,251,257,258,-1,251,258,252,-1,259,260,254,-1,254,260,261,-1,254,261,255,-1,262,263,259,-1,259,263,264,-1,259,264,260,-1,265,266,267,-1,267,266,268,-1,267,268,262,-1,262,268,269,-1,262,269,263,-1,265,267,270,-1,270,267,104,-1,270,104,103,-1,250,100,271,-1,271,100,272,-1,271,272,273,-1,273,272,274,-1,274,272,275,-1,274,275,276,-1,277,278,275,-1,275,278,279,-1,275,279,276,-1,280,281,277,-1,277,281,282,-1,277,282,278,-1,249,283,280,-1,280,283,284,-1,280,284,281,-1,59,285,57,-1,57,285,286,-1,57,286,249,-1,249,286,287,-1,249,287,283,-1,54,56,248,-1,248,56,249,-1,248,249,288,-1,288,249,280,-1,288,280,289,-1,289,280,277,-1,289,277,290,-1,290,277,275,-1,290,275,291,-1,291,275,272,-1,291,272,109,-1,109,272,100,-1,51,53,292,-1,292,53,248,-1,292,248,293,-1,293,248,288,-1,293,288,294,-1,294,288,289,-1,294,289,295,-1,295,289,290,-1,295,290,296,-1,296,290,291,-1,296,291,108,-1,108,291,109,-1,108,107,296,-1,296,107,297,-1,296,297,295,-1,295,297,298,-1,295,298,294,-1,294,298,299,-1,294,299,293,-1,293,299,300,-1,293,300,292,-1,292,300,301,-1,292,301,51,-1,51,301,50,-1,107,106,297,-1,297,106,302,-1,297,302,298,-1,298,302,303,-1,298,303,299,-1,299,303,304,-1,299,304,300,-1,300,304,305,-1,300,305,301,-1,301,305,247,-1,301,247,50,-1,50,247,48,-1,45,47,246,-1,246,47,247,-1,246,247,306,-1,306,247,305,-1,306,305,307,-1,307,305,304,-1,307,304,308,-1,308,304,303,-1,308,303,309,-1,309,303,302,-1,309,302,105,-1,105,302,106,-1,42,44,251,-1,251,44,246,-1,251,246,254,-1,254,246,306,-1,254,306,259,-1,259,306,307,-1,259,307,262,-1,262,307,308,-1,262,308,267,-1,267,308,309,-1,267,309,104,-1,104,309,105,-1,64,65,310,-1,67,68,311,-1,73,74,312,-1,76,77,313,-1,117,116,314,-1,314,116,315,-1,314,315,316,-1,316,315,317,-1,317,315,318,-1,317,318,319,-1,319,318,320,-1,320,318,321,-1,320,321,322,-1,322,321,323,-1,323,321,324,-1,323,324,325,-1,313,326,324,-1,324,326,327,-1,324,327,325,-1,79,328,77,-1,77,328,329,-1,77,329,313,-1,313,329,330,-1,313,330,326,-1,60,62,331,-1,331,62,332,-1,333,334,332,-1,332,334,335,-1,335,336,332,-1,332,336,337,-1,332,337,331,-1,338,339,333,-1,333,339,340,-1,333,340,334,-1,341,342,338,-1,338,342,343,-1,338,343,339,-1,344,345,346,-1,346,345,347,-1,346,347,341,-1,341,347,348,-1,341,348,342,-1,344,346,349,-1,349,346,111,-1,349,111,110,-1,74,76,312,-1,312,76,313,-1,312,313,350,-1,350,313,324,-1,350,324,351,-1,351,324,321,-1,351,321,352,-1,352,321,318,-1,352,318,353,-1,353,318,315,-1,353,315,115,-1,115,315,116,-1,71,73,354,-1,354,73,312,-1,354,312,355,-1,355,312,350,-1,355,350,356,-1,356,350,351,-1,356,351,357,-1,357,351,352,-1,357,352,358,-1,358,352,353,-1,358,353,114,-1,114,353,115,-1,114,119,358,-1,358,119,359,-1,358,359,357,-1,357,359,360,-1,357,360,356,-1,356,360,361,-1,356,361,355,-1,355,361,362,-1,355,362,354,-1,354,362,363,-1,354,363,71,-1,71,363,70,-1,119,118,359,-1,359,118,364,-1,359,364,360,-1,360,364,365,-1,360,365,361,-1,361,365,366,-1,361,366,362,-1,362,366,367,-1,362,367,363,-1,363,367,311,-1,363,311,70,-1,70,311,68,-1,65,67,310,-1,310,67,311,-1,310,311,368,-1,368,311,367,-1,368,367,369,-1,369,367,366,-1,369,366,370,-1,370,366,365,-1,370,365,371,-1,371,365,364,-1,371,364,113,-1,113,364,118,-1,62,64,332,-1,332,64,310,-1,332,310,333,-1,333,310,368,-1,333,368,338,-1,338,368,369,-1,338,369,341,-1,341,369,370,-1,341,370,346,-1,346,370,371,-1,346,371,111,-1,111,371,113,-1,19,18,372,-1,82,81,372,-1,372,81,124,-1,128,130,372,-1,372,130,131,-1,124,125,372,-1,372,125,127,-1,372,127,128,-1,131,133,372,-1,372,133,136,-1,372,136,135,-1,135,138,372,-1,372,138,137,-1,372,137,141,-1,141,140,372,-1,372,140,139,-1,372,139,19,-1,373,21,92,-1,92,21,20,-1,92,20,187,-1,191,193,92,-1,92,193,196,-1,92,196,195,-1,195,199,92,-1,92,199,198,-1,92,198,202,-1,187,188,92,-1,92,188,190,-1,92,190,191,-1,92,203,90,-1,90,203,205,-1,202,201,92,-1,92,201,200,-1,92,200,203,-1,374,41,40,-1,269,374,263,-1,263,374,264,-1,40,253,374,-1,374,253,252,-1,374,252,258,-1,258,257,374,-1,374,257,256,-1,374,256,255,-1,255,261,374,-1,374,261,260,-1,374,260,264,-1,269,268,374,-1,374,268,266,-1,374,266,265,-1,265,270,374,-1,374,270,103,-1,374,103,102,-1,326,330,112,-1,78,375,79,-1,79,375,112,-1,314,316,322,-1,330,329,112,-1,112,329,328,-1,112,328,79,-1,323,325,112,-1,112,325,327,-1,112,327,326,-1,323,112,322,-1,322,112,117,-1,322,117,314,-1,316,317,322,-1,322,317,319,-1,322,319,320,-1,376,377,378,-1,378,377,379,-1,378,379,380,-1,380,379,381,-1,381,379,382,-1,381,382,383,-1,383,382,384,-1,384,382,385,-1,384,385,386,-1,386,385,387,-1,387,385,388,-1,387,388,389,-1,389,388,390,-1,390,388,391,-1,390,391,392,-1,392,391,393,-1,393,391,394,-1,393,394,395,-1,396,397,398,-1,398,397,399,-1,400,401,398,-1,398,401,402,-1,398,402,403,-1,399,404,398,-1,398,404,405,-1,398,405,400,-1,380,381,406,-1,383,384,407,-1,389,390,408,-1,392,393,409,-1,403,402,410,-1,410,402,411,-1,412,413,414,-1,414,413,415,-1,414,415,411,-1,411,415,416,-1,411,416,410,-1,412,414,417,-1,417,414,418,-1,417,418,419,-1,419,418,420,-1,420,418,421,-1,420,421,422,-1,409,423,421,-1,421,423,424,-1,421,424,422,-1,395,425,393,-1,393,425,426,-1,393,426,409,-1,409,426,427,-1,409,427,423,-1,428,429,378,-1,378,429,430,-1,378,430,376,-1,431,432,428,-1,428,432,433,-1,428,433,429,-1,434,435,431,-1,431,435,436,-1,431,436,432,-1,437,438,439,-1,439,438,440,-1,439,440,434,-1,434,440,441,-1,434,441,435,-1,437,439,442,-1,442,439,443,-1,442,443,444,-1,397,396,445,-1,397,445,443,-1,443,445,446,-1,443,446,444,-1,390,392,408,-1,408,392,409,-1,408,409,447,-1,447,409,421,-1,447,421,448,-1,448,421,418,-1,448,418,449,-1,449,418,414,-1,449,414,450,-1,450,414,411,-1,450,411,401,-1,401,411,402,-1,387,389,451,-1,451,389,408,-1,451,408,452,-1,452,408,447,-1,452,447,453,-1,453,447,448,-1,453,448,454,-1,454,448,449,-1,454,449,455,-1,455,449,450,-1,455,450,400,-1,400,450,401,-1,400,405,455,-1,455,405,456,-1,455,456,454,-1,454,456,457,-1,454,457,453,-1,453,457,458,-1,453,458,452,-1,452,458,459,-1,452,459,451,-1,451,459,460,-1,451,460,387,-1,387,460,386,-1,405,404,456,-1,456,404,461,-1,456,461,457,-1,457,461,462,-1,457,462,458,-1,458,462,463,-1,458,463,459,-1,459,463,464,-1,459,464,460,-1,460,464,407,-1,460,407,386,-1,386,407,384,-1,381,383,406,-1,406,383,407,-1,406,407,465,-1,465,407,464,-1,465,464,466,-1,466,464,463,-1,466,463,467,-1,467,463,462,-1,467,462,468,-1,468,462,461,-1,468,461,399,-1,399,461,404,-1,378,380,428,-1,428,380,406,-1,428,406,431,-1,431,406,465,-1,431,465,434,-1,434,465,466,-1,434,466,439,-1,439,466,467,-1,439,467,443,-1,443,467,468,-1,443,468,397,-1,397,468,399,-1,469,470,471,-1,471,470,472,-1,471,472,473,-1,473,472,474,-1,474,472,475,-1,474,475,476,-1,476,475,477,-1,477,475,478,-1,477,478,479,-1,479,478,480,-1,480,478,481,-1,480,481,482,-1,482,481,483,-1,483,481,484,-1,483,484,485,-1,485,484,486,-1,486,484,487,-1,486,487,488,-1,489,490,491,-1,491,490,492,-1,492,493,491,-1,491,493,494,-1,491,494,495,-1,495,496,491,-1,491,496,497,-1,491,497,498,-1,473,474,499,-1,476,477,500,-1,482,483,501,-1,485,486,502,-1,503,504,471,-1,471,504,505,-1,471,505,469,-1,506,507,503,-1,503,507,508,-1,503,508,504,-1,509,510,506,-1,506,510,511,-1,506,511,507,-1,509,506,512,-1,512,506,513,-1,512,513,514,-1,514,513,515,-1,514,515,516,-1,516,515,517,-1,517,515,518,-1,517,518,519,-1,519,518,520,-1,520,518,490,-1,520,490,489,-1,498,497,521,-1,521,497,522,-1,521,522,523,-1,523,522,524,-1,524,522,525,-1,525,522,526,-1,525,526,527,-1,527,526,528,-1,528,526,529,-1,528,529,530,-1,531,532,533,-1,533,532,534,-1,533,534,529,-1,529,534,535,-1,529,535,530,-1,531,533,536,-1,536,533,502,-1,536,502,537,-1,537,502,538,-1,538,502,486,-1,538,486,488,-1,483,485,501,-1,501,485,502,-1,501,502,539,-1,539,502,533,-1,539,533,540,-1,540,533,529,-1,540,529,541,-1,541,529,526,-1,541,526,542,-1,542,526,522,-1,542,522,496,-1,496,522,497,-1,480,482,543,-1,543,482,501,-1,543,501,544,-1,544,501,539,-1,544,539,545,-1,545,539,540,-1,545,540,546,-1,546,540,541,-1,546,541,547,-1,547,541,542,-1,547,542,495,-1,495,542,496,-1,495,494,547,-1,547,494,548,-1,547,548,546,-1,546,548,549,-1,546,549,545,-1,545,549,550,-1,545,550,544,-1,544,550,551,-1,544,551,543,-1,543,551,552,-1,543,552,480,-1,480,552,479,-1,494,493,548,-1,548,493,553,-1,548,553,549,-1,549,553,554,-1,549,554,550,-1,550,554,555,-1,550,555,551,-1,551,555,556,-1,551,556,552,-1,552,556,500,-1,552,500,479,-1,479,500,477,-1,474,476,499,-1,499,476,500,-1,499,500,557,-1,557,500,556,-1,557,556,558,-1,558,556,555,-1,558,555,559,-1,559,555,554,-1,559,554,560,-1,560,554,553,-1,560,553,492,-1,492,553,493,-1,471,473,503,-1,503,473,499,-1,503,499,506,-1,506,499,557,-1,506,557,513,-1,513,557,558,-1,513,558,515,-1,515,558,559,-1,515,559,518,-1,518,559,560,-1,518,560,490,-1,490,560,492,-1,427,398,423,-1,423,398,424,-1,403,410,416,-1,413,412,398,-1,398,412,417,-1,398,417,419,-1,419,420,398,-1,398,420,422,-1,398,422,424,-1,394,561,395,-1,395,561,398,-1,427,426,398,-1,398,426,425,-1,398,425,395,-1,403,416,398,-1,398,416,415,-1,398,415,413,-1,507,511,491,-1,562,470,491,-1,491,470,469,-1,491,469,505,-1,505,504,491,-1,491,504,508,-1,491,508,507,-1,511,510,491,-1,491,510,509,-1,491,509,512,-1,514,516,512,-1,512,516,517,-1,512,517,519,-1,519,520,512,-1,512,520,489,-1,512,489,491,-1,563,564,565,-1,565,564,566,-1,565,566,567,-1,567,566,568,-1,568,566,569,-1,568,569,570,-1,570,569,571,-1,571,569,572,-1,571,572,573,-1,573,572,574,-1,574,572,575,-1,574,575,576,-1,576,575,577,-1,577,575,578,-1,577,578,579,-1,579,578,580,-1,580,578,581,-1,580,581,582,-1,583,584,585,-1,585,584,586,-1,586,587,585,-1,585,587,588,-1,585,588,589,-1,589,590,585,-1,585,590,591,-1,585,591,592,-1,567,568,593,-1,570,571,594,-1,576,577,595,-1,579,580,596,-1,597,563,565,-1,597,565,598,-1,598,565,599,-1,598,599,600,-1,600,599,601,-1,601,599,602,-1,601,602,603,-1,603,602,604,-1,604,602,605,-1,604,605,606,-1,607,608,605,-1,605,608,609,-1,605,609,606,-1,610,611,607,-1,607,611,612,-1,607,612,608,-1,583,613,584,-1,584,613,614,-1,584,614,610,-1,610,614,615,-1,610,615,611,-1,592,591,616,-1,616,591,617,-1,616,617,618,-1,618,617,619,-1,619,617,620,-1,620,617,621,-1,620,621,622,-1,622,621,623,-1,623,621,624,-1,623,624,625,-1,625,624,626,-1,626,624,627,-1,626,627,628,-1,629,630,596,-1,596,630,631,-1,596,631,627,-1,627,631,632,-1,627,632,628,-1,629,596,633,-1,633,596,580,-1,633,580,582,-1,577,579,595,-1,595,579,596,-1,595,596,634,-1,634,596,627,-1,634,627,635,-1,635,627,624,-1,635,624,636,-1,636,624,621,-1,636,621,637,-1,637,621,617,-1,637,617,590,-1,590,617,591,-1,574,576,638,-1,638,576,595,-1,638,595,639,-1,639,595,634,-1,639,634,640,-1,640,634,635,-1,640,635,641,-1,641,635,636,-1,641,636,642,-1,642,636,637,-1,642,637,589,-1,589,637,590,-1,589,588,642,-1,642,588,643,-1,642,643,641,-1,641,643,644,-1,641,644,640,-1,640,644,645,-1,640,645,639,-1,639,645,646,-1,639,646,638,-1,638,646,647,-1,638,647,574,-1,574,647,573,-1,588,587,643,-1,643,587,648,-1,643,648,644,-1,644,648,649,-1,644,649,645,-1,645,649,650,-1,645,650,646,-1,646,650,651,-1,646,651,647,-1,647,651,594,-1,647,594,573,-1,573,594,571,-1,568,570,593,-1,593,570,594,-1,593,594,652,-1,652,594,651,-1,652,651,653,-1,653,651,650,-1,653,650,654,-1,654,650,649,-1,654,649,655,-1,655,649,648,-1,655,648,586,-1,586,648,587,-1,565,567,599,-1,599,567,593,-1,599,593,602,-1,602,593,652,-1,602,652,605,-1,605,652,653,-1,605,653,607,-1,607,653,654,-1,607,654,610,-1,610,654,655,-1,610,655,584,-1,584,655,586,-1,
        ]
    }
}
Shape{
    appearance Appearance {
        material  Material 	{
            diffuseColor 1.0 1.0 0.5019607843137255
            specularColor 0.5019607843137255 0.5019607843137255 0.25098039215686274
            ambientIntensity 0.2
            transparency 0
            shininess 0.5
        }
    }
    geometry IndexedFaceSet {
        ccw TRUE
        solid FALSE
        coord DEF co Coordinate {
            point [
                -1.8504 -0.3082 4.2126, -1.8504 0.3082 4.2126, -2.0079 0.315 4.2126, -2.0079 -0.315 4.2126, -1.9927 -0.4686 4.2126, -1.2137 -0.9449 4.2126, -1.9479 -0.6163 4.2126, -1.8752 -0.7524 4.2126, -1.7772 -0.8717 4.2126, -1.6579 -0.9697 4.2126, -1.5218 -1.0424 4.2126, -1.3741 -1.0872 4.2126, -1.2205 -1.1024 4.2126, 1.8504 -0.9449 4.2126, 2.0079 -1.1024 4.2126, 1.8504 0.9449 4.2126, 2.0079 1.1024 4.2126, -1.2137 0.9449 4.2126, -1.2205 1.1024 4.2126, -1.3741 1.0872 4.2126, -1.5218 1.0424 4.2126, -1.6579 0.9697 4.2126, -1.7772 0.8717 4.2126, -1.8752 0.7524 4.2126, -1.9479 0.6163 4.2126, -1.9927 0.4686 4.2126, 1.7717 -0.638 1.063, 1.7717 -0.8661 1.063, 1.7717 -0.8661 4.1339, 1.7717 0.8661 4.1339, 1.7717 0.8661 1.063, 1.7717 0.638 1.063, 1.7717 -0.0 1.063, -1.0138 -0.8661 1.063, -1.1811 -0.8661 1.063, -1.1811 -0.8661 4.1339, 1.0138 -0.8661 1.063, 0.9547 -0.8661 1.063, 0.0 -0.8661 1.063, -1.7717 -0.2756 1.063, -1.7717 -0.2756 4.1339, -1.6222 -0.425 1.063, -1.4093 -0.638 1.063, -1.7717 0.2756 1.063, -1.7717 0.2756 4.1339, -1.7717 -0.0 1.063, -1.1811 0.8661 1.063, -1.1811 0.8661 4.1339, -1.4093 0.638 1.063, -1.6222 0.425 1.063, 1.0138 0.8661 1.063, -1.0138 0.8661 1.063, 0.0 0.8661 1.063, 0.9547 0.8661 1.063, 0.9843 0.7874 1.063, 0.9547 0.7843 1.063, 0.9547 0.638 1.063, 0.9547 -0.7874 1.063, 0.0 -0.7874 1.063, -0.664 -0.7193 1.063, -0.5231 -0.638 1.063, -1.0138 -0.638 1.063, -1.1493 0.4636 1.063, -1.0433 0.4886 1.063, -1.0138 0.638 1.063, -1.0433 -0.4886 1.063, -1.0138 -0.0 1.063, -1.1493 -0.4636 1.063, -1.2472 -0.416 1.063, -1.3322 -0.348 1.063, -1.4002 -0.2629 1.063, -1.4479 -0.165 1.063, -1.6222 -0.0 1.063, -1.4728 -0.0591 1.063, -1.0433 -0.0591 1.063, -1.0433 0.0591 1.063, -1.4728 0.0591 1.063, -1.4479 0.165 1.063, -1.4002 0.2629 1.063, -1.3322 0.348 1.063, -1.2472 0.416 1.063, -0.8205 -0.7702 1.063, -0.9843 -0.7874 1.063, 0.9547 -0.7843 1.063, 0.9843 -0.7874 1.063, 1.0138 -0.638 1.063, 0.664 -0.7193 1.063, 0.8205 -0.7702 1.063, 0.9547 -0.638 1.063, 0.4957 -0.0591 1.063, 0.9252 -0.0591 1.063, 0.9547 -0.0 1.063, 0.9252 -0.4886 1.063, 0.5231 -0.638 1.063, 0.2012 -0.0 1.063, 0.2012 -0.0823 1.063, 0.8192 -0.4636 1.063, 0.7213 -0.416 1.063, 0.5214 -0.637 1.063, 0.6363 -0.348 1.063, 0.5206 -0.165 1.063, 0.2354 -0.2433 1.063, 0.5683 -0.2629 1.063, 0.3023 -0.3937 1.063, 0.3991 -0.5269 1.063, 0.4957 0.0591 1.063, 0.2012 0.0823 1.063, 0.5206 0.165 1.063, 0.2354 0.2433 1.063, 0.3023 0.3937 1.063, 0.5683 0.2629 1.063, 0.3991 0.5269 1.063, 0.6363 0.348 1.063, 0.5214 0.637 1.063, 0.7213 0.416 1.063, 0.5231 0.638 1.063, 0.8192 0.4636 1.063, 0.9252 0.4886 1.063, 0.9252 0.0591 1.063, 0.8205 0.7702 1.063, 0.664 0.7193 1.063, -0.9843 0.7874 1.063, 0.0 0.7874 1.063, 0.9547 0.7874 1.063, -0.5231 0.638 1.063, -0.664 0.7193 1.063, -0.8205 0.7702 1.063, -0.4957 0.0591 1.063, -0.9252 0.0591 1.063, -0.9252 0.4886 1.063, -0.2012 -0.0 1.063, -0.2012 0.0823 1.063, -0.8192 0.4636 1.063, -0.7213 0.416 1.063, -0.5214 0.637 1.063, -0.6363 0.348 1.063, -0.5206 0.165 1.063, -0.2354 0.2433 1.063, -0.5683 0.2629 1.063, -0.3023 0.3937 1.063, -0.3991 0.5269 1.063, -0.4957 -0.0591 1.063, -0.2012 -0.0823 1.063, -0.5206 -0.165 1.063, -0.2354 -0.2433 1.063, -0.3023 -0.3937 1.063, -0.5683 -0.2629 1.063, -0.3991 -0.5269 1.063, -0.6363 -0.348 1.063, -0.5214 -0.637 1.063, -0.7213 -0.416 1.063, -0.8192 -0.4636 1.063, -0.9252 -0.4886 1.063, -0.9252 -0.0591 1.063, 1.0138 0.638 1.063, 1.4728 0.0591 1.063, 1.0433 0.0591 1.063, 1.0138 -0.0 1.063, 1.0433 0.4886 1.063, 1.2472 0.416 1.063, 1.3322 0.348 1.063, 1.1493 0.4636 1.063, 1.4479 0.165 1.063, 1.4002 0.2629 1.063, 1.4002 -0.2629 1.063, 1.3322 -0.348 1.063, 1.2472 -0.416 1.063, 1.1493 -0.4636 1.063, 1.0433 -0.4886 1.063, 1.0433 -0.0591 1.063, 1.4728 -0.0591 1.063, 1.4479 -0.165 1.063, 1.4479 -0.165 1.063
            ]
        }
        coordIndex [
            0,1,2,-1,2,3,0,-1,0,3,4,-1,0,4,5,-1,5,4,6,-1,5,6,7,-1,7,8,5,-1,5,8,9,-1,5,9,10,-1,10,11,5,-1,5,11,12,-1,5,12,13,-1,13,12,14,-1,13,14,15,-1,15,14,16,-1,15,16,17,-1,16,18,17,-1,17,18,19,-1,17,19,1,-1,1,19,20,-1,20,21,1,-1,1,21,22,-1,1,22,23,-1,23,24,1,-1,1,24,25,-1,1,25,2,-1,26,27,28,-1,29,30,31,-1,29,31,28,-1,28,31,32,-1,28,32,26,-1,33,34,35,-1,27,36,28,-1,28,36,37,-1,28,37,35,-1,35,37,38,-1,35,38,33,-1,39,40,41,-1,41,40,35,-1,41,35,42,-1,42,35,34,-1,43,44,45,-1,45,44,40,-1,45,40,39,-1,46,47,48,-1,48,47,44,-1,48,44,49,-1,49,44,43,-1,50,30,29,-1,46,51,47,-1,47,51,52,-1,47,52,29,-1,29,52,53,-1,29,53,50,-1,54,55,56,-1,37,57,58,-1,59,60,61,-1,62,63,64,-1,34,33,61,-1,65,61,66,-1,34,61,42,-1,42,61,65,-1,42,65,67,-1,67,68,42,-1,42,68,69,-1,42,69,41,-1,69,70,41,-1,41,70,71,-1,41,71,72,-1,72,71,73,-1,72,73,66,-1,66,73,74,-1,66,74,65,-1,39,41,45,-1,45,41,72,-1,45,72,43,-1,43,72,49,-1,64,63,66,-1,66,63,75,-1,66,75,72,-1,72,75,76,-1,72,76,49,-1,76,77,49,-1,49,77,78,-1,49,78,48,-1,48,78,79,-1,48,79,80,-1,51,46,48,-1,59,61,81,-1,81,61,82,-1,82,61,33,-1,82,33,58,-1,58,33,38,-1,58,38,37,-1,83,84,85,-1,86,87,88,-1,89,90,91,-1,91,90,92,-1,91,92,88,-1,88,92,93,-1,88,93,86,-1,89,94,95,-1,92,96,93,-1,93,96,97,-1,93,97,98,-1,98,97,99,-1,89,95,100,-1,100,95,101,-1,100,101,102,-1,102,101,103,-1,102,103,99,-1,99,103,104,-1,99,104,98,-1,89,91,94,-1,94,91,105,-1,94,105,106,-1,106,105,107,-1,106,107,108,-1,108,107,109,-1,109,107,110,-1,109,110,111,-1,111,110,112,-1,111,112,113,-1,113,112,114,-1,113,114,115,-1,115,114,116,-1,115,116,56,-1,56,116,117,-1,56,117,91,-1,91,117,118,-1,91,118,105,-1,55,119,56,-1,56,119,120,-1,56,120,115,-1,80,62,48,-1,48,62,64,-1,48,64,51,-1,51,64,121,-1,51,121,52,-1,52,121,122,-1,52,122,123,-1,124,125,64,-1,64,125,126,-1,64,126,121,-1,127,128,66,-1,66,128,64,-1,64,128,129,-1,64,129,124,-1,127,130,131,-1,129,132,124,-1,124,132,133,-1,124,133,134,-1,134,133,135,-1,127,131,136,-1,136,131,137,-1,136,137,138,-1,138,137,139,-1,138,139,135,-1,135,139,140,-1,135,140,134,-1,127,66,130,-1,130,66,141,-1,130,141,142,-1,142,141,143,-1,142,143,144,-1,144,143,145,-1,145,143,146,-1,145,146,147,-1,147,146,148,-1,147,148,149,-1,149,148,150,-1,149,150,60,-1,60,150,151,-1,60,151,61,-1,61,151,152,-1,61,152,66,-1,66,152,153,-1,66,153,141,-1,30,50,31,-1,31,50,154,-1,155,156,157,-1,157,156,158,-1,157,158,154,-1,159,160,31,-1,154,158,31,-1,31,158,161,-1,31,161,159,-1,155,32,162,-1,162,32,31,-1,162,31,163,-1,163,31,160,-1,164,165,26,-1,165,166,26,-1,26,166,167,-1,26,167,85,-1,85,167,168,-1,85,168,157,-1,157,168,169,-1,157,169,170,-1,155,157,32,-1,32,157,170,-1,32,170,26,-1,26,170,171,-1,26,171,164,-1,87,83,88,-1,88,83,85,-1,88,85,91,-1,91,85,157,-1,91,157,56,-1,56,157,154,-1,56,154,54,-1,54,154,50,-1,54,50,123,-1,123,50,53,-1,123,53,52,-1,57,37,84,-1,84,37,36,-1,84,36,85,-1,85,36,27,-1,85,27,26,-1,15,29,13,-1,13,29,28,-1,17,47,15,-1,15,47,29,-1,35,5,28,-1,28,5,13,-1,1,44,17,-1,17,44,47,-1,40,0,35,-1,35,0,5,-1,0,40,1,-1,1,40,44,-1,
        ]
    }
}
Shape{
    appearance Appearance {
        material  Material 	{
            diffuseColor 0.7529411764705882 0.7529411764705882 0.0
            specularColor 0.3764705882352941 0.3764705882352941 0.0
            ambientIntensity 0.2
            transparency 0
            shininess 0.5
        }
    }
    geometry IndexedFaceSet {
        ccw TRUE
        solid FALSE
        coord DEF co Coordinate {
            point [
                -1.0433 0.4886 3.2283, -1.0433 0.4886 1.063, -1.1205 0.4729 3.2283, -1.1493 0.4636 1.063, -1.1487 0.4621 3.2283, -1.1978 0.4434 3.2283, -1.2472 0.416 1.063, -1.2464 0.4147 3.2283, -1.269 0.4014 3.2283, -1.3322 0.348 1.063, -1.3322 0.348 3.2283, -1.3856 0.2848 3.2283, -1.4002 0.2629 1.063, -1.3989 0.2622 3.2283, -1.4276 0.2135 3.2283, -1.4479 0.165 1.063, -1.4464 0.1645 3.2283, -1.4571 0.1363 3.2283, -1.4728 0.0591 1.063, -1.4728 0.0591 3.2283, -1.268 0.0818 3.4252, -1.2736 0.0591 3.4252, -1.0433 0.0591 3.4252, -1.2503 0.1281 3.4252, -1.0433 0.2893 3.4252, -1.066 0.2837 3.4252, -1.1124 0.266 3.4252, -1.1551 0.2408 3.4252, -1.193 0.2088 3.4252, -1.2251 0.1709 3.4252, -1.1949 0.4373 3.2793, -1.2652 0.3959 3.2793, -1.4216 0.2106 3.2793, -1.4507 0.1344 3.2793, -1.0433 0.3715 3.4078, -1.0433 0.3888 3.3981, -1.0933 0.3783 3.3988, -1.3112 0.0591 3.4217, -1.3169 0.0959 3.4185, -1.3254 0.0591 3.4185, -1.3626 0.109 3.3988, -1.3615 0.0591 3.4051, -1.3262 0.0591 3.4183, -1.4017 0.1203 3.3675, -1.3883 0.0591 3.3895, -1.3732 0.0591 3.3983, -1.4455 0.0591 3.3263, -1.4361 0.0591 3.3424, -1.4318 0.129 3.3268, -1.4169 0.0591 3.3653, -1.4145 0.0591 3.3673, -1.4549 0.0591 3.3102, -1.4614 0.0591 3.2941, -1.4728 0.0591 3.2295, -1.4706 0.0591 3.258, -1.4652 0.0591 3.2791, -1.0433 0.485 3.2654, -1.1187 0.4664 3.2793, -1.0433 0.4816 3.2792, -1.1132 0.4475 3.3268, -1.0433 0.4663 3.319, -1.0433 0.4803 3.2844, -1.0433 0.4265 3.3713, -1.0433 0.4301 3.3673, -1.1046 0.4175 3.3675, -1.0433 0.4512 3.3433, -1.0433 0.4616 3.3265, -1.0433 0.4043 3.3893, -1.0433 0.3444 3.4176, -1.0801 0.3327 3.4185, -1.0433 0.3411 3.4182, -1.0433 0.3071 3.4244, -1.4039 0.2021 3.3268, -1.3757 0.1885 3.3675, -1.339 0.1708 3.3988, -1.2962 0.1502 3.4185, -1.3801 0.2809 3.2793, -1.3641 0.2695 3.3268, -1.3386 0.2514 3.3675, -1.3053 0.2278 3.3988, -1.2666 0.2004 3.4185, -1.2291 0.2448 3.4185, -1.2626 0.2784 3.3988, -1.2915 0.3072 3.3675, -1.3136 0.3293 3.3268, -1.3275 0.3432 3.2793, -1.1846 0.2824 3.4185, -1.2121 0.3211 3.3988, -1.2357 0.3543 3.3675, -1.2538 0.3798 3.3268, -1.1864 0.4196 3.3268, -1.1728 0.3914 3.3675, -1.1551 0.3547 3.3988, -1.1345 0.3119 3.4185, -1.2736 -0.0591 3.4252, -1.0433 -0.0591 3.4252, -1.0433 -0.0591 1.063, -1.4728 -0.0591 1.063, -1.4728 -0.0591 3.2283, -1.4724 -0.0591 3.2415, -1.3253 -0.0591 3.4181, -1.3458 -0.0591 3.4119, -1.3732 -0.0591 3.3983, -1.4663 -0.0591 3.2783, -1.466 -0.0591 3.2793, -1.4614 -0.0591 3.2941, -1.4456 -0.0591 3.328, -1.4291 -0.0591 3.3517, -1.4141 -0.0591 3.3669, -1.4028 -0.0591 3.3784, -1.3795 -0.0591 3.3952, -1.3182 -0.0591 3.4203, -1.2805 -0.0591 3.4251, -1.0433 0.0591 1.063, -0.9252 0.3719 3.4076, -0.9252 0.389 3.3983, -0.9252 0.0591 1.063, -0.9252 0.4613 3.3264, -0.9252 0.4485 3.347, -0.9252 0.4303 3.3674, -0.9252 0.3993 3.3927, -0.9252 0.4286 3.3693, -0.9252 0.0591 3.4252, -0.9252 0.2893 3.4252, -0.9252 0.327 3.4217, -0.9252 0.4682 3.3153, -0.9252 0.4792 3.2882, -0.9252 0.4812 3.2792, -0.9252 0.4872 3.2518, -0.9252 0.4886 3.2283, -0.9252 0.4886 1.063, -0.9252 0.3362 3.4197, -0.9252 0.341 3.4181, -0.9252 -0.2893 3.4252, -0.9252 -0.0591 3.4252, -0.9252 -0.0591 1.063, -0.9252 -0.4886 1.063, -0.9252 -0.4886 3.2283, -0.9252 -0.4883 3.2389, -0.9252 -0.3411 3.4182, -0.9252 -0.3645 3.4108, -0.9252 -0.3889 3.3982, -0.9252 -0.4827 3.2757, -0.9252 -0.4817 3.2793, -0.9252 -0.4782 3.2912, -0.9252 -0.4629 3.3252, -0.9252 -0.4468 3.3492, -0.9252 -0.4298 3.367, -0.9252 -0.421 3.3763, -0.9252 -0.398 3.3935, -0.9252 -0.337 3.4195, -0.9252 -0.2995 3.4249, -1.0433 -0.4886 3.2283, -1.0433 -0.4886 1.063, -1.0433 -0.4868 3.2549, -1.0433 -0.2893 3.4252, -1.0433 -0.4063 3.3879, -1.0433 -0.4301 3.3672, -1.0433 -0.4345 3.3633, -1.0433 -0.327 3.4217, -1.0433 -0.3411 3.4184, -1.0433 -0.3447 3.4175, -1.0433 -0.3797 3.4039, -1.0433 -0.389 3.3984, -1.0433 -0.4534 3.3403, -1.0433 -0.4612 3.3264, -1.0433 -0.4717 3.3078, -1.0433 -0.4782 3.2912, -1.0433 -0.481 3.2791, -1.0433 -0.481 3.2791
            ]
        }
        coordIndex [
            0,1,2,-1,2,1,3,-1,2,3,4,-1,4,3,5,-1,5,3,6,-1,5,6,7,-1,7,6,8,-1,8,6,9,-1,8,9,10,-1,10,9,11,-1,11,9,12,-1,11,12,13,-1,13,12,14,-1,14,12,15,-1,14,15,16,-1,16,15,17,-1,17,15,18,-1,17,18,19,-1,20,21,22,-1,20,22,23,-1,24,25,22,-1,22,25,26,-1,22,26,27,-1,27,28,22,-1,22,28,29,-1,22,29,23,-1,4,5,30,-1,7,8,31,-1,13,14,32,-1,16,17,33,-1,34,35,36,-1,21,20,37,-1,37,20,38,-1,37,38,39,-1,40,41,38,-1,38,41,42,-1,38,42,39,-1,43,44,40,-1,40,44,45,-1,40,45,41,-1,46,47,48,-1,48,47,49,-1,48,49,43,-1,43,49,50,-1,43,50,44,-1,46,48,51,-1,51,48,33,-1,51,33,52,-1,19,53,17,-1,17,53,54,-1,17,54,33,-1,33,54,55,-1,33,55,52,-1,0,2,56,-1,56,2,57,-1,56,57,58,-1,59,60,57,-1,57,60,61,-1,57,61,58,-1,62,63,64,-1,64,63,65,-1,64,65,59,-1,59,65,66,-1,59,66,60,-1,36,35,64,-1,64,35,67,-1,64,67,62,-1,34,36,68,-1,68,36,69,-1,68,69,70,-1,25,24,69,-1,69,24,71,-1,69,71,70,-1,14,16,32,-1,32,16,33,-1,32,33,72,-1,72,33,48,-1,72,48,73,-1,73,48,43,-1,73,43,74,-1,74,43,40,-1,74,40,75,-1,75,40,38,-1,75,38,23,-1,23,38,20,-1,11,13,76,-1,76,13,32,-1,76,32,77,-1,77,32,72,-1,77,72,78,-1,78,72,73,-1,78,73,79,-1,79,73,74,-1,79,74,80,-1,80,74,75,-1,80,75,29,-1,29,75,23,-1,29,28,80,-1,80,28,81,-1,80,81,79,-1,79,81,82,-1,79,82,78,-1,78,82,83,-1,78,83,77,-1,77,83,84,-1,77,84,76,-1,76,84,85,-1,76,85,11,-1,11,85,10,-1,28,27,81,-1,81,27,86,-1,81,86,82,-1,82,86,87,-1,82,87,83,-1,83,87,88,-1,83,88,84,-1,84,88,89,-1,84,89,85,-1,85,89,31,-1,85,31,10,-1,10,31,8,-1,5,7,30,-1,30,7,31,-1,30,31,90,-1,90,31,89,-1,90,89,91,-1,91,89,88,-1,91,88,92,-1,92,88,87,-1,92,87,93,-1,93,87,86,-1,93,86,26,-1,26,86,27,-1,2,4,57,-1,57,4,30,-1,57,30,59,-1,59,30,90,-1,59,90,64,-1,64,90,91,-1,64,91,36,-1,36,91,92,-1,36,92,69,-1,69,92,93,-1,69,93,25,-1,25,93,26,-1,94,95,96,-1,97,98,96,-1,96,98,99,-1,100,96,101,-1,101,96,102,-1,99,103,96,-1,96,103,104,-1,96,104,105,-1,105,106,96,-1,96,106,107,-1,96,107,108,-1,108,109,96,-1,96,109,110,-1,96,110,102,-1,100,111,96,-1,96,111,112,-1,96,112,94,-1,19,18,113,-1,44,50,113,-1,113,22,21,-1,21,37,113,-1,113,37,39,-1,113,39,42,-1,42,41,113,-1,113,41,45,-1,113,45,44,-1,50,49,113,-1,113,49,47,-1,113,47,46,-1,46,51,113,-1,113,51,52,-1,113,52,55,-1,55,54,113,-1,113,54,53,-1,113,53,19,-1,65,63,22,-1,113,1,22,-1,22,1,0,-1,0,56,22,-1,22,56,58,-1,22,58,61,-1,61,60,22,-1,22,60,66,-1,22,66,65,-1,63,62,22,-1,22,62,67,-1,22,67,35,-1,70,35,68,-1,68,35,34,-1,70,71,35,-1,35,71,24,-1,35,24,22,-1,114,115,116,-1,117,116,118,-1,118,116,119,-1,115,120,116,-1,116,120,121,-1,116,121,119,-1,122,123,116,-1,116,123,124,-1,117,125,116,-1,116,125,126,-1,116,126,127,-1,127,128,116,-1,116,128,129,-1,116,129,130,-1,124,131,116,-1,116,131,132,-1,116,132,114,-1,133,134,135,-1,136,137,135,-1,135,137,138,-1,139,135,140,-1,140,135,141,-1,138,142,135,-1,135,142,143,-1,135,143,144,-1,144,145,135,-1,135,145,146,-1,135,146,147,-1,147,148,135,-1,135,148,149,-1,135,149,141,-1,139,150,135,-1,135,150,151,-1,135,151,133,-1,152,153,96,-1,152,96,154,-1,96,95,155,-1,156,157,96,-1,96,157,158,-1,155,159,96,-1,96,159,160,-1,96,160,161,-1,161,162,96,-1,96,162,163,-1,96,163,156,-1,158,164,96,-1,96,164,165,-1,96,165,166,-1,166,167,96,-1,96,167,168,-1,96,168,154,-1,
        ]
    }
}
Shape{
    appearance Appearance {
        material  Material 	{
            diffuseColor 1.0 1.0 0.5019607843137255
            specularColor 0.5019607843137255 0.5019607843137255 0.25098039215686274
            ambientIntensity 0.2
            transparency 0
            shininess 0.5
        }
    }
    geometry IndexedFaceSet {
        ccw TRUE
        solid FALSE
        coord DEF co Coordinate {
            point [
                -0.9843 0.7874 0.9449, -0.9843 0.7874 1.063, -0.8205 0.7702 1.063, -0.8205 0.7702 0.9449, -0.664 0.7193 1.063, -0.664 0.7193 0.9449, -0.5231 0.638 1.063, -0.5214 0.637 0.9449, -0.5214 0.637 1.063, -0.3991 0.5269 1.063, -0.3991 0.5269 0.9449, -0.3023 0.3937 1.063, -0.3023 0.3937 0.9449, -0.2354 0.2433 1.063, -0.2354 0.2433 0.9449, -0.2012 0.0823 1.063, -0.2012 0.0823 0.9449, -0.2012 -0.0 1.063, -0.2012 -0.0823 0.9449, -0.2012 -0.0823 1.063, -0.2354 -0.2433 1.063, -0.2354 -0.2433 0.9449, -0.3023 -0.3937 1.063, -0.3023 -0.3937 0.9449, -0.3991 -0.5269 1.063, -0.3991 -0.5269 0.9449, -0.5214 -0.637 1.063, -0.5214 -0.637 0.9449, -0.5231 -0.638 1.063, -0.664 -0.7193 0.9449, -0.664 -0.7193 1.063, -0.8205 -0.7702 1.063, -0.8205 -0.7702 0.9449, -0.9843 -0.7874 1.063, -0.9843 -0.7874 0.9449, 0.0 0.7874 1.063, 0.9843 0.7874 0.9449, 0.9547 0.7874 1.063, 0.9843 0.7874 1.063, 0.9843 -0.7874 0.9449, 0.9843 -0.7874 1.063, 0.9547 -0.7843 1.063, 0.8205 -0.7702 0.9449, 0.8205 -0.7702 1.063, 0.664 -0.7193 1.063, 0.664 -0.7193 0.9449, 0.5231 -0.638 1.063, 0.5214 -0.637 0.9449, 0.5214 -0.637 1.063, 0.3991 -0.5269 1.063, 0.3991 -0.5269 0.9449, 0.3023 -0.3937 1.063, 0.3023 -0.3937 0.9449, 0.2354 -0.2433 1.063, 0.2354 -0.2433 0.9449, 0.2012 -0.0823 1.063, 0.2012 -0.0823 0.9449, 0.2012 -0.0 1.063, 0.2012 0.0823 0.9449, 0.2012 0.0823 1.063, 0.2354 0.2433 1.063, 0.2354 0.2433 0.9449, 0.3023 0.3937 1.063, 0.3023 0.3937 0.9449, 0.3991 0.5269 1.063, 0.3991 0.5269 0.9449, 0.5214 0.637 1.063, 0.5214 0.637 0.9449, 0.5231 0.638 1.063, 0.664 0.7193 0.9449, 0.9547 0.7843 1.063, 0.8205 0.7702 0.9449, 0.8205 0.7702 1.063, 0.664 0.7193 1.063, 0.9547 -0.7874 1.063, 0.0 -0.7874 1.063, 0.0 -0.7874 1.063
            ]
        }
        coordIndex [
            0,1,2,-1,0,2,3,-1,3,2,4,-1,3,4,5,-1,5,4,6,-1,5,6,7,-1,6,8,7,-1,7,8,9,-1,7,9,10,-1,10,9,11,-1,10,11,12,-1,12,11,13,-1,12,13,14,-1,14,13,15,-1,14,15,16,-1,16,15,17,-1,16,17,18,-1,17,19,18,-1,18,19,20,-1,18,20,21,-1,21,20,22,-1,21,22,23,-1,23,22,24,-1,23,24,25,-1,25,24,26,-1,25,26,27,-1,27,26,28,-1,27,28,29,-1,28,30,29,-1,29,30,31,-1,29,31,32,-1,32,31,33,-1,32,33,34,-1,1,0,35,-1,35,0,36,-1,35,36,37,-1,37,36,38,-1,39,40,41,-1,39,41,42,-1,41,43,42,-1,42,43,44,-1,42,44,45,-1,45,44,46,-1,45,46,47,-1,46,48,47,-1,47,48,49,-1,47,49,50,-1,50,49,51,-1,50,51,52,-1,52,51,53,-1,52,53,54,-1,54,53,55,-1,54,55,56,-1,56,55,57,-1,56,57,58,-1,57,59,58,-1,58,59,60,-1,58,60,61,-1,61,60,62,-1,61,62,63,-1,63,62,64,-1,63,64,65,-1,65,64,66,-1,65,66,67,-1,67,66,68,-1,67,68,69,-1,38,36,70,-1,70,36,71,-1,70,71,72,-1,72,71,69,-1,72,69,73,-1,73,69,68,-1,74,40,39,-1,74,39,75,-1,75,39,34,-1,75,34,33,-1,71,36,0,-1,71,0,69,-1,10,12,63,-1,63,12,14,-1,63,14,61,-1,34,39,32,-1,32,39,42,-1,32,42,45,-1,69,0,67,-1,67,0,3,-1,67,3,65,-1,65,3,5,-1,65,5,63,-1,63,5,7,-1,63,7,10,-1,61,14,58,-1,58,14,16,-1,58,16,56,-1,56,16,18,-1,56,18,54,-1,54,18,21,-1,54,21,52,-1,52,21,23,-1,52,23,25,-1,45,47,32,-1,32,47,50,-1,32,50,29,-1,29,50,52,-1,29,52,27,-1,27,52,25,-1,
        ]
    }
}
Shape{
    appearance Appearance {
        material  Material 	{
            diffuseColor 0.7529411764705882 0.7529411764705882 0.0
            specularColor 0.3764705882352941 0.3764705882352941 0.0
            ambientIntensity 0.2
            transparency 0
            shininess 0.5
        }
    }
    geometry IndexedFaceSet {
        ccw TRUE
        solid FALSE
        coord DEF co Coordinate {
            point [
                1.0433 -0.389 3.3984, 1.0433 -0.0591 1.063, 1.0433 -0.4063 3.3879, 1.0433 -0.4301 3.3672, 1.0433 -0.4886 1.063, 1.0433 -0.4886 3.2283, 1.0433 -0.4868 3.2549, 1.0433 -0.481 3.2791, 1.0433 -0.4782 3.2912, 1.0433 -0.4717 3.3078, 1.0433 -0.4612 3.3264, 1.0433 -0.4534 3.3403, 1.0433 -0.4345 3.3633, 1.0433 -0.3797 3.4039, 1.0433 -0.3447 3.4175, 1.0433 -0.3411 3.4184, 1.0433 -0.327 3.4217, 1.0433 -0.2893 3.4252, 1.0433 -0.0591 3.4252, 0.9252 -0.4886 3.2283, 0.9252 -0.4886 1.063, 0.9252 -0.0591 1.063, 0.9252 -0.0591 3.4252, 0.9252 -0.2893 3.4252, 0.9252 -0.2995 3.4249, 0.9252 -0.3645 3.4108, 0.9252 -0.3889 3.3982, 0.9252 -0.398 3.3935, 0.9252 -0.337 3.4195, 0.9252 -0.3411 3.4182, 0.9252 -0.421 3.3763, 0.9252 -0.4298 3.367, 0.9252 -0.4468 3.3492, 0.9252 -0.4629 3.3252, 0.9252 -0.4782 3.2912, 0.9252 -0.4817 3.2793, 0.9252 -0.4827 3.2757, 0.9252 -0.4883 3.2389, 0.9252 0.2893 3.4252, 0.9252 0.0591 3.4252, 0.9252 0.0591 1.063, 0.9252 0.4613 3.3264, 0.9252 0.4485 3.347, 0.9252 0.4303 3.3674, 0.9252 0.4286 3.3693, 0.9252 0.3993 3.3927, 0.9252 0.389 3.3983, 0.9252 0.3719 3.4076, 0.9252 0.341 3.4181, 0.9252 0.4886 1.063, 0.9252 0.4886 3.2283, 0.9252 0.4872 3.2518, 0.9252 0.4812 3.2792, 0.9252 0.4792 3.2882, 0.9252 0.4682 3.3153, 0.9252 0.3362 3.4197, 0.9252 0.327 3.4217, 1.0433 0.4512 3.3433, 1.0433 0.4616 3.3265, 1.0433 0.0591 3.4252, 1.0433 0.4663 3.319, 1.0433 0.4803 3.2844, 1.0433 0.4816 3.2792, 1.0433 0.4886 1.063, 1.0433 0.0591 1.063, 1.0433 0.4886 3.2283, 1.0433 0.485 3.2654, 1.0433 0.3071 3.4244, 1.0433 0.3411 3.4182, 1.0433 0.3888 3.3981, 1.0433 0.3444 3.4176, 1.0433 0.3715 3.4078, 1.0433 0.4043 3.3893, 1.0433 0.4265 3.3713, 1.0433 0.4301 3.3673, 1.0433 0.2893 3.4252, 1.0433 0.2893 3.4252
            ]
        }
        coordIndex [
            0,1,2,-1,2,1,3,-1,4,5,1,-1,1,5,6,-1,1,6,7,-1,7,8,1,-1,1,8,9,-1,1,9,10,-1,10,11,1,-1,1,11,12,-1,1,12,3,-1,0,13,1,-1,1,13,14,-1,1,14,15,-1,15,16,1,-1,1,16,17,-1,1,17,18,-1,19,20,21,-1,22,23,21,-1,21,23,24,-1,25,26,21,-1,21,26,27,-1,24,28,21,-1,21,28,29,-1,21,29,25,-1,27,30,21,-1,21,30,31,-1,21,31,32,-1,32,33,21,-1,21,33,34,-1,21,34,35,-1,35,36,21,-1,21,36,37,-1,21,37,19,-1,38,39,40,-1,40,41,42,-1,42,43,40,-1,40,43,44,-1,40,44,45,-1,45,46,40,-1,40,46,47,-1,40,47,48,-1,49,50,40,-1,40,50,51,-1,40,51,52,-1,52,53,40,-1,40,53,54,-1,40,54,41,-1,48,55,40,-1,40,55,56,-1,40,56,38,-1,57,58,59,-1,58,60,59,-1,59,60,61,-1,59,61,62,-1,63,64,65,-1,65,64,59,-1,65,59,66,-1,66,59,62,-1,67,68,69,-1,69,68,70,-1,69,70,71,-1,72,73,59,-1,59,73,74,-1,59,74,57,-1,72,59,69,-1,69,59,75,-1,69,75,67,-1,
        ]
    }
}
Shape{
    appearance Appearance {
        material  Material 	{
            diffuseColor 1.0 1.0 0.5019607843137255
            specularColor 0.5019607843137255 0.5019607843137255 0.25098039215686274
            ambientIntensity 0.2
            transparency 0
            shininess 0.5
        }
    }
    geometry IndexedFaceSet {
        ccw TRUE
        solid FALSE
        coord DEF co Coordinate {
            point [
                -1.2205 -1.063 1.378, -1.2205 -1.1024 1.378, -1.3664 -1.0486 1.378, -1.3741 -1.0872 1.378, -1.5067 -1.0061 1.378, -1.5218 -1.0424 1.378, -1.6361 -0.9369 1.378, -1.6579 -0.9697 1.378, -1.7494 -0.8439 1.378, -1.7772 -0.8717 1.378, -1.8424 -0.7305 1.378, -1.8752 -0.7524 1.378, -1.9116 -0.6012 1.378, -1.9479 -0.6163 1.378, -1.9541 -0.4609 1.378, -1.9927 -0.4686 1.378, -1.9685 -0.315 1.378, -2.0079 -0.315 1.378, -1.9685 0.315 1.378, -2.0079 0.315 1.378, -1.9541 0.4609 1.378, -1.9927 0.4686 1.378, -1.9116 0.6012 1.378, -1.9479 0.6163 1.378, -1.8424 0.7305 1.378, -1.8752 0.7524 1.378, -1.7494 0.8439 1.378, -1.7772 0.8717 1.378, -1.6361 0.9369 1.378, -1.6579 0.9697 1.378, -1.5067 1.0061 1.378, -1.5218 1.0424 1.378, -1.3664 1.0486 1.378, -1.3741 1.0872 1.378, -1.2205 1.063 1.378, -1.2205 1.1024 1.378, 1.9685 1.063 1.378, 2.0079 1.1024 1.378, 1.9685 -1.063 1.378, 2.0079 -1.1024 1.378, -1.9116 -0.6012 0.3937, -1.9479 -0.6163 0.3937, -1.8424 -0.7305 0.3937, -1.8752 -0.7524 0.3937, -1.7494 -0.8439 0.3937, -1.7772 -0.8717 0.3937, -1.6361 -0.9369 0.3937, -1.6579 -0.9697 0.3937, -1.5067 -1.0061 0.3937, -1.5218 -1.0424 0.3937, -1.3664 -1.0486 0.3937, -1.3741 -1.0872 0.3937, -1.2205 -1.063 0.3937, -1.2205 -1.1024 0.3937, 1.9685 -1.063 0.3937, 2.0079 -1.1024 0.3937, 1.9685 1.063 0.3937, 2.0079 1.1024 0.3937, -1.2205 1.063 0.3937, -1.2205 1.1024 0.3937, -1.3664 1.0486 0.3937, -1.3741 1.0872 0.3937, -1.5067 1.0061 0.3937, -1.5218 1.0424 0.3937, -1.6361 0.9369 0.3937, -1.6579 0.9697 0.3937, -1.7494 0.8439 0.3937, -1.7772 0.8717 0.3937, -1.8424 0.7305 0.3937, -1.8752 0.7524 0.3937, -1.9116 0.6012 0.3937, -1.9479 0.6163 0.3937, -1.9541 0.4609 0.3937, -1.9927 0.4686 0.3937, -1.9685 0.315 0.3937, -2.0079 0.315 0.3937, -1.9685 -0.315 0.3937, -2.0079 -0.315 0.3937, -1.9541 -0.4609 0.3937, -1.9927 -0.4686 0.3937, -1.9927 -0.4686 0.3937
            ]
        }
        coordIndex [
            0,1,2,-1,2,1,3,-1,2,3,4,-1,4,3,5,-1,4,5,6,-1,6,5,7,-1,6,7,8,-1,8,7,9,-1,8,9,10,-1,10,9,11,-1,10,11,12,-1,12,11,13,-1,12,13,14,-1,14,13,15,-1,14,15,16,-1,16,15,17,-1,16,17,18,-1,18,17,19,-1,18,19,20,-1,20,19,21,-1,20,21,22,-1,22,21,23,-1,22,23,24,-1,24,23,25,-1,24,25,26,-1,26,25,27,-1,26,27,28,-1,28,27,29,-1,28,29,30,-1,30,29,31,-1,30,31,32,-1,32,31,33,-1,32,33,34,-1,34,33,35,-1,34,35,36,-1,36,35,37,-1,36,37,38,-1,38,37,39,-1,38,39,0,-1,0,39,1,-1,40,41,42,-1,42,41,43,-1,42,43,44,-1,44,43,45,-1,44,45,46,-1,46,45,47,-1,46,47,48,-1,48,47,49,-1,48,49,50,-1,50,49,51,-1,50,51,52,-1,52,51,53,-1,52,53,54,-1,54,53,55,-1,54,55,56,-1,56,55,57,-1,56,57,58,-1,58,57,59,-1,58,59,60,-1,60,59,61,-1,60,61,62,-1,62,61,63,-1,62,63,64,-1,64,63,65,-1,64,65,66,-1,66,65,67,-1,66,67,68,-1,68,67,69,-1,68,69,70,-1,70,69,71,-1,70,71,72,-1,72,71,73,-1,72,73,74,-1,74,73,75,-1,74,75,76,-1,76,75,77,-1,76,77,78,-1,78,77,79,-1,78,79,40,-1,40,79,41,-1,36,38,56,-1,56,38,54,-1,34,36,58,-1,58,36,56,-1,34,58,60,-1,34,60,32,-1,32,60,62,-1,32,62,30,-1,30,62,64,-1,30,64,28,-1,28,64,66,-1,28,66,26,-1,26,66,68,-1,26,68,24,-1,24,68,70,-1,24,70,22,-1,22,70,72,-1,22,72,20,-1,20,72,74,-1,20,74,18,-1,16,18,76,-1,76,18,74,-1,16,76,78,-1,16,78,14,-1,14,78,40,-1,14,40,12,-1,12,40,42,-1,12,42,10,-1,10,42,44,-1,10,44,8,-1,8,44,46,-1,8,46,6,-1,6,46,48,-1,6,48,4,-1,4,48,50,-1,4,50,2,-1,2,50,52,-1,2,52,0,-1,38,0,54,-1,54,0,52,-1,
        ]
    }
}
Shape{
    appearance Appearance {
        material  Material 	{
            diffuseColor 0.7529411764705882 0.7529411764705882 0.0
            specularColor 0.3764705882352941 0.3764705882352941 0.0
            ambientIntensity 0.2
            transparency 0
            shininess 0.5
        }
    }
    geometry IndexedFaceSet {
        ccw TRUE
        solid FALSE
        coord DEF co Coordinate {
            point [
                -0.7797 0.1181 -1.1811, -0.7561 0.0611 -1.1811, -0.9843 -0.0 -1.1811, -0.748 -0.0 -1.1811, -0.7561 -0.0611 -1.1811, -0.9231 0.2282 -1.1811, -0.8661 0.2046 -1.1811, -0.8172 0.167 -1.1811, -1.1024 0.2046 -1.1811, -1.0454 0.2282 -1.1811, -0.9843 0.2362 -1.1811, -1.2124 0.0611 -1.1811, -1.1888 0.1181 -1.1811, -1.1513 0.167 -1.1811, -1.1888 -0.1181 -1.1811, -1.2124 -0.0611 -1.1811, -1.2205 -0.0 -1.1811, -1.0454 -0.2282 -1.1811, -1.1024 -0.2046 -1.1811, -1.1513 -0.167 -1.1811, -0.8661 -0.2046 -1.1811, -0.9231 -0.2282 -1.1811, -0.9843 -0.2362 -1.1811, -0.7797 -0.1181 -1.1811, -0.8172 -0.167 -1.1811, 1.1888 0.1181 -1.1811, 1.2124 0.0611 -1.1811, 0.9843 -0.0 -1.1811, 1.2205 -0.0 -1.1811, 1.2124 -0.0611 -1.1811, 1.0454 0.2282 -1.1811, 1.1024 0.2046 -1.1811, 1.1513 0.167 -1.1811, 0.8661 0.2046 -1.1811, 0.9231 0.2282 -1.1811, 0.9843 0.2362 -1.1811, 0.7561 0.0611 -1.1811, 0.7797 0.1181 -1.1811, 0.8172 0.167 -1.1811, 0.7797 -0.1181 -1.1811, 0.7561 -0.0611 -1.1811, 0.748 -0.0 -1.1811, 0.9231 -0.2282 -1.1811, 0.8661 -0.2046 -1.1811, 0.8172 -0.167 -1.1811, 1.1024 -0.2046 -1.1811, 1.0454 -0.2282 -1.1811, 0.9843 -0.2362 -1.1811, 1.1888 -0.1181 -1.1811, 1.1513 -0.167 -1.1811, -0.6693 -0.0 0.3937, -0.68 0.0815 -1.1024, -0.68 0.0815 0.3937, -0.7115 0.1575 -1.1024, -0.7115 0.1575 0.3937, -0.7615 0.2227 -1.1024, -0.7615 0.2227 0.3937, -0.8268 0.2728 -1.1024, -0.8268 0.2728 0.3937, -0.9027 0.3042 -1.1024, -0.9027 0.3042 0.3937, -0.9843 0.315 -1.1024, -0.9843 0.315 0.3937, -1.0658 0.3042 -1.1024, -1.0658 0.3042 0.3937, -1.1417 0.2728 -1.1024, -1.1417 0.2728 0.3937, -1.207 0.2227 -1.1024, -1.207 0.2227 0.3937, -1.257 0.1575 -1.1024, -1.257 0.1575 0.3937, -1.2885 0.0815 -1.1024, -1.2885 0.0815 0.3937, -1.2992 0.0 -1.1024, -1.2992 0.0 0.3937, -1.2885 -0.0815 -1.1024, -1.2885 -0.0815 0.3937, -1.257 -0.1575 -1.1024, -1.257 -0.1575 0.3937, -1.207 -0.2227 -1.1024, -1.207 -0.2227 0.3937, -1.1417 -0.2728 -1.1024, -1.1417 -0.2728 0.3937, -1.0658 -0.3042 -1.1024, -1.0658 -0.3042 0.3937, -0.9843 -0.315 -1.1024, -0.9843 -0.315 0.3937, -0.9027 -0.3042 -1.1024, -0.9027 -0.3042 0.3937, -0.8268 -0.2728 -1.1024, -0.8268 -0.2728 0.3937, -0.7615 -0.2227 -1.1024, -0.7615 -0.2227 0.3937, -0.7115 -0.1575 -1.1024, -0.7115 -0.1575 0.3937, -0.68 -0.0815 -1.1024, -0.68 -0.0815 0.3937, -0.6693 -0.0 -1.1024, 1.2992 -0.0 0.3937, 1.2885 0.0815 -1.1024, 1.2885 0.0815 0.3937, 1.257 0.1575 -1.1024, 1.257 0.1575 0.3937, 1.207 0.2227 -1.1024, 1.207 0.2227 0.3937, 1.1417 0.2728 -1.1024, 1.1417 0.2728 0.3937, 1.0658 0.3042 -1.1024, 1.0658 0.3042 0.3937, 0.9843 0.315 -1.1024, 0.9843 0.315 0.3937, 0.9027 0.3042 -1.1024, 0.9027 0.3042 0.3937, 0.8268 0.2728 -1.1024, 0.8268 0.2728 0.3937, 0.7615 0.2227 -1.1024, 0.7615 0.2227 0.3937, 0.7115 0.1575 -1.1024, 0.7115 0.1575 0.3937, 0.68 0.0815 -1.1024, 0.68 0.0815 0.3937, 0.6693 0.0 -1.1024, 0.6693 0.0 0.3937, 0.68 -0.0815 -1.1024, 0.68 -0.0815 0.3937, 0.7115 -0.1575 -1.1024, 0.7115 -0.1575 0.3937, 0.7615 -0.2227 -1.1024, 0.7615 -0.2227 0.3937, 0.8268 -0.2728 -1.1024, 0.8268 -0.2728 0.3937, 0.9027 -0.3042 -1.1024, 0.9027 -0.3042 0.3937, 0.9843 -0.315 -1.1024, 0.9843 -0.315 0.3937, 1.0658 -0.3042 -1.1024, 1.0658 -0.3042 0.3937, 1.1417 -0.2728 -1.1024, 1.1417 -0.2728 0.3937, 1.207 -0.2227 -1.1024, 1.207 -0.2227 0.3937, 1.257 -0.1575 -1.1024, 1.257 -0.1575 0.3937, 1.2885 -0.0815 -1.1024, 1.2885 -0.0815 0.3937, 1.2992 -0.0 -1.1024, 1.2992 -0.0 -1.1024
            ]
        }
        coordIndex [
            0,1,2,-1,2,1,3,-1,2,3,4,-1,5,6,2,-1,2,6,7,-1,2,7,0,-1,8,9,2,-1,2,9,10,-1,2,10,5,-1,11,12,2,-1,2,12,13,-1,2,13,8,-1,14,15,2,-1,2,15,16,-1,2,16,11,-1,17,18,2,-1,2,18,19,-1,2,19,14,-1,20,21,2,-1,2,21,22,-1,2,22,17,-1,4,23,2,-1,2,23,24,-1,2,24,20,-1,25,26,27,-1,27,26,28,-1,27,28,29,-1,30,31,27,-1,27,31,32,-1,27,32,25,-1,33,34,27,-1,27,34,35,-1,27,35,30,-1,36,37,27,-1,27,37,38,-1,27,38,33,-1,39,40,27,-1,27,40,41,-1,27,41,36,-1,42,43,27,-1,27,43,44,-1,27,44,39,-1,45,46,27,-1,27,46,47,-1,27,47,42,-1,29,48,27,-1,27,48,49,-1,27,49,45,-1,50,51,52,-1,52,51,53,-1,52,53,54,-1,54,53,55,-1,54,55,56,-1,56,55,57,-1,56,57,58,-1,58,57,59,-1,58,59,60,-1,60,59,61,-1,60,61,62,-1,62,61,63,-1,62,63,64,-1,64,63,65,-1,64,65,66,-1,66,65,67,-1,66,67,68,-1,68,67,69,-1,68,69,70,-1,70,69,71,-1,70,71,72,-1,72,71,73,-1,72,73,74,-1,74,73,75,-1,74,75,76,-1,76,75,77,-1,76,77,78,-1,78,77,79,-1,78,79,80,-1,80,79,81,-1,80,81,82,-1,82,81,83,-1,82,83,84,-1,84,83,85,-1,84,85,86,-1,86,85,87,-1,86,87,88,-1,88,87,89,-1,88,89,90,-1,90,89,91,-1,90,91,92,-1,92,91,93,-1,92,93,94,-1,94,93,95,-1,94,95,96,-1,96,95,97,-1,96,97,50,-1,50,97,51,-1,98,99,100,-1,100,99,101,-1,100,101,102,-1,102,101,103,-1,102,103,104,-1,104,103,105,-1,104,105,106,-1,106,105,107,-1,106,107,108,-1,108,107,109,-1,108,109,110,-1,110,109,111,-1,110,111,112,-1,112,111,113,-1,112,113,114,-1,114,113,115,-1,114,115,116,-1,116,115,117,-1,116,117,118,-1,118,117,119,-1,118,119,120,-1,120,119,121,-1,120,121,122,-1,122,121,123,-1,122,123,124,-1,124,123,125,-1,124,125,126,-1,126,125,127,-1,126,127,128,-1,128,127,129,-1,128,129,130,-1,130,129,131,-1,130,131,132,-1,132,131,133,-1,132,133,134,-1,134,133,135,-1,134,135,136,-1,136,135,137,-1,136,137,138,-1,138,137,139,-1,138,139,140,-1,140,139,141,-1,140,141,142,-1,142,141,143,-1,142,143,144,-1,144,143,145,-1,144,145,98,-1,98,145,99,-1,
        ]
    }
}
Shape{
    appearance Appearance {
        material  Material 	{
            diffuseColor 1.0 1.0 0.5019607843137255
            specularColor 0.5019607843137255 0.5019607843137255 0.25098039215686274
            ambientIntensity 0.2
            transparency 0
            shininess 0.5
        }
    }
    geometry IndexedFaceSet {
        ccw TRUE
        solid FALSE
        coord DEF co Coordinate {
            point [
                -1.207 0.2227 0.3937, -1.2626 0.2784 0.3937, -1.1417 0.2728 0.3937, -1.1811 0.341 0.3937, -1.0658 0.3042 0.3937, -1.0861 0.3803 0.3937, -0.9843 0.315 0.3937, -0.9843 0.3937 0.3937, -0.9027 0.3042 0.3937, -0.8824 0.3803 0.3937, -0.8268 0.2728 0.3937, -0.7874 0.341 0.3937, -0.7615 0.2227 0.3937, -0.7059 0.2784 0.3937, -0.7115 0.1575 0.3937, -0.6433 0.1969 0.3937, -0.68 0.0815 0.3937, -0.604 0.1019 0.3937, -0.6693 -0.0 0.3937, -0.5906 0.0 0.3937, -0.68 -0.0815 0.3937, -0.604 -0.1019 0.3937, -0.7115 -0.1575 0.3937, -0.6433 -0.1969 0.3937, -0.7615 -0.2227 0.3937, -0.7059 -0.2784 0.3937, -0.8268 -0.2728 0.3937, -0.7874 -0.341 0.3937, -0.9027 -0.3042 0.3937, -0.8824 -0.3803 0.3937, -0.9843 -0.315 0.3937, -0.9843 -0.3937 0.3937, -1.0658 -0.3042 0.3937, -1.0861 -0.3803 0.3937, -1.1417 -0.2728 0.3937, -1.1811 -0.341 0.3937, -1.207 -0.2227 0.3937, -1.2626 -0.2784 0.3937, -1.257 -0.1575 0.3937, -1.3252 -0.1969 0.3937, -1.2885 -0.0815 0.3937, -1.3645 -0.1019 0.3937, -1.2992 0.0 0.3937, -1.378 -0.0 0.3937, -1.2885 0.0815 0.3937, -1.3645 0.1019 0.3937, -1.257 0.1575 0.3937, -1.3252 0.1969 0.3937, 0.8268 0.2728 0.3937, 0.7874 0.341 0.3937, 0.9027 0.3042 0.3937, 0.8824 0.3803 0.3937, 0.9843 0.315 0.3937, 0.9843 0.3937 0.3937, 1.0658 0.3042 0.3937, 1.0861 0.3803 0.3937, 1.1417 0.2728 0.3937, 1.1811 0.341 0.3937, 1.207 0.2227 0.3937, 1.2626 0.2784 0.3937, 1.257 0.1575 0.3937, 1.3252 0.1969 0.3937, 1.2885 0.0815 0.3937, 1.3645 0.1019 0.3937, 1.2992 -0.0 0.3937, 1.378 0.0 0.3937, 1.2885 -0.0815 0.3937, 1.3645 -0.1019 0.3937, 1.257 -0.1575 0.3937, 1.3252 -0.1969 0.3937, 1.207 -0.2227 0.3937, 1.2626 -0.2784 0.3937, 1.1417 -0.2728 0.3937, 1.1811 -0.341 0.3937, 1.0658 -0.3042 0.3937, 1.0861 -0.3803 0.3937, 0.9843 -0.315 0.3937, 0.9843 -0.3937 0.3937, 0.9027 -0.3042 0.3937, 0.8824 -0.3803 0.3937, 0.8268 -0.2728 0.3937, 0.7874 -0.341 0.3937, 0.7615 -0.2227 0.3937, 0.7059 -0.2784 0.3937, 0.7115 -0.1575 0.3937, 0.6433 -0.1969 0.3937, 0.68 -0.0815 0.3937, 0.604 -0.1019 0.3937, 0.6693 0.0 0.3937, 0.5906 -0.0 0.3937, 0.68 0.0815 0.3937, 0.604 0.1019 0.3937, 0.7115 0.1575 0.3937, 0.6433 0.1969 0.3937, 0.7615 0.2227 0.3937, 0.7059 0.2784 0.3937, -1.378 -0.0 0.0, -1.3645 0.1019 0.0, -1.3252 0.1969 0.0, -1.2626 0.2784 0.0, -1.1811 0.341 0.0, -1.0861 0.3803 0.0, -0.9843 0.3937 0.0, -0.8824 0.3803 0.0, -0.7874 0.341 0.0, -0.7059 0.2784 0.0, -0.6433 0.1969 0.0, -0.604 0.1019 0.0, -0.5906 0.0 0.0, -0.604 -0.1019 0.0, -0.6433 -0.1969 0.0, -0.7059 -0.2784 0.0, -0.7874 -0.341 0.0, -0.8824 -0.3803 0.0, -0.9843 -0.3937 0.0, -1.0861 -0.3803 0.0, -1.1811 -0.341 0.0, -1.2626 -0.2784 0.0, -1.3252 -0.1969 0.0, -1.3645 -0.1019 0.0, 0.5906 -0.0 0.0, 0.604 0.1019 0.0, 0.6433 0.1969 0.0, 0.7059 0.2784 0.0, 0.7874 0.341 0.0, 0.8824 0.3803 0.0, 0.9843 0.3937 0.0, 1.0861 0.3803 0.0, 1.1811 0.341 0.0, 1.2626 0.2784 0.0, 1.3252 0.1969 0.0, 1.3645 0.1019 0.0, 1.378 0.0 0.0, 1.3645 -0.1019 0.0, 1.3252 -0.1969 0.0, 1.2626 -0.2784 0.0, 1.1811 -0.341 0.0, 1.0861 -0.3803 0.0, 0.9843 -0.3937 0.0, 0.8824 -0.3803 0.0, 0.7874 -0.341 0.0, 0.7059 -0.2784 0.0, 0.6433 -0.1969 0.0, 0.604 -0.1019 0.0, 2.0079 1.1024 0.0, -1.2205 -1.1024 0.0, 2.0079 -1.1024 0.0, -1.7772 -0.8717 0.0, -1.8752 -0.7524 0.0, -1.6579 0.9697 0.0, -1.5218 -1.0424 0.0, -1.6579 -0.9697 0.0, -1.5218 1.0424 0.0, -1.3741 1.0872 0.0, -1.2205 1.1024 0.0, -1.8752 0.7524 0.0, -1.7772 0.8717 0.0, -1.3741 -1.0872 0.0, -1.9479 -0.6163 0.0, -1.9927 -0.4686 0.0, -2.0079 -0.315 0.0, -2.0079 0.315 0.0, -1.9927 0.4686 0.0, -1.9479 0.6163 0.0, -1.2205 1.1024 0.3937, -1.3741 1.0872 0.3937, -1.5218 1.0424 0.3937, -1.6579 0.9697 0.3937, -1.7772 0.8717 0.3937, -1.8752 0.7524 0.3937, -1.9479 0.6163 0.3937, -1.9927 0.4686 0.3937, -2.0079 0.315 0.3937, -2.0079 -0.315 0.3937, -1.9927 -0.4686 0.3937, -1.9479 -0.6163 0.3937, -1.8752 -0.7524 0.3937, -1.7772 -0.8717 0.3937, -1.6579 -0.9697 0.3937, -1.5218 -1.0424 0.3937, -1.3741 -1.0872 0.3937, -1.2205 -1.1024 0.3937, 2.0079 -1.1024 0.3937, 2.0079 1.1024 0.3937, 2.0079 1.1024 0.3937
            ]
        }
        coordIndex [
            0,1,2,-1,2,1,3,-1,2,3,4,-1,4,3,5,-1,4,5,6,-1,6,5,7,-1,6,7,8,-1,8,7,9,-1,8,9,10,-1,10,9,11,-1,10,11,12,-1,12,11,13,-1,12,13,14,-1,14,13,15,-1,14,15,16,-1,16,15,17,-1,16,17,18,-1,18,17,19,-1,18,19,20,-1,20,19,21,-1,20,21,22,-1,22,21,23,-1,22,23,24,-1,24,23,25,-1,24,25,26,-1,26,25,27,-1,26,27,28,-1,28,27,29,-1,28,29,30,-1,30,29,31,-1,30,31,32,-1,32,31,33,-1,32,33,34,-1,34,33,35,-1,34,35,36,-1,36,35,37,-1,36,37,38,-1,38,37,39,-1,38,39,40,-1,40,39,41,-1,40,41,42,-1,42,41,43,-1,42,43,44,-1,44,43,45,-1,44,45,46,-1,46,45,47,-1,46,47,0,-1,0,47,1,-1,48,49,50,-1,50,49,51,-1,50,51,52,-1,52,51,53,-1,52,53,54,-1,54,53,55,-1,54,55,56,-1,56,55,57,-1,56,57,58,-1,58,57,59,-1,58,59,60,-1,60,59,61,-1,60,61,62,-1,62,61,63,-1,62,63,64,-1,64,63,65,-1,64,65,66,-1,66,65,67,-1,66,67,68,-1,68,67,69,-1,68,69,70,-1,70,69,71,-1,70,71,72,-1,72,71,73,-1,72,73,74,-1,74,73,75,-1,74,75,76,-1,76,75,77,-1,76,77,78,-1,78,77,79,-1,78,79,80,-1,80,79,81,-1,80,81,82,-1,82,81,83,-1,82,83,84,-1,84,83,85,-1,84,85,86,-1,86,85,87,-1,86,87,88,-1,88,87,89,-1,88,89,90,-1,90,89,91,-1,90,91,92,-1,92,91,93,-1,92,93,94,-1,94,93,95,-1,94,95,48,-1,48,95,49,-1,43,96,45,-1,45,96,97,-1,45,97,47,-1,47,97,98,-1,47,98,1,-1,1,98,99,-1,1,99,3,-1,3,99,100,-1,3,100,5,-1,5,100,101,-1,5,101,7,-1,7,101,102,-1,7,102,9,-1,9,102,103,-1,9,103,11,-1,11,103,104,-1,11,104,13,-1,13,104,105,-1,13,105,15,-1,15,105,106,-1,15,106,17,-1,17,106,107,-1,17,107,19,-1,19,107,108,-1,19,108,21,-1,21,108,109,-1,21,109,23,-1,23,109,110,-1,23,110,25,-1,25,110,111,-1,25,111,27,-1,27,111,112,-1,27,112,29,-1,29,112,113,-1,29,113,31,-1,31,113,114,-1,31,114,33,-1,33,114,115,-1,33,115,35,-1,35,115,116,-1,35,116,37,-1,37,116,117,-1,37,117,39,-1,39,117,118,-1,39,118,41,-1,41,118,119,-1,41,119,43,-1,43,119,96,-1,89,120,91,-1,91,120,121,-1,91,121,93,-1,93,121,122,-1,93,122,95,-1,95,122,123,-1,95,123,49,-1,49,123,124,-1,49,124,51,-1,51,124,125,-1,51,125,53,-1,53,125,126,-1,53,126,55,-1,55,126,127,-1,55,127,57,-1,57,127,128,-1,57,128,59,-1,59,128,129,-1,59,129,61,-1,61,129,130,-1,61,130,63,-1,63,130,131,-1,63,131,65,-1,65,131,132,-1,65,132,67,-1,67,132,133,-1,67,133,69,-1,69,133,134,-1,69,134,71,-1,71,134,135,-1,71,135,73,-1,73,135,136,-1,73,136,75,-1,75,136,137,-1,75,137,77,-1,77,137,138,-1,77,138,79,-1,79,138,139,-1,79,139,81,-1,81,139,140,-1,81,140,83,-1,83,140,141,-1,83,141,85,-1,85,141,142,-1,85,142,87,-1,87,142,143,-1,87,143,89,-1,89,143,120,-1,131,130,144,-1,142,141,145,-1,146,133,144,-1,144,133,132,-1,144,132,131,-1,130,129,144,-1,144,129,128,-1,144,128,127,-1,111,110,120,-1,116,147,117,-1,117,147,148,-1,117,148,118,-1,149,100,99,-1,116,115,147,-1,147,115,114,-1,147,114,113,-1,143,150,151,-1,146,137,136,-1,149,152,100,-1,100,152,153,-1,100,153,101,-1,101,153,154,-1,101,154,102,-1,98,155,99,-1,99,155,156,-1,99,156,149,-1,151,147,143,-1,143,147,113,-1,143,113,120,-1,120,113,112,-1,120,112,111,-1,142,145,143,-1,143,145,157,-1,143,157,150,-1,136,135,146,-1,146,135,134,-1,146,134,133,-1,148,158,118,-1,118,158,159,-1,118,159,119,-1,119,159,160,-1,119,160,96,-1,96,160,161,-1,96,161,97,-1,97,161,162,-1,97,162,98,-1,98,162,163,-1,98,163,155,-1,141,140,145,-1,145,140,139,-1,145,139,146,-1,146,139,138,-1,146,138,137,-1,124,106,125,-1,125,106,144,-1,125,144,126,-1,126,144,127,-1,106,105,144,-1,144,105,104,-1,144,104,154,-1,154,104,103,-1,154,103,102,-1,124,123,106,-1,106,123,122,-1,106,122,121,-1,110,109,120,-1,120,109,108,-1,120,108,121,-1,121,108,107,-1,121,107,106,-1,164,154,153,-1,164,153,165,-1,165,153,152,-1,165,152,166,-1,166,152,149,-1,166,149,167,-1,167,149,156,-1,167,156,168,-1,168,156,155,-1,168,155,169,-1,169,155,163,-1,169,163,170,-1,170,163,162,-1,170,162,171,-1,171,162,161,-1,171,161,172,-1,173,160,159,-1,173,159,174,-1,174,159,158,-1,174,158,175,-1,175,158,148,-1,175,148,176,-1,176,148,147,-1,176,147,177,-1,177,147,151,-1,177,151,178,-1,178,151,150,-1,178,150,179,-1,179,150,157,-1,179,157,180,-1,180,157,145,-1,180,145,181,-1,181,145,182,-1,182,145,146,-1,172,161,173,-1,173,161,160,-1,183,144,164,-1,164,144,154,-1,182,146,183,-1,183,146,144,-1,
        ]
    }
}
Shape{
    appearance Appearance {
        material  Material 	{
            diffuseColor 0.7529411764705882 0.7529411764705882 0.0
            specularColor 0.3764705882352941 0.3764705882352941 0.0
            ambientIntensity 0.2
            transparency 0
            shininess 0.5
        }
    }
    geometry IndexedFaceSet {
        ccw TRUE
        solid FALSE
        coord DEF co Coordinate {
            point [
                1.2992 -0.0 -1.1024, 1.2124 0.0611 -1.1811, 1.2885 0.0815 -1.1024, 1.1888 0.1181 -1.1811, 1.257 0.1575 -1.1024, 1.1513 0.167 -1.1811, 1.207 0.2227 -1.1024, 1.1024 0.2046 -1.1811, 1.1417 0.2728 -1.1024, 1.0454 0.2282 -1.1811, 1.0658 0.3042 -1.1024, 0.9843 0.2362 -1.1811, 0.9843 0.315 -1.1024, 0.9231 0.2282 -1.1811, 0.9027 0.3042 -1.1024, 0.8661 0.2046 -1.1811, 0.8268 0.2728 -1.1024, 0.8172 0.167 -1.1811, 0.7615 0.2227 -1.1024, 0.7797 0.1181 -1.1811, 0.7115 0.1575 -1.1024, 0.7561 0.0611 -1.1811, 0.68 0.0815 -1.1024, 0.748 -0.0 -1.1811, 0.6693 0.0 -1.1024, 0.7561 -0.0611 -1.1811, 0.68 -0.0815 -1.1024, 0.7797 -0.1181 -1.1811, 0.7115 -0.1575 -1.1024, 0.8172 -0.167 -1.1811, 0.7615 -0.2227 -1.1024, 0.8661 -0.2046 -1.1811, 0.8268 -0.2728 -1.1024, 0.9231 -0.2282 -1.1811, 0.9027 -0.3042 -1.1024, 0.9843 -0.2362 -1.1811, 0.9843 -0.315 -1.1024, 1.0454 -0.2282 -1.1811, 1.0658 -0.3042 -1.1024, 1.1024 -0.2046 -1.1811, 1.1417 -0.2728 -1.1024, 1.1513 -0.167 -1.1811, 1.207 -0.2227 -1.1024, 1.1888 -0.1181 -1.1811, 1.257 -0.1575 -1.1024, 1.2124 -0.0611 -1.1811, 1.2885 -0.0815 -1.1024, 1.2205 -0.0 -1.1811, -0.6693 -0.0 -1.1024, -0.7561 0.0611 -1.1811, -0.68 0.0815 -1.1024, -0.7797 0.1181 -1.1811, -0.7115 0.1575 -1.1024, -0.8172 0.167 -1.1811, -0.7615 0.2227 -1.1024, -0.8661 0.2046 -1.1811, -0.8268 0.2728 -1.1024, -0.9231 0.2282 -1.1811, -0.9027 0.3042 -1.1024, -0.9843 0.2362 -1.1811, -0.9843 0.315 -1.1024, -1.0454 0.2282 -1.1811, -1.0658 0.3042 -1.1024, -1.1024 0.2046 -1.1811, -1.1417 0.2728 -1.1024, -1.1513 0.167 -1.1811, -1.207 0.2227 -1.1024, -1.1888 0.1181 -1.1811, -1.257 0.1575 -1.1024, -1.2124 0.0611 -1.1811, -1.2885 0.0815 -1.1024, -1.2205 -0.0 -1.1811, -1.2992 0.0 -1.1024, -1.2124 -0.0611 -1.1811, -1.2885 -0.0815 -1.1024, -1.1888 -0.1181 -1.1811, -1.257 -0.1575 -1.1024, -1.1513 -0.167 -1.1811, -1.207 -0.2227 -1.1024, -1.1024 -0.2046 -1.1811, -1.1417 -0.2728 -1.1024, -1.0454 -0.2282 -1.1811, -1.0658 -0.3042 -1.1024, -0.9843 -0.2362 -1.1811, -0.9843 -0.315 -1.1024, -0.9231 -0.2282 -1.1811, -0.9027 -0.3042 -1.1024, -0.8661 -0.2046 -1.1811, -0.8268 -0.2728 -1.1024, -0.8172 -0.167 -1.1811, -0.7615 -0.2227 -1.1024, -0.7797 -0.1181 -1.1811, -0.7115 -0.1575 -1.1024, -0.7561 -0.0611 -1.1811, -0.68 -0.0815 -1.1024, -0.748 -0.0 -1.1811, -0.748 -0.0 -1.1811
            ]
        }
        coordIndex [
            0,1,2,-1,2,1,3,-1,2,3,4,-1,4,3,5,-1,4,5,6,-1,6,5,7,-1,6,7,8,-1,8,7,9,-1,8,9,10,-1,10,9,11,-1,10,11,12,-1,12,11,13,-1,12,13,14,-1,14,13,15,-1,14,15,16,-1,16,15,17,-1,16,17,18,-1,18,17,19,-1,18,19,20,-1,20,19,21,-1,20,21,22,-1,22,21,23,-1,22,23,24,-1,24,23,25,-1,24,25,26,-1,26,25,27,-1,26,27,28,-1,28,27,29,-1,28,29,30,-1,30,29,31,-1,30,31,32,-1,32,31,33,-1,32,33,34,-1,34,33,35,-1,34,35,36,-1,36,35,37,-1,36,37,38,-1,38,37,39,-1,38,39,40,-1,40,39,41,-1,40,41,42,-1,42,41,43,-1,42,43,44,-1,44,43,45,-1,44,45,46,-1,46,45,47,-1,46,47,0,-1,0,47,1,-1,48,49,50,-1,50,49,51,-1,50,51,52,-1,52,51,53,-1,52,53,54,-1,54,53,55,-1,54,55,56,-1,56,55,57,-1,56,57,58,-1,58,57,59,-1,58,59,60,-1,60,59,61,-1,60,61,62,-1,62,61,63,-1,62,63,64,-1,64,63,65,-1,64,65,66,-1,66,65,67,-1,66,67,68,-1,68,67,69,-1,68,69,70,-1,70,69,71,-1,70,71,72,-1,72,71,73,-1,72,73,74,-1,74,73,75,-1,74,75,76,-1,76,75,77,-1,76,77,78,-1,78,77,79,-1,78,79,80,-1,80,79,81,-1,80,81,82,-1,82,81,83,-1,82,83,84,-1,84,83,85,-1,84,85,86,-1,86,85,87,-1,86,87,88,-1,88,87,89,-1,88,89,90,-1,90,89,91,-1,90,91,92,-1,92,91,93,-1,92,93,94,-1,94,93,95,-1,94,95,48,-1,48,95,49,-1,
        ]
    }
}
Shape{
    appearance Appearance {
        material  Material 	{
            diffuseColor 0.0 0.0 0.0
            specularColor 0.0 0.0 0.0
            ambientIntensity 0.2
            transparency 0
            shininess 0.5
        }
    }
    geometry IndexedFaceSet {
        ccw TRUE
        solid FALSE
        coord DEF co Coordinate {
            point [
                0.2697 -1.1063 3.7639, 0.2697 -1.1063 3.7486, 0.2697 -1.1024 3.7639, 0.2697 -1.1024 3.7486, 0.2165 -1.1063 3.7639, 0.2165 -1.1024 3.7639, 0.2165 -1.1063 3.8821, 0.2165 -1.1024 3.8821, 0.1993 -1.1063 3.8821, 0.1993 -1.1024 3.8821, 0.1993 -1.1063 3.7486, 0.1993 -1.1024 3.7486, 0.3381 -1.1063 3.7464, 0.3381 -1.1024 3.7464, 0.3584 -1.1063 3.7483, 0.3499 -1.1024 3.7475, 0.3584 -1.1024 3.7483, 0.3728 -1.1024 3.753, 0.3728 -1.1063 3.753, 0.375 -1.1024 3.7542, 0.375 -1.1063 3.7542, 0.375 -1.1063 3.7707, 0.375 -1.1024 3.7707, 0.3619 -1.1024 3.7648, 0.3619 -1.1063 3.7648, 0.3468 -1.1024 3.762, 0.3468 -1.1063 3.762, 0.3406 -1.1024 3.7617, 0.3406 -1.1063 3.7617, 0.3272 -1.1024 3.7634, 0.3272 -1.1063 3.7634, 0.3177 -1.1024 3.767, 0.3177 -1.1063 3.767, 0.309 -1.1024 3.7732, 0.309 -1.1063 3.7732, 0.3063 -1.1024 3.7758, 0.3063 -1.1063 3.7758, 0.3005 -1.1024 3.7836, 0.3005 -1.1063 3.7836, 0.2959 -1.1024 3.7941, 0.2959 -1.1063 3.7941, 0.2935 -1.1024 3.807, 0.2935 -1.1063 3.807, 0.2932 -1.1024 3.8139, 0.2932 -1.1063 3.8139, 0.2954 -1.1024 3.8323, 0.2954 -1.1063 3.8323, 0.2999 -1.1024 3.8438, 0.2999 -1.1063 3.8438, 0.3064 -1.1024 3.853, 0.3064 -1.1063 3.853, 0.3072 -1.1024 3.854, 0.3072 -1.1063 3.854, 0.3149 -1.1024 3.8606, 0.3149 -1.1063 3.8606, 0.3252 -1.1024 3.8658, 0.3252 -1.1063 3.8658, 0.3366 -1.1024 3.8684, 0.3366 -1.1063 3.8684, 0.3436 -1.1024 3.8688, 0.3436 -1.1063 3.8688, 0.36 -1.1024 3.8668, 0.36 -1.1063 3.8668, 0.3736 -1.1024 3.8617, 0.3736 -1.1063 3.8617, 0.375 -1.1024 3.8609, 0.375 -1.1063 3.8609, 0.375 -1.1063 3.8789, 0.375 -1.1024 3.8789, 0.3434 -1.1024 3.8843, 0.3434 -1.1063 3.8843, 0.3435 -1.1063 3.8843, 0.3609 -1.1024 3.883, 0.3609 -1.1063 3.883, 0.3577 -1.1024 3.8832, 0.3435 -1.1024 3.8843, 0.3342 -1.1024 3.8832, 0.3241 -1.1063 3.882, 0.3241 -1.1024 3.882, 0.3101 -1.1024 3.8766, 0.3101 -1.1063 3.8766, 0.2977 -1.1024 3.8678, 0.2977 -1.1063 3.8678, 0.2944 -1.1024 3.8647, 0.2944 -1.1063 3.8647, 0.2847 -1.1024 3.8521, 0.2811 -1.1024 3.8436, 0.2784 -1.1063 3.8372, 0.2847 -1.1063 3.8521, 0.2784 -1.1024 3.8372, 0.2754 -1.1024 3.8198, 0.2754 -1.1063 3.8198, 0.2751 -1.1024 3.8128, 0.2751 -1.1063 3.8128, 0.2778 -1.1024 3.791, 0.2811 -1.1024 3.7826, 0.2832 -1.1063 3.7771, 0.2778 -1.1063 3.791, 0.2832 -1.1024 3.7771, 0.2923 -1.1024 3.7646, 0.2923 -1.1063 3.7646, 0.3156 -1.1024 3.7498, 0.303 -1.1063 3.7557, 0.303 -1.1024 3.7557, 0.3264 -1.1024 3.7475, 0.33 -1.1063 3.7468, 0.3156 -1.1063 3.7498, 0.33 -1.1024 3.7468, 0.4735 -1.1063 3.7639, 0.4735 -1.1063 3.7486, 0.4735 -1.1024 3.7639, 0.4735 -1.1024 3.7486, 0.419 -1.1024 3.7639, 0.419 -1.1063 3.7639, 0.455 -1.1024 3.7639, 0.419 -1.1063 3.8087, 0.419 -1.1024 3.8087, 0.4667 -1.1063 3.8087, 0.455 -1.1024 3.8087, 0.4667 -1.1024 3.8087, 0.4667 -1.1063 3.824, 0.4667 -1.1024 3.824, 0.419 -1.1024 3.824, 0.419 -1.1063 3.824, 0.455 -1.1024 3.824, 0.419 -1.1063 3.8667, 0.419 -1.1024 3.8667, 0.4705 -1.1024 3.8667, 0.4705 -1.1063 3.8667, 0.455 -1.1024 3.8667, 0.4705 -1.1063 3.8821, 0.4705 -1.1024 3.8821, 0.4018 -1.1024 3.8821, 0.4018 -1.1063 3.8821, 0.455 -1.1024 3.8821, 0.4018 -1.1063 3.7486, 0.4018 -1.1024 3.7486, 0.455 -1.1024 3.7486, 0.5873 -1.1063 3.7673, 0.5735 -1.1063 3.7764, 0.5734 -1.1063 3.7574, 0.5649 -1.1063 3.7704, 0.5582 -1.1063 3.7514, 0.5539 -1.1063 3.7661, 0.5354 -1.1063 3.7486, 0.5353 -1.1063 3.7639, 0.4987 -1.1063 3.7486, 0.516 -1.1063 3.7639, 0.4987 -1.1063 3.8821, 0.516 -1.1063 3.8667, 0.5368 -1.1063 3.8821, 0.5361 -1.1063 3.8667, 0.5413 -1.1063 3.8666, 0.5572 -1.1063 3.8798, 0.5552 -1.1063 3.8643, 0.5733 -1.1063 3.874, 0.5665 -1.1063 3.8598, 0.5873 -1.1063 3.8644, 0.5746 -1.1063 3.8542, 0.5919 -1.1063 3.8599, 0.5783 -1.1063 3.8506, 0.6002 -1.1063 3.8482, 0.5835 -1.1063 3.8431, 0.6052 -1.1063 3.8355, 0.5873 -1.1063 3.8334, 0.6074 -1.1063 3.8171, 0.5893 -1.1063 3.8166, 0.607 -1.1063 3.8086, 0.5887 -1.1063 3.8066, 0.6038 -1.1063 3.793, 0.5858 -1.1063 3.7948, 0.5972 -1.1063 3.7792, 0.581 -1.1063 3.785, 0.575 -1.1063 3.7778, 0.5354 -1.1024 3.7486, 0.4987 -1.1024 3.7486, 0.5873 -1.1024 3.7673, 0.5582 -1.1024 3.7514, 0.5599 -1.1024 3.7521, 0.5734 -1.1024 3.7574, 0.5972 -1.1024 3.7792, 0.6038 -1.1024 3.793, 0.607 -1.1024 3.8086, 0.6074 -1.1024 3.8171, 0.6052 -1.1024 3.8355, 0.6002 -1.1024 3.8482, 0.5919 -1.1024 3.8599, 0.5873 -1.1024 3.8644, 0.5733 -1.1024 3.874, 0.5599 -1.1024 3.8789, 0.5572 -1.1024 3.8798, 0.5368 -1.1024 3.8821, 0.4987 -1.1024 3.8821, 0.5361 -1.1024 3.8667, 0.516 -1.1024 3.8667, 0.516 -1.1024 3.7639, 0.5353 -1.1024 3.7639, 0.575 -1.1024 3.7778, 0.5735 -1.1024 3.7764, 0.5649 -1.1024 3.7704, 0.5539 -1.1024 3.7661, 0.5893 -1.1024 3.8166, 0.5887 -1.1024 3.8066, 0.5858 -1.1024 3.7948, 0.581 -1.1024 3.785, 0.5746 -1.1024 3.8542, 0.5783 -1.1024 3.8506, 0.5835 -1.1024 3.8431, 0.5873 -1.1024 3.8334, 0.5413 -1.1024 3.8666, 0.5552 -1.1024 3.8643, 0.5665 -1.1024 3.8598, 0.5665 -1.1024 3.8598
            ]
        }
        coordIndex [
            0,1,2,-1,2,1,3,-1,4,0,5,-1,5,0,2,-1,6,4,7,-1,7,4,5,-1,8,6,9,-1,9,6,7,-1,10,8,11,-1,11,8,9,-1,1,10,3,-1,3,10,11,-1,6,8,4,-1,4,8,10,-1,4,10,0,-1,0,10,1,-1,12,13,14,-1,14,13,15,-1,15,16,14,-1,14,16,17,-1,14,17,18,-1,18,17,19,-1,18,19,20,-1,21,20,22,-1,22,20,19,-1,21,22,23,-1,21,23,24,-1,24,23,25,-1,24,25,26,-1,26,25,27,-1,26,27,28,-1,28,27,29,-1,28,29,30,-1,30,29,31,-1,30,31,32,-1,32,31,33,-1,32,33,34,-1,34,33,35,-1,34,35,36,-1,36,35,37,-1,36,37,38,-1,38,37,39,-1,38,39,40,-1,40,39,41,-1,40,41,42,-1,42,41,43,-1,42,43,44,-1,44,43,45,-1,44,45,46,-1,46,45,47,-1,46,47,48,-1,48,47,49,-1,48,49,50,-1,50,49,51,-1,50,51,52,-1,52,51,53,-1,52,53,54,-1,54,53,55,-1,54,55,56,-1,56,55,57,-1,56,57,58,-1,58,57,59,-1,58,59,60,-1,60,59,61,-1,60,61,62,-1,62,61,63,-1,62,63,64,-1,64,63,65,-1,64,65,66,-1,67,66,68,-1,68,66,65,-1,69,70,71,-1,67,68,72,-1,67,72,73,-1,73,72,74,-1,73,74,71,-1,71,74,75,-1,71,75,69,-1,70,69,76,-1,70,76,77,-1,76,78,77,-1,77,78,79,-1,77,79,80,-1,80,79,81,-1,80,81,82,-1,82,81,83,-1,82,83,84,-1,84,83,85,-1,86,87,85,-1,85,87,88,-1,85,88,84,-1,86,89,87,-1,87,89,90,-1,87,90,91,-1,91,90,92,-1,91,92,93,-1,93,92,94,-1,95,96,94,-1,94,96,97,-1,94,97,93,-1,95,98,96,-1,96,98,99,-1,96,99,100,-1,101,102,103,-1,103,102,100,-1,103,100,99,-1,104,105,101,-1,101,105,106,-1,101,106,102,-1,104,107,105,-1,105,107,13,-1,105,13,12,-1,64,66,67,-1,46,48,88,-1,88,48,84,-1,64,67,62,-1,62,67,73,-1,62,73,60,-1,60,73,71,-1,60,71,58,-1,58,71,70,-1,58,70,56,-1,56,70,77,-1,56,77,54,-1,93,44,91,-1,91,44,46,-1,91,46,87,-1,87,46,88,-1,48,50,84,-1,84,50,52,-1,84,52,82,-1,82,52,54,-1,82,54,80,-1,80,54,77,-1,20,21,18,-1,18,21,24,-1,18,24,14,-1,14,24,26,-1,14,26,12,-1,12,26,28,-1,12,28,105,-1,105,28,30,-1,105,30,106,-1,106,30,32,-1,106,32,102,-1,102,32,34,-1,102,34,100,-1,100,34,36,-1,100,36,96,-1,96,36,38,-1,96,38,97,-1,97,38,40,-1,97,40,93,-1,93,40,42,-1,93,42,44,-1,108,109,110,-1,110,109,111,-1,112,113,114,-1,114,113,108,-1,114,108,110,-1,115,113,116,-1,116,113,112,-1,115,116,117,-1,117,116,118,-1,117,118,119,-1,120,117,121,-1,121,117,119,-1,122,123,124,-1,124,123,120,-1,124,120,121,-1,125,123,126,-1,126,123,122,-1,127,128,129,-1,129,128,125,-1,129,125,126,-1,130,128,131,-1,131,128,127,-1,132,133,134,-1,134,133,130,-1,134,130,131,-1,135,133,136,-1,136,133,132,-1,111,109,137,-1,137,109,135,-1,137,135,136,-1,135,109,108,-1,108,113,135,-1,135,113,115,-1,135,115,133,-1,128,130,125,-1,125,130,133,-1,125,133,123,-1,123,133,115,-1,123,115,120,-1,120,115,117,-1,138,139,140,-1,140,139,141,-1,140,141,142,-1,142,141,143,-1,142,143,144,-1,144,143,145,-1,144,145,146,-1,146,145,147,-1,146,147,148,-1,148,147,149,-1,148,149,150,-1,149,151,150,-1,150,151,152,-1,150,152,153,-1,153,152,154,-1,153,154,155,-1,155,154,156,-1,155,156,157,-1,157,156,158,-1,157,158,159,-1,159,158,160,-1,159,160,161,-1,161,160,162,-1,161,162,163,-1,163,162,164,-1,163,164,165,-1,165,164,166,-1,165,166,167,-1,167,166,168,-1,167,168,169,-1,169,168,170,-1,169,170,171,-1,171,170,172,-1,171,172,138,-1,138,172,173,-1,138,173,139,-1,144,146,174,-1,174,146,175,-1,176,138,140,-1,144,174,177,-1,144,177,142,-1,142,177,178,-1,142,178,140,-1,140,178,179,-1,140,179,176,-1,138,176,180,-1,138,180,171,-1,171,180,181,-1,171,181,169,-1,169,181,182,-1,169,182,167,-1,167,182,183,-1,167,183,165,-1,165,183,184,-1,165,184,163,-1,163,184,185,-1,163,185,161,-1,161,185,186,-1,161,186,159,-1,159,186,187,-1,159,187,157,-1,157,187,188,-1,189,153,188,-1,188,153,155,-1,188,155,157,-1,189,190,153,-1,153,190,191,-1,153,191,150,-1,148,150,192,-1,192,150,191,-1,146,148,175,-1,175,148,192,-1,151,149,193,-1,193,149,194,-1,149,147,194,-1,194,147,195,-1,147,145,195,-1,195,145,196,-1,173,197,198,-1,173,198,139,-1,139,198,199,-1,139,199,141,-1,141,199,200,-1,141,200,143,-1,143,200,196,-1,143,196,145,-1,166,201,202,-1,166,202,168,-1,168,202,203,-1,168,203,170,-1,170,203,204,-1,170,204,172,-1,172,204,197,-1,172,197,173,-1,158,205,206,-1,158,206,160,-1,160,206,207,-1,160,207,162,-1,162,207,208,-1,162,208,164,-1,164,208,201,-1,164,201,166,-1,151,193,209,-1,151,209,152,-1,152,209,210,-1,152,210,154,-1,154,210,211,-1,154,211,156,-1,156,211,205,-1,156,205,158,-1,
        ]
    }
}
Shape{
    appearance Appearance {
        material  Material 	{
            diffuseColor 1.0 1.0 0.5019607843137255
            specularColor 0.5019607843137255 0.5019607843137255 0.25098039215686274
            ambientIntensity 0.2
            transparency 0
            shininess 0.5
        }
    }
    geometry IndexedFaceSet {
        ccw TRUE
        solid FALSE
        coord DEF co Coordinate {
            point [
                0.5361 -1.1024 3.8667, 0.516 -1.1024 3.8667, 0.516 -1.1024 3.7639, 0.5858 -1.1024 3.7948, 0.5887 -1.1024 3.8066, 0.5413 -1.1024 3.8666, 0.5353 -1.1024 3.7639, 0.5539 -1.1024 3.7661, 0.5649 -1.1024 3.7704, 0.5735 -1.1024 3.7764, 0.575 -1.1024 3.7778, 0.581 -1.1024 3.785, 0.5746 -1.1024 3.8542, 0.5893 -1.1024 3.8166, 0.5665 -1.1024 3.8598, 0.5552 -1.1024 3.8643, 0.5873 -1.1024 3.8334, 0.5835 -1.1024 3.8431, 0.5783 -1.1024 3.8506, 0.5783 -1.1024 3.8506
            ]
        }
        coordIndex [
            0,1,2,-1,3,4,5,-1,2,6,0,-1,0,6,7,-1,0,7,8,-1,8,9,0,-1,0,9,10,-1,0,10,5,-1,5,10,11,-1,5,11,3,-1,12,4,13,-1,12,14,4,-1,4,14,15,-1,4,15,5,-1,16,17,13,-1,13,17,18,-1,13,18,12,-1,
        ]
    }
}
Shape{
    appearance Appearance {
        material  Material 	{
            diffuseColor 0.0 0.0 0.0
            specularColor 0.0 0.0 0.0
            ambientIntensity 0.2
            transparency 0
            shininess 0.5
        }
    }
    geometry IndexedFaceSet {
        ccw TRUE
        solid FALSE
        coord DEF co Coordinate {
            point [
                0.6521 -1.1063 3.8002, 0.6467 -1.1063 3.7851, 0.6969 -1.1063 3.8002, 0.7022 -1.1063 3.7851, 0.6721 -1.1063 3.8557, 0.6656 -1.1063 3.8821, 0.6148 -1.1063 3.7486, 0.6338 -1.1063 3.7486, 0.6732 -1.1063 3.8597, 0.6742 -1.1063 3.865, 0.684 -1.1063 3.8821, 0.6747 -1.1063 3.865, 0.6757 -1.1063 3.8594, 0.6767 -1.1063 3.8557, 0.7349 -1.1063 3.7486, 0.7158 -1.1063 3.7486, 0.684 -1.1024 3.8821, 0.7349 -1.1024 3.7486, 0.6656 -1.1024 3.8821, 0.6148 -1.1024 3.7486, 0.6533 -1.1024 3.8496, 0.6338 -1.1024 3.7486, 0.6467 -1.1024 3.7851, 0.7022 -1.1024 3.7851, 0.6533 -1.1024 3.7851, 0.7158 -1.1024 3.7486, 0.6521 -1.1024 3.8002, 0.6969 -1.1024 3.8002, 0.6767 -1.1024 3.8557, 0.6747 -1.1024 3.865, 0.6757 -1.1024 3.8594, 0.6742 -1.1024 3.865, 0.6721 -1.1024 3.8557, 0.6732 -1.1024 3.8597, 0.6732 -1.1024 3.8597
            ]
        }
        coordIndex [
            0,1,2,-1,2,1,3,-1,4,5,0,-1,0,5,6,-1,0,6,1,-1,1,6,7,-1,4,8,5,-1,5,8,9,-1,5,9,10,-1,10,9,11,-1,10,11,12,-1,12,13,10,-1,10,13,2,-1,10,2,14,-1,14,2,3,-1,14,3,15,-1,10,14,16,-1,16,14,17,-1,5,10,18,-1,18,10,16,-1,19,6,20,-1,20,6,5,-1,20,5,18,-1,7,6,21,-1,21,6,19,-1,1,7,22,-1,22,7,21,-1,23,3,24,-1,24,3,1,-1,24,1,22,-1,15,3,25,-1,25,3,23,-1,14,15,17,-1,17,15,25,-1,0,2,26,-1,26,2,27,-1,2,13,27,-1,27,13,28,-1,11,29,30,-1,11,30,12,-1,12,30,28,-1,12,28,13,-1,11,9,29,-1,29,9,31,-1,4,32,33,-1,4,33,8,-1,8,33,31,-1,8,31,9,-1,4,0,32,-1,32,0,26,-1,
        ]
    }
}
Shape{
    appearance Appearance {
        material  Material 	{
            diffuseColor 1.0 1.0 0.5019607843137255
            specularColor 0.5019607843137255 0.5019607843137255 0.25098039215686274
            ambientIntensity 0.2
            transparency 0
            shininess 0.5
        }
    }
    geometry IndexedFaceSet {
        ccw TRUE
        solid FALSE
        coord DEF co Coordinate {
            point [
                0.6747 -1.1024 3.865, 0.6742 -1.1024 3.865, 0.6757 -1.1024 3.8594, 0.6732 -1.1024 3.8597, 0.6767 -1.1024 3.8557, 0.6721 -1.1024 3.8557, 0.6969 -1.1024 3.8002, 0.6521 -1.1024 3.8002, 0.6521 -1.1024 3.8002
            ]
        }
        coordIndex [
            0,1,2,-1,2,1,3,-1,2,3,4,-1,4,3,5,-1,4,5,6,-1,6,5,7,-1,
        ]
    }
}
Shape{
    appearance Appearance {
        material  Material 	{
            diffuseColor 0.0 0.0 0.0
            specularColor 0.0 0.0 0.0
            ambientIntensity 0.2
            transparency 0
            shininess 0.5
        }
    }
    geometry IndexedFaceSet {
        ccw TRUE
        solid FALSE
        coord DEF co Coordinate {
            point [
                0.2711 -1.1063 3.5522, 0.2711 -1.1063 3.5369, 0.2711 -1.1024 3.5522, 0.2711 -1.1024 3.5369, 0.2165 -1.1063 3.5522, 0.2165 -1.1024 3.5522, 0.2165 -1.1063 3.597, 0.2165 -1.1024 3.597, 0.2642 -1.1063 3.597, 0.2642 -1.1024 3.597, 0.2642 -1.1063 3.6123, 0.2642 -1.1024 3.6123, 0.2165 -1.1063 3.6123, 0.2165 -1.1024 3.6123, 0.2165 -1.1063 3.655, 0.2165 -1.1024 3.655, 0.268 -1.1063 3.655, 0.268 -1.1024 3.655, 0.268 -1.1063 3.6704, 0.268 -1.1024 3.6704, 0.1993 -1.1063 3.6704, 0.1993 -1.1024 3.6704, 0.1993 -1.1063 3.5369, 0.1993 -1.1024 3.5369, 0.3465 -1.1063 3.5517, 0.3469 -1.1063 3.5517, 0.3458 -1.1063 3.5671, 0.3102 -1.1063 3.5773, 0.3138 -1.1063 3.5792, 0.3049 -1.1063 3.59, 0.3469 -1.1063 3.5745, 0.3637 -1.1063 3.5983, 0.3469 -1.1063 3.5756, 0.3469 -1.1063 3.5848, 0.3469 -1.1063 3.5369, 0.3637 -1.1063 3.5369, 0.3407 -1.1063 3.6332, 0.3372 -1.1063 3.6189, 0.3474 -1.1063 3.6309, 0.3401 -1.1063 3.617, 0.3434 -1.1063 3.5611, 0.3398 -1.1063 3.5562, 0.3432 -1.1063 3.5468, 0.3377 -1.1063 3.5541, 0.3378 -1.1063 3.5414, 0.333 -1.1063 3.5509, 0.333 -1.1063 3.5382, 0.3279 -1.1063 3.5491, 0.3263 -1.1063 3.5357, 0.3216 -1.1063 3.5484, 0.3173 -1.1063 3.5347, 0.316 -1.1063 3.549, 0.3073 -1.1063 3.5358, 0.3122 -1.1063 3.5504, 0.3009 -1.1063 3.5383, 0.3089 -1.1063 3.5527, 0.2953 -1.1063 3.5422, 0.3074 -1.1063 3.5541, 0.3187 -1.1063 3.5936, 0.3246 -1.1063 3.5818, 0.3469 -1.1063 3.5975, 0.2964 -1.1063 3.6256, 0.2964 -1.1063 3.6093, 0.2998 -1.1063 3.6275, 0.3079 -1.1063 3.6166, 0.3122 -1.1063 3.6324, 0.3184 -1.1063 3.62, 0.3292 -1.1063 3.6344, 0.3276 -1.1063 3.6209, 0.3333 -1.1063 3.6203, 0.3464 -1.1063 3.6049, 0.362 -1.1063 3.6123, 0.3446 -1.1063 3.6109, 0.3593 -1.1063 3.6195, 0.3427 -1.1063 3.6143, 0.3557 -1.1063 3.6246, 0.3527 -1.1063 3.6276, 0.3085 -1.1063 3.5759, 0.2982 -1.1063 3.5863, 0.3065 -1.1063 3.5734, 0.2933 -1.1063 3.5818, 0.305 -1.1063 3.5703, 0.2898 -1.1063 3.5763, 0.3042 -1.1063 3.5665, 0.2878 -1.1063 3.5702, 0.304 -1.1063 3.5638, 0.2871 -1.1063 3.5625, 0.3044 -1.1063 3.56, 0.2881 -1.1063 3.554, 0.3055 -1.1063 3.5569, 0.2903 -1.1063 3.5486, 0.2938 -1.1063 3.5436, 0.3292 -1.1024 3.6344, 0.3122 -1.1024 3.6324, 0.2998 -1.1024 3.6275, 0.2964 -1.1024 3.6256, 0.2964 -1.1024 3.6093, 0.3079 -1.1024 3.6166, 0.3184 -1.1024 3.62, 0.3276 -1.1024 3.6209, 0.3333 -1.1024 3.6203, 0.3372 -1.1024 3.6189, 0.3401 -1.1024 3.617, 0.3427 -1.1024 3.6143, 0.3446 -1.1024 3.6109, 0.3464 -1.1024 3.6049, 0.3469 -1.1024 3.5975, 0.3187 -1.1024 3.5936, 0.3049 -1.1024 3.59, 0.2982 -1.1024 3.5863, 0.2933 -1.1024 3.5818, 0.2898 -1.1024 3.5763, 0.2878 -1.1024 3.5702, 0.2871 -1.1024 3.5625, 0.2881 -1.1024 3.554, 0.2903 -1.1024 3.5486, 0.2938 -1.1024 3.5436, 0.2953 -1.1024 3.5422, 0.3173 -1.1024 3.5347, 0.3076 -1.1024 3.5358, 0.3073 -1.1024 3.5358, 0.3009 -1.1024 3.5383, 0.3263 -1.1024 3.5357, 0.3265 -1.1024 3.5358, 0.333 -1.1024 3.5382, 0.3378 -1.1024 3.5414, 0.3432 -1.1024 3.5468, 0.3465 -1.1024 3.5517, 0.3469 -1.1024 3.5517, 0.3469 -1.1024 3.5369, 0.3637 -1.1024 3.5369, 0.3637 -1.1024 3.5983, 0.362 -1.1024 3.6123, 0.3593 -1.1024 3.6195, 0.3557 -1.1024 3.6246, 0.3527 -1.1024 3.6276, 0.3474 -1.1024 3.6309, 0.3407 -1.1024 3.6332, 0.3085 -1.1024 3.5759, 0.3102 -1.1024 3.5773, 0.3138 -1.1024 3.5792, 0.3246 -1.1024 3.5818, 0.304 -1.1024 3.5638, 0.3042 -1.1024 3.5665, 0.305 -1.1024 3.5703, 0.3065 -1.1024 3.5734, 0.3089 -1.1024 3.5527, 0.3074 -1.1024 3.5541, 0.3055 -1.1024 3.5569, 0.3044 -1.1024 3.56, 0.3216 -1.1024 3.5484, 0.316 -1.1024 3.549, 0.3122 -1.1024 3.5504, 0.3398 -1.1024 3.5562, 0.3377 -1.1024 3.5541, 0.333 -1.1024 3.5509, 0.3279 -1.1024 3.5491, 0.3469 -1.1024 3.5756, 0.3469 -1.1024 3.5745, 0.3458 -1.1024 3.5671, 0.3434 -1.1024 3.5611, 0.3469 -1.1024 3.5848, 0.3469 -1.1024 3.5848
            ]
        }
        coordIndex [
            0,1,2,-1,2,1,3,-1,4,0,5,-1,5,0,2,-1,6,4,7,-1,7,4,5,-1,8,6,9,-1,9,6,7,-1,10,8,11,-1,11,8,9,-1,12,10,13,-1,13,10,11,-1,14,12,15,-1,15,12,13,-1,16,14,17,-1,17,14,15,-1,18,16,19,-1,19,16,17,-1,20,18,21,-1,21,18,19,-1,22,20,23,-1,23,20,21,-1,1,22,3,-1,3,22,23,-1,22,1,0,-1,0,4,22,-1,22,4,6,-1,22,6,20,-1,16,18,14,-1,14,18,20,-1,14,20,12,-1,12,20,6,-1,12,6,10,-1,10,6,8,-1,24,25,26,-1,27,28,29,-1,30,31,32,-1,32,31,33,-1,34,35,25,-1,25,35,31,-1,25,31,26,-1,26,31,30,-1,36,37,38,-1,38,37,39,-1,26,40,24,-1,24,40,41,-1,24,41,42,-1,42,41,43,-1,42,43,44,-1,44,43,45,-1,44,45,46,-1,46,45,47,-1,46,47,48,-1,48,47,49,-1,48,49,50,-1,50,49,51,-1,50,51,52,-1,52,51,53,-1,52,53,54,-1,54,53,55,-1,54,55,56,-1,56,55,57,-1,29,28,58,-1,58,28,59,-1,58,59,60,-1,61,62,63,-1,63,62,64,-1,63,64,65,-1,65,64,66,-1,65,66,67,-1,67,66,68,-1,67,68,36,-1,36,68,69,-1,36,69,37,-1,59,33,60,-1,60,33,31,-1,60,31,70,-1,70,31,71,-1,70,71,72,-1,72,71,73,-1,72,73,74,-1,74,73,75,-1,74,75,39,-1,39,75,76,-1,39,76,38,-1,27,29,77,-1,77,29,78,-1,77,78,79,-1,79,78,80,-1,79,80,81,-1,81,80,82,-1,81,82,83,-1,83,82,84,-1,83,84,85,-1,85,84,86,-1,85,86,87,-1,87,86,88,-1,87,88,89,-1,89,88,90,-1,89,90,57,-1,57,90,91,-1,57,91,56,-1,67,92,93,-1,67,93,65,-1,65,93,94,-1,65,94,63,-1,63,94,95,-1,63,95,61,-1,62,61,96,-1,96,61,95,-1,62,96,97,-1,62,97,64,-1,64,97,98,-1,64,98,66,-1,66,98,99,-1,66,99,68,-1,68,99,100,-1,68,100,69,-1,69,100,101,-1,69,101,37,-1,37,101,102,-1,37,102,39,-1,39,102,103,-1,39,103,74,-1,74,103,104,-1,74,104,72,-1,72,104,105,-1,72,105,70,-1,70,105,106,-1,70,106,60,-1,58,60,107,-1,107,60,106,-1,58,107,108,-1,58,108,29,-1,29,108,109,-1,29,109,78,-1,78,109,110,-1,78,110,80,-1,80,110,111,-1,80,111,82,-1,82,111,112,-1,82,112,84,-1,84,112,113,-1,84,113,86,-1,86,113,114,-1,86,114,88,-1,88,114,115,-1,88,115,90,-1,90,115,116,-1,90,116,91,-1,91,116,117,-1,91,117,56,-1,118,50,119,-1,119,50,52,-1,119,52,120,-1,120,52,54,-1,120,54,121,-1,121,54,56,-1,121,56,117,-1,50,118,122,-1,50,122,48,-1,48,122,123,-1,48,123,46,-1,123,124,46,-1,46,124,125,-1,46,125,44,-1,44,125,126,-1,44,126,42,-1,42,126,127,-1,42,127,24,-1,25,24,128,-1,128,24,127,-1,34,25,129,-1,129,25,128,-1,35,34,130,-1,130,34,129,-1,31,35,131,-1,131,35,130,-1,31,131,132,-1,31,132,71,-1,71,132,133,-1,71,133,73,-1,73,133,134,-1,73,134,75,-1,75,134,135,-1,75,135,76,-1,76,135,136,-1,76,136,38,-1,38,136,137,-1,38,137,36,-1,36,137,92,-1,36,92,67,-1,77,138,139,-1,77,139,27,-1,27,139,140,-1,27,140,28,-1,28,140,141,-1,28,141,59,-1,85,142,143,-1,85,143,83,-1,83,143,144,-1,83,144,81,-1,81,144,145,-1,81,145,79,-1,79,145,138,-1,79,138,77,-1,55,146,147,-1,55,147,57,-1,57,147,148,-1,57,148,89,-1,89,148,149,-1,89,149,87,-1,87,149,142,-1,87,142,85,-1,49,150,151,-1,49,151,51,-1,51,151,152,-1,51,152,53,-1,53,152,146,-1,53,146,55,-1,41,153,154,-1,41,154,43,-1,43,154,155,-1,43,155,45,-1,45,155,156,-1,45,156,47,-1,47,156,150,-1,47,150,49,-1,32,157,158,-1,32,158,30,-1,30,158,159,-1,30,159,26,-1,26,159,160,-1,26,160,40,-1,40,160,153,-1,40,153,41,-1,32,33,157,-1,157,33,161,-1,33,59,161,-1,161,59,141,-1,
        ]
    }
}
Shape{
    appearance Appearance {
        material  Material 	{
            diffuseColor 1.0 1.0 0.5019607843137255
            specularColor 0.5019607843137255 0.5019607843137255 0.25098039215686274
            ambientIntensity 0.2
            transparency 0
            shininess 0.5
        }
    }
    geometry IndexedFaceSet {
        ccw TRUE
        solid FALSE
        coord DEF co Coordinate {
            point [
                0.3469 -1.1024 3.5745, 0.3469 -1.1024 3.5756, 0.3085 -1.1024 3.5759, 0.3469 -1.1024 3.5848, 0.3246 -1.1024 3.5818, 0.3138 -1.1024 3.5792, 0.3102 -1.1024 3.5773, 0.3458 -1.1024 3.5671, 0.3065 -1.1024 3.5734, 0.3434 -1.1024 3.5611, 0.3074 -1.1024 3.5541, 0.3089 -1.1024 3.5527, 0.3377 -1.1024 3.5541, 0.3055 -1.1024 3.5569, 0.333 -1.1024 3.5509, 0.3279 -1.1024 3.5491, 0.3216 -1.1024 3.5484, 0.305 -1.1024 3.5703, 0.3042 -1.1024 3.5665, 0.3398 -1.1024 3.5562, 0.304 -1.1024 3.5638, 0.3044 -1.1024 3.56, 0.3122 -1.1024 3.5504, 0.316 -1.1024 3.549, 0.316 -1.1024 3.549
            ]
        }
        coordIndex [
            0,1,2,-1,1,3,4,-1,4,5,1,-1,1,5,6,-1,1,6,2,-1,0,2,7,-1,7,2,8,-1,7,8,9,-1,10,11,12,-1,10,12,13,-1,14,12,15,-1,15,12,16,-1,8,17,9,-1,9,17,18,-1,9,18,19,-1,19,18,20,-1,19,20,12,-1,12,20,21,-1,12,21,13,-1,11,22,12,-1,12,22,23,-1,12,23,16,-1,
        ]
    }
}
Shape{
    appearance Appearance {
        material  Material 	{
            diffuseColor 0.0 0.0 0.0
            specularColor 0.0 0.0 0.0
            ambientIntensity 0.2
            transparency 0
            shininess 0.5
        }
    }
    geometry IndexedFaceSet {
        ccw TRUE
        solid FALSE
        coord DEF co Coordinate {
            point [
                0.3863 -1.1024 3.5575, 0.3863 -1.1063 3.5575, 0.3936 -1.1063 3.5531, 0.4138 -1.1063 3.5483, 0.4138 -1.1024 3.5483, 0.4041 -1.1024 3.5494, 0.4041 -1.1063 3.5494, 0.394 -1.1024 3.553, 0.3936 -1.1024 3.5531, 0.3863 -1.1063 3.5403, 0.3863 -1.1024 3.5403, 0.3981 -1.1063 3.5362, 0.394 -1.1024 3.5376, 0.4122 -1.1024 3.5347, 0.4122 -1.1063 3.5347, 0.4013 -1.1024 3.5358, 0.3981 -1.1024 3.5362, 0.4272 -1.1063 3.5365, 0.4217 -1.1024 3.5358, 0.4272 -1.1024 3.5365, 0.436 -1.1024 3.5399, 0.436 -1.1063 3.5399, 0.4399 -1.1024 3.5423, 0.4399 -1.1063 3.5423, 0.4447 -1.1024 3.5464, 0.4447 -1.1063 3.5464, 0.4478 -1.1024 3.5509, 0.4478 -1.1063 3.5509, 0.4499 -1.1024 3.5562, 0.4499 -1.1063 3.5562, 0.4507 -1.1024 3.5629, 0.4507 -1.1063 3.5629, 0.45 -1.1024 3.5691, 0.45 -1.1063 3.5691, 0.4482 -1.1024 3.574, 0.4482 -1.1063 3.574, 0.4451 -1.1024 3.5786, 0.4451 -1.1063 3.5786, 0.4411 -1.1024 3.5822, 0.4411 -1.1063 3.5822, 0.43 -1.1024 3.5884, 0.43 -1.1063 3.5884, 0.4235 -1.1024 3.591, 0.4235 -1.1063 3.591, 0.4132 -1.1024 3.5955, 0.4132 -1.1063 3.5955, 0.4073 -1.1024 3.5992, 0.4073 -1.1063 3.5992, 0.4057 -1.1024 3.601, 0.4057 -1.1063 3.601, 0.4044 -1.1024 3.6032, 0.4044 -1.1063 3.6032, 0.4038 -1.1024 3.6058, 0.4038 -1.1063 3.6058, 0.4036 -1.1024 3.608, 0.4036 -1.1063 3.608, 0.4039 -1.1024 3.6107, 0.4039 -1.1063 3.6107, 0.4048 -1.1024 3.613, 0.4048 -1.1063 3.613, 0.4062 -1.1024 3.6151, 0.4062 -1.1063 3.6151, 0.4087 -1.1024 3.6173, 0.4087 -1.1063 3.6173, 0.4125 -1.1024 3.6193, 0.4125 -1.1063 3.6193, 0.4169 -1.1024 3.6205, 0.4169 -1.1063 3.6205, 0.4219 -1.1024 3.6209, 0.4219 -1.1063 3.6209, 0.432 -1.1024 3.6198, 0.432 -1.1063 3.6198, 0.4415 -1.1024 3.6166, 0.4415 -1.1063 3.6166, 0.4461 -1.1024 3.614, 0.4461 -1.1063 3.614, 0.4461 -1.1063 3.6302, 0.4461 -1.1024 3.6302, 0.4352 -1.1024 3.6334, 0.4352 -1.1063 3.6334, 0.4235 -1.1024 3.6344, 0.4235 -1.1063 3.6344, 0.4102 -1.1024 3.6328, 0.4102 -1.1063 3.6328, 0.4012 -1.1024 3.6294, 0.4012 -1.1063 3.6294, 0.3971 -1.1024 3.6269, 0.3971 -1.1063 3.6269, 0.3921 -1.1063 3.6224, 0.394 -1.1024 3.6241, 0.3921 -1.1024 3.6224, 0.389 -1.1024 3.6179, 0.389 -1.1063 3.6179, 0.3871 -1.1024 3.6125, 0.3871 -1.1063 3.6125, 0.3864 -1.1024 3.6065, 0.3864 -1.1063 3.6065, 0.3871 -1.1024 3.6, 0.3871 -1.1063 3.6, 0.389 -1.1024 3.5949, 0.389 -1.1063 3.5949, 0.3911 -1.1024 3.5915, 0.3911 -1.1063 3.5915, 0.4117 -1.1024 3.5788, 0.4117 -1.1063 3.5788, 0.4018 -1.1063 3.5834, 0.3939 -1.1024 3.5886, 0.3939 -1.1063 3.5886, 0.394 -1.1024 3.5885, 0.4018 -1.1024 3.5834, 0.4227 -1.1024 3.5742, 0.4227 -1.1063 3.5742, 0.4292 -1.1024 3.5703, 0.4292 -1.1063 3.5703, 0.4313 -1.1024 3.5681, 0.4313 -1.1063 3.5681, 0.4326 -1.1024 3.5659, 0.4326 -1.1063 3.5659, 0.4334 -1.1024 3.5633, 0.4334 -1.1063 3.5633, 0.4335 -1.1024 3.5612, 0.4335 -1.1063 3.5612, 0.4332 -1.1024 3.558, 0.4332 -1.1063 3.558, 0.4323 -1.1024 3.5557, 0.4323 -1.1063 3.5557, 0.4309 -1.1024 3.5535, 0.4309 -1.1063 3.5535, 0.4289 -1.1024 3.5518, 0.4289 -1.1063 3.5518, 0.4274 -1.1024 3.5509, 0.4274 -1.1063 3.5509, 0.4231 -1.1024 3.5493, 0.4231 -1.1063 3.5493, 0.4145 -1.1024 3.5483, 0.4145 -1.1063 3.5483, 0.5335 -1.1063 3.6323, 0.5509 -1.1063 3.6323, 0.5335 -1.1024 3.6323, 0.5509 -1.1024 3.6323, 0.5075 -1.1063 3.5605, 0.5075 -1.1024 3.5605, 0.5062 -1.1024 3.556, 0.5062 -1.1063 3.556, 0.5055 -1.1024 3.5528, 0.5055 -1.1063 3.5528, 0.505 -1.1063 3.5528, 0.505 -1.1024 3.5528, 0.503 -1.1063 3.5606, 0.503 -1.1024 3.5606, 0.4781 -1.1024 3.6323, 0.4781 -1.1063 3.6323, 0.4861 -1.1024 3.609, 0.4594 -1.1063 3.6323, 0.4594 -1.1024 3.6323, 0.4968 -1.1024 3.5371, 0.4968 -1.1063 3.5371, 0.4861 -1.1024 3.5642, 0.4894 -1.1024 3.5198, 0.4894 -1.1063 3.5198, 0.4962 -1.1024 3.5358, 0.4861 -1.1024 3.5138, 0.4861 -1.1063 3.5137, 0.4861 -1.1024 3.5137, 0.4829 -1.1024 3.5102, 0.4829 -1.1063 3.5102, 0.4803 -1.1024 3.5084, 0.4803 -1.1063 3.5084, 0.4767 -1.1024 3.5069, 0.4767 -1.1063 3.5069, 0.4723 -1.1024 3.5064, 0.4723 -1.1063 3.5064, 0.4662 -1.1024 3.5072, 0.4662 -1.1063 3.5072, 0.4628 -1.1024 3.5083, 0.4628 -1.1063 3.5083, 0.4628 -1.1063 3.4934, 0.4628 -1.1024 3.4934, 0.4699 -1.1024 3.4922, 0.4699 -1.1063 3.4922, 0.4736 -1.1024 3.492, 0.4736 -1.1063 3.492, 0.4804 -1.1024 3.4928, 0.4804 -1.1063 3.4928, 0.4861 -1.1024 3.495, 0.4869 -1.1063 3.4953, 0.4869 -1.1024 3.4953, 0.4928 -1.1024 3.4994, 0.4928 -1.1063 3.4994, 0.4939 -1.1024 3.5005, 0.4939 -1.1063 3.5005, 0.5 -1.1024 3.5078, 0.5 -1.1063 3.5078, 0.5076 -1.1024 3.5225, 0.5076 -1.1063 3.5225, 0.5128 -1.1024 3.5358, 0.6406 -1.1063 3.5522, 0.6406 -1.1063 3.5369, 0.6406 -1.1024 3.5522, 0.6406 -1.1024 3.5369, 0.5861 -1.1024 3.5522, 0.5861 -1.1063 3.5522, 0.6111 -1.1024 3.5522, 0.5861 -1.1063 3.597, 0.5861 -1.1024 3.597, 0.6338 -1.1024 3.597, 0.6338 -1.1063 3.597, 0.6111 -1.1024 3.597, 0.6338 -1.1063 3.6123, 0.6338 -1.1024 3.6123, 0.5861 -1.1024 3.6123, 0.5861 -1.1063 3.6123, 0.6111 -1.1024 3.6123, 0.5861 -1.1063 3.655, 0.5861 -1.1024 3.655, 0.6376 -1.1024 3.655, 0.6376 -1.1063 3.655, 0.6111 -1.1024 3.655, 0.6376 -1.1063 3.6704, 0.6376 -1.1024 3.6704, 0.5689 -1.1024 3.6704, 0.5689 -1.1063 3.6704, 0.6111 -1.1024 3.6704, 0.5689 -1.1063 3.5369, 0.5689 -1.1024 3.5369, 0.6111 -1.1024 3.5369, 0.7544 -1.1063 3.5556, 0.7406 -1.1063 3.5647, 0.7405 -1.1063 3.5457, 0.732 -1.1063 3.5587, 0.7253 -1.1063 3.5397, 0.721 -1.1063 3.5544, 0.7026 -1.1063 3.5369, 0.7025 -1.1063 3.5522, 0.6659 -1.1063 3.5369, 0.6831 -1.1063 3.5522, 0.6659 -1.1063 3.6704, 0.6831 -1.1063 3.655, 0.7039 -1.1063 3.6704, 0.7032 -1.1063 3.655, 0.7084 -1.1063 3.6549, 0.7243 -1.1063 3.6681, 0.7224 -1.1063 3.6526, 0.7404 -1.1063 3.6623, 0.7336 -1.1063 3.6481, 0.7544 -1.1063 3.6527, 0.7418 -1.1063 3.6425, 0.7591 -1.1063 3.6482, 0.7454 -1.1063 3.6389, 0.7673 -1.1063 3.6365, 0.7506 -1.1063 3.6314, 0.7723 -1.1063 3.6238, 0.7544 -1.1063 3.6217, 0.7745 -1.1063 3.6054, 0.7564 -1.1063 3.6049, 0.7741 -1.1063 3.5969, 0.7558 -1.1063 3.5949, 0.7709 -1.1063 3.5813, 0.753 -1.1063 3.583, 0.7643 -1.1063 3.5674, 0.7482 -1.1063 3.5733, 0.7421 -1.1063 3.5661, 0.7026 -1.1024 3.5369, 0.6659 -1.1024 3.5369, 0.7253 -1.1024 3.5397, 0.7405 -1.1024 3.5457, 0.7544 -1.1024 3.5556, 0.7643 -1.1024 3.5674, 0.7709 -1.1024 3.5813, 0.7741 -1.1024 3.5969, 0.7745 -1.1024 3.6054, 0.7723 -1.1024 3.6238, 0.7673 -1.1024 3.6365, 0.7591 -1.1024 3.6482, 0.7544 -1.1024 3.6527, 0.7404 -1.1024 3.6623, 0.7243 -1.1024 3.6681, 0.7039 -1.1024 3.6704, 0.6659 -1.1024 3.6704, 0.7032 -1.1024 3.655, 0.6831 -1.1024 3.655, 0.6831 -1.1024 3.5522, 0.7025 -1.1024 3.5522, 0.7421 -1.1024 3.5661, 0.7406 -1.1024 3.5647, 0.732 -1.1024 3.5587, 0.721 -1.1024 3.5544, 0.7564 -1.1024 3.6049, 0.7558 -1.1024 3.5949, 0.753 -1.1024 3.583, 0.7482 -1.1024 3.5733, 0.7418 -1.1024 3.6425, 0.7454 -1.1024 3.6389, 0.7506 -1.1024 3.6314, 0.7544 -1.1024 3.6217, 0.7084 -1.1024 3.6549, 0.7224 -1.1024 3.6526, 0.7336 -1.1024 3.6481, 0.7336 -1.1024 3.6481
            ]
        }
        coordIndex [
            0,1,2,-1,3,4,5,-1,3,5,6,-1,6,5,7,-1,6,7,2,-1,2,7,8,-1,2,8,0,-1,9,1,10,-1,10,1,0,-1,9,10,11,-1,11,10,12,-1,13,14,15,-1,15,14,11,-1,15,11,16,-1,16,11,12,-1,14,13,17,-1,17,13,18,-1,18,19,17,-1,17,19,20,-1,17,20,21,-1,21,20,22,-1,21,22,23,-1,23,22,24,-1,23,24,25,-1,25,24,26,-1,25,26,27,-1,27,26,28,-1,27,28,29,-1,29,28,30,-1,29,30,31,-1,31,30,32,-1,31,32,33,-1,33,32,34,-1,33,34,35,-1,35,34,36,-1,35,36,37,-1,37,36,38,-1,37,38,39,-1,39,38,40,-1,39,40,41,-1,41,40,42,-1,41,42,43,-1,43,42,44,-1,43,44,45,-1,45,44,46,-1,45,46,47,-1,47,46,48,-1,47,48,49,-1,49,48,50,-1,49,50,51,-1,51,50,52,-1,51,52,53,-1,53,52,54,-1,53,54,55,-1,55,54,56,-1,55,56,57,-1,57,56,58,-1,57,58,59,-1,59,58,60,-1,59,60,61,-1,61,60,62,-1,61,62,63,-1,63,62,64,-1,63,64,65,-1,65,64,66,-1,65,66,67,-1,67,66,68,-1,67,68,69,-1,69,68,70,-1,69,70,71,-1,71,70,72,-1,71,72,73,-1,73,72,74,-1,73,74,75,-1,76,75,77,-1,77,75,74,-1,76,77,78,-1,76,78,79,-1,79,78,80,-1,79,80,81,-1,81,80,82,-1,81,82,83,-1,83,82,84,-1,83,84,85,-1,85,84,86,-1,85,86,87,-1,87,86,88,-1,88,86,89,-1,89,90,88,-1,88,90,91,-1,88,91,92,-1,92,91,93,-1,92,93,94,-1,94,93,95,-1,94,95,96,-1,96,95,97,-1,96,97,98,-1,98,97,99,-1,98,99,100,-1,100,99,101,-1,100,101,102,-1,103,104,105,-1,102,101,106,-1,102,106,107,-1,107,106,108,-1,107,108,105,-1,105,108,109,-1,105,109,103,-1,104,103,110,-1,104,110,111,-1,111,110,112,-1,111,112,113,-1,113,112,114,-1,113,114,115,-1,115,114,116,-1,115,116,117,-1,117,116,118,-1,117,118,119,-1,119,118,120,-1,119,120,121,-1,121,120,122,-1,121,122,123,-1,123,122,124,-1,123,124,125,-1,125,124,126,-1,125,126,127,-1,127,126,128,-1,127,128,129,-1,129,128,130,-1,129,130,131,-1,131,130,132,-1,131,132,133,-1,133,132,134,-1,133,134,135,-1,135,134,4,-1,135,4,3,-1,61,63,85,-1,85,63,83,-1,111,43,104,-1,104,43,45,-1,21,23,127,-1,127,23,25,-1,127,25,125,-1,125,25,27,-1,125,27,123,-1,123,27,29,-1,123,29,121,-1,121,29,31,-1,121,31,119,-1,119,31,33,-1,119,33,117,-1,117,33,35,-1,117,35,115,-1,115,35,37,-1,115,37,113,-1,113,37,39,-1,113,39,111,-1,111,39,41,-1,111,41,43,-1,14,3,11,-1,11,3,6,-1,11,6,9,-1,9,6,2,-1,9,2,1,-1,63,65,83,-1,83,65,67,-1,83,67,81,-1,81,67,69,-1,81,69,79,-1,79,69,71,-1,79,71,76,-1,76,71,73,-1,76,73,75,-1,127,129,21,-1,21,129,131,-1,21,131,17,-1,17,131,133,-1,17,133,14,-1,14,133,135,-1,14,135,3,-1,85,87,61,-1,61,87,88,-1,61,88,59,-1,59,88,92,-1,59,92,57,-1,57,92,94,-1,57,94,55,-1,55,94,96,-1,55,96,53,-1,53,96,98,-1,53,98,51,-1,51,98,100,-1,51,100,49,-1,49,100,102,-1,49,102,47,-1,47,102,107,-1,47,107,45,-1,45,107,105,-1,45,105,104,-1,136,137,138,-1,138,137,139,-1,140,136,141,-1,141,136,138,-1,140,141,142,-1,140,142,143,-1,143,142,144,-1,143,144,145,-1,146,145,147,-1,147,145,144,-1,148,146,149,-1,149,146,147,-1,150,151,152,-1,152,151,148,-1,152,148,149,-1,153,151,154,-1,154,151,150,-1,155,156,157,-1,157,156,153,-1,157,153,154,-1,158,159,160,-1,160,159,156,-1,160,156,155,-1,158,161,159,-1,159,161,162,-1,161,163,162,-1,162,163,164,-1,162,164,165,-1,165,164,166,-1,165,166,167,-1,167,166,168,-1,167,168,169,-1,169,168,170,-1,169,170,171,-1,171,170,172,-1,171,172,173,-1,173,172,174,-1,173,174,175,-1,176,175,177,-1,177,175,174,-1,176,177,178,-1,176,178,179,-1,179,178,180,-1,179,180,181,-1,181,180,182,-1,181,182,183,-1,183,182,184,-1,183,184,185,-1,184,186,185,-1,185,186,187,-1,185,187,188,-1,188,187,189,-1,188,189,190,-1,190,189,191,-1,190,191,192,-1,192,191,193,-1,192,193,194,-1,139,137,195,-1,195,137,194,-1,195,194,193,-1,143,145,194,-1,137,136,194,-1,194,136,140,-1,194,140,143,-1,151,153,148,-1,148,153,156,-1,148,156,146,-1,175,176,173,-1,173,176,179,-1,173,179,171,-1,171,179,181,-1,171,181,169,-1,169,181,183,-1,169,183,167,-1,167,183,185,-1,167,185,165,-1,145,146,194,-1,194,146,156,-1,194,156,192,-1,156,159,192,-1,192,159,162,-1,192,162,190,-1,190,162,165,-1,190,165,188,-1,188,165,185,-1,196,197,198,-1,198,197,199,-1,200,201,202,-1,202,201,196,-1,202,196,198,-1,203,201,204,-1,204,201,200,-1,205,206,207,-1,207,206,203,-1,207,203,204,-1,208,206,209,-1,209,206,205,-1,210,211,212,-1,212,211,208,-1,212,208,209,-1,213,211,214,-1,214,211,210,-1,215,216,217,-1,217,216,213,-1,217,213,214,-1,218,216,219,-1,219,216,215,-1,220,221,222,-1,222,221,218,-1,222,218,219,-1,223,221,224,-1,224,221,220,-1,199,197,225,-1,225,197,223,-1,225,223,224,-1,223,197,196,-1,196,201,223,-1,223,201,203,-1,223,203,221,-1,216,218,213,-1,213,218,221,-1,213,221,211,-1,211,221,203,-1,211,203,208,-1,208,203,206,-1,226,227,228,-1,228,227,229,-1,228,229,230,-1,230,229,231,-1,230,231,232,-1,232,231,233,-1,232,233,234,-1,234,233,235,-1,234,235,236,-1,236,235,237,-1,236,237,238,-1,237,239,238,-1,238,239,240,-1,238,240,241,-1,241,240,242,-1,241,242,243,-1,243,242,244,-1,243,244,245,-1,245,244,246,-1,245,246,247,-1,247,246,248,-1,247,248,249,-1,249,248,250,-1,249,250,251,-1,251,250,252,-1,251,252,253,-1,253,252,254,-1,253,254,255,-1,255,254,256,-1,255,256,257,-1,257,256,258,-1,257,258,259,-1,259,258,260,-1,259,260,226,-1,226,260,261,-1,226,261,227,-1,232,234,262,-1,262,234,263,-1,232,262,264,-1,232,264,230,-1,230,264,265,-1,230,265,228,-1,228,265,266,-1,228,266,226,-1,226,266,267,-1,226,267,259,-1,259,267,268,-1,259,268,257,-1,257,268,269,-1,257,269,255,-1,255,269,270,-1,255,270,253,-1,253,270,271,-1,253,271,251,-1,251,271,272,-1,251,272,249,-1,249,272,273,-1,249,273,247,-1,247,273,274,-1,247,274,245,-1,245,274,275,-1,245,275,243,-1,243,275,276,-1,243,276,241,-1,241,276,277,-1,241,277,238,-1,236,238,278,-1,278,238,277,-1,234,236,263,-1,263,236,278,-1,239,237,279,-1,279,237,280,-1,237,235,280,-1,280,235,281,-1,235,233,281,-1,281,233,282,-1,261,283,284,-1,261,284,227,-1,227,284,285,-1,227,285,229,-1,229,285,286,-1,229,286,231,-1,231,286,282,-1,231,282,233,-1,254,287,288,-1,254,288,256,-1,256,288,289,-1,256,289,258,-1,258,289,290,-1,258,290,260,-1,260,290,283,-1,260,283,261,-1,246,291,292,-1,246,292,248,-1,248,292,293,-1,248,293,250,-1,250,293,294,-1,250,294,252,-1,252,294,287,-1,252,287,254,-1,239,279,295,-1,239,295,240,-1,240,295,296,-1,240,296,242,-1,242,296,297,-1,242,297,244,-1,244,297,291,-1,244,291,246,-1,
        ]
    }
}
Shape{
    appearance Appearance {
        material  Material 	{
            diffuseColor 1.0 1.0 0.5019607843137255
            specularColor 0.5019607843137255 0.5019607843137255 0.25098039215686274
            ambientIntensity 0.2
            transparency 0
            shininess 0.5
        }
    }
    geometry IndexedFaceSet {
        ccw TRUE
        solid FALSE
        coord DEF co Coordinate {
            point [
                0.7032 -1.1024 3.655, 0.6831 -1.1024 3.655, 0.6831 -1.1024 3.5522, 0.753 -1.1024 3.583, 0.7558 -1.1024 3.5949, 0.7084 -1.1024 3.6549, 0.7025 -1.1024 3.5522, 0.721 -1.1024 3.5544, 0.732 -1.1024 3.5587, 0.7406 -1.1024 3.5647, 0.7421 -1.1024 3.5661, 0.7482 -1.1024 3.5733, 0.7418 -1.1024 3.6425, 0.7564 -1.1024 3.6049, 0.7336 -1.1024 3.6481, 0.7224 -1.1024 3.6526, 0.7544 -1.1024 3.6217, 0.7506 -1.1024 3.6314, 0.7454 -1.1024 3.6389, 0.7454 -1.1024 3.6389
            ]
        }
        coordIndex [
            0,1,2,-1,3,4,5,-1,2,6,0,-1,0,6,7,-1,0,7,8,-1,8,9,0,-1,0,9,10,-1,0,10,5,-1,5,10,11,-1,5,11,3,-1,12,4,13,-1,12,14,4,-1,4,14,15,-1,4,15,5,-1,16,17,13,-1,13,17,18,-1,13,18,12,-1,
        ]
    }
}
Shape{
    appearance Appearance {
        material  Material 	{
            diffuseColor 0.0 0.0 0.0
            specularColor 0.0 0.0 0.0
            ambientIntensity 0.2
            transparency 0
            shininess 0.5
        }
    }
    geometry IndexedFaceSet {
        ccw TRUE
        solid FALSE
        coord DEF co Coordinate {
            point [
                0.8192 -1.1063 3.5885, 0.8138 -1.1063 3.5734, 0.864 -1.1063 3.5885, 0.8693 -1.1063 3.5734, 0.8392 -1.1063 3.644, 0.8327 -1.1063 3.6704, 0.7819 -1.1063 3.5369, 0.8009 -1.1063 3.5369, 0.8403 -1.1063 3.648, 0.8414 -1.1063 3.6533, 0.8512 -1.1063 3.6704, 0.8418 -1.1063 3.6533, 0.8429 -1.1063 3.6477, 0.8439 -1.1063 3.644, 0.902 -1.1063 3.5369, 0.883 -1.1063 3.5369, 0.8512 -1.1024 3.6704, 0.902 -1.1024 3.5369, 0.8327 -1.1024 3.6704, 0.7819 -1.1024 3.5369, 0.8009 -1.1024 3.5369, 0.8138 -1.1024 3.5734, 0.8693 -1.1024 3.5734, 0.883 -1.1024 3.5369, 0.8192 -1.1024 3.5885, 0.864 -1.1024 3.5885, 0.8439 -1.1024 3.644, 0.8418 -1.1024 3.6533, 0.8429 -1.1024 3.6477, 0.8414 -1.1024 3.6533, 0.8392 -1.1024 3.644, 0.8403 -1.1024 3.648, 0.8403 -1.1024 3.648
            ]
        }
        coordIndex [
            0,1,2,-1,2,1,3,-1,4,5,0,-1,0,5,6,-1,0,6,1,-1,1,6,7,-1,4,8,5,-1,5,8,9,-1,5,9,10,-1,10,9,11,-1,10,11,12,-1,12,13,10,-1,10,13,2,-1,10,2,14,-1,14,2,3,-1,14,3,15,-1,10,14,16,-1,16,14,17,-1,5,10,18,-1,18,10,16,-1,6,5,19,-1,19,5,18,-1,7,6,20,-1,20,6,19,-1,1,7,21,-1,21,7,20,-1,3,1,22,-1,22,1,21,-1,15,3,23,-1,23,3,22,-1,14,15,17,-1,17,15,23,-1,0,2,24,-1,24,2,25,-1,2,13,25,-1,25,13,26,-1,11,27,28,-1,11,28,12,-1,12,28,26,-1,12,26,13,-1,11,9,27,-1,27,9,29,-1,4,30,31,-1,4,31,8,-1,8,31,29,-1,8,29,9,-1,4,0,30,-1,30,0,24,-1,
        ]
    }
}
Shape{
    appearance Appearance {
        material  Material 	{
            diffuseColor 1.0 1.0 0.5019607843137255
            specularColor 0.5019607843137255 0.5019607843137255 0.25098039215686274
            ambientIntensity 0.2
            transparency 0
            shininess 0.5
        }
    }
    geometry IndexedFaceSet {
        ccw TRUE
        solid FALSE
        coord DEF co Coordinate {
            point [
                0.8418 -1.1024 3.6533, 0.8414 -1.1024 3.6533, 0.8429 -1.1024 3.6477, 0.8403 -1.1024 3.648, 0.8439 -1.1024 3.644, 0.8392 -1.1024 3.644, 0.864 -1.1024 3.5885, 0.8192 -1.1024 3.5885, 0.8192 -1.1024 3.5885
            ]
        }
        coordIndex [
            0,1,2,-1,2,1,3,-1,2,3,4,-1,4,3,5,-1,4,5,6,-1,6,5,7,-1,
        ]
    }
}
Shape{
    appearance Appearance {
        material  Material 	{
            diffuseColor 0.0 0.0 0.0
            specularColor 0.0 0.0 0.0
            ambientIntensity 0.2
            transparency 0
            shininess 0.5
        }
    }
    geometry IndexedFaceSet {
        ccw TRUE
        solid FALSE
        coord DEF co Coordinate {
            point [
                -0.3901 -1.1063 3.518, -0.376 -1.1063 3.5006, -0.3986 -1.1063 3.6019, -0.0562 -1.1063 3.7687, -0.0504 -1.1063 3.7424, -0.0039 -1.1063 3.7936, -0.4151 -1.1063 3.7669, -0.3939 -1.1063 3.7781, -0.3974 -1.1063 3.8368, -0.2318 -1.1063 3.5144, -0.2206 -1.1063 3.5355, -0.2151 -1.1063 3.5589, -0.3616 -1.1063 3.841, -0.0817 -1.1063 3.6484, -0.1111 -1.1063 3.6987, -0.2146 -1.1063 3.5782, -0.2383 -1.1063 3.6323, -0.2146 -1.1063 3.5687, -0.2653 -1.1063 3.4848, -0.2464 -1.1063 3.4979, -0.2762 -1.1063 3.5819, -0.2738 -1.1063 3.5732, -0.2736 -1.1063 3.564, -0.2757 -1.1063 3.5549, -0.2801 -1.1063 3.5466, -0.4193 -1.1063 3.6147, -0.4136 -1.1063 3.5427, -0.3996 -1.1063 3.5384, -0.3341 -1.1063 3.5394, -0.3263 -1.1063 3.5344, -0.3574 -1.1063 3.4866, -0.3174 -1.1063 3.5315, -0.0428 -1.1063 3.7424, -0.0248 -1.1063 3.7401, 0.0008 -1.1063 3.792, -0.0082 -1.1063 3.7338, 0.029 -1.1063 3.778, 0.0547 -1.1063 3.7562, -0.2492 -1.1063 3.8439, -0.2981 -1.1063 3.8809, -0.2746 -1.1063 3.8253, -0.3204 -1.1063 3.8618, -0.2959 -1.1063 3.7999, -0.3398 -1.1063 3.8391, -0.3104 -1.1063 3.7699, -0.3705 -1.1063 3.7836, -0.3607 -1.1063 3.7841, -0.3507 -1.1063 3.8405, -0.3385 -1.1063 3.7814, -0.3173 -1.1063 3.7736, -0.347 -1.1063 3.5624, -0.3446 -1.1063 3.5537, -0.3403 -1.1063 3.546, -0.3355 -1.1063 3.4774, -0.3131 -1.1063 3.4739, -0.3104 -1.1063 3.5308, -0.3094 -1.1063 3.4739, -0.3018 -1.1063 3.5318, -0.2865 -1.1063 3.4767, -0.2935 -1.1063 3.5348, -0.2862 -1.1063 3.5398, 0.0549 -1.1063 3.5792, 0.0106 -1.1063 3.6168, 0.0291 -1.1063 3.5573, -0.0034 -1.1063 3.6053, 0.0001 -1.1063 3.5431, -0.0202 -1.1063 3.5976, -0.0314 -1.1063 3.5365, -0.0371 -1.1063 3.5944, -0.0874 -1.1063 3.5365, -0.0798 -1.1063 3.5944, -0.0928 -1.1063 3.5373, -0.4527 -1.1063 3.7122, -0.515 -1.1063 3.6978, -0.4556 -1.1063 3.6892, -0.5153 -1.1063 3.6873, -0.4544 -1.1063 3.6747, -0.5111 -1.1063 3.6517, -0.4477 -1.1063 3.6515, -0.4979 -1.1063 3.6163, -0.4363 -1.1063 3.6321, -0.4755 -1.1063 3.5839, -0.4476 -1.1063 3.5598, 0.0065 -1.1063 3.7235, 0.0175 -1.1063 3.7112, 0.0741 -1.1063 3.7292, 0.0263 -1.1063 3.6948, 0.0857 -1.1063 3.7002, 0.0307 -1.1063 3.6766, 0.09 -1.1063 3.6693, 0.0312 -1.1063 3.6684, 0.0856 -1.1063 3.6354, 0.0289 -1.1063 3.6499, 0.0737 -1.1063 3.6054, 0.0224 -1.1063 3.633, 0.0119 -1.1063 3.6182, -0.4327 -1.1063 3.8236, -0.4631 -1.1063 3.8027, -0.4315 -1.1063 3.7522, -0.4707 -1.1063 3.7955, -0.4446 -1.1063 3.7333, -0.4928 -1.1063 3.7674, -0.5083 -1.1063 3.7335, -0.0708 -1.1063 3.7993, -0.0209 -1.1063 3.8279, -0.0922 -1.1063 3.8249, -0.051 -1.1063 3.8647, -0.0947 -1.1063 3.8271, -0.0552 -1.1063 3.8686, -0.1214 -1.1063 3.8456, -0.0975 -1.1063 3.897, -0.1511 -1.1063 3.857, -0.1451 -1.1063 3.9138, -0.1833 -1.1063 3.861, -0.1842 -1.1063 3.9179, -0.2182 -1.1063 3.8565, -0.2244 -1.1063 3.9137, -0.2686 -1.1063 3.8984, -0.3472 -1.1063 3.5717, -0.3451 -1.1063 3.5808, -0.3881 -1.1063 3.6224, -0.3407 -1.1063 3.589, -0.3724 -1.1063 3.6403, -0.3347 -1.1063 3.5956, -0.353 -1.1063 3.6538, -0.3272 -1.1063 3.6007, -0.3321 -1.1063 3.6618, -0.3189 -1.1063 3.6038, -0.3094 -1.1063 3.6646, -0.3104 -1.1063 3.6048, -0.2979 -1.1063 3.6639, -0.3035 -1.1063 3.6041, -0.275 -1.1063 3.6582, -0.2946 -1.1063 3.6012, -0.2548 -1.1063 3.6474, -0.2868 -1.1063 3.5962, -0.2805 -1.1063 3.5896, -0.0846 -1.1063 3.5952, -0.1074 -1.1063 3.5464, -0.1052 -1.1063 3.5442, -0.0818 -1.1063 3.5946, -0.099 -1.1063 3.5398, -0.1149 -1.1063 3.5659, -0.114 -1.1063 3.5588, -0.1115 -1.1063 3.5524, -0.0929 -1.1063 3.5944, -0.0994 -1.1063 3.5918, -0.1147 -1.1063 3.5696, -0.1052 -1.1063 3.5877, -0.1091 -1.1063 3.5833, -0.1128 -1.1063 3.5769, -0.0855 -1.1063 3.5953, 0.061 -1.1024 3.7475, 0.0741 -1.1024 3.7292, 0.0824 -1.1024 3.7084, 0.0857 -1.1024 3.7002, 0.09 -1.1024 3.6693, 0.0547 -1.1024 3.7562, 0.029 -1.1024 3.778, 0.0008 -1.1024 3.792, -0.0039 -1.1024 3.7936, -0.0209 -1.1024 3.8279, -0.051 -1.1024 3.8647, -0.0552 -1.1024 3.8686, -0.077 -1.1024 3.8832, -0.0975 -1.1024 3.897, -0.1451 -1.1024 3.9138, -0.1842 -1.1024 3.9179, -0.2244 -1.1024 3.9137, -0.2686 -1.1024 3.8984, -0.2942 -1.1024 3.8832, -0.2981 -1.1024 3.8809, -0.3204 -1.1024 3.8618, -0.3398 -1.1024 3.8391, -0.3507 -1.1024 3.8405, -0.3616 -1.1024 3.841, -0.3974 -1.1024 3.8368, -0.4327 -1.1024 3.8236, -0.4631 -1.1024 3.8027, -0.4707 -1.1024 3.7955, -0.513 -1.1024 3.7084, -0.5083 -1.1024 3.7335, -0.5019 -1.1024 3.7475, -0.4928 -1.1024 3.7674, -0.515 -1.1024 3.6978, -0.5153 -1.1024 3.6873, -0.5111 -1.1024 3.6517, -0.4979 -1.1024 3.6163, -0.4755 -1.1024 3.5839, -0.4476 -1.1024 3.5598, -0.4136 -1.1024 3.5427, -0.3996 -1.1024 3.5384, -0.3984 -1.1024 3.5358, -0.3901 -1.1024 3.518, -0.376 -1.1024 3.5006, -0.3574 -1.1024 3.4866, -0.3487 -1.1024 3.483, -0.3355 -1.1024 3.4774, -0.3131 -1.1024 3.4739, -0.3094 -1.1024 3.4739, -0.2146 -1.1024 3.5687, -0.2865 -1.1024 3.4767, -0.2702 -1.1024 3.483, -0.2653 -1.1024 3.4848, -0.2464 -1.1024 3.4979, -0.2318 -1.1024 3.5144, -0.2206 -1.1024 3.5355, -0.2205 -1.1024 3.5358, -0.2151 -1.1024 3.5589, -0.2146 -1.1024 3.5782, -0.0817 -1.1024 3.6484, -0.1111 -1.1024 3.6987, -0.2383 -1.1024 3.6323, -0.2548 -1.1024 3.6474, -0.275 -1.1024 3.6582, -0.2979 -1.1024 3.6639, -0.3094 -1.1024 3.6646, -0.3321 -1.1024 3.6618, -0.353 -1.1024 3.6538, -0.3724 -1.1024 3.6403, -0.3881 -1.1024 3.6224, -0.3986 -1.1024 3.6019, -0.4193 -1.1024 3.6147, -0.4363 -1.1024 3.6321, -0.4477 -1.1024 3.6515, -0.4544 -1.1024 3.6747, -0.4556 -1.1024 3.6892, -0.4532 -1.1024 3.7084, -0.4527 -1.1024 3.7122, -0.4446 -1.1024 3.7333, -0.4348 -1.1024 3.7475, -0.4315 -1.1024 3.7522, -0.4151 -1.1024 3.7669, -0.3939 -1.1024 3.7781, -0.3705 -1.1024 3.7836, -0.3607 -1.1024 3.7841, -0.3385 -1.1024 3.7814, -0.3173 -1.1024 3.7736, -0.3104 -1.1024 3.7699, -0.2959 -1.1024 3.7999, -0.2746 -1.1024 3.8253, -0.2492 -1.1024 3.8439, -0.2182 -1.1024 3.8565, -0.1833 -1.1024 3.861, -0.1511 -1.1024 3.857, -0.1214 -1.1024 3.8456, -0.0947 -1.1024 3.8271, -0.0922 -1.1024 3.8249, -0.0708 -1.1024 3.7993, -0.0562 -1.1024 3.7687, -0.0515 -1.1024 3.7475, -0.0504 -1.1024 3.7424, -0.0428 -1.1024 3.7424, -0.0248 -1.1024 3.7401, -0.0082 -1.1024 3.7338, 0.0065 -1.1024 3.7235, 0.0175 -1.1024 3.7112, 0.019 -1.1024 3.7084, 0.0263 -1.1024 3.6948, 0.0307 -1.1024 3.6766, 0.0312 -1.1024 3.6684, 0.0289 -1.1024 3.6499, 0.0224 -1.1024 3.633, 0.0119 -1.1024 3.6182, 0.0106 -1.1024 3.6168, -0.0034 -1.1024 3.6053, -0.0202 -1.1024 3.5976, -0.0371 -1.1024 3.5944, -0.0798 -1.1024 3.5944, -0.0818 -1.1024 3.5946, -0.0846 -1.1024 3.5952, -0.0855 -1.1024 3.5953, -0.0929 -1.1024 3.5944, -0.0994 -1.1024 3.5918, -0.1052 -1.1024 3.5877, -0.1091 -1.1024 3.5833, -0.1128 -1.1024 3.5769, -0.1147 -1.1024 3.5696, -0.1149 -1.1024 3.5659, -0.114 -1.1024 3.5588, -0.1115 -1.1024 3.5524, -0.1074 -1.1024 3.5464, -0.1052 -1.1024 3.5442, -0.099 -1.1024 3.5398, -0.0928 -1.1024 3.5373, -0.0874 -1.1024 3.5365, -0.0314 -1.1024 3.5365, 0.0001 -1.1024 3.5431, 0.0291 -1.1024 3.5573, 0.0549 -1.1024 3.5792, 0.0737 -1.1024 3.6054, 0.0856 -1.1024 3.6354, -0.3104 -1.1024 3.6048, -0.3035 -1.1024 3.6041, -0.2946 -1.1024 3.6012, -0.2868 -1.1024 3.5962, -0.2805 -1.1024 3.5896, -0.2762 -1.1024 3.5819, -0.2738 -1.1024 3.5732, -0.2736 -1.1024 3.564, -0.2757 -1.1024 3.5549, -0.2801 -1.1024 3.5466, -0.2862 -1.1024 3.5398, -0.2935 -1.1024 3.5348, -0.3018 -1.1024 3.5318, -0.3104 -1.1024 3.5308, -0.3174 -1.1024 3.5315, -0.3263 -1.1024 3.5344, -0.3341 -1.1024 3.5394, -0.3403 -1.1024 3.546, -0.3446 -1.1024 3.5537, -0.347 -1.1024 3.5624, -0.3472 -1.1024 3.5717, -0.3451 -1.1024 3.5808, -0.3407 -1.1024 3.589, -0.3347 -1.1024 3.5956, -0.3272 -1.1024 3.6007, -0.3189 -1.1024 3.6038, -0.3189 -1.1024 3.6038
            ]
        }
        coordIndex [
            0,1,2,-1,3,4,5,-1,6,7,8,-1,9,10,11,-1,8,7,12,-1,13,14,15,-1,15,14,16,-1,15,16,17,-1,17,16,18,-1,17,18,11,-1,11,18,19,-1,11,19,9,-1,20,21,16,-1,16,21,22,-1,16,22,18,-1,18,22,23,-1,18,23,24,-1,25,26,2,-1,2,26,27,-1,2,27,0,-1,28,1,29,-1,29,1,30,-1,29,30,31,-1,4,32,5,-1,5,32,33,-1,5,33,34,-1,34,33,35,-1,34,35,36,-1,36,35,37,-1,38,39,40,-1,40,39,41,-1,40,41,42,-1,42,41,43,-1,42,43,44,-1,7,45,12,-1,12,45,46,-1,12,46,47,-1,47,46,48,-1,47,48,43,-1,43,48,49,-1,43,49,44,-1,50,2,51,-1,51,2,1,-1,51,1,52,-1,52,1,28,-1,30,53,31,-1,31,53,54,-1,31,54,55,-1,55,54,56,-1,55,56,57,-1,57,56,58,-1,57,58,59,-1,59,58,18,-1,59,18,60,-1,60,18,24,-1,61,62,63,-1,63,62,64,-1,63,64,65,-1,65,64,66,-1,65,66,67,-1,67,66,68,-1,67,68,69,-1,69,68,70,-1,69,70,71,-1,72,73,74,-1,74,73,75,-1,74,75,76,-1,76,75,77,-1,76,77,78,-1,78,77,79,-1,78,79,80,-1,80,79,81,-1,80,81,25,-1,25,81,82,-1,25,82,26,-1,35,83,37,-1,37,83,84,-1,37,84,85,-1,85,84,86,-1,85,86,87,-1,87,86,88,-1,87,88,89,-1,89,88,90,-1,89,90,91,-1,91,90,92,-1,91,92,93,-1,93,92,94,-1,93,94,61,-1,61,94,95,-1,61,95,62,-1,8,96,6,-1,6,96,97,-1,6,97,98,-1,98,97,99,-1,98,99,100,-1,100,99,101,-1,100,101,72,-1,72,101,102,-1,72,102,73,-1,3,5,103,-1,103,5,104,-1,103,104,105,-1,105,104,106,-1,105,106,107,-1,107,106,108,-1,107,108,109,-1,109,108,110,-1,109,110,111,-1,111,110,112,-1,111,112,113,-1,113,112,114,-1,113,114,115,-1,115,114,116,-1,115,116,38,-1,38,116,117,-1,38,117,39,-1,50,118,2,-1,2,118,119,-1,2,119,120,-1,120,119,121,-1,120,121,122,-1,122,121,123,-1,122,123,124,-1,124,123,125,-1,124,125,126,-1,126,125,127,-1,126,127,128,-1,128,127,129,-1,128,129,130,-1,130,129,131,-1,130,131,132,-1,132,131,133,-1,132,133,134,-1,134,133,135,-1,134,135,16,-1,16,135,136,-1,16,136,20,-1,137,138,139,-1,70,140,71,-1,71,140,137,-1,71,137,141,-1,141,137,139,-1,142,143,137,-1,137,143,144,-1,137,144,138,-1,145,146,147,-1,146,148,147,-1,147,148,149,-1,147,149,150,-1,142,137,147,-1,147,137,151,-1,147,151,145,-1,152,37,153,-1,153,37,85,-1,153,85,154,-1,154,85,87,-1,154,87,155,-1,155,87,89,-1,155,89,156,-1,152,157,37,-1,37,157,158,-1,37,158,36,-1,36,158,159,-1,36,159,34,-1,34,159,160,-1,34,160,5,-1,5,160,161,-1,5,161,104,-1,104,161,162,-1,104,162,106,-1,106,162,163,-1,106,163,108,-1,110,108,164,-1,164,108,163,-1,164,165,110,-1,110,165,166,-1,110,166,112,-1,112,166,167,-1,112,167,114,-1,114,167,168,-1,114,168,116,-1,116,168,169,-1,116,169,117,-1,117,169,39,-1,39,169,170,-1,39,170,171,-1,39,171,172,-1,39,172,41,-1,41,172,173,-1,41,173,43,-1,43,173,174,-1,43,174,47,-1,47,174,175,-1,47,175,12,-1,12,175,176,-1,12,176,8,-1,8,176,177,-1,8,177,96,-1,96,177,178,-1,96,178,97,-1,97,178,179,-1,97,179,99,-1,180,73,181,-1,181,73,102,-1,181,102,182,-1,182,102,101,-1,182,101,183,-1,183,101,99,-1,183,99,179,-1,180,184,73,-1,73,184,185,-1,73,185,75,-1,75,185,186,-1,75,186,77,-1,77,186,187,-1,77,187,79,-1,79,187,188,-1,79,188,81,-1,81,188,189,-1,81,189,82,-1,82,189,190,-1,82,190,26,-1,26,190,191,-1,26,191,27,-1,27,191,192,-1,27,192,0,-1,192,193,0,-1,0,193,194,-1,0,194,1,-1,1,194,195,-1,1,195,30,-1,30,195,196,-1,30,196,53,-1,196,197,53,-1,53,197,198,-1,53,198,54,-1,54,198,199,-1,54,199,56,-1,200,17,11,-1,56,199,201,-1,202,18,201,-1,201,18,58,-1,201,58,56,-1,202,203,18,-1,18,203,204,-1,18,204,19,-1,19,204,205,-1,19,205,9,-1,9,205,206,-1,9,206,10,-1,10,206,207,-1,10,207,11,-1,11,207,208,-1,11,208,200,-1,15,17,209,-1,209,17,200,-1,13,15,210,-1,210,15,209,-1,14,13,211,-1,211,13,210,-1,16,14,212,-1,212,14,211,-1,16,212,213,-1,16,213,134,-1,134,213,214,-1,134,214,132,-1,132,214,215,-1,132,215,130,-1,130,215,216,-1,130,216,128,-1,128,216,217,-1,128,217,126,-1,126,217,218,-1,126,218,124,-1,124,218,219,-1,124,219,122,-1,122,219,220,-1,122,220,120,-1,120,220,221,-1,120,221,2,-1,2,221,222,-1,2,222,25,-1,25,222,223,-1,25,223,80,-1,80,223,224,-1,80,224,78,-1,78,224,225,-1,78,225,76,-1,76,225,226,-1,76,226,74,-1,72,74,226,-1,226,227,72,-1,72,227,228,-1,72,228,229,-1,230,98,229,-1,229,98,100,-1,229,100,72,-1,230,231,98,-1,98,231,232,-1,98,232,6,-1,6,232,233,-1,6,233,7,-1,7,233,234,-1,7,234,45,-1,45,234,235,-1,45,235,46,-1,46,235,236,-1,46,236,48,-1,48,236,237,-1,48,237,49,-1,49,237,238,-1,49,238,44,-1,44,238,239,-1,44,239,42,-1,42,239,240,-1,42,240,40,-1,40,240,241,-1,40,241,38,-1,38,241,242,-1,38,242,115,-1,115,242,243,-1,115,243,113,-1,113,243,244,-1,113,244,111,-1,111,244,245,-1,111,245,109,-1,109,245,246,-1,109,246,107,-1,107,246,247,-1,107,247,105,-1,105,247,248,-1,105,248,103,-1,103,248,249,-1,103,249,3,-1,3,249,4,-1,4,249,250,-1,4,250,251,-1,32,4,252,-1,252,4,251,-1,32,252,253,-1,32,253,33,-1,33,253,254,-1,33,254,35,-1,35,254,255,-1,35,255,83,-1,83,255,256,-1,83,256,84,-1,84,256,257,-1,84,257,86,-1,257,258,86,-1,86,258,259,-1,86,259,88,-1,88,259,260,-1,88,260,90,-1,90,260,261,-1,90,261,92,-1,92,261,262,-1,92,262,94,-1,94,262,263,-1,94,263,95,-1,95,263,264,-1,95,264,62,-1,62,264,265,-1,62,265,64,-1,64,265,266,-1,64,266,66,-1,66,266,267,-1,66,267,68,-1,70,68,268,-1,268,68,267,-1,70,268,269,-1,70,269,140,-1,140,269,270,-1,140,270,137,-1,137,270,271,-1,137,271,151,-1,151,271,272,-1,151,272,145,-1,145,272,273,-1,145,273,146,-1,146,273,274,-1,146,274,148,-1,148,274,275,-1,148,275,149,-1,149,275,276,-1,149,276,150,-1,150,276,277,-1,150,277,147,-1,147,277,278,-1,147,278,142,-1,142,278,279,-1,142,279,143,-1,143,279,280,-1,143,280,144,-1,144,280,281,-1,144,281,138,-1,138,281,282,-1,138,282,139,-1,139,282,283,-1,139,283,141,-1,141,283,284,-1,141,284,71,-1,71,284,285,-1,71,285,69,-1,67,69,286,-1,286,69,285,-1,67,286,287,-1,67,287,65,-1,65,287,288,-1,65,288,63,-1,63,288,289,-1,63,289,61,-1,61,289,290,-1,61,290,93,-1,93,290,291,-1,93,291,91,-1,91,291,156,-1,91,156,89,-1,129,292,293,-1,129,293,131,-1,131,293,294,-1,131,294,133,-1,133,294,295,-1,133,295,135,-1,135,295,296,-1,135,296,136,-1,136,296,297,-1,136,297,20,-1,20,297,298,-1,20,298,21,-1,21,298,299,-1,21,299,22,-1,22,299,300,-1,22,300,23,-1,23,300,301,-1,23,301,24,-1,24,301,302,-1,24,302,60,-1,60,302,303,-1,60,303,59,-1,59,303,304,-1,59,304,57,-1,57,304,305,-1,57,305,55,-1,55,305,306,-1,55,306,31,-1,31,306,307,-1,31,307,29,-1,29,307,308,-1,29,308,28,-1,28,308,309,-1,28,309,52,-1,52,309,310,-1,52,310,51,-1,51,310,311,-1,51,311,50,-1,50,311,312,-1,50,312,118,-1,118,312,313,-1,118,313,119,-1,119,313,314,-1,119,314,121,-1,121,314,315,-1,121,315,123,-1,123,315,316,-1,123,316,125,-1,125,316,317,-1,125,317,127,-1,127,317,292,-1,127,292,129,-1,
        ]
    }
}
Shape{
    appearance Appearance {
        material  Material 	{
            diffuseColor 1.0 1.0 0.5019607843137255
            specularColor 0.5019607843137255 0.5019607843137255 0.25098039215686274
            ambientIntensity 0.2
            transparency 0
            shininess 0.5
        }
    }
    geometry IndexedFaceSet {
        ccw TRUE
        solid FALSE
        coord DEF co Coordinate {
            point [
                -0.3189 -1.1024 3.6038, -0.3174 -1.1024 3.5315, -0.3104 -1.1024 3.6048, -0.3104 -1.1024 3.5308, -0.3035 -1.1024 3.6041, -0.3018 -1.1024 3.5318, -0.3347 -1.1024 3.5956, -0.3403 -1.1024 3.546, -0.3341 -1.1024 3.5394, -0.3272 -1.1024 3.6007, -0.3263 -1.1024 3.5344, -0.2862 -1.1024 3.5398, -0.2805 -1.1024 3.5896, -0.2868 -1.1024 3.5962, -0.2935 -1.1024 3.5348, -0.2946 -1.1024 3.6012, -0.3451 -1.1024 3.5808, -0.3472 -1.1024 3.5717, -0.3407 -1.1024 3.589, -0.347 -1.1024 3.5624, -0.3446 -1.1024 3.5537, -0.2757 -1.1024 3.5549, -0.2736 -1.1024 3.564, -0.2801 -1.1024 3.5466, -0.2738 -1.1024 3.5732, -0.2762 -1.1024 3.5819, -0.2762 -1.1024 3.5819
            ]
        }
        coordIndex [
            0,1,2,-1,2,1,3,-1,2,3,4,-1,4,3,5,-1,6,7,8,-1,0,9,1,-1,1,9,6,-1,1,6,10,-1,10,6,8,-1,11,12,13,-1,5,14,4,-1,4,14,11,-1,4,11,15,-1,15,11,13,-1,16,17,18,-1,18,17,19,-1,18,19,6,-1,6,19,20,-1,6,20,7,-1,21,22,23,-1,23,22,24,-1,23,24,11,-1,11,24,25,-1,11,25,12,-1,
        ]
    }
}