#VRML V2.0 utf8
# 3D model generated by easyeda2kicad.py (https://github.com/uPesy/easyeda2kicad.py)

Shape{
    appearance Appearance {
        material  Material 	{
            diffuseColor 0.8 0.8 0.8
            specularColor 1.0 1.0 1.0
            ambientIntensity 0.2
            transparency 0
            shininess 0.5
        }
    }
    geometry IndexedFaceSet {
        ccw TRUE
        solid FALSE
        coord DEF co Coordinate {
            point [
                -1.437 2.3622 -0.5118, -1.437 2.16 -0.5118, -1.5157 2.3622 -0.5118, -1.5157 2.16 -0.5118, -1.437 2.3622 -0.4134, -1.5157 2.3622 -0.4134, -1.437 2.1684 -0.4134, -1.5157 2.1684 -0.4134, -1.437 2.1403 -0.2232, -1.5157 2.1403 -0.2232, -1.5157 2.1371 -0.2096, -1.437 2.1371 -0.2096, -1.5157 2.1319 -0.1966, -1.437 2.1319 -0.1966, -1.5157 2.1247 -0.1846, -1.437 2.1247 -0.1846, -1.5157 2.1156 -0.1739, -1.437 2.1156 -0.1739, -1.5157 2.105 -0.1648, -1.437 2.105 -0.1648, -1.5157 2.0931 -0.1574, -1.437 2.0931 -0.1574, -1.5157 2.0802 -0.152, -1.437 2.0802 -0.152, -1.5157 2.0666 -0.1487, -1.437 2.0666 -0.1487, -1.5157 2.0526 -0.1476, -1.437 2.0526 -0.1476, -1.437 1.9685 -0.1476, -1.5157 1.9685 -0.1476, -1.437 1.9685 -0.2461, -1.5157 1.9685 -0.2461, -1.437 2.0442 -0.2461, -1.5157 2.0442 -0.2461, -1.437 2.0723 -0.4362, -1.5157 2.0723 -0.4362, -1.5157 2.0755 -0.4499, -1.437 2.0755 -0.4499, -1.5157 2.0807 -0.4628, -1.437 2.0807 -0.4628, -1.5157 2.0879 -0.4748, -1.437 2.0879 -0.4748, -1.5157 2.097 -0.4855, -1.437 2.097 -0.4855, -1.5157 2.1076 -0.4947, -1.437 2.1076 -0.4947, -1.5157 2.1195 -0.502, -1.437 2.1195 -0.502, -1.5157 2.1324 -0.5074, -1.437 2.1324 -0.5074, -1.5157 2.146 -0.5107, -1.437 2.146 -0.5107, -1.437 -2.3622 -0.4134, -1.437 -2.1684 -0.4134, -1.5157 -2.3622 -0.4134, -1.5157 -2.1684 -0.4134, -1.437 -2.3622 -0.5118, -1.5157 -2.3622 -0.5118, -1.437 -2.16 -0.5118, -1.5157 -2.16 -0.5118, -1.5157 -2.146 -0.5107, -1.437 -2.146 -0.5107, -1.5157 -2.1324 -0.5074, -1.437 -2.1324 -0.5074, -1.5157 -2.1195 -0.502, -1.437 -2.1195 -0.502, -1.5157 -2.1076 -0.4947, -1.437 -2.1076 -0.4947, -1.5157 -2.097 -0.4855, -1.437 -2.097 -0.4855, -1.5157 -2.0879 -0.4748, -1.437 -2.0879 -0.4748, -1.5157 -2.0807 -0.4628, -1.437 -2.0807 -0.4628, -1.5157 -2.0755 -0.4499, -1.437 -2.0755 -0.4499, -1.5157 -2.0723 -0.4362, -1.437 -2.0723 -0.4362, -1.437 -2.0442 -0.2461, -1.5157 -2.0442 -0.2461, -1.437 -1.9685 -0.2461, -1.5157 -1.9685 -0.2461, -1.437 -1.9685 -0.1476, -1.5157 -1.9685 -0.1476, -1.437 -2.0526 -0.1476, -1.5157 -2.0526 -0.1476, -1.5157 -2.0666 -0.1487, -1.437 -2.0666 -0.1487, -1.5157 -2.0802 -0.152, -1.437 -2.0802 -0.152, -1.5157 -2.0931 -0.1574, -1.437 -2.0931 -0.1574, -1.5157 -2.105 -0.1648, -1.437 -2.105 -0.1648, -1.5157 -2.1156 -0.1739, -1.437 -2.1156 -0.1739, -1.5157 -2.1247 -0.1846, -1.437 -2.1247 -0.1846, -1.5157 -2.1319 -0.1966, -1.437 -2.1319 -0.1966, -1.5157 -2.1371 -0.2096, -1.437 -2.1371 -0.2096, -1.5157 -2.1403 -0.2232, -1.437 -2.1403 -0.2232, -1.2402 2.3622 -0.5118, -1.2402 2.16 -0.5118, -1.3189 2.3622 -0.5118, -1.3189 2.16 -0.5118, -1.2402 2.3622 -0.4134, -1.3189 2.3622 -0.4134, -1.2402 2.1684 -0.4134, -1.3189 2.1684 -0.4134, -1.2402 2.1403 -0.2232, -1.3189 2.1403 -0.2232, -1.3189 2.1371 -0.2096, -1.2402 2.1371 -0.2096, -1.3189 2.1319 -0.1966, -1.2402 2.1319 -0.1966, -1.3189 2.1247 -0.1846, -1.2402 2.1247 -0.1846, -1.3189 2.1156 -0.1739, -1.2402 2.1156 -0.1739, -1.3189 2.105 -0.1648, -1.2402 2.105 -0.1648, -1.3189 2.0931 -0.1574, -1.2402 2.0931 -0.1574, -1.3189 2.0802 -0.152, -1.2402 2.0802 -0.152, -1.3189 2.0666 -0.1487, -1.2402 2.0666 -0.1487, -1.3189 2.0526 -0.1476, -1.2402 2.0526 -0.1476, -1.2402 1.9685 -0.1476, -1.3189 1.9685 -0.1476, -1.2402 1.9685 -0.2461, -1.3189 1.9685 -0.2461, -1.2402 2.0442 -0.2461, -1.3189 2.0442 -0.2461, -1.2402 2.0723 -0.4362, -1.3189 2.0723 -0.4362, -1.3189 2.0755 -0.4499, -1.2402 2.0755 -0.4499, -1.3189 2.0807 -0.4628, -1.2402 2.0807 -0.4628, -1.3189 2.0879 -0.4748, -1.2402 2.0879 -0.4748, -1.3189 2.097 -0.4855, -1.2402 2.097 -0.4855, -1.3189 2.1076 -0.4947, -1.2402 2.1076 -0.4947, -1.3189 2.1195 -0.502, -1.2402 2.1195 -0.502, -1.3189 2.1324 -0.5074, -1.2402 2.1324 -0.5074, -1.3189 2.146 -0.5107, -1.2402 2.146 -0.5107, -1.2402 -2.3622 -0.4134, -1.2402 -2.1684 -0.4134, -1.3189 -2.3622 -0.4134, -1.3189 -2.1684 -0.4134, -1.2402 -2.3622 -0.5118, -1.3189 -2.3622 -0.5118, -1.2402 -2.16 -0.5118, -1.3189 -2.16 -0.5118, -1.3189 -2.146 -0.5107, -1.2402 -2.146 -0.5107, -1.3189 -2.1324 -0.5074, -1.2402 -2.1324 -0.5074, -1.3189 -2.1195 -0.502, -1.2402 -2.1195 -0.502, -1.3189 -2.1076 -0.4947, -1.2402 -2.1076 -0.4947, -1.3189 -2.097 -0.4855, -1.2402 -2.097 -0.4855, -1.3189 -2.0879 -0.4748, -1.2402 -2.0879 -0.4748, -1.3189 -2.0807 -0.4628, -1.2402 -2.0807 -0.4628, -1.3189 -2.0755 -0.4499, -1.2402 -2.0755 -0.4499, -1.3189 -2.0723 -0.4362, -1.2402 -2.0723 -0.4362, -1.2402 -2.0442 -0.2461, -1.3189 -2.0442 -0.2461, -1.2402 -1.9685 -0.2461, -1.3189 -1.9685 -0.2461, -1.2402 -1.9685 -0.1476, -1.3189 -1.9685 -0.1476, -1.2402 -2.0526 -0.1476, -1.3189 -2.0526 -0.1476, -1.3189 -2.0666 -0.1487, -1.2402 -2.0666 -0.1487, -1.3189 -2.0802 -0.152, -1.2402 -2.0802 -0.152, -1.3189 -2.0931 -0.1574, -1.2402 -2.0931 -0.1574, -1.3189 -2.105 -0.1648, -1.2402 -2.105 -0.1648, -1.3189 -2.1156 -0.1739, -1.2402 -2.1156 -0.1739, -1.3189 -2.1247 -0.1846, -1.2402 -2.1247 -0.1846, -1.3189 -2.1319 -0.1966, -1.2402 -2.1319 -0.1966, -1.3189 -2.1371 -0.2096, -1.2402 -2.1371 -0.2096, -1.3189 -2.1403 -0.2232, -1.2402 -2.1403 -0.2232, -1.0433 2.3622 -0.5118, -1.0433 2.16 -0.5118, -1.122 2.3622 -0.5118, -1.122 2.16 -0.5118, -1.0433 2.3622 -0.4134, -1.122 2.3622 -0.4134, -1.0433 2.1684 -0.4134, -1.122 2.1684 -0.4134, -1.0433 2.1403 -0.2232, -1.122 2.1403 -0.2232, -1.122 2.1371 -0.2096, -1.0433 2.1371 -0.2096, -1.122 2.1319 -0.1966, -1.0433 2.1319 -0.1966, -1.122 2.1247 -0.1846, -1.0433 2.1247 -0.1846, -1.122 2.1156 -0.1739, -1.0433 2.1156 -0.1739, -1.122 2.105 -0.1648, -1.0433 2.105 -0.1648, -1.122 2.0931 -0.1574, -1.0433 2.0931 -0.1574, -1.122 2.0802 -0.152, -1.0433 2.0802 -0.152, -1.122 2.0666 -0.1487, -1.0433 2.0666 -0.1487, -1.122 2.0526 -0.1476, -1.0433 2.0526 -0.1476, -1.0433 1.9685 -0.1476, -1.122 1.9685 -0.1476, -1.0433 1.9685 -0.2461, -1.122 1.9685 -0.2461, -1.0433 2.0442 -0.2461, -1.122 2.0442 -0.2461, -1.0433 2.0723 -0.4362, -1.122 2.0723 -0.4362, -1.122 2.0755 -0.4499, -1.0433 2.0755 -0.4499, -1.122 2.0807 -0.4628, -1.0433 2.0807 -0.4628, -1.122 2.0879 -0.4748, -1.0433 2.0879 -0.4748, -1.122 2.097 -0.4855, -1.0433 2.097 -0.4855, -1.122 2.1076 -0.4947, -1.0433 2.1076 -0.4947, -1.122 2.1195 -0.502, -1.0433 2.1195 -0.502, -1.122 2.1324 -0.5074, -1.0433 2.1324 -0.5074, -1.122 2.146 -0.5107, -1.0433 2.146 -0.5107, -1.0433 -2.3622 -0.4134, -1.0433 -2.1684 -0.4134, -1.122 -2.3622 -0.4134, -1.122 -2.1684 -0.4134, -1.0433 -2.3622 -0.5118, -1.122 -2.3622 -0.5118, -1.0433 -2.16 -0.5118, -1.122 -2.16 -0.5118, -1.122 -2.146 -0.5107, -1.0433 -2.146 -0.5107, -1.122 -2.1324 -0.5074, -1.0433 -2.1324 -0.5074, -1.122 -2.1195 -0.502, -1.0433 -2.1195 -0.502, -1.122 -2.1076 -0.4947, -1.0433 -2.1076 -0.4947, -1.122 -2.097 -0.4855, -1.0433 -2.097 -0.4855, -1.122 -2.0879 -0.4748, -1.0433 -2.0879 -0.4748, -1.122 -2.0807 -0.4628, -1.0433 -2.0807 -0.4628, -1.122 -2.0755 -0.4499, -1.0433 -2.0755 -0.4499, -1.122 -2.0723 -0.4362, -1.0433 -2.0723 -0.4362, -1.0433 -2.0442 -0.2461, -1.122 -2.0442 -0.2461, -1.0433 -1.9685 -0.2461, -1.122 -1.9685 -0.2461, -1.0433 -1.9685 -0.1476, -1.122 -1.9685 -0.1476, -1.0433 -2.0526 -0.1476, -1.122 -2.0526 -0.1476, -1.122 -2.0666 -0.1487, -1.0433 -2.0666 -0.1487, -1.122 -2.0802 -0.152, -1.0433 -2.0802 -0.152, -1.122 -2.0931 -0.1574, -1.0433 -2.0931 -0.1574, -1.122 -2.105 -0.1648, -1.0433 -2.105 -0.1648, -1.122 -2.1156 -0.1739, -1.0433 -2.1156 -0.1739, -1.122 -2.1247 -0.1846, -1.0433 -2.1247 -0.1846, -1.122 -2.1319 -0.1966, -1.0433 -2.1319 -0.1966, -1.122 -2.1371 -0.2096, -1.0433 -2.1371 -0.2096, -1.122 -2.1403 -0.2232, -1.0433 -2.1403 -0.2232, -0.8465 2.3622 -0.5118, -0.8465 2.16 -0.5118, -0.9252 2.3622 -0.5118, -0.9252 2.16 -0.5118, -0.8465 2.3622 -0.4134, -0.9252 2.3622 -0.4134, -0.8465 2.1684 -0.4134, -0.9252 2.1684 -0.4134, -0.8465 2.1403 -0.2232, -0.9252 2.1403 -0.2232, -0.9252 2.1371 -0.2096, -0.8465 2.1371 -0.2096, -0.9252 2.1319 -0.1966, -0.8465 2.1319 -0.1966, -0.9252 2.1247 -0.1846, -0.8465 2.1247 -0.1846, -0.9252 2.1156 -0.1739, -0.8465 2.1156 -0.1739, -0.9252 2.105 -0.1648, -0.8465 2.105 -0.1648, -0.9252 2.0931 -0.1574, -0.8465 2.0931 -0.1574, -0.9252 2.0802 -0.152, -0.8465 2.0802 -0.152, -0.9252 2.0666 -0.1487, -0.8465 2.0666 -0.1487, -0.9252 2.0526 -0.1476, -0.8465 2.0526 -0.1476, -0.8465 1.9685 -0.1476, -0.9252 1.9685 -0.1476, -0.8465 1.9685 -0.2461, -0.9252 1.9685 -0.2461, -0.8465 2.0442 -0.2461, -0.9252 2.0442 -0.2461, -0.8465 2.0723 -0.4362, -0.9252 2.0723 -0.4362, -0.9252 2.0755 -0.4499, -0.8465 2.0755 -0.4499, -0.9252 2.0807 -0.4628, -0.8465 2.0807 -0.4628, -0.9252 2.0879 -0.4748, -0.8465 2.0879 -0.4748, -0.9252 2.097 -0.4855, -0.8465 2.097 -0.4855, -0.9252 2.1076 -0.4947, -0.8465 2.1076 -0.4947, -0.9252 2.1195 -0.502, -0.8465 2.1195 -0.502, -0.9252 2.1324 -0.5074, -0.8465 2.1324 -0.5074, -0.9252 2.146 -0.5107, -0.8465 2.146 -0.5107, -0.8465 -2.3622 -0.4134, -0.8465 -2.1684 -0.4134, -0.9252 -2.3622 -0.4134, -0.9252 -2.1684 -0.4134, -0.8465 -2.3622 -0.5118, -0.9252 -2.3622 -0.5118, -0.8465 -2.16 -0.5118, -0.9252 -2.16 -0.5118, -0.9252 -2.146 -0.5107, -0.8465 -2.146 -0.5107, -0.9252 -2.1324 -0.5074, -0.8465 -2.1324 -0.5074, -0.9252 -2.1195 -0.502, -0.8465 -2.1195 -0.502, -0.9252 -2.1076 -0.4947, -0.8465 -2.1076 -0.4947, -0.9252 -2.097 -0.4855, -0.8465 -2.097 -0.4855, -0.9252 -2.0879 -0.4748, -0.8465 -2.0879 -0.4748, -0.9252 -2.0807 -0.4628, -0.8465 -2.0807 -0.4628, -0.9252 -2.0755 -0.4499, -0.8465 -2.0755 -0.4499, -0.9252 -2.0723 -0.4362, -0.8465 -2.0723 -0.4362, -0.8465 -2.0442 -0.2461, -0.9252 -2.0442 -0.2461, -0.8465 -1.9685 -0.2461, -0.9252 -1.9685 -0.2461, -0.8465 -1.9685 -0.1476, -0.9252 -1.9685 -0.1476, -0.8465 -2.0526 -0.1476, -0.9252 -2.0526 -0.1476, -0.9252 -2.0666 -0.1487, -0.8465 -2.0666 -0.1487, -0.9252 -2.0802 -0.152, -0.8465 -2.0802 -0.152, -0.9252 -2.0931 -0.1574, -0.8465 -2.0931 -0.1574, -0.9252 -2.105 -0.1648, -0.8465 -2.105 -0.1648, -0.9252 -2.1156 -0.1739, -0.8465 -2.1156 -0.1739, -0.9252 -2.1247 -0.1846, -0.8465 -2.1247 -0.1846, -0.9252 -2.1319 -0.1966, -0.8465 -2.1319 -0.1966, -0.9252 -2.1371 -0.2096, -0.8465 -2.1371 -0.2096, -0.9252 -2.1403 -0.2232, -0.8465 -2.1403 -0.2232, -0.6496 2.3622 -0.5118, -0.6496 2.16 -0.5118, -0.7283 2.3622 -0.5118, -0.7283 2.16 -0.5118, -0.6496 2.3622 -0.4134, -0.7283 2.3622 -0.4134, -0.6496 2.1684 -0.4134, -0.7283 2.1684 -0.4134, -0.6496 2.1403 -0.2232, -0.7283 2.1403 -0.2232, -0.7283 2.1371 -0.2096, -0.6496 2.1371 -0.2096, -0.7283 2.1319 -0.1966, -0.6496 2.1319 -0.1966, -0.7283 2.1247 -0.1846, -0.6496 2.1247 -0.1846, -0.7283 2.1156 -0.1739, -0.6496 2.1156 -0.1739, -0.7283 2.105 -0.1648, -0.6496 2.105 -0.1648, -0.7283 2.0931 -0.1574, -0.6496 2.0931 -0.1574, -0.7283 2.0802 -0.152, -0.6496 2.0802 -0.152, -0.7283 2.0666 -0.1487, -0.6496 2.0666 -0.1487, -0.7283 2.0526 -0.1476, -0.6496 2.0526 -0.1476, -0.6496 1.9685 -0.1476, -0.7283 1.9685 -0.1476, -0.6496 1.9685 -0.2461, -0.7283 1.9685 -0.2461, -0.6496 2.0442 -0.2461, -0.7283 2.0442 -0.2461, -0.6496 2.0723 -0.4362, -0.7283 2.0723 -0.4362, -0.7283 2.0755 -0.4499, -0.6496 2.0755 -0.4499, -0.7283 2.0807 -0.4628, -0.6496 2.0807 -0.4628, -0.7283 2.0879 -0.4748, -0.6496 2.0879 -0.4748, -0.7283 2.097 -0.4855, -0.6496 2.097 -0.4855, -0.7283 2.1076 -0.4947, -0.6496 2.1076 -0.4947, -0.7283 2.1195 -0.502, -0.6496 2.1195 -0.502, -0.7283 2.1324 -0.5074, -0.6496 2.1324 -0.5074, -0.7283 2.146 -0.5107, -0.6496 2.146 -0.5107, -0.6496 -2.3622 -0.4134, -0.6496 -2.1684 -0.4134, -0.7283 -2.3622 -0.4134, -0.7283 -2.1684 -0.4134, -0.6496 -2.3622 -0.5118, -0.7283 -2.3622 -0.5118, -0.6496 -2.16 -0.5118, -0.7283 -2.16 -0.5118, -0.7283 -2.146 -0.5107, -0.6496 -2.146 -0.5107, -0.7283 -2.1324 -0.5074, -0.6496 -2.1324 -0.5074, -0.7283 -2.1195 -0.502, -0.6496 -2.1195 -0.502, -0.7283 -2.1076 -0.4947, -0.6496 -2.1076 -0.4947, -0.7283 -2.097 -0.4855, -0.6496 -2.097 -0.4855, -0.7283 -2.0879 -0.4748, -0.6496 -2.0879 -0.4748, -0.7283 -2.0807 -0.4628, -0.6496 -2.0807 -0.4628, -0.7283 -2.0755 -0.4499, -0.6496 -2.0755 -0.4499, -0.7283 -2.0723 -0.4362, -0.6496 -2.0723 -0.4362, -0.6496 -2.0442 -0.2461, -0.7283 -2.0442 -0.2461, -0.6496 -1.9685 -0.2461, -0.7283 -1.9685 -0.2461, -0.6496 -1.9685 -0.1476, -0.7283 -1.9685 -0.1476, -0.6496 -2.0526 -0.1476, -0.7283 -2.0526 -0.1476, -0.7283 -2.0666 -0.1487, -0.6496 -2.0666 -0.1487, -0.7283 -2.0802 -0.152, -0.6496 -2.0802 -0.152, -0.7283 -2.0931 -0.1574, -0.6496 -2.0931 -0.1574, -0.7283 -2.105 -0.1648, -0.6496 -2.105 -0.1648, -0.7283 -2.1156 -0.1739, -0.6496 -2.1156 -0.1739, -0.7283 -2.1247 -0.1846, -0.6496 -2.1247 -0.1846, -0.7283 -2.1319 -0.1966, -0.6496 -2.1319 -0.1966, -0.7283 -2.1371 -0.2096, -0.6496 -2.1371 -0.2096, -0.7283 -2.1403 -0.2232, -0.6496 -2.1403 -0.2232, -0.4528 2.3622 -0.5118, -0.4528 2.16 -0.5118, -0.5315 2.3622 -0.5118, -0.5315 2.16 -0.5118, -0.4528 2.3622 -0.4134, -0.5315 2.3622 -0.4134, -0.4528 2.1684 -0.4134, -0.5315 2.1684 -0.4134, -0.4528 2.1403 -0.2232, -0.5315 2.1403 -0.2232, -0.5315 2.1371 -0.2096, -0.4528 2.1371 -0.2096, -0.5315 2.1319 -0.1966, -0.4528 2.1319 -0.1966, -0.5315 2.1247 -0.1846, -0.4528 2.1247 -0.1846, -0.5315 2.1156 -0.1739, -0.4528 2.1156 -0.1739, -0.5315 2.105 -0.1648, -0.4528 2.105 -0.1648, -0.5315 2.0931 -0.1574, -0.4528 2.0931 -0.1574, -0.5315 2.0802 -0.152, -0.4528 2.0802 -0.152, -0.5315 2.0666 -0.1487, -0.4528 2.0666 -0.1487, -0.5315 2.0526 -0.1476, -0.4528 2.0526 -0.1476, -0.4528 1.9685 -0.1476, -0.5315 1.9685 -0.1476, -0.4528 1.9685 -0.2461, -0.5315 1.9685 -0.2461, -0.4528 2.0442 -0.2461, -0.5315 2.0442 -0.2461, -0.4528 2.0723 -0.4362, -0.5315 2.0723 -0.4362, -0.5315 2.0755 -0.4499, -0.4528 2.0755 -0.4499, -0.5315 2.0807 -0.4628, -0.4528 2.0807 -0.4628, -0.5315 2.0879 -0.4748, -0.4528 2.0879 -0.4748, -0.5315 2.097 -0.4855, -0.4528 2.097 -0.4855, -0.5315 2.1076 -0.4947, -0.4528 2.1076 -0.4947, -0.5315 2.1195 -0.502, -0.4528 2.1195 -0.502, -0.5315 2.1324 -0.5074, -0.4528 2.1324 -0.5074, -0.5315 2.146 -0.5107, -0.4528 2.146 -0.5107, -0.4528 -2.3622 -0.4134, -0.4528 -2.1684 -0.4134, -0.5315 -2.3622 -0.4134, -0.5315 -2.1684 -0.4134, -0.4528 -2.3622 -0.5118, -0.5315 -2.3622 -0.5118, -0.4528 -2.16 -0.5118, -0.5315 -2.16 -0.5118, -0.5315 -2.146 -0.5107, -0.4528 -2.146 -0.5107, -0.5315 -2.1324 -0.5074, -0.4528 -2.1324 -0.5074, -0.5315 -2.1195 -0.502, -0.4528 -2.1195 -0.502, -0.5315 -2.1076 -0.4947, -0.4528 -2.1076 -0.4947, -0.5315 -2.097 -0.4855, -0.4528 -2.097 -0.4855, -0.5315 -2.0879 -0.4748, -0.4528 -2.0879 -0.4748, -0.5315 -2.0807 -0.4628, -0.4528 -2.0807 -0.4628, -0.5315 -2.0755 -0.4499, -0.4528 -2.0755 -0.4499, -0.5315 -2.0723 -0.4362, -0.4528 -2.0723 -0.4362, -0.4528 -2.0442 -0.2461, -0.5315 -2.0442 -0.2461, -0.4528 -1.9685 -0.2461, -0.5315 -1.9685 -0.2461, -0.4528 -1.9685 -0.1476, -0.5315 -1.9685 -0.1476, -0.4528 -2.0526 -0.1476, -0.5315 -2.0526 -0.1476, -0.5315 -2.0666 -0.1487, -0.4528 -2.0666 -0.1487, -0.5315 -2.0802 -0.152, -0.4528 -2.0802 -0.152, -0.5315 -2.0931 -0.1574, -0.4528 -2.0931 -0.1574, -0.5315 -2.105 -0.1648, -0.4528 -2.105 -0.1648, -0.5315 -2.1156 -0.1739, -0.4528 -2.1156 -0.1739, -0.5315 -2.1247 -0.1846, -0.4528 -2.1247 -0.1846, -0.5315 -2.1319 -0.1966, -0.4528 -2.1319 -0.1966, -0.5315 -2.1371 -0.2096, -0.4528 -2.1371 -0.2096, -0.5315 -2.1403 -0.2232, -0.4528 -2.1403 -0.2232, -0.2559 2.3622 -0.5118, -0.2559 2.16 -0.5118, -0.3346 2.3622 -0.5118, -0.3346 2.16 -0.5118, -0.2559 2.3622 -0.4134, -0.3346 2.3622 -0.4134, -0.2559 2.1684 -0.4134, -0.3346 2.1684 -0.4134, -0.2559 2.1403 -0.2232, -0.3346 2.1403 -0.2232, -0.3346 2.1371 -0.2096, -0.2559 2.1371 -0.2096, -0.3346 2.1319 -0.1966, -0.2559 2.1319 -0.1966, -0.3346 2.1247 -0.1846, -0.2559 2.1247 -0.1846, -0.3346 2.1156 -0.1739, -0.2559 2.1156 -0.1739, -0.3346 2.105 -0.1648, -0.2559 2.105 -0.1648, -0.3346 2.0931 -0.1574, -0.2559 2.0931 -0.1574, -0.3346 2.0802 -0.152, -0.2559 2.0802 -0.152, -0.3346 2.0666 -0.1487, -0.2559 2.0666 -0.1487, -0.3346 2.0526 -0.1476, -0.2559 2.0526 -0.1476, -0.2559 1.9685 -0.1476, -0.3346 1.9685 -0.1476, -0.2559 1.9685 -0.2461, -0.3346 1.9685 -0.2461, -0.2559 2.0442 -0.2461, -0.3346 2.0442 -0.2461, -0.2559 2.0723 -0.4362, -0.3346 2.0723 -0.4362, -0.3346 2.0755 -0.4499, -0.2559 2.0755 -0.4499, -0.3346 2.0807 -0.4628, -0.2559 2.0807 -0.4628, -0.3346 2.0879 -0.4748, -0.2559 2.0879 -0.4748, -0.3346 2.097 -0.4855, -0.2559 2.097 -0.4855, -0.3346 2.1076 -0.4947, -0.2559 2.1076 -0.4947, -0.3346 2.1195 -0.502, -0.2559 2.1195 -0.502, -0.3346 2.1324 -0.5074, -0.2559 2.1324 -0.5074, -0.3346 2.146 -0.5107, -0.2559 2.146 -0.5107, -0.2559 -2.3622 -0.4134, -0.2559 -2.1684 -0.4134, -0.3346 -2.3622 -0.4134, -0.3346 -2.1684 -0.4134, -0.2559 -2.3622 -0.5118, -0.3346 -2.3622 -0.5118, -0.2559 -2.16 -0.5118, -0.3346 -2.16 -0.5118, -0.3346 -2.146 -0.5107, -0.2559 -2.146 -0.5107, -0.3346 -2.1324 -0.5074, -0.2559 -2.1324 -0.5074, -0.3346 -2.1195 -0.502, -0.2559 -2.1195 -0.502, -0.3346 -2.1076 -0.4947, -0.2559 -2.1076 -0.4947, -0.3346 -2.097 -0.4855, -0.2559 -2.097 -0.4855, -0.3346 -2.0879 -0.4748, -0.2559 -2.0879 -0.4748, -0.3346 -2.0807 -0.4628, -0.2559 -2.0807 -0.4628, -0.3346 -2.0755 -0.4499, -0.2559 -2.0755 -0.4499, -0.3346 -2.0723 -0.4362, -0.2559 -2.0723 -0.4362, -0.2559 -2.0442 -0.2461, -0.3346 -2.0442 -0.2461, -0.2559 -1.9685 -0.2461, -0.3346 -1.9685 -0.2461, -0.2559 -1.9685 -0.1476, -0.3346 -1.9685 -0.1476, -0.2559 -2.0526 -0.1476, -0.3346 -2.0526 -0.1476, -0.3346 -2.0666 -0.1487, -0.2559 -2.0666 -0.1487, -0.3346 -2.0802 -0.152, -0.2559 -2.0802 -0.152, -0.3346 -2.0931 -0.1574, -0.2559 -2.0931 -0.1574, -0.3346 -2.105 -0.1648, -0.2559 -2.105 -0.1648, -0.3346 -2.1156 -0.1739, -0.2559 -2.1156 -0.1739, -0.3346 -2.1247 -0.1846, -0.2559 -2.1247 -0.1846, -0.3346 -2.1319 -0.1966, -0.2559 -2.1319 -0.1966, -0.3346 -2.1371 -0.2096, -0.2559 -2.1371 -0.2096, -0.3346 -2.1403 -0.2232, -0.2559 -2.1403 -0.2232, -0.0591 2.3622 -0.5118, -0.0591 2.16 -0.5118, -0.1378 2.3622 -0.5118, -0.1378 2.16 -0.5118, -0.0591 2.3622 -0.4134, -0.1378 2.3622 -0.4134, -0.0591 2.1684 -0.4134, -0.1378 2.1684 -0.4134, -0.0591 2.1403 -0.2232, -0.1378 2.1403 -0.2232, -0.1378 2.1371 -0.2096, -0.0591 2.1371 -0.2096, -0.1378 2.1319 -0.1966, -0.0591 2.1319 -0.1966, -0.1378 2.1247 -0.1846, -0.0591 2.1247 -0.1846, -0.1378 2.1156 -0.1739, -0.0591 2.1156 -0.1739, -0.1378 2.105 -0.1648, -0.0591 2.105 -0.1648, -0.1378 2.0931 -0.1574, -0.0591 2.0931 -0.1574, -0.1378 2.0802 -0.152, -0.0591 2.0802 -0.152, -0.1378 2.0666 -0.1487, -0.0591 2.0666 -0.1487, -0.1378 2.0526 -0.1476, -0.0591 2.0526 -0.1476, -0.0591 1.9685 -0.1476, -0.1378 1.9685 -0.1476, -0.0591 1.9685 -0.2461, -0.1378 1.9685 -0.2461, -0.0591 2.0442 -0.2461, -0.1378 2.0442 -0.2461, -0.0591 2.0723 -0.4362, -0.1378 2.0723 -0.4362, -0.1378 2.0755 -0.4499, -0.0591 2.0755 -0.4499, -0.1378 2.0807 -0.4628, -0.0591 2.0807 -0.4628, -0.1378 2.0879 -0.4748, -0.0591 2.0879 -0.4748, -0.1378 2.097 -0.4855, -0.0591 2.097 -0.4855, -0.1378 2.1076 -0.4947, -0.0591 2.1076 -0.4947, -0.1378 2.1195 -0.502, -0.0591 2.1195 -0.502, -0.1378 2.1324 -0.5074, -0.0591 2.1324 -0.5074, -0.1378 2.146 -0.5107, -0.0591 2.146 -0.5107, -0.0591 -2.3622 -0.4134, -0.0591 -2.1684 -0.4134, -0.1378 -2.3622 -0.4134, -0.1378 -2.1684 -0.4134, -0.0591 -2.3622 -0.5118, -0.1378 -2.3622 -0.5118, -0.0591 -2.16 -0.5118, -0.1378 -2.16 -0.5118, -0.1378 -2.146 -0.5107, -0.0591 -2.146 -0.5107, -0.1378 -2.1324 -0.5074, -0.0591 -2.1324 -0.5074, -0.1378 -2.1195 -0.502, -0.0591 -2.1195 -0.502, -0.1378 -2.1076 -0.4947, -0.0591 -2.1076 -0.4947, -0.1378 -2.097 -0.4855, -0.0591 -2.097 -0.4855, -0.1378 -2.0879 -0.4748, -0.0591 -2.0879 -0.4748, -0.1378 -2.0807 -0.4628, -0.0591 -2.0807 -0.4628, -0.1378 -2.0755 -0.4499, -0.0591 -2.0755 -0.4499, -0.1378 -2.0723 -0.4362, -0.0591 -2.0723 -0.4362, -0.0591 -2.0442 -0.2461, -0.1378 -2.0442 -0.2461, -0.0591 -1.9685 -0.2461, -0.1378 -1.9685 -0.2461, -0.0591 -1.9685 -0.1476, -0.1378 -1.9685 -0.1476, -0.0591 -2.0526 -0.1476, -0.1378 -2.0526 -0.1476, -0.1378 -2.0666 -0.1487, -0.0591 -2.0666 -0.1487, -0.1378 -2.0802 -0.152, -0.0591 -2.0802 -0.152, -0.1378 -2.0931 -0.1574, -0.0591 -2.0931 -0.1574, -0.1378 -2.105 -0.1648, -0.0591 -2.105 -0.1648, -0.1378 -2.1156 -0.1739, -0.0591 -2.1156 -0.1739, -0.1378 -2.1247 -0.1846, -0.0591 -2.1247 -0.1846, -0.1378 -2.1319 -0.1966, -0.0591 -2.1319 -0.1966, -0.1378 -2.1371 -0.2096, -0.0591 -2.1371 -0.2096, -0.1378 -2.1403 -0.2232, -0.0591 -2.1403 -0.2232, 0.1378 2.3622 -0.5118, 0.1378 2.16 -0.5118, 0.0591 2.3622 -0.5118, 0.0591 2.16 -0.5118, 0.1378 2.3622 -0.4134, 0.0591 2.3622 -0.4134, 0.1378 2.1684 -0.4134, 0.0591 2.1684 -0.4134, 0.1378 2.1403 -0.2232, 0.0591 2.1403 -0.2232, 0.0591 2.1371 -0.2096, 0.1378 2.1371 -0.2096, 0.0591 2.1319 -0.1966, 0.1378 2.1319 -0.1966, 0.0591 2.1247 -0.1846, 0.1378 2.1247 -0.1846, 0.0591 2.1156 -0.1739, 0.1378 2.1156 -0.1739, 0.0591 2.105 -0.1648, 0.1378 2.105 -0.1648, 0.0591 2.0931 -0.1574, 0.1378 2.0931 -0.1574, 0.0591 2.0802 -0.152, 0.1378 2.0802 -0.152, 0.0591 2.0666 -0.1487, 0.1378 2.0666 -0.1487, 0.0591 2.0526 -0.1476, 0.1378 2.0526 -0.1476, 0.1378 1.9685 -0.1476, 0.0591 1.9685 -0.1476, 0.1378 1.9685 -0.2461, 0.0591 1.9685 -0.2461, 0.1378 2.0442 -0.2461, 0.0591 2.0442 -0.2461, 0.1378 2.0723 -0.4362, 0.0591 2.0723 -0.4362, 0.0591 2.0755 -0.4499, 0.1378 2.0755 -0.4499, 0.0591 2.0807 -0.4628, 0.1378 2.0807 -0.4628, 0.0591 2.0879 -0.4748, 0.1378 2.0879 -0.4748, 0.0591 2.097 -0.4855, 0.1378 2.097 -0.4855, 0.0591 2.1076 -0.4947, 0.1378 2.1076 -0.4947, 0.0591 2.1195 -0.502, 0.1378 2.1195 -0.502, 0.0591 2.1324 -0.5074, 0.1378 2.1324 -0.5074, 0.0591 2.146 -0.5107, 0.1378 2.146 -0.5107, 0.1378 -2.3622 -0.4134, 0.1378 -2.1684 -0.4134, 0.0591 -2.3622 -0.4134, 0.0591 -2.1684 -0.4134, 0.1378 -2.3622 -0.5118, 0.0591 -2.3622 -0.5118, 0.1378 -2.16 -0.5118, 0.0591 -2.16 -0.5118, 0.0591 -2.146 -0.5107, 0.1378 -2.146 -0.5107, 0.0591 -2.1324 -0.5074, 0.1378 -2.1324 -0.5074, 0.0591 -2.1195 -0.502, 0.1378 -2.1195 -0.502, 0.0591 -2.1076 -0.4947, 0.1378 -2.1076 -0.4947, 0.0591 -2.097 -0.4855, 0.1378 -2.097 -0.4855, 0.0591 -2.0879 -0.4748, 0.1378 -2.0879 -0.4748, 0.0591 -2.0807 -0.4628, 0.1378 -2.0807 -0.4628, 0.0591 -2.0755 -0.4499, 0.1378 -2.0755 -0.4499, 0.0591 -2.0723 -0.4362, 0.1378 -2.0723 -0.4362, 0.1378 -2.0442 -0.2461, 0.0591 -2.0442 -0.2461, 0.1378 -1.9685 -0.2461, 0.0591 -1.9685 -0.2461, 0.1378 -1.9685 -0.1476, 0.0591 -1.9685 -0.1476, 0.1378 -2.0526 -0.1476, 0.0591 -2.0526 -0.1476, 0.0591 -2.0666 -0.1487, 0.1378 -2.0666 -0.1487, 0.0591 -2.0802 -0.152, 0.1378 -2.0802 -0.152, 0.0591 -2.0931 -0.1574, 0.1378 -2.0931 -0.1574, 0.0591 -2.105 -0.1648, 0.1378 -2.105 -0.1648, 0.0591 -2.1156 -0.1739, 0.1378 -2.1156 -0.1739, 0.0591 -2.1247 -0.1846, 0.1378 -2.1247 -0.1846, 0.0591 -2.1319 -0.1966, 0.1378 -2.1319 -0.1966, 0.0591 -2.1371 -0.2096, 0.1378 -2.1371 -0.2096, 0.0591 -2.1403 -0.2232, 0.1378 -2.1403 -0.2232, 0.3346 2.3622 -0.5118, 0.3346 2.16 -0.5118, 0.2559 2.3622 -0.5118, 0.2559 2.16 -0.5118, 0.3346 2.3622 -0.4134, 0.2559 2.3622 -0.4134, 0.3346 2.1684 -0.4134, 0.2559 2.1684 -0.4134, 0.3346 2.1403 -0.2232, 0.2559 2.1403 -0.2232, 0.2559 2.1371 -0.2096, 0.3346 2.1371 -0.2096, 0.2559 2.1319 -0.1966, 0.3346 2.1319 -0.1966, 0.2559 2.1247 -0.1846, 0.3346 2.1247 -0.1846, 0.2559 2.1156 -0.1739, 0.3346 2.1156 -0.1739, 0.2559 2.105 -0.1648, 0.3346 2.105 -0.1648, 0.2559 2.0931 -0.1574, 0.3346 2.0931 -0.1574, 0.2559 2.0802 -0.152, 0.3346 2.0802 -0.152, 0.2559 2.0666 -0.1487, 0.3346 2.0666 -0.1487, 0.2559 2.0526 -0.1476, 0.3346 2.0526 -0.1476, 0.3346 1.9685 -0.1476, 0.2559 1.9685 -0.1476, 0.3346 1.9685 -0.2461, 0.2559 1.9685 -0.2461, 0.3346 2.0442 -0.2461, 0.2559 2.0442 -0.2461, 0.3346 2.0723 -0.4362, 0.2559 2.0723 -0.4362, 0.2559 2.0755 -0.4499, 0.3346 2.0755 -0.4499, 0.2559 2.0807 -0.4628, 0.3346 2.0807 -0.4628, 0.2559 2.0879 -0.4748, 0.3346 2.0879 -0.4748, 0.2559 2.097 -0.4855, 0.3346 2.097 -0.4855, 0.2559 2.1076 -0.4947, 0.3346 2.1076 -0.4947, 0.2559 2.1195 -0.502, 0.3346 2.1195 -0.502, 0.2559 2.1324 -0.5074, 0.3346 2.1324 -0.5074, 0.2559 2.146 -0.5107, 0.3346 2.146 -0.5107, 0.3346 -2.3622 -0.4134, 0.3346 -2.1684 -0.4134, 0.2559 -2.3622 -0.4134, 0.2559 -2.1684 -0.4134, 0.3346 -2.3622 -0.5118, 0.2559 -2.3622 -0.5118, 0.3346 -2.16 -0.5118, 0.2559 -2.16 -0.5118, 0.2559 -2.146 -0.5107, 0.3346 -2.146 -0.5107, 0.2559 -2.1324 -0.5074, 0.3346 -2.1324 -0.5074, 0.2559 -2.1195 -0.502, 0.3346 -2.1195 -0.502, 0.2559 -2.1076 -0.4947, 0.3346 -2.1076 -0.4947, 0.2559 -2.097 -0.4855, 0.3346 -2.097 -0.4855, 0.2559 -2.0879 -0.4748, 0.3346 -2.0879 -0.4748, 0.2559 -2.0807 -0.4628, 0.3346 -2.0807 -0.4628, 0.2559 -2.0755 -0.4499, 0.3346 -2.0755 -0.4499, 0.2559 -2.0723 -0.4362, 0.3346 -2.0723 -0.4362, 0.3346 -2.0442 -0.2461, 0.2559 -2.0442 -0.2461, 0.3346 -1.9685 -0.2461, 0.2559 -1.9685 -0.2461, 0.3346 -1.9685 -0.1476, 0.2559 -1.9685 -0.1476, 0.3346 -2.0526 -0.1476, 0.2559 -2.0526 -0.1476, 0.2559 -2.0666 -0.1487, 0.3346 -2.0666 -0.1487, 0.2559 -2.0802 -0.152, 0.3346 -2.0802 -0.152, 0.2559 -2.0931 -0.1574, 0.3346 -2.0931 -0.1574, 0.2559 -2.105 -0.1648, 0.3346 -2.105 -0.1648, 0.2559 -2.1156 -0.1739, 0.3346 -2.1156 -0.1739, 0.2559 -2.1247 -0.1846, 0.3346 -2.1247 -0.1846, 0.2559 -2.1319 -0.1966, 0.3346 -2.1319 -0.1966, 0.2559 -2.1371 -0.2096, 0.3346 -2.1371 -0.2096, 0.2559 -2.1403 -0.2232, 0.3346 -2.1403 -0.2232, 0.5315 2.3622 -0.5118, 0.5315 2.16 -0.5118, 0.4528 2.3622 -0.5118, 0.4528 2.16 -0.5118, 0.5315 2.3622 -0.4134, 0.4528 2.3622 -0.4134, 0.5315 2.1684 -0.4134, 0.4528 2.1684 -0.4134, 0.5315 2.1403 -0.2232, 0.4528 2.1403 -0.2232, 0.4528 2.1371 -0.2096, 0.5315 2.1371 -0.2096, 0.4528 2.1319 -0.1966, 0.5315 2.1319 -0.1966, 0.4528 2.1247 -0.1846, 0.5315 2.1247 -0.1846, 0.4528 2.1156 -0.1739, 0.5315 2.1156 -0.1739, 0.4528 2.105 -0.1648, 0.5315 2.105 -0.1648, 0.4528 2.0931 -0.1574, 0.5315 2.0931 -0.1574, 0.4528 2.0802 -0.152, 0.5315 2.0802 -0.152, 0.4528 2.0666 -0.1487, 0.5315 2.0666 -0.1487, 0.4528 2.0526 -0.1476, 0.5315 2.0526 -0.1476, 0.5315 1.9685 -0.1476, 0.4528 1.9685 -0.1476, 0.5315 1.9685 -0.2461, 0.4528 1.9685 -0.2461, 0.5315 2.0442 -0.2461, 0.4528 2.0442 -0.2461, 0.5315 2.0723 -0.4362, 0.4528 2.0723 -0.4362, 0.4528 2.0755 -0.4499, 0.5315 2.0755 -0.4499, 0.4528 2.0807 -0.4628, 0.5315 2.0807 -0.4628, 0.4528 2.0879 -0.4748, 0.5315 2.0879 -0.4748, 0.4528 2.097 -0.4855, 0.5315 2.097 -0.4855, 0.4528 2.1076 -0.4947, 0.5315 2.1076 -0.4947, 0.4528 2.1195 -0.502, 0.5315 2.1195 -0.502, 0.4528 2.1324 -0.5074, 0.5315 2.1324 -0.5074, 0.4528 2.146 -0.5107, 0.5315 2.146 -0.5107, 0.5315 -2.3622 -0.4134, 0.5315 -2.1684 -0.4134, 0.4528 -2.3622 -0.4134, 0.4528 -2.1684 -0.4134, 0.5315 -2.3622 -0.5118, 0.4528 -2.3622 -0.5118, 0.5315 -2.16 -0.5118, 0.4528 -2.16 -0.5118, 0.4528 -2.146 -0.5107, 0.5315 -2.146 -0.5107, 0.4528 -2.1324 -0.5074, 0.5315 -2.1324 -0.5074, 0.4528 -2.1195 -0.502, 0.5315 -2.1195 -0.502, 0.4528 -2.1076 -0.4947, 0.5315 -2.1076 -0.4947, 0.4528 -2.097 -0.4855, 0.5315 -2.097 -0.4855, 0.4528 -2.0879 -0.4748, 0.5315 -2.0879 -0.4748, 0.4528 -2.0807 -0.4628, 0.5315 -2.0807 -0.4628, 0.4528 -2.0755 -0.4499, 0.5315 -2.0755 -0.4499, 0.4528 -2.0723 -0.4362, 0.5315 -2.0723 -0.4362, 0.5315 -2.0442 -0.2461, 0.4528 -2.0442 -0.2461, 0.5315 -1.9685 -0.2461, 0.4528 -1.9685 -0.2461, 0.5315 -1.9685 -0.1476, 0.4528 -1.9685 -0.1476, 0.5315 -2.0526 -0.1476, 0.4528 -2.0526 -0.1476, 0.4528 -2.0666 -0.1487, 0.5315 -2.0666 -0.1487, 0.4528 -2.0802 -0.152, 0.5315 -2.0802 -0.152, 0.4528 -2.0931 -0.1574, 0.5315 -2.0931 -0.1574, 0.4528 -2.105 -0.1648, 0.5315 -2.105 -0.1648, 0.4528 -2.1156 -0.1739, 0.5315 -2.1156 -0.1739, 0.4528 -2.1247 -0.1846, 0.5315 -2.1247 -0.1846, 0.4528 -2.1319 -0.1966, 0.5315 -2.1319 -0.1966, 0.4528 -2.1371 -0.2096, 0.5315 -2.1371 -0.2096, 0.4528 -2.1403 -0.2232, 0.5315 -2.1403 -0.2232, 0.7283 2.3622 -0.5118, 0.7283 2.16 -0.5118, 0.6496 2.3622 -0.5118, 0.6496 2.16 -0.5118, 0.7283 2.3622 -0.4134, 0.6496 2.3622 -0.4134, 0.7283 2.1684 -0.4134, 0.6496 2.1684 -0.4134, 0.7283 2.1403 -0.2232, 0.6496 2.1403 -0.2232, 0.6496 2.1371 -0.2096, 0.7283 2.1371 -0.2096, 0.6496 2.1319 -0.1966, 0.7283 2.1319 -0.1966, 0.6496 2.1247 -0.1846, 0.7283 2.1247 -0.1846, 0.6496 2.1156 -0.1739, 0.7283 2.1156 -0.1739, 0.6496 2.105 -0.1648, 0.7283 2.105 -0.1648, 0.6496 2.0931 -0.1574, 0.7283 2.0931 -0.1574, 0.6496 2.0802 -0.152, 0.7283 2.0802 -0.152, 0.6496 2.0666 -0.1487, 0.7283 2.0666 -0.1487, 0.6496 2.0526 -0.1476, 0.7283 2.0526 -0.1476, 0.7283 1.9685 -0.1476, 0.6496 1.9685 -0.1476, 0.7283 1.9685 -0.2461, 0.6496 1.9685 -0.2461, 0.7283 2.0442 -0.2461, 0.6496 2.0442 -0.2461, 0.7283 2.0723 -0.4362, 0.6496 2.0723 -0.4362, 0.6496 2.0755 -0.4499, 0.7283 2.0755 -0.4499, 0.6496 2.0807 -0.4628, 0.7283 2.0807 -0.4628, 0.6496 2.0879 -0.4748, 0.7283 2.0879 -0.4748, 0.6496 2.097 -0.4855, 0.7283 2.097 -0.4855, 0.6496 2.1076 -0.4947, 0.7283 2.1076 -0.4947, 0.6496 2.1195 -0.502, 0.7283 2.1195 -0.502, 0.6496 2.1324 -0.5074, 0.7283 2.1324 -0.5074, 0.6496 2.146 -0.5107, 0.7283 2.146 -0.5107, 0.7283 -2.3622 -0.4134, 0.7283 -2.1684 -0.4134, 0.6496 -2.3622 -0.4134, 0.6496 -2.1684 -0.4134, 0.7283 -2.3622 -0.5118, 0.6496 -2.3622 -0.5118, 0.7283 -2.16 -0.5118, 0.6496 -2.16 -0.5118, 0.6496 -2.146 -0.5107, 0.7283 -2.146 -0.5107, 0.6496 -2.1324 -0.5074, 0.7283 -2.1324 -0.5074, 0.6496 -2.1195 -0.502, 0.7283 -2.1195 -0.502, 0.6496 -2.1076 -0.4947, 0.7283 -2.1076 -0.4947, 0.6496 -2.097 -0.4855, 0.7283 -2.097 -0.4855, 0.6496 -2.0879 -0.4748, 0.7283 -2.0879 -0.4748, 0.6496 -2.0807 -0.4628, 0.7283 -2.0807 -0.4628, 0.6496 -2.0755 -0.4499, 0.7283 -2.0755 -0.4499, 0.6496 -2.0723 -0.4362, 0.7283 -2.0723 -0.4362, 0.7283 -2.0442 -0.2461, 0.6496 -2.0442 -0.2461, 0.7283 -1.9685 -0.2461, 0.6496 -1.9685 -0.2461, 0.7283 -1.9685 -0.1476, 0.6496 -1.9685 -0.1476, 0.7283 -2.0526 -0.1476, 0.6496 -2.0526 -0.1476, 0.6496 -2.0666 -0.1487, 0.7283 -2.0666 -0.1487, 0.6496 -2.0802 -0.152, 0.7283 -2.0802 -0.152, 0.6496 -2.0931 -0.1574, 0.7283 -2.0931 -0.1574, 0.6496 -2.105 -0.1648, 0.7283 -2.105 -0.1648, 0.6496 -2.1156 -0.1739, 0.7283 -2.1156 -0.1739, 0.6496 -2.1247 -0.1846, 0.7283 -2.1247 -0.1846, 0.6496 -2.1319 -0.1966, 0.7283 -2.1319 -0.1966, 0.6496 -2.1371 -0.2096, 0.7283 -2.1371 -0.2096, 0.6496 -2.1403 -0.2232, 0.7283 -2.1403 -0.2232, 0.9252 2.3622 -0.5118, 0.9252 2.16 -0.5118, 0.8465 2.3622 -0.5118, 0.8465 2.16 -0.5118, 0.9252 2.3622 -0.4134, 0.8465 2.3622 -0.4134, 0.9252 2.1684 -0.4134, 0.8465 2.1684 -0.4134, 0.9252 2.1403 -0.2232, 0.8465 2.1403 -0.2232, 0.8465 2.1371 -0.2096, 0.9252 2.1371 -0.2096, 0.8465 2.1319 -0.1966, 0.9252 2.1319 -0.1966, 0.8465 2.1247 -0.1846, 0.9252 2.1247 -0.1846, 0.8465 2.1156 -0.1739, 0.9252 2.1156 -0.1739, 0.8465 2.105 -0.1648, 0.9252 2.105 -0.1648, 0.8465 2.0931 -0.1574, 0.9252 2.0931 -0.1574, 0.8465 2.0802 -0.152, 0.9252 2.0802 -0.152, 0.8465 2.0666 -0.1487, 0.9252 2.0666 -0.1487, 0.8465 2.0526 -0.1476, 0.9252 2.0526 -0.1476, 0.9252 1.9685 -0.1476, 0.8465 1.9685 -0.1476, 0.9252 1.9685 -0.2461, 0.8465 1.9685 -0.2461, 0.9252 2.0442 -0.2461, 0.8465 2.0442 -0.2461, 0.9252 2.0723 -0.4362, 0.8465 2.0723 -0.4362, 0.8465 2.0755 -0.4499, 0.9252 2.0755 -0.4499, 0.8465 2.0807 -0.4628, 0.9252 2.0807 -0.4628, 0.8465 2.0879 -0.4748, 0.9252 2.0879 -0.4748, 0.8465 2.097 -0.4855, 0.9252 2.097 -0.4855, 0.8465 2.1076 -0.4947, 0.9252 2.1076 -0.4947, 0.8465 2.1195 -0.502, 0.9252 2.1195 -0.502, 0.8465 2.1324 -0.5074, 0.9252 2.1324 -0.5074, 0.8465 2.146 -0.5107, 0.9252 2.146 -0.5107, 0.9252 -2.3622 -0.4134, 0.9252 -2.1684 -0.4134, 0.8465 -2.3622 -0.4134, 0.8465 -2.1684 -0.4134, 0.9252 -2.3622 -0.5118, 0.8465 -2.3622 -0.5118, 0.9252 -2.16 -0.5118, 0.8465 -2.16 -0.5118, 0.8465 -2.146 -0.5107, 0.9252 -2.146 -0.5107, 0.8465 -2.1324 -0.5074, 0.9252 -2.1324 -0.5074, 0.8465 -2.1195 -0.502, 0.9252 -2.1195 -0.502, 0.8465 -2.1076 -0.4947, 0.9252 -2.1076 -0.4947, 0.8465 -2.097 -0.4855, 0.9252 -2.097 -0.4855, 0.8465 -2.0879 -0.4748, 0.9252 -2.0879 -0.4748, 0.8465 -2.0807 -0.4628, 0.9252 -2.0807 -0.4628, 0.8465 -2.0755 -0.4499, 0.9252 -2.0755 -0.4499, 0.8465 -2.0723 -0.4362, 0.9252 -2.0723 -0.4362, 0.9252 -2.0442 -0.2461, 0.8465 -2.0442 -0.2461, 0.9252 -1.9685 -0.2461, 0.8465 -1.9685 -0.2461, 0.9252 -1.9685 -0.1476, 0.8465 -1.9685 -0.1476, 0.9252 -2.0526 -0.1476, 0.8465 -2.0526 -0.1476, 0.8465 -2.0666 -0.1487, 0.9252 -2.0666 -0.1487, 0.8465 -2.0802 -0.152, 0.9252 -2.0802 -0.152, 0.8465 -2.0931 -0.1574, 0.9252 -2.0931 -0.1574, 0.8465 -2.105 -0.1648, 0.9252 -2.105 -0.1648, 0.8465 -2.1156 -0.1739, 0.9252 -2.1156 -0.1739, 0.8465 -2.1247 -0.1846, 0.9252 -2.1247 -0.1846, 0.8465 -2.1319 -0.1966, 0.9252 -2.1319 -0.1966, 0.8465 -2.1371 -0.2096, 0.9252 -2.1371 -0.2096, 0.8465 -2.1403 -0.2232, 0.9252 -2.1403 -0.2232, 1.122 2.3622 -0.5118, 1.122 2.16 -0.5118, 1.0433 2.3622 -0.5118, 1.0433 2.16 -0.5118, 1.122 2.3622 -0.4134, 1.0433 2.3622 -0.4134, 1.122 2.1684 -0.4134, 1.0433 2.1684 -0.4134, 1.122 2.1403 -0.2232, 1.0433 2.1403 -0.2232, 1.0433 2.1371 -0.2096, 1.122 2.1371 -0.2096, 1.0433 2.1319 -0.1966, 1.122 2.1319 -0.1966, 1.0433 2.1247 -0.1846, 1.122 2.1247 -0.1846, 1.0433 2.1156 -0.1739, 1.122 2.1156 -0.1739, 1.0433 2.105 -0.1648, 1.122 2.105 -0.1648, 1.0433 2.0931 -0.1574, 1.122 2.0931 -0.1574, 1.0433 2.0802 -0.152, 1.122 2.0802 -0.152, 1.0433 2.0666 -0.1487, 1.122 2.0666 -0.1487, 1.0433 2.0526 -0.1476, 1.122 2.0526 -0.1476, 1.122 1.9685 -0.1476, 1.0433 1.9685 -0.1476, 1.122 1.9685 -0.2461, 1.0433 1.9685 -0.2461, 1.122 2.0442 -0.2461, 1.0433 2.0442 -0.2461, 1.122 2.0723 -0.4362, 1.0433 2.0723 -0.4362, 1.0433 2.0755 -0.4499, 1.122 2.0755 -0.4499, 1.0433 2.0807 -0.4628, 1.122 2.0807 -0.4628, 1.0433 2.0879 -0.4748, 1.122 2.0879 -0.4748, 1.0433 2.097 -0.4855, 1.122 2.097 -0.4855, 1.0433 2.1076 -0.4947, 1.122 2.1076 -0.4947, 1.0433 2.1195 -0.502, 1.122 2.1195 -0.502, 1.0433 2.1324 -0.5074, 1.122 2.1324 -0.5074, 1.0433 2.146 -0.5107, 1.122 2.146 -0.5107, 1.122 -2.3622 -0.4134, 1.122 -2.1684 -0.4134, 1.0433 -2.3622 -0.4134, 1.0433 -2.1684 -0.4134, 1.122 -2.3622 -0.5118, 1.0433 -2.3622 -0.5118, 1.122 -2.16 -0.5118, 1.0433 -2.16 -0.5118, 1.0433 -2.146 -0.5107, 1.122 -2.146 -0.5107, 1.0433 -2.1324 -0.5074, 1.122 -2.1324 -0.5074, 1.0433 -2.1195 -0.502, 1.122 -2.1195 -0.502, 1.0433 -2.1076 -0.4947, 1.122 -2.1076 -0.4947, 1.0433 -2.097 -0.4855, 1.122 -2.097 -0.4855, 1.0433 -2.0879 -0.4748, 1.122 -2.0879 -0.4748, 1.0433 -2.0807 -0.4628, 1.122 -2.0807 -0.4628, 1.0433 -2.0755 -0.4499, 1.122 -2.0755 -0.4499, 1.0433 -2.0723 -0.4362, 1.122 -2.0723 -0.4362, 1.122 -2.0442 -0.2461, 1.0433 -2.0442 -0.2461, 1.122 -1.9685 -0.2461, 1.0433 -1.9685 -0.2461, 1.122 -1.9685 -0.1476, 1.0433 -1.9685 -0.1476, 1.122 -2.0526 -0.1476, 1.0433 -2.0526 -0.1476, 1.0433 -2.0666 -0.1487, 1.122 -2.0666 -0.1487, 1.0433 -2.0802 -0.152, 1.122 -2.0802 -0.152, 1.0433 -2.0931 -0.1574, 1.122 -2.0931 -0.1574, 1.0433 -2.105 -0.1648, 1.122 -2.105 -0.1648, 1.0433 -2.1156 -0.1739, 1.122 -2.1156 -0.1739, 1.0433 -2.1247 -0.1846, 1.122 -2.1247 -0.1846, 1.0433 -2.1319 -0.1966, 1.122 -2.1319 -0.1966, 1.0433 -2.1371 -0.2096, 1.122 -2.1371 -0.2096, 1.0433 -2.1403 -0.2232, 1.122 -2.1403 -0.2232, 1.3189 2.3622 -0.5118, 1.3189 2.16 -0.5118, 1.2402 2.3622 -0.5118, 1.2402 2.16 -0.5118, 1.3189 2.3622 -0.4134, 1.2402 2.3622 -0.4134, 1.3189 2.1684 -0.4134, 1.2402 2.1684 -0.4134, 1.3189 2.1403 -0.2232, 1.2402 2.1403 -0.2232, 1.2402 2.1371 -0.2096, 1.3189 2.1371 -0.2096, 1.2402 2.1319 -0.1966, 1.3189 2.1319 -0.1966, 1.2402 2.1247 -0.1846, 1.3189 2.1247 -0.1846, 1.2402 2.1156 -0.1739, 1.3189 2.1156 -0.1739, 1.2402 2.105 -0.1648, 1.3189 2.105 -0.1648, 1.2402 2.0931 -0.1574, 1.3189 2.0931 -0.1574, 1.2402 2.0802 -0.152, 1.3189 2.0802 -0.152, 1.2402 2.0666 -0.1487, 1.3189 2.0666 -0.1487, 1.2402 2.0526 -0.1476, 1.3189 2.0526 -0.1476, 1.3189 1.9685 -0.1476, 1.2402 1.9685 -0.1476, 1.3189 1.9685 -0.2461, 1.2402 1.9685 -0.2461, 1.3189 2.0442 -0.2461, 1.2402 2.0442 -0.2461, 1.3189 2.0723 -0.4362, 1.2402 2.0723 -0.4362, 1.2402 2.0755 -0.4499, 1.3189 2.0755 -0.4499, 1.2402 2.0807 -0.4628, 1.3189 2.0807 -0.4628, 1.2402 2.0879 -0.4748, 1.3189 2.0879 -0.4748, 1.2402 2.097 -0.4855, 1.3189 2.097 -0.4855, 1.2402 2.1076 -0.4947, 1.3189 2.1076 -0.4947, 1.2402 2.1195 -0.502, 1.3189 2.1195 -0.502, 1.2402 2.1324 -0.5074, 1.3189 2.1324 -0.5074, 1.2402 2.146 -0.5107, 1.3189 2.146 -0.5107, 1.3189 -2.3622 -0.4134, 1.3189 -2.1684 -0.4134, 1.2402 -2.3622 -0.4134, 1.2402 -2.1684 -0.4134, 1.3189 -2.3622 -0.5118, 1.2402 -2.3622 -0.5118, 1.3189 -2.16 -0.5118, 1.2402 -2.16 -0.5118, 1.2402 -2.146 -0.5107, 1.3189 -2.146 -0.5107, 1.2402 -2.1324 -0.5074, 1.3189 -2.1324 -0.5074, 1.2402 -2.1195 -0.502, 1.3189 -2.1195 -0.502, 1.2402 -2.1076 -0.4947, 1.3189 -2.1076 -0.4947, 1.2402 -2.097 -0.4855, 1.3189 -2.097 -0.4855, 1.2402 -2.0879 -0.4748, 1.3189 -2.0879 -0.4748, 1.2402 -2.0807 -0.4628, 1.3189 -2.0807 -0.4628, 1.2402 -2.0755 -0.4499, 1.3189 -2.0755 -0.4499, 1.2402 -2.0723 -0.4362, 1.3189 -2.0723 -0.4362, 1.3189 -2.0442 -0.2461, 1.2402 -2.0442 -0.2461, 1.3189 -1.9685 -0.2461, 1.2402 -1.9685 -0.2461, 1.3189 -1.9685 -0.1476, 1.2402 -1.9685 -0.1476, 1.3189 -2.0526 -0.1476, 1.2402 -2.0526 -0.1476, 1.2402 -2.0666 -0.1487, 1.3189 -2.0666 -0.1487, 1.2402 -2.0802 -0.152, 1.3189 -2.0802 -0.152, 1.2402 -2.0931 -0.1574, 1.3189 -2.0931 -0.1574, 1.2402 -2.105 -0.1648, 1.3189 -2.105 -0.1648, 1.2402 -2.1156 -0.1739, 1.3189 -2.1156 -0.1739, 1.2402 -2.1247 -0.1846, 1.3189 -2.1247 -0.1846, 1.2402 -2.1319 -0.1966, 1.3189 -2.1319 -0.1966, 1.2402 -2.1371 -0.2096, 1.3189 -2.1371 -0.2096, 1.2402 -2.1403 -0.2232, 1.3189 -2.1403 -0.2232, 1.5157 2.3622 -0.5118, 1.5157 2.16 -0.5118, 1.437 2.3622 -0.5118, 1.437 2.16 -0.5118, 1.5157 2.3622 -0.4134, 1.437 2.3622 -0.4134, 1.5157 2.1684 -0.4134, 1.437 2.1684 -0.4134, 1.5157 2.1403 -0.2232, 1.437 2.1403 -0.2232, 1.437 2.1371 -0.2096, 1.5157 2.1371 -0.2096, 1.437 2.1319 -0.1966, 1.5157 2.1319 -0.1966, 1.437 2.1247 -0.1846, 1.5157 2.1247 -0.1846, 1.437 2.1156 -0.1739, 1.5157 2.1156 -0.1739, 1.437 2.105 -0.1648, 1.5157 2.105 -0.1648, 1.437 2.0931 -0.1574, 1.5157 2.0931 -0.1574, 1.437 2.0802 -0.152, 1.5157 2.0802 -0.152, 1.437 2.0666 -0.1487, 1.5157 2.0666 -0.1487, 1.437 2.0526 -0.1476, 1.5157 2.0526 -0.1476, 1.5157 1.9685 -0.1476, 1.437 1.9685 -0.1476, 1.5157 1.9685 -0.2461, 1.437 1.9685 -0.2461, 1.5157 2.0442 -0.2461, 1.437 2.0442 -0.2461, 1.5157 2.0723 -0.4362, 1.437 2.0723 -0.4362, 1.437 2.0755 -0.4499, 1.5157 2.0755 -0.4499, 1.437 2.0807 -0.4628, 1.5157 2.0807 -0.4628, 1.437 2.0879 -0.4748, 1.5157 2.0879 -0.4748, 1.437 2.097 -0.4855, 1.5157 2.097 -0.4855, 1.437 2.1076 -0.4947, 1.5157 2.1076 -0.4947, 1.437 2.1195 -0.502, 1.5157 2.1195 -0.502, 1.437 2.1324 -0.5074, 1.5157 2.1324 -0.5074, 1.437 2.146 -0.5107, 1.5157 2.146 -0.5107, 1.5157 -2.3622 -0.4134, 1.5157 -2.1684 -0.4134, 1.437 -2.3622 -0.4134, 1.437 -2.1684 -0.4134, 1.5157 -2.3622 -0.5118, 1.437 -2.3622 -0.5118, 1.5157 -2.16 -0.5118, 1.437 -2.16 -0.5118, 1.437 -2.146 -0.5107, 1.5157 -2.146 -0.5107, 1.437 -2.1324 -0.5074, 1.5157 -2.1324 -0.5074, 1.437 -2.1195 -0.502, 1.5157 -2.1195 -0.502, 1.437 -2.1076 -0.4947, 1.5157 -2.1076 -0.4947, 1.437 -2.097 -0.4855, 1.5157 -2.097 -0.4855, 1.437 -2.0879 -0.4748, 1.5157 -2.0879 -0.4748, 1.437 -2.0807 -0.4628, 1.5157 -2.0807 -0.4628, 1.437 -2.0755 -0.4499, 1.5157 -2.0755 -0.4499, 1.437 -2.0723 -0.4362, 1.5157 -2.0723 -0.4362, 1.5157 -2.0442 -0.2461, 1.437 -2.0442 -0.2461, 1.5157 -1.9685 -0.2461, 1.437 -1.9685 -0.2461, 1.5157 -1.9685 -0.1476, 1.437 -1.9685 -0.1476, 1.5157 -2.0526 -0.1476, 1.437 -2.0526 -0.1476, 1.437 -2.0666 -0.1487, 1.5157 -2.0666 -0.1487, 1.437 -2.0802 -0.152, 1.5157 -2.0802 -0.152, 1.437 -2.0931 -0.1574, 1.5157 -2.0931 -0.1574, 1.437 -2.105 -0.1648, 1.5157 -2.105 -0.1648, 1.437 -2.1156 -0.1739, 1.5157 -2.1156 -0.1739, 1.437 -2.1247 -0.1846, 1.5157 -2.1247 -0.1846, 1.437 -2.1319 -0.1966, 1.5157 -2.1319 -0.1966, 1.437 -2.1371 -0.2096, 1.5157 -2.1371 -0.2096, 1.437 -2.1403 -0.2232, 1.5157 -2.1403 -0.2232, -2.3622 1.5118 -0.5118, -2.16 1.5118 -0.5118, -2.3622 1.4409 -0.5118, -2.16 1.4409 -0.5118, -2.3622 1.5118 -0.4134, -2.3622 1.4409 -0.4134, -2.1684 1.5118 -0.4134, -2.1684 1.4409 -0.4134, -2.1403 1.5118 -0.2232, -2.1403 1.4409 -0.2232, -2.1371 1.4409 -0.2096, -2.1371 1.5118 -0.2096, -2.1319 1.4409 -0.1966, -2.1319 1.5118 -0.1966, -2.1247 1.4409 -0.1846, -2.1247 1.5118 -0.1846, -2.1156 1.4409 -0.1739, -2.1156 1.5118 -0.1739, -2.105 1.4409 -0.1648, -2.105 1.5118 -0.1648, -2.0931 1.4409 -0.1574, -2.0931 1.5118 -0.1574, -2.0802 1.4409 -0.152, -2.0802 1.5118 -0.152, -2.0666 1.4409 -0.1487, -2.0666 1.5118 -0.1487, -2.0526 1.4409 -0.1476, -2.0526 1.5118 -0.1476, -1.9685 1.5118 -0.1476, -1.9685 1.4409 -0.1476, -1.9685 1.5118 -0.2461, -1.9685 1.4409 -0.2461, -2.0442 1.5118 -0.2461, -2.0442 1.4409 -0.2461, -2.0723 1.5118 -0.4362, -2.0723 1.4409 -0.4362, -2.0755 1.4409 -0.4499, -2.0755 1.5118 -0.4499, -2.0807 1.4409 -0.4628, -2.0807 1.5118 -0.4628, -2.0879 1.4409 -0.4748, -2.0879 1.5118 -0.4748, -2.097 1.4409 -0.4855, -2.097 1.5118 -0.4855, -2.1076 1.4409 -0.4947, -2.1076 1.5118 -0.4947, -2.1195 1.4409 -0.502, -2.1195 1.5118 -0.502, -2.1324 1.4409 -0.5074, -2.1324 1.5118 -0.5074, -2.146 1.4409 -0.5107, -2.146 1.5118 -0.5107, 2.3622 1.5118 -0.4134, 2.1684 1.5118 -0.4134, 2.3622 1.4409 -0.4134, 2.1684 1.4409 -0.4134, 2.3622 1.5118 -0.5118, 2.3622 1.4409 -0.5118, 2.16 1.5118 -0.5118, 2.16 1.4409 -0.5118, 2.146 1.4409 -0.5107, 2.146 1.5118 -0.5107, 2.1324 1.4409 -0.5074, 2.1324 1.5118 -0.5074, 2.1195 1.4409 -0.502, 2.1195 1.5118 -0.502, 2.1076 1.4409 -0.4947, 2.1076 1.5118 -0.4947, 2.097 1.4409 -0.4855, 2.097 1.5118 -0.4855, 2.0879 1.4409 -0.4748, 2.0879 1.5118 -0.4748, 2.0807 1.4409 -0.4628, 2.0807 1.5118 -0.4628, 2.0755 1.4409 -0.4499, 2.0755 1.5118 -0.4499, 2.0723 1.4409 -0.4362, 2.0723 1.5118 -0.4362, 2.0442 1.5118 -0.2461, 2.0442 1.4409 -0.2461, 1.9685 1.5118 -0.2461, 1.9685 1.4409 -0.2461, 1.9685 1.5118 -0.1476, 1.9685 1.4409 -0.1476, 2.0526 1.5118 -0.1476, 2.0526 1.4409 -0.1476, 2.0666 1.4409 -0.1487, 2.0666 1.5118 -0.1487, 2.0802 1.4409 -0.152, 2.0802 1.5118 -0.152, 2.0931 1.4409 -0.1574, 2.0931 1.5118 -0.1574, 2.105 1.4409 -0.1648, 2.105 1.5118 -0.1648, 2.1156 1.4409 -0.1739, 2.1156 1.5118 -0.1739, 2.1247 1.4409 -0.1846, 2.1247 1.5118 -0.1846, 2.1319 1.4409 -0.1966, 2.1319 1.5118 -0.1966, 2.1371 1.4409 -0.2096, 2.1371 1.5118 -0.2096, 2.1403 1.4409 -0.2232, 2.1403 1.5118 -0.2232, -2.3622 1.315 -0.5118, -2.16 1.315 -0.5118, -2.3622 1.2441 -0.5118, -2.16 1.2441 -0.5118, -2.3622 1.315 -0.4134, -2.3622 1.2441 -0.4134, -2.1684 1.315 -0.4134, -2.1684 1.2441 -0.4134, -2.1403 1.315 -0.2232, -2.1403 1.2441 -0.2232, -2.1371 1.2441 -0.2096, -2.1371 1.315 -0.2096, -2.1319 1.2441 -0.1966, -2.1319 1.315 -0.1966, -2.1247 1.2441 -0.1846, -2.1247 1.315 -0.1846, -2.1156 1.2441 -0.1739, -2.1156 1.315 -0.1739, -2.105 1.2441 -0.1648, -2.105 1.315 -0.1648, -2.0931 1.2441 -0.1574, -2.0931 1.315 -0.1574, -2.0802 1.2441 -0.152, -2.0802 1.315 -0.152, -2.0666 1.2441 -0.1487, -2.0666 1.315 -0.1487, -2.0526 1.2441 -0.1476, -2.0526 1.315 -0.1476, -1.9685 1.315 -0.1476, -1.9685 1.2441 -0.1476, -1.9685 1.315 -0.2461, -1.9685 1.2441 -0.2461, -2.0442 1.315 -0.2461, -2.0442 1.2441 -0.2461, -2.0723 1.315 -0.4362, -2.0723 1.2441 -0.4362, -2.0755 1.2441 -0.4499, -2.0755 1.315 -0.4499, -2.0807 1.2441 -0.4628, -2.0807 1.315 -0.4628, -2.0879 1.2441 -0.4748, -2.0879 1.315 -0.4748, -2.097 1.2441 -0.4855, -2.097 1.315 -0.4855, -2.1076 1.2441 -0.4947, -2.1076 1.315 -0.4947, -2.1195 1.2441 -0.502, -2.1195 1.315 -0.502, -2.1324 1.2441 -0.5074, -2.1324 1.315 -0.5074, -2.146 1.2441 -0.5107, -2.146 1.315 -0.5107, 2.3622 1.315 -0.4134, 2.1684 1.315 -0.4134, 2.3622 1.2441 -0.4134, 2.1684 1.2441 -0.4134, 2.3622 1.315 -0.5118, 2.3622 1.2441 -0.5118, 2.16 1.315 -0.5118, 2.16 1.2441 -0.5118, 2.146 1.2441 -0.5107, 2.146 1.315 -0.5107, 2.1324 1.2441 -0.5074, 2.1324 1.315 -0.5074, 2.1195 1.2441 -0.502, 2.1195 1.315 -0.502, 2.1076 1.2441 -0.4947, 2.1076 1.315 -0.4947, 2.097 1.2441 -0.4855, 2.097 1.315 -0.4855, 2.0879 1.2441 -0.4748, 2.0879 1.315 -0.4748, 2.0807 1.2441 -0.4628, 2.0807 1.315 -0.4628, 2.0755 1.2441 -0.4499, 2.0755 1.315 -0.4499, 2.0723 1.2441 -0.4362, 2.0723 1.315 -0.4362, 2.0442 1.315 -0.2461, 2.0442 1.2441 -0.2461, 1.9685 1.315 -0.2461, 1.9685 1.2441 -0.2461, 1.9685 1.315 -0.1476, 1.9685 1.2441 -0.1476, 2.0526 1.315 -0.1476, 2.0526 1.2441 -0.1476, 2.0666 1.2441 -0.1487, 2.0666 1.315 -0.1487, 2.0802 1.2441 -0.152, 2.0802 1.315 -0.152, 2.0931 1.2441 -0.1574, 2.0931 1.315 -0.1574, 2.105 1.2441 -0.1648, 2.105 1.315 -0.1648, 2.1156 1.2441 -0.1739, 2.1156 1.315 -0.1739, 2.1247 1.2441 -0.1846, 2.1247 1.315 -0.1846, 2.1319 1.2441 -0.1966, 2.1319 1.315 -0.1966, 2.1371 1.2441 -0.2096, 2.1371 1.315 -0.2096, 2.1403 1.2441 -0.2232, 2.1403 1.315 -0.2232, -2.3622 1.1181 -0.5118, -2.16 1.1181 -0.5118, -2.3622 1.0472 -0.5118, -2.16 1.0472 -0.5118, -2.3622 1.1181 -0.4134, -2.3622 1.0472 -0.4134, -2.1684 1.1181 -0.4134, -2.1684 1.0472 -0.4134, -2.1403 1.1181 -0.2232, -2.1403 1.0472 -0.2232, -2.1371 1.0472 -0.2096, -2.1371 1.1181 -0.2096, -2.1319 1.0472 -0.1966, -2.1319 1.1181 -0.1966, -2.1247 1.0472 -0.1846, -2.1247 1.1181 -0.1846, -2.1156 1.0472 -0.1739, -2.1156 1.1181 -0.1739, -2.105 1.0472 -0.1648, -2.105 1.1181 -0.1648, -2.0931 1.0472 -0.1574, -2.0931 1.1181 -0.1574, -2.0802 1.0472 -0.152, -2.0802 1.1181 -0.152, -2.0666 1.0472 -0.1487, -2.0666 1.1181 -0.1487, -2.0526 1.0472 -0.1476, -2.0526 1.1181 -0.1476, -1.9685 1.1181 -0.1476, -1.9685 1.0472 -0.1476, -1.9685 1.1181 -0.2461, -1.9685 1.0472 -0.2461, -2.0442 1.1181 -0.2461, -2.0442 1.0472 -0.2461, -2.0723 1.1181 -0.4362, -2.0723 1.0472 -0.4362, -2.0755 1.0472 -0.4499, -2.0755 1.1181 -0.4499, -2.0807 1.0472 -0.4628, -2.0807 1.1181 -0.4628, -2.0879 1.0472 -0.4748, -2.0879 1.1181 -0.4748, -2.097 1.0472 -0.4855, -2.097 1.1181 -0.4855, -2.1076 1.0472 -0.4947, -2.1076 1.1181 -0.4947, -2.1195 1.0472 -0.502, -2.1195 1.1181 -0.502, -2.1324 1.0472 -0.5074, -2.1324 1.1181 -0.5074, -2.146 1.0472 -0.5107, -2.146 1.1181 -0.5107, 2.3622 1.1181 -0.4134, 2.1684 1.1181 -0.4134, 2.3622 1.0472 -0.4134, 2.1684 1.0472 -0.4134, 2.3622 1.1181 -0.5118, 2.3622 1.0472 -0.5118, 2.16 1.1181 -0.5118, 2.16 1.0472 -0.5118, 2.146 1.0472 -0.5107, 2.146 1.1181 -0.5107, 2.1324 1.0472 -0.5074, 2.1324 1.1181 -0.5074, 2.1195 1.0472 -0.502, 2.1195 1.1181 -0.502, 2.1076 1.0472 -0.4947, 2.1076 1.1181 -0.4947, 2.097 1.0472 -0.4855, 2.097 1.1181 -0.4855, 2.0879 1.0472 -0.4748, 2.0879 1.1181 -0.4748, 2.0807 1.0472 -0.4628, 2.0807 1.1181 -0.4628, 2.0755 1.0472 -0.4499, 2.0755 1.1181 -0.4499, 2.0723 1.0472 -0.4362, 2.0723 1.1181 -0.4362, 2.0442 1.1181 -0.2461, 2.0442 1.0472 -0.2461, 1.9685 1.1181 -0.2461, 1.9685 1.0472 -0.2461, 1.9685 1.1181 -0.1476, 1.9685 1.0472 -0.1476, 2.0526 1.1181 -0.1476, 2.0526 1.0472 -0.1476, 2.0666 1.0472 -0.1487, 2.0666 1.1181 -0.1487, 2.0802 1.0472 -0.152, 2.0802 1.1181 -0.152, 2.0931 1.0472 -0.1574, 2.0931 1.1181 -0.1574, 2.105 1.0472 -0.1648, 2.105 1.1181 -0.1648, 2.1156 1.0472 -0.1739, 2.1156 1.1181 -0.1739, 2.1247 1.0472 -0.1846, 2.1247 1.1181 -0.1846, 2.1319 1.0472 -0.1966, 2.1319 1.1181 -0.1966, 2.1371 1.0472 -0.2096, 2.1371 1.1181 -0.2096, 2.1403 1.0472 -0.2232, 2.1403 1.1181 -0.2232, -2.3622 0.9213 -0.5118, -2.16 0.9213 -0.5118, -2.3622 0.8504 -0.5118, -2.16 0.8504 -0.5118, -2.3622 0.9213 -0.4134, -2.3622 0.8504 -0.4134, -2.1684 0.9213 -0.4134, -2.1684 0.8504 -0.4134, -2.1403 0.9213 -0.2232, -2.1403 0.8504 -0.2232, -2.1371 0.8504 -0.2096, -2.1371 0.9213 -0.2096, -2.1319 0.8504 -0.1966, -2.1319 0.9213 -0.1966, -2.1247 0.8504 -0.1846, -2.1247 0.9213 -0.1846, -2.1156 0.8504 -0.1739, -2.1156 0.9213 -0.1739, -2.105 0.8504 -0.1648, -2.105 0.9213 -0.1648, -2.0931 0.8504 -0.1574, -2.0931 0.9213 -0.1574, -2.0802 0.8504 -0.152, -2.0802 0.9213 -0.152, -2.0666 0.8504 -0.1487, -2.0666 0.9213 -0.1487, -2.0526 0.8504 -0.1476, -2.0526 0.9213 -0.1476, -1.9685 0.9213 -0.1476, -1.9685 0.8504 -0.1476, -1.9685 0.9213 -0.2461, -1.9685 0.8504 -0.2461, -2.0442 0.9213 -0.2461, -2.0442 0.8504 -0.2461, -2.0723 0.9213 -0.4362, -2.0723 0.8504 -0.4362, -2.0755 0.8504 -0.4499, -2.0755 0.9213 -0.4499, -2.0807 0.8504 -0.4628, -2.0807 0.9213 -0.4628, -2.0879 0.8504 -0.4748, -2.0879 0.9213 -0.4748, -2.097 0.8504 -0.4855, -2.097 0.9213 -0.4855, -2.1076 0.8504 -0.4947, -2.1076 0.9213 -0.4947, -2.1195 0.8504 -0.502, -2.1195 0.9213 -0.502, -2.1324 0.8504 -0.5074, -2.1324 0.9213 -0.5074, -2.146 0.8504 -0.5107, -2.146 0.9213 -0.5107, 2.3622 0.9213 -0.4134, 2.1684 0.9213 -0.4134, 2.3622 0.8504 -0.4134, 2.1684 0.8504 -0.4134, 2.3622 0.9213 -0.5118, 2.3622 0.8504 -0.5118, 2.16 0.9213 -0.5118, 2.16 0.8504 -0.5118, 2.146 0.8504 -0.5107, 2.146 0.9213 -0.5107, 2.1324 0.8504 -0.5074, 2.1324 0.9213 -0.5074, 2.1195 0.8504 -0.502, 2.1195 0.9213 -0.502, 2.1076 0.8504 -0.4947, 2.1076 0.9213 -0.4947, 2.097 0.8504 -0.4855, 2.097 0.9213 -0.4855, 2.0879 0.8504 -0.4748, 2.0879 0.9213 -0.4748, 2.0807 0.8504 -0.4628, 2.0807 0.9213 -0.4628, 2.0755 0.8504 -0.4499, 2.0755 0.9213 -0.4499, 2.0723 0.8504 -0.4362, 2.0723 0.9213 -0.4362, 2.0442 0.9213 -0.2461, 2.0442 0.8504 -0.2461, 1.9685 0.9213 -0.2461, 1.9685 0.8504 -0.2461, 1.9685 0.9213 -0.1476, 1.9685 0.8504 -0.1476, 2.0526 0.9213 -0.1476, 2.0526 0.8504 -0.1476, 2.0666 0.8504 -0.1487, 2.0666 0.9213 -0.1487, 2.0802 0.8504 -0.152, 2.0802 0.9213 -0.152, 2.0931 0.8504 -0.1574, 2.0931 0.9213 -0.1574, 2.105 0.8504 -0.1648, 2.105 0.9213 -0.1648, 2.1156 0.8504 -0.1739, 2.1156 0.9213 -0.1739, 2.1247 0.8504 -0.1846, 2.1247 0.9213 -0.1846, 2.1319 0.8504 -0.1966, 2.1319 0.9213 -0.1966, 2.1371 0.8504 -0.2096, 2.1371 0.9213 -0.2096, 2.1403 0.8504 -0.2232, 2.1403 0.9213 -0.2232, -2.3622 0.7244 -0.5118, -2.16 0.7244 -0.5118, -2.3622 0.6535 -0.5118, -2.16 0.6535 -0.5118, -2.3622 0.7244 -0.4134, -2.3622 0.6535 -0.4134, -2.1684 0.7244 -0.4134, -2.1684 0.6535 -0.4134, -2.1403 0.7244 -0.2232, -2.1403 0.6535 -0.2232, -2.1371 0.6535 -0.2096, -2.1371 0.7244 -0.2096, -2.1319 0.6535 -0.1966, -2.1319 0.7244 -0.1966, -2.1247 0.6535 -0.1846, -2.1247 0.7244 -0.1846, -2.1156 0.6535 -0.1739, -2.1156 0.7244 -0.1739, -2.105 0.6535 -0.1648, -2.105 0.7244 -0.1648, -2.0931 0.6535 -0.1574, -2.0931 0.7244 -0.1574, -2.0802 0.6535 -0.152, -2.0802 0.7244 -0.152, -2.0666 0.6535 -0.1487, -2.0666 0.7244 -0.1487, -2.0526 0.6535 -0.1476, -2.0526 0.7244 -0.1476, -1.9685 0.7244 -0.1476, -1.9685 0.6535 -0.1476, -1.9685 0.7244 -0.2461, -1.9685 0.6535 -0.2461, -2.0442 0.7244 -0.2461, -2.0442 0.6535 -0.2461, -2.0723 0.7244 -0.4362, -2.0723 0.6535 -0.4362, -2.0755 0.6535 -0.4499, -2.0755 0.7244 -0.4499, -2.0807 0.6535 -0.4628, -2.0807 0.7244 -0.4628, -2.0879 0.6535 -0.4748, -2.0879 0.7244 -0.4748, -2.097 0.6535 -0.4855, -2.097 0.7244 -0.4855, -2.1076 0.6535 -0.4947, -2.1076 0.7244 -0.4947, -2.1195 0.6535 -0.502, -2.1195 0.7244 -0.502, -2.1324 0.6535 -0.5074, -2.1324 0.7244 -0.5074, -2.146 0.6535 -0.5107, -2.146 0.7244 -0.5107, 2.3622 0.7244 -0.4134, 2.1684 0.7244 -0.4134, 2.3622 0.6535 -0.4134, 2.1684 0.6535 -0.4134, 2.3622 0.7244 -0.5118, 2.3622 0.6535 -0.5118, 2.16 0.7244 -0.5118, 2.16 0.6535 -0.5118, 2.146 0.6535 -0.5107, 2.146 0.7244 -0.5107, 2.1324 0.6535 -0.5074, 2.1324 0.7244 -0.5074, 2.1195 0.6535 -0.502, 2.1195 0.7244 -0.502, 2.1076 0.6535 -0.4947, 2.1076 0.7244 -0.4947, 2.097 0.6535 -0.4855, 2.097 0.7244 -0.4855, 2.0879 0.6535 -0.4748, 2.0879 0.7244 -0.4748, 2.0807 0.6535 -0.4628, 2.0807 0.7244 -0.4628, 2.0755 0.6535 -0.4499, 2.0755 0.7244 -0.4499, 2.0723 0.6535 -0.4362, 2.0723 0.7244 -0.4362, 2.0442 0.7244 -0.2461, 2.0442 0.6535 -0.2461, 1.9685 0.7244 -0.2461, 1.9685 0.6535 -0.2461, 1.9685 0.7244 -0.1476, 1.9685 0.6535 -0.1476, 2.0526 0.7244 -0.1476, 2.0526 0.6535 -0.1476, 2.0666 0.6535 -0.1487, 2.0666 0.7244 -0.1487, 2.0802 0.6535 -0.152, 2.0802 0.7244 -0.152, 2.0931 0.6535 -0.1574, 2.0931 0.7244 -0.1574, 2.105 0.6535 -0.1648, 2.105 0.7244 -0.1648, 2.1156 0.6535 -0.1739, 2.1156 0.7244 -0.1739, 2.1247 0.6535 -0.1846, 2.1247 0.7244 -0.1846, 2.1319 0.6535 -0.1966, 2.1319 0.7244 -0.1966, 2.1371 0.6535 -0.2096, 2.1371 0.7244 -0.2096, 2.1403 0.6535 -0.2232, 2.1403 0.7244 -0.2232, -2.3622 0.5276 -0.5118, -2.16 0.5276 -0.5118, -2.3622 0.4567 -0.5118, -2.16 0.4567 -0.5118, -2.3622 0.5276 -0.4134, -2.3622 0.4567 -0.4134, -2.1684 0.5276 -0.4134, -2.1684 0.4567 -0.4134, -2.1403 0.5276 -0.2232, -2.1403 0.4567 -0.2232, -2.1371 0.4567 -0.2096, -2.1371 0.5276 -0.2096, -2.1319 0.4567 -0.1966, -2.1319 0.5276 -0.1966, -2.1247 0.4567 -0.1846, -2.1247 0.5276 -0.1846, -2.1156 0.4567 -0.1739, -2.1156 0.5276 -0.1739, -2.105 0.4567 -0.1648, -2.105 0.5276 -0.1648, -2.0931 0.4567 -0.1574, -2.0931 0.5276 -0.1574, -2.0802 0.4567 -0.152, -2.0802 0.5276 -0.152, -2.0666 0.4567 -0.1487, -2.0666 0.5276 -0.1487, -2.0526 0.4567 -0.1476, -2.0526 0.5276 -0.1476, -1.9685 0.5276 -0.1476, -1.9685 0.4567 -0.1476, -1.9685 0.5276 -0.2461, -1.9685 0.4567 -0.2461, -2.0442 0.5276 -0.2461, -2.0442 0.4567 -0.2461, -2.0723 0.5276 -0.4362, -2.0723 0.4567 -0.4362, -2.0755 0.4567 -0.4499, -2.0755 0.5276 -0.4499, -2.0807 0.4567 -0.4628, -2.0807 0.5276 -0.4628, -2.0879 0.4567 -0.4748, -2.0879 0.5276 -0.4748, -2.097 0.4567 -0.4855, -2.097 0.5276 -0.4855, -2.1076 0.4567 -0.4947, -2.1076 0.5276 -0.4947, -2.1195 0.4567 -0.502, -2.1195 0.5276 -0.502, -2.1324 0.4567 -0.5074, -2.1324 0.5276 -0.5074, -2.146 0.4567 -0.5107, -2.146 0.5276 -0.5107, 2.3622 0.5276 -0.4134, 2.1684 0.5276 -0.4134, 2.3622 0.4567 -0.4134, 2.1684 0.4567 -0.4134, 2.3622 0.5276 -0.5118, 2.3622 0.4567 -0.5118, 2.16 0.5276 -0.5118, 2.16 0.4567 -0.5118, 2.146 0.4567 -0.5107, 2.146 0.5276 -0.5107, 2.1324 0.4567 -0.5074, 2.1324 0.5276 -0.5074, 2.1195 0.4567 -0.502, 2.1195 0.5276 -0.502, 2.1076 0.4567 -0.4947, 2.1076 0.5276 -0.4947, 2.097 0.4567 -0.4855, 2.097 0.5276 -0.4855, 2.0879 0.4567 -0.4748, 2.0879 0.5276 -0.4748, 2.0807 0.4567 -0.4628, 2.0807 0.5276 -0.4628, 2.0755 0.4567 -0.4499, 2.0755 0.5276 -0.4499, 2.0723 0.4567 -0.4362, 2.0723 0.5276 -0.4362, 2.0442 0.5276 -0.2461, 2.0442 0.4567 -0.2461, 1.9685 0.5276 -0.2461, 1.9685 0.4567 -0.2461, 1.9685 0.5276 -0.1476, 1.9685 0.4567 -0.1476, 2.0526 0.5276 -0.1476, 2.0526 0.4567 -0.1476, 2.0666 0.4567 -0.1487, 2.0666 0.5276 -0.1487, 2.0802 0.4567 -0.152, 2.0802 0.5276 -0.152, 2.0931 0.4567 -0.1574, 2.0931 0.5276 -0.1574, 2.105 0.4567 -0.1648, 2.105 0.5276 -0.1648, 2.1156 0.4567 -0.1739, 2.1156 0.5276 -0.1739, 2.1247 0.4567 -0.1846, 2.1247 0.5276 -0.1846, 2.1319 0.4567 -0.1966, 2.1319 0.5276 -0.1966, 2.1371 0.4567 -0.2096, 2.1371 0.5276 -0.2096, 2.1403 0.4567 -0.2232, 2.1403 0.5276 -0.2232, -2.3622 0.3307 -0.5118, -2.16 0.3307 -0.5118, -2.3622 0.2598 -0.5118, -2.16 0.2598 -0.5118, -2.3622 0.3307 -0.4134, -2.3622 0.2598 -0.4134, -2.1684 0.3307 -0.4134, -2.1684 0.2598 -0.4134, -2.1403 0.3307 -0.2232, -2.1403 0.2598 -0.2232, -2.1371 0.2598 -0.2096, -2.1371 0.3307 -0.2096, -2.1319 0.2598 -0.1966, -2.1319 0.3307 -0.1966, -2.1247 0.2598 -0.1846, -2.1247 0.3307 -0.1846, -2.1156 0.2598 -0.1739, -2.1156 0.3307 -0.1739, -2.105 0.2598 -0.1648, -2.105 0.3307 -0.1648, -2.0931 0.2598 -0.1574, -2.0931 0.3307 -0.1574, -2.0802 0.2598 -0.152, -2.0802 0.3307 -0.152, -2.0666 0.2598 -0.1487, -2.0666 0.3307 -0.1487, -2.0526 0.2598 -0.1476, -2.0526 0.3307 -0.1476, -1.9685 0.3307 -0.1476, -1.9685 0.2598 -0.1476, -1.9685 0.3307 -0.2461, -1.9685 0.2598 -0.2461, -2.0442 0.3307 -0.2461, -2.0442 0.2598 -0.2461, -2.0723 0.3307 -0.4362, -2.0723 0.2598 -0.4362, -2.0755 0.2598 -0.4499, -2.0755 0.3307 -0.4499, -2.0807 0.2598 -0.4628, -2.0807 0.3307 -0.4628, -2.0879 0.2598 -0.4748, -2.0879 0.3307 -0.4748, -2.097 0.2598 -0.4855, -2.097 0.3307 -0.4855, -2.1076 0.2598 -0.4947, -2.1076 0.3307 -0.4947, -2.1195 0.2598 -0.502, -2.1195 0.3307 -0.502, -2.1324 0.2598 -0.5074, -2.1324 0.3307 -0.5074, -2.146 0.2598 -0.5107, -2.146 0.3307 -0.5107, 2.3622 0.3307 -0.4134, 2.1684 0.3307 -0.4134, 2.3622 0.2598 -0.4134, 2.1684 0.2598 -0.4134, 2.3622 0.3307 -0.5118, 2.3622 0.2598 -0.5118, 2.16 0.3307 -0.5118, 2.16 0.2598 -0.5118, 2.146 0.2598 -0.5107, 2.146 0.3307 -0.5107, 2.1324 0.2598 -0.5074, 2.1324 0.3307 -0.5074, 2.1195 0.2598 -0.502, 2.1195 0.3307 -0.502, 2.1076 0.2598 -0.4947, 2.1076 0.3307 -0.4947, 2.097 0.2598 -0.4855, 2.097 0.3307 -0.4855, 2.0879 0.2598 -0.4748, 2.0879 0.3307 -0.4748, 2.0807 0.2598 -0.4628, 2.0807 0.3307 -0.4628, 2.0755 0.2598 -0.4499, 2.0755 0.3307 -0.4499, 2.0723 0.2598 -0.4362, 2.0723 0.3307 -0.4362, 2.0442 0.3307 -0.2461, 2.0442 0.2598 -0.2461, 1.9685 0.3307 -0.2461, 1.9685 0.2598 -0.2461, 1.9685 0.3307 -0.1476, 1.9685 0.2598 -0.1476, 2.0526 0.3307 -0.1476, 2.0526 0.2598 -0.1476, 2.0666 0.2598 -0.1487, 2.0666 0.3307 -0.1487, 2.0802 0.2598 -0.152, 2.0802 0.3307 -0.152, 2.0931 0.2598 -0.1574, 2.0931 0.3307 -0.1574, 2.105 0.2598 -0.1648, 2.105 0.3307 -0.1648, 2.1156 0.2598 -0.1739, 2.1156 0.3307 -0.1739, 2.1247 0.2598 -0.1846, 2.1247 0.3307 -0.1846, 2.1319 0.2598 -0.1966, 2.1319 0.3307 -0.1966, 2.1371 0.2598 -0.2096, 2.1371 0.3307 -0.2096, 2.1403 0.2598 -0.2232, 2.1403 0.3307 -0.2232, -2.3622 0.1339 -0.5118, -2.16 0.1339 -0.5118, -2.3622 0.063 -0.5118, -2.16 0.063 -0.5118, -2.3622 0.1339 -0.4134, -2.3622 0.063 -0.4134, -2.1684 0.1339 -0.4134, -2.1684 0.063 -0.4134, -2.1403 0.1339 -0.2232, -2.1403 0.063 -0.2232, -2.1371 0.063 -0.2096, -2.1371 0.1339 -0.2096, -2.1319 0.063 -0.1966, -2.1319 0.1339 -0.1966, -2.1247 0.063 -0.1846, -2.1247 0.1339 -0.1846, -2.1156 0.063 -0.1739, -2.1156 0.1339 -0.1739, -2.105 0.063 -0.1648, -2.105 0.1339 -0.1648, -2.0931 0.063 -0.1574, -2.0931 0.1339 -0.1574, -2.0802 0.063 -0.152, -2.0802 0.1339 -0.152, -2.0666 0.063 -0.1487, -2.0666 0.1339 -0.1487, -2.0526 0.063 -0.1476, -2.0526 0.1339 -0.1476, -1.9685 0.1339 -0.1476, -1.9685 0.063 -0.1476, -1.9685 0.1339 -0.2461, -1.9685 0.063 -0.2461, -2.0442 0.1339 -0.2461, -2.0442 0.063 -0.2461, -2.0723 0.1339 -0.4362, -2.0723 0.063 -0.4362, -2.0755 0.063 -0.4499, -2.0755 0.1339 -0.4499, -2.0807 0.063 -0.4628, -2.0807 0.1339 -0.4628, -2.0879 0.063 -0.4748, -2.0879 0.1339 -0.4748, -2.097 0.063 -0.4855, -2.097 0.1339 -0.4855, -2.1076 0.063 -0.4947, -2.1076 0.1339 -0.4947, -2.1195 0.063 -0.502, -2.1195 0.1339 -0.502, -2.1324 0.063 -0.5074, -2.1324 0.1339 -0.5074, -2.146 0.063 -0.5107, -2.146 0.1339 -0.5107, 2.3622 0.1339 -0.4134, 2.1684 0.1339 -0.4134, 2.3622 0.063 -0.4134, 2.1684 0.063 -0.4134, 2.3622 0.1339 -0.5118, 2.3622 0.063 -0.5118, 2.16 0.1339 -0.5118, 2.16 0.063 -0.5118, 2.146 0.063 -0.5107, 2.146 0.1339 -0.5107, 2.1324 0.063 -0.5074, 2.1324 0.1339 -0.5074, 2.1195 0.063 -0.502, 2.1195 0.1339 -0.502, 2.1076 0.063 -0.4947, 2.1076 0.1339 -0.4947, 2.097 0.063 -0.4855, 2.097 0.1339 -0.4855, 2.0879 0.063 -0.4748, 2.0879 0.1339 -0.4748, 2.0807 0.063 -0.4628, 2.0807 0.1339 -0.4628, 2.0755 0.063 -0.4499, 2.0755 0.1339 -0.4499, 2.0723 0.063 -0.4362, 2.0723 0.1339 -0.4362, 2.0442 0.1339 -0.2461, 2.0442 0.063 -0.2461, 1.9685 0.1339 -0.2461, 1.9685 0.063 -0.2461, 1.9685 0.1339 -0.1476, 1.9685 0.063 -0.1476, 2.0526 0.1339 -0.1476, 2.0526 0.063 -0.1476, 2.0666 0.063 -0.1487, 2.0666 0.1339 -0.1487, 2.0802 0.063 -0.152, 2.0802 0.1339 -0.152, 2.0931 0.063 -0.1574, 2.0931 0.1339 -0.1574, 2.105 0.063 -0.1648, 2.105 0.1339 -0.1648, 2.1156 0.063 -0.1739, 2.1156 0.1339 -0.1739, 2.1247 0.063 -0.1846, 2.1247 0.1339 -0.1846, 2.1319 0.063 -0.1966, 2.1319 0.1339 -0.1966, 2.1371 0.063 -0.2096, 2.1371 0.1339 -0.2096, 2.1403 0.063 -0.2232, 2.1403 0.1339 -0.2232, -2.3622 -0.063 -0.5118, -2.16 -0.063 -0.5118, -2.3622 -0.1339 -0.5118, -2.16 -0.1339 -0.5118, -2.3622 -0.063 -0.4134, -2.3622 -0.1339 -0.4134, -2.1684 -0.063 -0.4134, -2.1684 -0.1339 -0.4134, -2.1403 -0.063 -0.2232, -2.1403 -0.1339 -0.2232, -2.1371 -0.1339 -0.2096, -2.1371 -0.063 -0.2096, -2.1319 -0.1339 -0.1966, -2.1319 -0.063 -0.1966, -2.1247 -0.1339 -0.1846, -2.1247 -0.063 -0.1846, -2.1156 -0.1339 -0.1739, -2.1156 -0.063 -0.1739, -2.105 -0.1339 -0.1648, -2.105 -0.063 -0.1648, -2.0931 -0.1339 -0.1574, -2.0931 -0.063 -0.1574, -2.0802 -0.1339 -0.152, -2.0802 -0.063 -0.152, -2.0666 -0.1339 -0.1487, -2.0666 -0.063 -0.1487, -2.0526 -0.1339 -0.1476, -2.0526 -0.063 -0.1476, -1.9685 -0.063 -0.1476, -1.9685 -0.1339 -0.1476, -1.9685 -0.063 -0.2461, -1.9685 -0.1339 -0.2461, -2.0442 -0.063 -0.2461, -2.0442 -0.1339 -0.2461, -2.0723 -0.063 -0.4362, -2.0723 -0.1339 -0.4362, -2.0755 -0.1339 -0.4499, -2.0755 -0.063 -0.4499, -2.0807 -0.1339 -0.4628, -2.0807 -0.063 -0.4628, -2.0879 -0.1339 -0.4748, -2.0879 -0.063 -0.4748, -2.097 -0.1339 -0.4855, -2.097 -0.063 -0.4855, -2.1076 -0.1339 -0.4947, -2.1076 -0.063 -0.4947, -2.1195 -0.1339 -0.502, -2.1195 -0.063 -0.502, -2.1324 -0.1339 -0.5074, -2.1324 -0.063 -0.5074, -2.146 -0.1339 -0.5107, -2.146 -0.063 -0.5107, 2.3622 -0.063 -0.4134, 2.1684 -0.063 -0.4134, 2.3622 -0.1339 -0.4134, 2.1684 -0.1339 -0.4134, 2.3622 -0.063 -0.5118, 2.3622 -0.1339 -0.5118, 2.16 -0.063 -0.5118, 2.16 -0.1339 -0.5118, 2.146 -0.1339 -0.5107, 2.146 -0.063 -0.5107, 2.1324 -0.1339 -0.5074, 2.1324 -0.063 -0.5074, 2.1195 -0.1339 -0.502, 2.1195 -0.063 -0.502, 2.1076 -0.1339 -0.4947, 2.1076 -0.063 -0.4947, 2.097 -0.1339 -0.4855, 2.097 -0.063 -0.4855, 2.0879 -0.1339 -0.4748, 2.0879 -0.063 -0.4748, 2.0807 -0.1339 -0.4628, 2.0807 -0.063 -0.4628, 2.0755 -0.1339 -0.4499, 2.0755 -0.063 -0.4499, 2.0723 -0.1339 -0.4362, 2.0723 -0.063 -0.4362, 2.0442 -0.063 -0.2461, 2.0442 -0.1339 -0.2461, 1.9685 -0.063 -0.2461, 1.9685 -0.1339 -0.2461, 1.9685 -0.063 -0.1476, 1.9685 -0.1339 -0.1476, 2.0526 -0.063 -0.1476, 2.0526 -0.1339 -0.1476, 2.0666 -0.1339 -0.1487, 2.0666 -0.063 -0.1487, 2.0802 -0.1339 -0.152, 2.0802 -0.063 -0.152, 2.0931 -0.1339 -0.1574, 2.0931 -0.063 -0.1574, 2.105 -0.1339 -0.1648, 2.105 -0.063 -0.1648, 2.1156 -0.1339 -0.1739, 2.1156 -0.063 -0.1739, 2.1247 -0.1339 -0.1846, 2.1247 -0.063 -0.1846, 2.1319 -0.1339 -0.1966, 2.1319 -0.063 -0.1966, 2.1371 -0.1339 -0.2096, 2.1371 -0.063 -0.2096, 2.1403 -0.1339 -0.2232, 2.1403 -0.063 -0.2232, -2.3622 -0.2598 -0.5118, -2.16 -0.2598 -0.5118, -2.3622 -0.3307 -0.5118, -2.16 -0.3307 -0.5118, -2.3622 -0.2598 -0.4134, -2.3622 -0.3307 -0.4134, -2.1684 -0.2598 -0.4134, -2.1684 -0.3307 -0.4134, -2.1403 -0.2598 -0.2232, -2.1403 -0.3307 -0.2232, -2.1371 -0.3307 -0.2096, -2.1371 -0.2598 -0.2096, -2.1319 -0.3307 -0.1966, -2.1319 -0.2598 -0.1966, -2.1247 -0.3307 -0.1846, -2.1247 -0.2598 -0.1846, -2.1156 -0.3307 -0.1739, -2.1156 -0.2598 -0.1739, -2.105 -0.3307 -0.1648, -2.105 -0.2598 -0.1648, -2.0931 -0.3307 -0.1574, -2.0931 -0.2598 -0.1574, -2.0802 -0.3307 -0.152, -2.0802 -0.2598 -0.152, -2.0666 -0.3307 -0.1487, -2.0666 -0.2598 -0.1487, -2.0526 -0.3307 -0.1476, -2.0526 -0.2598 -0.1476, -1.9685 -0.2598 -0.1476, -1.9685 -0.3307 -0.1476, -1.9685 -0.2598 -0.2461, -1.9685 -0.3307 -0.2461, -2.0442 -0.2598 -0.2461, -2.0442 -0.3307 -0.2461, -2.0723 -0.2598 -0.4362, -2.0723 -0.3307 -0.4362, -2.0755 -0.3307 -0.4499, -2.0755 -0.2598 -0.4499, -2.0807 -0.3307 -0.4628, -2.0807 -0.2598 -0.4628, -2.0879 -0.3307 -0.4748, -2.0879 -0.2598 -0.4748, -2.097 -0.3307 -0.4855, -2.097 -0.2598 -0.4855, -2.1076 -0.3307 -0.4947, -2.1076 -0.2598 -0.4947, -2.1195 -0.3307 -0.502, -2.1195 -0.2598 -0.502, -2.1324 -0.3307 -0.5074, -2.1324 -0.2598 -0.5074, -2.146 -0.3307 -0.5107, -2.146 -0.2598 -0.5107, 2.3622 -0.2598 -0.4134, 2.1684 -0.2598 -0.4134, 2.3622 -0.3307 -0.4134, 2.1684 -0.3307 -0.4134, 2.3622 -0.2598 -0.5118, 2.3622 -0.3307 -0.5118, 2.16 -0.2598 -0.5118, 2.16 -0.3307 -0.5118, 2.146 -0.3307 -0.5107, 2.146 -0.2598 -0.5107, 2.1324 -0.3307 -0.5074, 2.1324 -0.2598 -0.5074, 2.1195 -0.3307 -0.502, 2.1195 -0.2598 -0.502, 2.1076 -0.3307 -0.4947, 2.1076 -0.2598 -0.4947, 2.097 -0.3307 -0.4855, 2.097 -0.2598 -0.4855, 2.0879 -0.3307 -0.4748, 2.0879 -0.2598 -0.4748, 2.0807 -0.3307 -0.4628, 2.0807 -0.2598 -0.4628, 2.0755 -0.3307 -0.4499, 2.0755 -0.2598 -0.4499, 2.0723 -0.3307 -0.4362, 2.0723 -0.2598 -0.4362, 2.0442 -0.2598 -0.2461, 2.0442 -0.3307 -0.2461, 1.9685 -0.2598 -0.2461, 1.9685 -0.3307 -0.2461, 1.9685 -0.2598 -0.1476, 1.9685 -0.3307 -0.1476, 2.0526 -0.2598 -0.1476, 2.0526 -0.3307 -0.1476, 2.0666 -0.3307 -0.1487, 2.0666 -0.2598 -0.1487, 2.0802 -0.3307 -0.152, 2.0802 -0.2598 -0.152, 2.0931 -0.3307 -0.1574, 2.0931 -0.2598 -0.1574, 2.105 -0.3307 -0.1648, 2.105 -0.2598 -0.1648, 2.1156 -0.3307 -0.1739, 2.1156 -0.2598 -0.1739, 2.1247 -0.3307 -0.1846, 2.1247 -0.2598 -0.1846, 2.1319 -0.3307 -0.1966, 2.1319 -0.2598 -0.1966, 2.1371 -0.3307 -0.2096, 2.1371 -0.2598 -0.2096, 2.1403 -0.3307 -0.2232, 2.1403 -0.2598 -0.2232, -2.3622 -0.4567 -0.5118, -2.16 -0.4567 -0.5118, -2.3622 -0.5276 -0.5118, -2.16 -0.5276 -0.5118, -2.3622 -0.4567 -0.4134, -2.3622 -0.5276 -0.4134, -2.1684 -0.4567 -0.4134, -2.1684 -0.5276 -0.4134, -2.1403 -0.4567 -0.2232, -2.1403 -0.5276 -0.2232, -2.1371 -0.5276 -0.2096, -2.1371 -0.4567 -0.2096, -2.1319 -0.5276 -0.1966, -2.1319 -0.4567 -0.1966, -2.1247 -0.5276 -0.1846, -2.1247 -0.4567 -0.1846, -2.1156 -0.5276 -0.1739, -2.1156 -0.4567 -0.1739, -2.105 -0.5276 -0.1648, -2.105 -0.4567 -0.1648, -2.0931 -0.5276 -0.1574, -2.0931 -0.4567 -0.1574, -2.0802 -0.5276 -0.152, -2.0802 -0.4567 -0.152, -2.0666 -0.5276 -0.1487, -2.0666 -0.4567 -0.1487, -2.0526 -0.5276 -0.1476, -2.0526 -0.4567 -0.1476, -1.9685 -0.4567 -0.1476, -1.9685 -0.5276 -0.1476, -1.9685 -0.4567 -0.2461, -1.9685 -0.5276 -0.2461, -2.0442 -0.4567 -0.2461, -2.0442 -0.5276 -0.2461, -2.0723 -0.4567 -0.4362, -2.0723 -0.5276 -0.4362, -2.0755 -0.5276 -0.4499, -2.0755 -0.4567 -0.4499, -2.0807 -0.5276 -0.4628, -2.0807 -0.4567 -0.4628, -2.0879 -0.5276 -0.4748, -2.0879 -0.4567 -0.4748, -2.097 -0.5276 -0.4855, -2.097 -0.4567 -0.4855, -2.1076 -0.5276 -0.4947, -2.1076 -0.4567 -0.4947, -2.1195 -0.5276 -0.502, -2.1195 -0.4567 -0.502, -2.1324 -0.5276 -0.5074, -2.1324 -0.4567 -0.5074, -2.146 -0.5276 -0.5107, -2.146 -0.4567 -0.5107, 2.3622 -0.4567 -0.4134, 2.1684 -0.4567 -0.4134, 2.3622 -0.5276 -0.4134, 2.1684 -0.5276 -0.4134, 2.3622 -0.4567 -0.5118, 2.3622 -0.5276 -0.5118, 2.16 -0.4567 -0.5118, 2.16 -0.5276 -0.5118, 2.146 -0.5276 -0.5107, 2.146 -0.4567 -0.5107, 2.1324 -0.5276 -0.5074, 2.1324 -0.4567 -0.5074, 2.1195 -0.5276 -0.502, 2.1195 -0.4567 -0.502, 2.1076 -0.5276 -0.4947, 2.1076 -0.4567 -0.4947, 2.097 -0.5276 -0.4855, 2.097 -0.4567 -0.4855, 2.0879 -0.5276 -0.4748, 2.0879 -0.4567 -0.4748, 2.0807 -0.5276 -0.4628, 2.0807 -0.4567 -0.4628, 2.0755 -0.5276 -0.4499, 2.0755 -0.4567 -0.4499, 2.0723 -0.5276 -0.4362, 2.0723 -0.4567 -0.4362, 2.0442 -0.4567 -0.2461, 2.0442 -0.5276 -0.2461, 1.9685 -0.4567 -0.2461, 1.9685 -0.5276 -0.2461, 1.9685 -0.4567 -0.1476, 1.9685 -0.5276 -0.1476, 2.0526 -0.4567 -0.1476, 2.0526 -0.5276 -0.1476, 2.0666 -0.5276 -0.1487, 2.0666 -0.4567 -0.1487, 2.0802 -0.5276 -0.152, 2.0802 -0.4567 -0.152, 2.0931 -0.5276 -0.1574, 2.0931 -0.4567 -0.1574, 2.105 -0.5276 -0.1648, 2.105 -0.4567 -0.1648, 2.1156 -0.5276 -0.1739, 2.1156 -0.4567 -0.1739, 2.1247 -0.5276 -0.1846, 2.1247 -0.4567 -0.1846, 2.1319 -0.5276 -0.1966, 2.1319 -0.4567 -0.1966, 2.1371 -0.5276 -0.2096, 2.1371 -0.4567 -0.2096, 2.1403 -0.5276 -0.2232, 2.1403 -0.4567 -0.2232, -2.3622 -0.6535 -0.5118, -2.16 -0.6535 -0.5118, -2.3622 -0.7244 -0.5118, -2.16 -0.7244 -0.5118, -2.3622 -0.6535 -0.4134, -2.3622 -0.7244 -0.4134, -2.1684 -0.6535 -0.4134, -2.1684 -0.7244 -0.4134, -2.1403 -0.6535 -0.2232, -2.1403 -0.7244 -0.2232, -2.1371 -0.7244 -0.2096, -2.1371 -0.6535 -0.2096, -2.1319 -0.7244 -0.1966, -2.1319 -0.6535 -0.1966, -2.1247 -0.7244 -0.1846, -2.1247 -0.6535 -0.1846, -2.1156 -0.7244 -0.1739, -2.1156 -0.6535 -0.1739, -2.105 -0.7244 -0.1648, -2.105 -0.6535 -0.1648, -2.0931 -0.7244 -0.1574, -2.0931 -0.6535 -0.1574, -2.0802 -0.7244 -0.152, -2.0802 -0.6535 -0.152, -2.0666 -0.7244 -0.1487, -2.0666 -0.6535 -0.1487, -2.0526 -0.7244 -0.1476, -2.0526 -0.6535 -0.1476, -1.9685 -0.6535 -0.1476, -1.9685 -0.7244 -0.1476, -1.9685 -0.6535 -0.2461, -1.9685 -0.7244 -0.2461, -2.0442 -0.6535 -0.2461, -2.0442 -0.7244 -0.2461, -2.0723 -0.6535 -0.4362, -2.0723 -0.7244 -0.4362, -2.0755 -0.7244 -0.4499, -2.0755 -0.6535 -0.4499, -2.0807 -0.7244 -0.4628, -2.0807 -0.6535 -0.4628, -2.0879 -0.7244 -0.4748, -2.0879 -0.6535 -0.4748, -2.097 -0.7244 -0.4855, -2.097 -0.6535 -0.4855, -2.1076 -0.7244 -0.4947, -2.1076 -0.6535 -0.4947, -2.1195 -0.7244 -0.502, -2.1195 -0.6535 -0.502, -2.1324 -0.7244 -0.5074, -2.1324 -0.6535 -0.5074, -2.146 -0.7244 -0.5107, -2.146 -0.6535 -0.5107, 2.3622 -0.6535 -0.4134, 2.1684 -0.6535 -0.4134, 2.3622 -0.7244 -0.4134, 2.1684 -0.7244 -0.4134, 2.3622 -0.6535 -0.5118, 2.3622 -0.7244 -0.5118, 2.16 -0.6535 -0.5118, 2.16 -0.7244 -0.5118, 2.146 -0.7244 -0.5107, 2.146 -0.6535 -0.5107, 2.1324 -0.7244 -0.5074, 2.1324 -0.6535 -0.5074, 2.1195 -0.7244 -0.502, 2.1195 -0.6535 -0.502, 2.1076 -0.7244 -0.4947, 2.1076 -0.6535 -0.4947, 2.097 -0.7244 -0.4855, 2.097 -0.6535 -0.4855, 2.0879 -0.7244 -0.4748, 2.0879 -0.6535 -0.4748, 2.0807 -0.7244 -0.4628, 2.0807 -0.6535 -0.4628, 2.0755 -0.7244 -0.4499, 2.0755 -0.6535 -0.4499, 2.0723 -0.7244 -0.4362, 2.0723 -0.6535 -0.4362, 2.0442 -0.6535 -0.2461, 2.0442 -0.7244 -0.2461, 1.9685 -0.6535 -0.2461, 1.9685 -0.7244 -0.2461, 1.9685 -0.6535 -0.1476, 1.9685 -0.7244 -0.1476, 2.0526 -0.6535 -0.1476, 2.0526 -0.7244 -0.1476, 2.0666 -0.7244 -0.1487, 2.0666 -0.6535 -0.1487, 2.0802 -0.7244 -0.152, 2.0802 -0.6535 -0.152, 2.0931 -0.7244 -0.1574, 2.0931 -0.6535 -0.1574, 2.105 -0.7244 -0.1648, 2.105 -0.6535 -0.1648, 2.1156 -0.7244 -0.1739, 2.1156 -0.6535 -0.1739, 2.1247 -0.7244 -0.1846, 2.1247 -0.6535 -0.1846, 2.1319 -0.7244 -0.1966, 2.1319 -0.6535 -0.1966, 2.1371 -0.7244 -0.2096, 2.1371 -0.6535 -0.2096, 2.1403 -0.7244 -0.2232, 2.1403 -0.6535 -0.2232, -2.3622 -0.8504 -0.5118, -2.16 -0.8504 -0.5118, -2.3622 -0.9213 -0.5118, -2.16 -0.9213 -0.5118, -2.3622 -0.8504 -0.4134, -2.3622 -0.9213 -0.4134, -2.1684 -0.8504 -0.4134, -2.1684 -0.9213 -0.4134, -2.1403 -0.8504 -0.2232, -2.1403 -0.9213 -0.2232, -2.1371 -0.9213 -0.2096, -2.1371 -0.8504 -0.2096, -2.1319 -0.9213 -0.1966, -2.1319 -0.8504 -0.1966, -2.1247 -0.9213 -0.1846, -2.1247 -0.8504 -0.1846, -2.1156 -0.9213 -0.1739, -2.1156 -0.8504 -0.1739, -2.105 -0.9213 -0.1648, -2.105 -0.8504 -0.1648, -2.0931 -0.9213 -0.1574, -2.0931 -0.8504 -0.1574, -2.0802 -0.9213 -0.152, -2.0802 -0.8504 -0.152, -2.0666 -0.9213 -0.1487, -2.0666 -0.8504 -0.1487, -2.0526 -0.9213 -0.1476, -2.0526 -0.8504 -0.1476, -1.9685 -0.8504 -0.1476, -1.9685 -0.9213 -0.1476, -1.9685 -0.8504 -0.2461, -1.9685 -0.9213 -0.2461, -2.0442 -0.8504 -0.2461, -2.0442 -0.9213 -0.2461, -2.0723 -0.8504 -0.4362, -2.0723 -0.9213 -0.4362, -2.0755 -0.9213 -0.4499, -2.0755 -0.8504 -0.4499, -2.0807 -0.9213 -0.4628, -2.0807 -0.8504 -0.4628, -2.0879 -0.9213 -0.4748, -2.0879 -0.8504 -0.4748, -2.097 -0.9213 -0.4855, -2.097 -0.8504 -0.4855, -2.1076 -0.9213 -0.4947, -2.1076 -0.8504 -0.4947, -2.1195 -0.9213 -0.502, -2.1195 -0.8504 -0.502, -2.1324 -0.9213 -0.5074, -2.1324 -0.8504 -0.5074, -2.146 -0.9213 -0.5107, -2.146 -0.8504 -0.5107, 2.3622 -0.8504 -0.4134, 2.1684 -0.8504 -0.4134, 2.3622 -0.9213 -0.4134, 2.1684 -0.9213 -0.4134, 2.3622 -0.8504 -0.5118, 2.3622 -0.9213 -0.5118, 2.16 -0.8504 -0.5118, 2.16 -0.9213 -0.5118, 2.146 -0.9213 -0.5107, 2.146 -0.8504 -0.5107, 2.1324 -0.9213 -0.5074, 2.1324 -0.8504 -0.5074, 2.1195 -0.9213 -0.502, 2.1195 -0.8504 -0.502, 2.1076 -0.9213 -0.4947, 2.1076 -0.8504 -0.4947, 2.097 -0.9213 -0.4855, 2.097 -0.8504 -0.4855, 2.0879 -0.9213 -0.4748, 2.0879 -0.8504 -0.4748, 2.0807 -0.9213 -0.4628, 2.0807 -0.8504 -0.4628, 2.0755 -0.9213 -0.4499, 2.0755 -0.8504 -0.4499, 2.0723 -0.9213 -0.4362, 2.0723 -0.8504 -0.4362, 2.0442 -0.8504 -0.2461, 2.0442 -0.9213 -0.2461, 1.9685 -0.8504 -0.2461, 1.9685 -0.9213 -0.2461, 1.9685 -0.8504 -0.1476, 1.9685 -0.9213 -0.1476, 2.0526 -0.8504 -0.1476, 2.0526 -0.9213 -0.1476, 2.0666 -0.9213 -0.1487, 2.0666 -0.8504 -0.1487, 2.0802 -0.9213 -0.152, 2.0802 -0.8504 -0.152, 2.0931 -0.9213 -0.1574, 2.0931 -0.8504 -0.1574, 2.105 -0.9213 -0.1648, 2.105 -0.8504 -0.1648, 2.1156 -0.9213 -0.1739, 2.1156 -0.8504 -0.1739, 2.1247 -0.9213 -0.1846, 2.1247 -0.8504 -0.1846, 2.1319 -0.9213 -0.1966, 2.1319 -0.8504 -0.1966, 2.1371 -0.9213 -0.2096, 2.1371 -0.8504 -0.2096, 2.1403 -0.9213 -0.2232, 2.1403 -0.8504 -0.2232, -2.3622 -1.0472 -0.5118, -2.16 -1.0472 -0.5118, -2.3622 -1.1181 -0.5118, -2.16 -1.1181 -0.5118, -2.3622 -1.0472 -0.4134, -2.3622 -1.1181 -0.4134, -2.1684 -1.0472 -0.4134, -2.1684 -1.1181 -0.4134, -2.1403 -1.0472 -0.2232, -2.1403 -1.1181 -0.2232, -2.1371 -1.1181 -0.2096, -2.1371 -1.0472 -0.2096, -2.1319 -1.1181 -0.1966, -2.1319 -1.0472 -0.1966, -2.1247 -1.1181 -0.1846, -2.1247 -1.0472 -0.1846, -2.1156 -1.1181 -0.1739, -2.1156 -1.0472 -0.1739, -2.105 -1.1181 -0.1648, -2.105 -1.0472 -0.1648, -2.0931 -1.1181 -0.1574, -2.0931 -1.0472 -0.1574, -2.0802 -1.1181 -0.152, -2.0802 -1.0472 -0.152, -2.0666 -1.1181 -0.1487, -2.0666 -1.0472 -0.1487, -2.0526 -1.1181 -0.1476, -2.0526 -1.0472 -0.1476, -1.9685 -1.0472 -0.1476, -1.9685 -1.1181 -0.1476, -1.9685 -1.0472 -0.2461, -1.9685 -1.1181 -0.2461, -2.0442 -1.0472 -0.2461, -2.0442 -1.1181 -0.2461, -2.0723 -1.0472 -0.4362, -2.0723 -1.1181 -0.4362, -2.0755 -1.1181 -0.4499, -2.0755 -1.0472 -0.4499, -2.0807 -1.1181 -0.4628, -2.0807 -1.0472 -0.4628, -2.0879 -1.1181 -0.4748, -2.0879 -1.0472 -0.4748, -2.097 -1.1181 -0.4855, -2.097 -1.0472 -0.4855, -2.1076 -1.1181 -0.4947, -2.1076 -1.0472 -0.4947, -2.1195 -1.1181 -0.502, -2.1195 -1.0472 -0.502, -2.1324 -1.1181 -0.5074, -2.1324 -1.0472 -0.5074, -2.146 -1.1181 -0.5107, -2.146 -1.0472 -0.5107, 2.3622 -1.0472 -0.4134, 2.1684 -1.0472 -0.4134, 2.3622 -1.1181 -0.4134, 2.1684 -1.1181 -0.4134, 2.3622 -1.0472 -0.5118, 2.3622 -1.1181 -0.5118, 2.16 -1.0472 -0.5118, 2.16 -1.1181 -0.5118, 2.146 -1.1181 -0.5107, 2.146 -1.0472 -0.5107, 2.1324 -1.1181 -0.5074, 2.1324 -1.0472 -0.5074, 2.1195 -1.1181 -0.502, 2.1195 -1.0472 -0.502, 2.1076 -1.1181 -0.4947, 2.1076 -1.0472 -0.4947, 2.097 -1.1181 -0.4855, 2.097 -1.0472 -0.4855, 2.0879 -1.1181 -0.4748, 2.0879 -1.0472 -0.4748, 2.0807 -1.1181 -0.4628, 2.0807 -1.0472 -0.4628, 2.0755 -1.1181 -0.4499, 2.0755 -1.0472 -0.4499, 2.0723 -1.1181 -0.4362, 2.0723 -1.0472 -0.4362, 2.0442 -1.0472 -0.2461, 2.0442 -1.1181 -0.2461, 1.9685 -1.0472 -0.2461, 1.9685 -1.1181 -0.2461, 1.9685 -1.0472 -0.1476, 1.9685 -1.1181 -0.1476, 2.0526 -1.0472 -0.1476, 2.0526 -1.1181 -0.1476, 2.0666 -1.1181 -0.1487, 2.0666 -1.0472 -0.1487, 2.0802 -1.1181 -0.152, 2.0802 -1.0472 -0.152, 2.0931 -1.1181 -0.1574, 2.0931 -1.0472 -0.1574, 2.105 -1.1181 -0.1648, 2.105 -1.0472 -0.1648, 2.1156 -1.1181 -0.1739, 2.1156 -1.0472 -0.1739, 2.1247 -1.1181 -0.1846, 2.1247 -1.0472 -0.1846, 2.1319 -1.1181 -0.1966, 2.1319 -1.0472 -0.1966, 2.1371 -1.1181 -0.2096, 2.1371 -1.0472 -0.2096, 2.1403 -1.1181 -0.2232, 2.1403 -1.0472 -0.2232, -2.3622 -1.2441 -0.5118, -2.16 -1.2441 -0.5118, -2.3622 -1.315 -0.5118, -2.16 -1.315 -0.5118, -2.3622 -1.2441 -0.4134, -2.3622 -1.315 -0.4134, -2.1684 -1.2441 -0.4134, -2.1684 -1.315 -0.4134, -2.1403 -1.2441 -0.2232, -2.1403 -1.315 -0.2232, -2.1371 -1.315 -0.2096, -2.1371 -1.2441 -0.2096, -2.1319 -1.315 -0.1966, -2.1319 -1.2441 -0.1966, -2.1247 -1.315 -0.1846, -2.1247 -1.2441 -0.1846, -2.1156 -1.315 -0.1739, -2.1156 -1.2441 -0.1739, -2.105 -1.315 -0.1648, -2.105 -1.2441 -0.1648, -2.0931 -1.315 -0.1574, -2.0931 -1.2441 -0.1574, -2.0802 -1.315 -0.152, -2.0802 -1.2441 -0.152, -2.0666 -1.315 -0.1487, -2.0666 -1.2441 -0.1487, -2.0526 -1.315 -0.1476, -2.0526 -1.2441 -0.1476, -1.9685 -1.2441 -0.1476, -1.9685 -1.315 -0.1476, -1.9685 -1.2441 -0.2461, -1.9685 -1.315 -0.2461, -2.0442 -1.2441 -0.2461, -2.0442 -1.315 -0.2461, -2.0723 -1.2441 -0.4362, -2.0723 -1.315 -0.4362, -2.0755 -1.315 -0.4499, -2.0755 -1.2441 -0.4499, -2.0807 -1.315 -0.4628, -2.0807 -1.2441 -0.4628, -2.0879 -1.315 -0.4748, -2.0879 -1.2441 -0.4748, -2.097 -1.315 -0.4855, -2.097 -1.2441 -0.4855, -2.1076 -1.315 -0.4947, -2.1076 -1.2441 -0.4947, -2.1195 -1.315 -0.502, -2.1195 -1.2441 -0.502, -2.1324 -1.315 -0.5074, -2.1324 -1.2441 -0.5074, -2.146 -1.315 -0.5107, -2.146 -1.2441 -0.5107, 2.3622 -1.2441 -0.4134, 2.1684 -1.2441 -0.4134, 2.3622 -1.315 -0.4134, 2.1684 -1.315 -0.4134, 2.3622 -1.2441 -0.5118, 2.3622 -1.315 -0.5118, 2.16 -1.2441 -0.5118, 2.16 -1.315 -0.5118, 2.146 -1.315 -0.5107, 2.146 -1.2441 -0.5107, 2.1324 -1.315 -0.5074, 2.1324 -1.2441 -0.5074, 2.1195 -1.315 -0.502, 2.1195 -1.2441 -0.502, 2.1076 -1.315 -0.4947, 2.1076 -1.2441 -0.4947, 2.097 -1.315 -0.4855, 2.097 -1.2441 -0.4855, 2.0879 -1.315 -0.4748, 2.0879 -1.2441 -0.4748, 2.0807 -1.315 -0.4628, 2.0807 -1.2441 -0.4628, 2.0755 -1.315 -0.4499, 2.0755 -1.2441 -0.4499, 2.0723 -1.315 -0.4362, 2.0723 -1.2441 -0.4362, 2.0442 -1.2441 -0.2461, 2.0442 -1.315 -0.2461, 1.9685 -1.2441 -0.2461, 1.9685 -1.315 -0.2461, 1.9685 -1.2441 -0.1476, 1.9685 -1.315 -0.1476, 2.0526 -1.2441 -0.1476, 2.0526 -1.315 -0.1476, 2.0666 -1.315 -0.1487, 2.0666 -1.2441 -0.1487, 2.0802 -1.315 -0.152, 2.0802 -1.2441 -0.152, 2.0931 -1.315 -0.1574, 2.0931 -1.2441 -0.1574, 2.105 -1.315 -0.1648, 2.105 -1.2441 -0.1648, 2.1156 -1.315 -0.1739, 2.1156 -1.2441 -0.1739, 2.1247 -1.315 -0.1846, 2.1247 -1.2441 -0.1846, 2.1319 -1.315 -0.1966, 2.1319 -1.2441 -0.1966, 2.1371 -1.315 -0.2096, 2.1371 -1.2441 -0.2096, 2.1403 -1.315 -0.2232, 2.1403 -1.2441 -0.2232, -2.3622 -1.4409 -0.5118, -2.16 -1.4409 -0.5118, -2.3622 -1.5118 -0.5118, -2.16 -1.5118 -0.5118, -2.3622 -1.4409 -0.4134, -2.3622 -1.5118 -0.4134, -2.1684 -1.4409 -0.4134, -2.1684 -1.5118 -0.4134, -2.1403 -1.4409 -0.2232, -2.1403 -1.5118 -0.2232, -2.1371 -1.5118 -0.2096, -2.1371 -1.4409 -0.2096, -2.1319 -1.5118 -0.1966, -2.1319 -1.4409 -0.1966, -2.1247 -1.5118 -0.1846, -2.1247 -1.4409 -0.1846, -2.1156 -1.5118 -0.1739, -2.1156 -1.4409 -0.1739, -2.105 -1.5118 -0.1648, -2.105 -1.4409 -0.1648, -2.0931 -1.5118 -0.1574, -2.0931 -1.4409 -0.1574, -2.0802 -1.5118 -0.152, -2.0802 -1.4409 -0.152, -2.0666 -1.5118 -0.1487, -2.0666 -1.4409 -0.1487, -2.0526 -1.5118 -0.1476, -2.0526 -1.4409 -0.1476, -1.9685 -1.4409 -0.1476, -1.9685 -1.5118 -0.1476, -1.9685 -1.4409 -0.2461, -1.9685 -1.5118 -0.2461, -2.0442 -1.4409 -0.2461, -2.0442 -1.5118 -0.2461, -2.0723 -1.4409 -0.4362, -2.0723 -1.5118 -0.4362, -2.0755 -1.5118 -0.4499, -2.0755 -1.4409 -0.4499, -2.0807 -1.5118 -0.4628, -2.0807 -1.4409 -0.4628, -2.0879 -1.5118 -0.4748, -2.0879 -1.4409 -0.4748, -2.097 -1.5118 -0.4855, -2.097 -1.4409 -0.4855, -2.1076 -1.5118 -0.4947, -2.1076 -1.4409 -0.4947, -2.1195 -1.5118 -0.502, -2.1195 -1.4409 -0.502, -2.1324 -1.5118 -0.5074, -2.1324 -1.4409 -0.5074, -2.146 -1.5118 -0.5107, -2.146 -1.4409 -0.5107, 2.3622 -1.4409 -0.4134, 2.1684 -1.4409 -0.4134, 2.3622 -1.5118 -0.4134, 2.1684 -1.5118 -0.4134, 2.3622 -1.4409 -0.5118, 2.3622 -1.5118 -0.5118, 2.16 -1.4409 -0.5118, 2.16 -1.5118 -0.5118, 2.146 -1.5118 -0.5107, 2.146 -1.4409 -0.5107, 2.1324 -1.5118 -0.5074, 2.1324 -1.4409 -0.5074, 2.1195 -1.5118 -0.502, 2.1195 -1.4409 -0.502, 2.1076 -1.5118 -0.4947, 2.1076 -1.4409 -0.4947, 2.097 -1.5118 -0.4855, 2.097 -1.4409 -0.4855, 2.0879 -1.5118 -0.4748, 2.0879 -1.4409 -0.4748, 2.0807 -1.5118 -0.4628, 2.0807 -1.4409 -0.4628, 2.0755 -1.5118 -0.4499, 2.0755 -1.4409 -0.4499, 2.0723 -1.5118 -0.4362, 2.0723 -1.4409 -0.4362, 2.0442 -1.4409 -0.2461, 2.0442 -1.5118 -0.2461, 1.9685 -1.4409 -0.2461, 1.9685 -1.5118 -0.2461, 1.9685 -1.4409 -0.1476, 1.9685 -1.5118 -0.1476, 2.0526 -1.4409 -0.1476, 2.0526 -1.5118 -0.1476, 2.0666 -1.5118 -0.1487, 2.0666 -1.4409 -0.1487, 2.0802 -1.5118 -0.152, 2.0802 -1.4409 -0.152, 2.0931 -1.5118 -0.1574, 2.0931 -1.4409 -0.1574, 2.105 -1.5118 -0.1648, 2.105 -1.4409 -0.1648, 2.1156 -1.5118 -0.1739, 2.1156 -1.4409 -0.1739, 2.1247 -1.5118 -0.1846, 2.1247 -1.4409 -0.1846, 2.1319 -1.5118 -0.1966, 2.1319 -1.4409 -0.1966, 2.1371 -1.5118 -0.2096, 2.1371 -1.4409 -0.2096, 2.1403 -1.5118 -0.2232, 2.1403 -1.4409 -0.2232, 1.1299 -1.1299 -0.5118, 1.1299 1.1299 -0.5118, 1.1299 -1.1299 -0.4724, 1.1299 1.1299 -0.4724, -1.1299 -1.1299 -0.5118, -1.1299 -1.1299 -0.4724, -1.1299 1.1299 -0.5118, -1.1299 1.1299 -0.4724, -1.1299 1.1299 -0.4724
            ]
        }
        coordIndex [
            0,1,2,-1,2,1,3,-1,4,0,5,-1,5,0,2,-1,6,4,7,-1,7,4,5,-1,8,6,9,-1,9,6,7,-1,8,9,10,-1,8,10,11,-1,11,10,12,-1,11,12,13,-1,13,12,14,-1,13,14,15,-1,15,14,16,-1,15,16,17,-1,17,16,18,-1,17,18,19,-1,19,18,20,-1,19,20,21,-1,21,20,22,-1,21,22,23,-1,23,22,24,-1,23,24,25,-1,25,24,26,-1,25,26,27,-1,28,27,29,-1,29,27,26,-1,30,28,31,-1,31,28,29,-1,32,30,33,-1,33,30,31,-1,34,32,35,-1,35,32,33,-1,34,35,36,-1,34,36,37,-1,37,36,38,-1,37,38,39,-1,39,38,40,-1,39,40,41,-1,41,40,42,-1,41,42,43,-1,43,42,44,-1,43,44,45,-1,45,44,46,-1,45,46,47,-1,47,46,48,-1,47,48,49,-1,49,48,50,-1,49,50,51,-1,51,50,3,-1,51,3,1,-1,49,6,47,-1,47,6,45,-1,0,4,1,-1,1,4,6,-1,1,6,51,-1,51,6,49,-1,39,6,37,-1,37,6,34,-1,39,41,6,-1,6,41,43,-1,6,43,45,-1,17,19,32,-1,32,19,21,-1,32,21,23,-1,28,30,27,-1,27,30,32,-1,27,32,25,-1,25,32,23,-1,11,13,32,-1,32,13,15,-1,32,15,17,-1,34,6,32,-1,32,6,8,-1,32,8,11,-1,7,5,2,-1,33,31,29,-1,38,7,40,-1,40,7,42,-1,38,36,7,-1,7,36,35,-1,7,35,9,-1,9,35,33,-1,2,3,7,-1,7,3,50,-1,7,50,48,-1,48,46,7,-1,7,46,44,-1,7,44,42,-1,33,16,14,-1,29,26,33,-1,33,26,24,-1,33,24,22,-1,22,20,33,-1,33,20,18,-1,33,18,16,-1,14,12,33,-1,33,12,10,-1,33,10,9,-1,52,53,54,-1,54,53,55,-1,56,52,57,-1,57,52,54,-1,58,56,59,-1,59,56,57,-1,58,59,60,-1,58,60,61,-1,61,60,62,-1,61,62,63,-1,63,62,64,-1,63,64,65,-1,65,64,66,-1,65,66,67,-1,67,66,68,-1,67,68,69,-1,69,68,70,-1,69,70,71,-1,71,70,72,-1,71,72,73,-1,73,72,74,-1,73,74,75,-1,75,74,76,-1,75,76,77,-1,78,77,79,-1,79,77,76,-1,80,78,81,-1,81,78,79,-1,82,80,83,-1,83,80,81,-1,84,82,85,-1,85,82,83,-1,84,85,86,-1,84,86,87,-1,87,86,88,-1,87,88,89,-1,89,88,90,-1,89,90,91,-1,91,90,92,-1,91,92,93,-1,93,92,94,-1,93,94,95,-1,95,94,96,-1,95,96,97,-1,97,96,98,-1,97,98,99,-1,99,98,100,-1,99,100,101,-1,101,100,102,-1,101,102,103,-1,53,103,55,-1,55,103,102,-1,53,52,56,-1,78,80,82,-1,56,58,53,-1,53,58,61,-1,53,61,63,-1,73,53,71,-1,71,53,69,-1,73,75,53,-1,53,75,77,-1,53,77,103,-1,103,77,78,-1,103,78,101,-1,82,84,78,-1,78,84,87,-1,78,87,89,-1,63,65,53,-1,53,65,67,-1,53,67,69,-1,89,91,78,-1,78,91,93,-1,78,93,95,-1,95,97,78,-1,78,97,99,-1,78,99,101,-1,57,54,59,-1,59,54,55,-1,59,55,60,-1,83,81,85,-1,85,81,79,-1,85,79,86,-1,66,64,55,-1,55,64,62,-1,55,62,60,-1,74,72,55,-1,98,79,100,-1,100,79,102,-1,98,96,79,-1,79,96,94,-1,79,94,92,-1,92,90,79,-1,79,90,88,-1,79,88,86,-1,102,79,55,-1,55,79,76,-1,55,76,74,-1,72,70,55,-1,55,70,68,-1,55,68,66,-1,104,105,106,-1,106,105,107,-1,108,104,109,-1,109,104,106,-1,110,108,111,-1,111,108,109,-1,112,110,113,-1,113,110,111,-1,112,113,114,-1,112,114,115,-1,115,114,116,-1,115,116,117,-1,117,116,118,-1,117,118,119,-1,119,118,120,-1,119,120,121,-1,121,120,122,-1,121,122,123,-1,123,122,124,-1,123,124,125,-1,125,124,126,-1,125,126,127,-1,127,126,128,-1,127,128,129,-1,129,128,130,-1,129,130,131,-1,132,131,133,-1,133,131,130,-1,134,132,135,-1,135,132,133,-1,136,134,137,-1,137,134,135,-1,138,136,139,-1,139,136,137,-1,138,139,140,-1,138,140,141,-1,141,140,142,-1,141,142,143,-1,143,142,144,-1,143,144,145,-1,145,144,146,-1,145,146,147,-1,147,146,148,-1,147,148,149,-1,149,148,150,-1,149,150,151,-1,151,150,152,-1,151,152,153,-1,153,152,154,-1,153,154,155,-1,155,154,107,-1,155,107,105,-1,153,110,151,-1,151,110,149,-1,104,108,105,-1,105,108,110,-1,105,110,155,-1,155,110,153,-1,143,110,141,-1,141,110,138,-1,143,145,110,-1,110,145,147,-1,110,147,149,-1,121,123,136,-1,136,123,125,-1,136,125,127,-1,132,134,131,-1,131,134,136,-1,131,136,129,-1,129,136,127,-1,115,117,136,-1,136,117,119,-1,136,119,121,-1,138,110,136,-1,136,110,112,-1,136,112,115,-1,111,109,106,-1,137,135,133,-1,142,111,144,-1,144,111,146,-1,142,140,111,-1,111,140,139,-1,111,139,113,-1,113,139,137,-1,106,107,111,-1,111,107,154,-1,111,154,152,-1,152,150,111,-1,111,150,148,-1,111,148,146,-1,137,120,118,-1,133,130,137,-1,137,130,128,-1,137,128,126,-1,126,124,137,-1,137,124,122,-1,137,122,120,-1,118,116,137,-1,137,116,114,-1,137,114,113,-1,156,157,158,-1,158,157,159,-1,160,156,161,-1,161,156,158,-1,162,160,163,-1,163,160,161,-1,162,163,164,-1,162,164,165,-1,165,164,166,-1,165,166,167,-1,167,166,168,-1,167,168,169,-1,169,168,170,-1,169,170,171,-1,171,170,172,-1,171,172,173,-1,173,172,174,-1,173,174,175,-1,175,174,176,-1,175,176,177,-1,177,176,178,-1,177,178,179,-1,179,178,180,-1,179,180,181,-1,182,181,183,-1,183,181,180,-1,184,182,185,-1,185,182,183,-1,186,184,187,-1,187,184,185,-1,188,186,189,-1,189,186,187,-1,188,189,190,-1,188,190,191,-1,191,190,192,-1,191,192,193,-1,193,192,194,-1,193,194,195,-1,195,194,196,-1,195,196,197,-1,197,196,198,-1,197,198,199,-1,199,198,200,-1,199,200,201,-1,201,200,202,-1,201,202,203,-1,203,202,204,-1,203,204,205,-1,205,204,206,-1,205,206,207,-1,157,207,159,-1,159,207,206,-1,157,156,160,-1,182,184,186,-1,160,162,157,-1,157,162,165,-1,157,165,167,-1,177,157,175,-1,175,157,173,-1,177,179,157,-1,157,179,181,-1,157,181,207,-1,207,181,182,-1,207,182,205,-1,186,188,182,-1,182,188,191,-1,182,191,193,-1,167,169,157,-1,157,169,171,-1,157,171,173,-1,193,195,182,-1,182,195,197,-1,182,197,199,-1,199,201,182,-1,182,201,203,-1,182,203,205,-1,161,158,163,-1,163,158,159,-1,163,159,164,-1,187,185,189,-1,189,185,183,-1,189,183,190,-1,170,168,159,-1,159,168,166,-1,159,166,164,-1,178,176,159,-1,202,183,204,-1,204,183,206,-1,202,200,183,-1,183,200,198,-1,183,198,196,-1,196,194,183,-1,183,194,192,-1,183,192,190,-1,206,183,159,-1,159,183,180,-1,159,180,178,-1,176,174,159,-1,159,174,172,-1,159,172,170,-1,208,209,210,-1,210,209,211,-1,212,208,213,-1,213,208,210,-1,214,212,215,-1,215,212,213,-1,216,214,217,-1,217,214,215,-1,216,217,218,-1,216,218,219,-1,219,218,220,-1,219,220,221,-1,221,220,222,-1,221,222,223,-1,223,222,224,-1,223,224,225,-1,225,224,226,-1,225,226,227,-1,227,226,228,-1,227,228,229,-1,229,228,230,-1,229,230,231,-1,231,230,232,-1,231,232,233,-1,233,232,234,-1,233,234,235,-1,236,235,237,-1,237,235,234,-1,238,236,239,-1,239,236,237,-1,240,238,241,-1,241,238,239,-1,242,240,243,-1,243,240,241,-1,242,243,244,-1,242,244,245,-1,245,244,246,-1,245,246,247,-1,247,246,248,-1,247,248,249,-1,249,248,250,-1,249,250,251,-1,251,250,252,-1,251,252,253,-1,253,252,254,-1,253,254,255,-1,255,254,256,-1,255,256,257,-1,257,256,258,-1,257,258,259,-1,259,258,211,-1,259,211,209,-1,257,214,255,-1,255,214,253,-1,208,212,209,-1,209,212,214,-1,209,214,259,-1,259,214,257,-1,247,214,245,-1,245,214,242,-1,247,249,214,-1,214,249,251,-1,214,251,253,-1,225,227,240,-1,240,227,229,-1,240,229,231,-1,236,238,235,-1,235,238,240,-1,235,240,233,-1,233,240,231,-1,219,221,240,-1,240,221,223,-1,240,223,225,-1,242,214,240,-1,240,214,216,-1,240,216,219,-1,215,213,210,-1,241,239,237,-1,246,215,248,-1,248,215,250,-1,246,244,215,-1,215,244,243,-1,215,243,217,-1,217,243,241,-1,210,211,215,-1,215,211,258,-1,215,258,256,-1,256,254,215,-1,215,254,252,-1,215,252,250,-1,241,224,222,-1,237,234,241,-1,241,234,232,-1,241,232,230,-1,230,228,241,-1,241,228,226,-1,241,226,224,-1,222,220,241,-1,241,220,218,-1,241,218,217,-1,260,261,262,-1,262,261,263,-1,264,260,265,-1,265,260,262,-1,266,264,267,-1,267,264,265,-1,266,267,268,-1,266,268,269,-1,269,268,270,-1,269,270,271,-1,271,270,272,-1,271,272,273,-1,273,272,274,-1,273,274,275,-1,275,274,276,-1,275,276,277,-1,277,276,278,-1,277,278,279,-1,279,278,280,-1,279,280,281,-1,281,280,282,-1,281,282,283,-1,283,282,284,-1,283,284,285,-1,286,285,287,-1,287,285,284,-1,288,286,289,-1,289,286,287,-1,290,288,291,-1,291,288,289,-1,292,290,293,-1,293,290,291,-1,292,293,294,-1,292,294,295,-1,295,294,296,-1,295,296,297,-1,297,296,298,-1,297,298,299,-1,299,298,300,-1,299,300,301,-1,301,300,302,-1,301,302,303,-1,303,302,304,-1,303,304,305,-1,305,304,306,-1,305,306,307,-1,307,306,308,-1,307,308,309,-1,309,308,310,-1,309,310,311,-1,261,311,263,-1,263,311,310,-1,261,260,264,-1,286,288,290,-1,264,266,261,-1,261,266,269,-1,261,269,271,-1,281,261,279,-1,279,261,277,-1,281,283,261,-1,261,283,285,-1,261,285,311,-1,311,285,286,-1,311,286,309,-1,290,292,286,-1,286,292,295,-1,286,295,297,-1,271,273,261,-1,261,273,275,-1,261,275,277,-1,297,299,286,-1,286,299,301,-1,286,301,303,-1,303,305,286,-1,286,305,307,-1,286,307,309,-1,265,262,267,-1,267,262,263,-1,267,263,268,-1,291,289,293,-1,293,289,287,-1,293,287,294,-1,274,272,263,-1,263,272,270,-1,263,270,268,-1,282,280,263,-1,306,287,308,-1,308,287,310,-1,306,304,287,-1,287,304,302,-1,287,302,300,-1,300,298,287,-1,287,298,296,-1,287,296,294,-1,310,287,263,-1,263,287,284,-1,263,284,282,-1,280,278,263,-1,263,278,276,-1,263,276,274,-1,312,313,314,-1,314,313,315,-1,316,312,317,-1,317,312,314,-1,318,316,319,-1,319,316,317,-1,320,318,321,-1,321,318,319,-1,320,321,322,-1,320,322,323,-1,323,322,324,-1,323,324,325,-1,325,324,326,-1,325,326,327,-1,327,326,328,-1,327,328,329,-1,329,328,330,-1,329,330,331,-1,331,330,332,-1,331,332,333,-1,333,332,334,-1,333,334,335,-1,335,334,336,-1,335,336,337,-1,337,336,338,-1,337,338,339,-1,340,339,341,-1,341,339,338,-1,342,340,343,-1,343,340,341,-1,344,342,345,-1,345,342,343,-1,346,344,347,-1,347,344,345,-1,346,347,348,-1,346,348,349,-1,349,348,350,-1,349,350,351,-1,351,350,352,-1,351,352,353,-1,353,352,354,-1,353,354,355,-1,355,354,356,-1,355,356,357,-1,357,356,358,-1,357,358,359,-1,359,358,360,-1,359,360,361,-1,361,360,362,-1,361,362,363,-1,363,362,315,-1,363,315,313,-1,361,318,359,-1,359,318,357,-1,312,316,313,-1,313,316,318,-1,313,318,363,-1,363,318,361,-1,351,318,349,-1,349,318,346,-1,351,353,318,-1,318,353,355,-1,318,355,357,-1,329,331,344,-1,344,331,333,-1,344,333,335,-1,340,342,339,-1,339,342,344,-1,339,344,337,-1,337,344,335,-1,323,325,344,-1,344,325,327,-1,344,327,329,-1,346,318,344,-1,344,318,320,-1,344,320,323,-1,319,317,314,-1,345,343,341,-1,350,319,352,-1,352,319,354,-1,350,348,319,-1,319,348,347,-1,319,347,321,-1,321,347,345,-1,314,315,319,-1,319,315,362,-1,319,362,360,-1,360,358,319,-1,319,358,356,-1,319,356,354,-1,345,328,326,-1,341,338,345,-1,345,338,336,-1,345,336,334,-1,334,332,345,-1,345,332,330,-1,345,330,328,-1,326,324,345,-1,345,324,322,-1,345,322,321,-1,364,365,366,-1,366,365,367,-1,368,364,369,-1,369,364,366,-1,370,368,371,-1,371,368,369,-1,370,371,372,-1,370,372,373,-1,373,372,374,-1,373,374,375,-1,375,374,376,-1,375,376,377,-1,377,376,378,-1,377,378,379,-1,379,378,380,-1,379,380,381,-1,381,380,382,-1,381,382,383,-1,383,382,384,-1,383,384,385,-1,385,384,386,-1,385,386,387,-1,387,386,388,-1,387,388,389,-1,390,389,391,-1,391,389,388,-1,392,390,393,-1,393,390,391,-1,394,392,395,-1,395,392,393,-1,396,394,397,-1,397,394,395,-1,396,397,398,-1,396,398,399,-1,399,398,400,-1,399,400,401,-1,401,400,402,-1,401,402,403,-1,403,402,404,-1,403,404,405,-1,405,404,406,-1,405,406,407,-1,407,406,408,-1,407,408,409,-1,409,408,410,-1,409,410,411,-1,411,410,412,-1,411,412,413,-1,413,412,414,-1,413,414,415,-1,365,415,367,-1,367,415,414,-1,365,364,368,-1,390,392,394,-1,368,370,365,-1,365,370,373,-1,365,373,375,-1,385,365,383,-1,383,365,381,-1,385,387,365,-1,365,387,389,-1,365,389,415,-1,415,389,390,-1,415,390,413,-1,394,396,390,-1,390,396,399,-1,390,399,401,-1,375,377,365,-1,365,377,379,-1,365,379,381,-1,401,403,390,-1,390,403,405,-1,390,405,407,-1,407,409,390,-1,390,409,411,-1,390,411,413,-1,369,366,371,-1,371,366,367,-1,371,367,372,-1,395,393,397,-1,397,393,391,-1,397,391,398,-1,378,376,367,-1,367,376,374,-1,367,374,372,-1,386,384,367,-1,410,391,412,-1,412,391,414,-1,410,408,391,-1,391,408,406,-1,391,406,404,-1,404,402,391,-1,391,402,400,-1,391,400,398,-1,414,391,367,-1,367,391,388,-1,367,388,386,-1,384,382,367,-1,367,382,380,-1,367,380,378,-1,416,417,418,-1,418,417,419,-1,420,416,421,-1,421,416,418,-1,422,420,423,-1,423,420,421,-1,424,422,425,-1,425,422,423,-1,424,425,426,-1,424,426,427,-1,427,426,428,-1,427,428,429,-1,429,428,430,-1,429,430,431,-1,431,430,432,-1,431,432,433,-1,433,432,434,-1,433,434,435,-1,435,434,436,-1,435,436,437,-1,437,436,438,-1,437,438,439,-1,439,438,440,-1,439,440,441,-1,441,440,442,-1,441,442,443,-1,444,443,445,-1,445,443,442,-1,446,444,447,-1,447,444,445,-1,448,446,449,-1,449,446,447,-1,450,448,451,-1,451,448,449,-1,450,451,452,-1,450,452,453,-1,453,452,454,-1,453,454,455,-1,455,454,456,-1,455,456,457,-1,457,456,458,-1,457,458,459,-1,459,458,460,-1,459,460,461,-1,461,460,462,-1,461,462,463,-1,463,462,464,-1,463,464,465,-1,465,464,466,-1,465,466,467,-1,467,466,419,-1,467,419,417,-1,465,422,463,-1,463,422,461,-1,416,420,417,-1,417,420,422,-1,417,422,467,-1,467,422,465,-1,455,422,453,-1,453,422,450,-1,455,457,422,-1,422,457,459,-1,422,459,461,-1,433,435,448,-1,448,435,437,-1,448,437,439,-1,444,446,443,-1,443,446,448,-1,443,448,441,-1,441,448,439,-1,427,429,448,-1,448,429,431,-1,448,431,433,-1,450,422,448,-1,448,422,424,-1,448,424,427,-1,423,421,418,-1,449,447,445,-1,454,423,456,-1,456,423,458,-1,454,452,423,-1,423,452,451,-1,423,451,425,-1,425,451,449,-1,418,419,423,-1,423,419,466,-1,423,466,464,-1,464,462,423,-1,423,462,460,-1,423,460,458,-1,449,432,430,-1,445,442,449,-1,449,442,440,-1,449,440,438,-1,438,436,449,-1,449,436,434,-1,449,434,432,-1,430,428,449,-1,449,428,426,-1,449,426,425,-1,468,469,470,-1,470,469,471,-1,472,468,473,-1,473,468,470,-1,474,472,475,-1,475,472,473,-1,474,475,476,-1,474,476,477,-1,477,476,478,-1,477,478,479,-1,479,478,480,-1,479,480,481,-1,481,480,482,-1,481,482,483,-1,483,482,484,-1,483,484,485,-1,485,484,486,-1,485,486,487,-1,487,486,488,-1,487,488,489,-1,489,488,490,-1,489,490,491,-1,491,490,492,-1,491,492,493,-1,494,493,495,-1,495,493,492,-1,496,494,497,-1,497,494,495,-1,498,496,499,-1,499,496,497,-1,500,498,501,-1,501,498,499,-1,500,501,502,-1,500,502,503,-1,503,502,504,-1,503,504,505,-1,505,504,506,-1,505,506,507,-1,507,506,508,-1,507,508,509,-1,509,508,510,-1,509,510,511,-1,511,510,512,-1,511,512,513,-1,513,512,514,-1,513,514,515,-1,515,514,516,-1,515,516,517,-1,517,516,518,-1,517,518,519,-1,469,519,471,-1,471,519,518,-1,469,468,472,-1,494,496,498,-1,472,474,469,-1,469,474,477,-1,469,477,479,-1,489,469,487,-1,487,469,485,-1,489,491,469,-1,469,491,493,-1,469,493,519,-1,519,493,494,-1,519,494,517,-1,498,500,494,-1,494,500,503,-1,494,503,505,-1,479,481,469,-1,469,481,483,-1,469,483,485,-1,505,507,494,-1,494,507,509,-1,494,509,511,-1,511,513,494,-1,494,513,515,-1,494,515,517,-1,473,470,475,-1,475,470,471,-1,475,471,476,-1,499,497,501,-1,501,497,495,-1,501,495,502,-1,482,480,471,-1,471,480,478,-1,471,478,476,-1,490,488,471,-1,514,495,516,-1,516,495,518,-1,514,512,495,-1,495,512,510,-1,495,510,508,-1,508,506,495,-1,495,506,504,-1,495,504,502,-1,518,495,471,-1,471,495,492,-1,471,492,490,-1,488,486,471,-1,471,486,484,-1,471,484,482,-1,520,521,522,-1,522,521,523,-1,524,520,525,-1,525,520,522,-1,526,524,527,-1,527,524,525,-1,528,526,529,-1,529,526,527,-1,528,529,530,-1,528,530,531,-1,531,530,532,-1,531,532,533,-1,533,532,534,-1,533,534,535,-1,535,534,536,-1,535,536,537,-1,537,536,538,-1,537,538,539,-1,539,538,540,-1,539,540,541,-1,541,540,542,-1,541,542,543,-1,543,542,544,-1,543,544,545,-1,545,544,546,-1,545,546,547,-1,548,547,549,-1,549,547,546,-1,550,548,551,-1,551,548,549,-1,552,550,553,-1,553,550,551,-1,554,552,555,-1,555,552,553,-1,554,555,556,-1,554,556,557,-1,557,556,558,-1,557,558,559,-1,559,558,560,-1,559,560,561,-1,561,560,562,-1,561,562,563,-1,563,562,564,-1,563,564,565,-1,565,564,566,-1,565,566,567,-1,567,566,568,-1,567,568,569,-1,569,568,570,-1,569,570,571,-1,571,570,523,-1,571,523,521,-1,569,526,567,-1,567,526,565,-1,520,524,521,-1,521,524,526,-1,521,526,571,-1,571,526,569,-1,559,526,557,-1,557,526,554,-1,559,561,526,-1,526,561,563,-1,526,563,565,-1,537,539,552,-1,552,539,541,-1,552,541,543,-1,548,550,547,-1,547,550,552,-1,547,552,545,-1,545,552,543,-1,531,533,552,-1,552,533,535,-1,552,535,537,-1,554,526,552,-1,552,526,528,-1,552,528,531,-1,527,525,522,-1,553,551,549,-1,558,527,560,-1,560,527,562,-1,558,556,527,-1,527,556,555,-1,527,555,529,-1,529,555,553,-1,522,523,527,-1,527,523,570,-1,527,570,568,-1,568,566,527,-1,527,566,564,-1,527,564,562,-1,553,536,534,-1,549,546,553,-1,553,546,544,-1,553,544,542,-1,542,540,553,-1,553,540,538,-1,553,538,536,-1,534,532,553,-1,553,532,530,-1,553,530,529,-1,572,573,574,-1,574,573,575,-1,576,572,577,-1,577,572,574,-1,578,576,579,-1,579,576,577,-1,578,579,580,-1,578,580,581,-1,581,580,582,-1,581,582,583,-1,583,582,584,-1,583,584,585,-1,585,584,586,-1,585,586,587,-1,587,586,588,-1,587,588,589,-1,589,588,590,-1,589,590,591,-1,591,590,592,-1,591,592,593,-1,593,592,594,-1,593,594,595,-1,595,594,596,-1,595,596,597,-1,598,597,599,-1,599,597,596,-1,600,598,601,-1,601,598,599,-1,602,600,603,-1,603,600,601,-1,604,602,605,-1,605,602,603,-1,604,605,606,-1,604,606,607,-1,607,606,608,-1,607,608,609,-1,609,608,610,-1,609,610,611,-1,611,610,612,-1,611,612,613,-1,613,612,614,-1,613,614,615,-1,615,614,616,-1,615,616,617,-1,617,616,618,-1,617,618,619,-1,619,618,620,-1,619,620,621,-1,621,620,622,-1,621,622,623,-1,573,623,575,-1,575,623,622,-1,573,572,576,-1,598,600,602,-1,576,578,573,-1,573,578,581,-1,573,581,583,-1,593,573,591,-1,591,573,589,-1,593,595,573,-1,573,595,597,-1,573,597,623,-1,623,597,598,-1,623,598,621,-1,602,604,598,-1,598,604,607,-1,598,607,609,-1,583,585,573,-1,573,585,587,-1,573,587,589,-1,609,611,598,-1,598,611,613,-1,598,613,615,-1,615,617,598,-1,598,617,619,-1,598,619,621,-1,577,574,579,-1,579,574,575,-1,579,575,580,-1,603,601,605,-1,605,601,599,-1,605,599,606,-1,586,584,575,-1,575,584,582,-1,575,582,580,-1,594,592,575,-1,618,599,620,-1,620,599,622,-1,618,616,599,-1,599,616,614,-1,599,614,612,-1,612,610,599,-1,599,610,608,-1,599,608,606,-1,622,599,575,-1,575,599,596,-1,575,596,594,-1,592,590,575,-1,575,590,588,-1,575,588,586,-1,624,625,626,-1,626,625,627,-1,628,624,629,-1,629,624,626,-1,630,628,631,-1,631,628,629,-1,632,630,633,-1,633,630,631,-1,632,633,634,-1,632,634,635,-1,635,634,636,-1,635,636,637,-1,637,636,638,-1,637,638,639,-1,639,638,640,-1,639,640,641,-1,641,640,642,-1,641,642,643,-1,643,642,644,-1,643,644,645,-1,645,644,646,-1,645,646,647,-1,647,646,648,-1,647,648,649,-1,649,648,650,-1,649,650,651,-1,652,651,653,-1,653,651,650,-1,654,652,655,-1,655,652,653,-1,656,654,657,-1,657,654,655,-1,658,656,659,-1,659,656,657,-1,658,659,660,-1,658,660,661,-1,661,660,662,-1,661,662,663,-1,663,662,664,-1,663,664,665,-1,665,664,666,-1,665,666,667,-1,667,666,668,-1,667,668,669,-1,669,668,670,-1,669,670,671,-1,671,670,672,-1,671,672,673,-1,673,672,674,-1,673,674,675,-1,675,674,627,-1,675,627,625,-1,673,630,671,-1,671,630,669,-1,624,628,625,-1,625,628,630,-1,625,630,675,-1,675,630,673,-1,663,630,661,-1,661,630,658,-1,663,665,630,-1,630,665,667,-1,630,667,669,-1,641,643,656,-1,656,643,645,-1,656,645,647,-1,652,654,651,-1,651,654,656,-1,651,656,649,-1,649,656,647,-1,635,637,656,-1,656,637,639,-1,656,639,641,-1,658,630,656,-1,656,630,632,-1,656,632,635,-1,631,629,626,-1,657,655,653,-1,662,631,664,-1,664,631,666,-1,662,660,631,-1,631,660,659,-1,631,659,633,-1,633,659,657,-1,626,627,631,-1,631,627,674,-1,631,674,672,-1,672,670,631,-1,631,670,668,-1,631,668,666,-1,657,640,638,-1,653,650,657,-1,657,650,648,-1,657,648,646,-1,646,644,657,-1,657,644,642,-1,657,642,640,-1,638,636,657,-1,657,636,634,-1,657,634,633,-1,676,677,678,-1,678,677,679,-1,680,676,681,-1,681,676,678,-1,682,680,683,-1,683,680,681,-1,682,683,684,-1,682,684,685,-1,685,684,686,-1,685,686,687,-1,687,686,688,-1,687,688,689,-1,689,688,690,-1,689,690,691,-1,691,690,692,-1,691,692,693,-1,693,692,694,-1,693,694,695,-1,695,694,696,-1,695,696,697,-1,697,696,698,-1,697,698,699,-1,699,698,700,-1,699,700,701,-1,702,701,703,-1,703,701,700,-1,704,702,705,-1,705,702,703,-1,706,704,707,-1,707,704,705,-1,708,706,709,-1,709,706,707,-1,708,709,710,-1,708,710,711,-1,711,710,712,-1,711,712,713,-1,713,712,714,-1,713,714,715,-1,715,714,716,-1,715,716,717,-1,717,716,718,-1,717,718,719,-1,719,718,720,-1,719,720,721,-1,721,720,722,-1,721,722,723,-1,723,722,724,-1,723,724,725,-1,725,724,726,-1,725,726,727,-1,677,727,679,-1,679,727,726,-1,677,676,680,-1,702,704,706,-1,680,682,677,-1,677,682,685,-1,677,685,687,-1,697,677,695,-1,695,677,693,-1,697,699,677,-1,677,699,701,-1,677,701,727,-1,727,701,702,-1,727,702,725,-1,706,708,702,-1,702,708,711,-1,702,711,713,-1,687,689,677,-1,677,689,691,-1,677,691,693,-1,713,715,702,-1,702,715,717,-1,702,717,719,-1,719,721,702,-1,702,721,723,-1,702,723,725,-1,681,678,683,-1,683,678,679,-1,683,679,684,-1,707,705,709,-1,709,705,703,-1,709,703,710,-1,690,688,679,-1,679,688,686,-1,679,686,684,-1,698,696,679,-1,722,703,724,-1,724,703,726,-1,722,720,703,-1,703,720,718,-1,703,718,716,-1,716,714,703,-1,703,714,712,-1,703,712,710,-1,726,703,679,-1,679,703,700,-1,679,700,698,-1,696,694,679,-1,679,694,692,-1,679,692,690,-1,728,729,730,-1,730,729,731,-1,732,728,733,-1,733,728,730,-1,734,732,735,-1,735,732,733,-1,736,734,737,-1,737,734,735,-1,736,737,738,-1,736,738,739,-1,739,738,740,-1,739,740,741,-1,741,740,742,-1,741,742,743,-1,743,742,744,-1,743,744,745,-1,745,744,746,-1,745,746,747,-1,747,746,748,-1,747,748,749,-1,749,748,750,-1,749,750,751,-1,751,750,752,-1,751,752,753,-1,753,752,754,-1,753,754,755,-1,756,755,757,-1,757,755,754,-1,758,756,759,-1,759,756,757,-1,760,758,761,-1,761,758,759,-1,762,760,763,-1,763,760,761,-1,762,763,764,-1,762,764,765,-1,765,764,766,-1,765,766,767,-1,767,766,768,-1,767,768,769,-1,769,768,770,-1,769,770,771,-1,771,770,772,-1,771,772,773,-1,773,772,774,-1,773,774,775,-1,775,774,776,-1,775,776,777,-1,777,776,778,-1,777,778,779,-1,779,778,731,-1,779,731,729,-1,777,734,775,-1,775,734,773,-1,728,732,729,-1,729,732,734,-1,729,734,779,-1,779,734,777,-1,767,734,765,-1,765,734,762,-1,767,769,734,-1,734,769,771,-1,734,771,773,-1,745,747,760,-1,760,747,749,-1,760,749,751,-1,756,758,755,-1,755,758,760,-1,755,760,753,-1,753,760,751,-1,739,741,760,-1,760,741,743,-1,760,743,745,-1,762,734,760,-1,760,734,736,-1,760,736,739,-1,735,733,730,-1,761,759,757,-1,766,735,768,-1,768,735,770,-1,766,764,735,-1,735,764,763,-1,735,763,737,-1,737,763,761,-1,730,731,735,-1,735,731,778,-1,735,778,776,-1,776,774,735,-1,735,774,772,-1,735,772,770,-1,761,744,742,-1,757,754,761,-1,761,754,752,-1,761,752,750,-1,750,748,761,-1,761,748,746,-1,761,746,744,-1,742,740,761,-1,761,740,738,-1,761,738,737,-1,780,781,782,-1,782,781,783,-1,784,780,785,-1,785,780,782,-1,786,784,787,-1,787,784,785,-1,786,787,788,-1,786,788,789,-1,789,788,790,-1,789,790,791,-1,791,790,792,-1,791,792,793,-1,793,792,794,-1,793,794,795,-1,795,794,796,-1,795,796,797,-1,797,796,798,-1,797,798,799,-1,799,798,800,-1,799,800,801,-1,801,800,802,-1,801,802,803,-1,803,802,804,-1,803,804,805,-1,806,805,807,-1,807,805,804,-1,808,806,809,-1,809,806,807,-1,810,808,811,-1,811,808,809,-1,812,810,813,-1,813,810,811,-1,812,813,814,-1,812,814,815,-1,815,814,816,-1,815,816,817,-1,817,816,818,-1,817,818,819,-1,819,818,820,-1,819,820,821,-1,821,820,822,-1,821,822,823,-1,823,822,824,-1,823,824,825,-1,825,824,826,-1,825,826,827,-1,827,826,828,-1,827,828,829,-1,829,828,830,-1,829,830,831,-1,781,831,783,-1,783,831,830,-1,781,780,784,-1,806,808,810,-1,784,786,781,-1,781,786,789,-1,781,789,791,-1,801,781,799,-1,799,781,797,-1,801,803,781,-1,781,803,805,-1,781,805,831,-1,831,805,806,-1,831,806,829,-1,810,812,806,-1,806,812,815,-1,806,815,817,-1,791,793,781,-1,781,793,795,-1,781,795,797,-1,817,819,806,-1,806,819,821,-1,806,821,823,-1,823,825,806,-1,806,825,827,-1,806,827,829,-1,785,782,787,-1,787,782,783,-1,787,783,788,-1,811,809,813,-1,813,809,807,-1,813,807,814,-1,794,792,783,-1,783,792,790,-1,783,790,788,-1,802,800,783,-1,826,807,828,-1,828,807,830,-1,826,824,807,-1,807,824,822,-1,807,822,820,-1,820,818,807,-1,807,818,816,-1,807,816,814,-1,830,807,783,-1,783,807,804,-1,783,804,802,-1,800,798,783,-1,783,798,796,-1,783,796,794,-1,832,833,834,-1,834,833,835,-1,836,832,837,-1,837,832,834,-1,838,836,839,-1,839,836,837,-1,840,838,841,-1,841,838,839,-1,840,841,842,-1,840,842,843,-1,843,842,844,-1,843,844,845,-1,845,844,846,-1,845,846,847,-1,847,846,848,-1,847,848,849,-1,849,848,850,-1,849,850,851,-1,851,850,852,-1,851,852,853,-1,853,852,854,-1,853,854,855,-1,855,854,856,-1,855,856,857,-1,857,856,858,-1,857,858,859,-1,860,859,861,-1,861,859,858,-1,862,860,863,-1,863,860,861,-1,864,862,865,-1,865,862,863,-1,866,864,867,-1,867,864,865,-1,866,867,868,-1,866,868,869,-1,869,868,870,-1,869,870,871,-1,871,870,872,-1,871,872,873,-1,873,872,874,-1,873,874,875,-1,875,874,876,-1,875,876,877,-1,877,876,878,-1,877,878,879,-1,879,878,880,-1,879,880,881,-1,881,880,882,-1,881,882,883,-1,883,882,835,-1,883,835,833,-1,881,838,879,-1,879,838,877,-1,832,836,833,-1,833,836,838,-1,833,838,883,-1,883,838,881,-1,871,838,869,-1,869,838,866,-1,871,873,838,-1,838,873,875,-1,838,875,877,-1,849,851,864,-1,864,851,853,-1,864,853,855,-1,860,862,859,-1,859,862,864,-1,859,864,857,-1,857,864,855,-1,843,845,864,-1,864,845,847,-1,864,847,849,-1,866,838,864,-1,864,838,840,-1,864,840,843,-1,839,837,834,-1,865,863,861,-1,870,839,872,-1,872,839,874,-1,870,868,839,-1,839,868,867,-1,839,867,841,-1,841,867,865,-1,834,835,839,-1,839,835,882,-1,839,882,880,-1,880,878,839,-1,839,878,876,-1,839,876,874,-1,865,848,846,-1,861,858,865,-1,865,858,856,-1,865,856,854,-1,854,852,865,-1,865,852,850,-1,865,850,848,-1,846,844,865,-1,865,844,842,-1,865,842,841,-1,884,885,886,-1,886,885,887,-1,888,884,889,-1,889,884,886,-1,890,888,891,-1,891,888,889,-1,890,891,892,-1,890,892,893,-1,893,892,894,-1,893,894,895,-1,895,894,896,-1,895,896,897,-1,897,896,898,-1,897,898,899,-1,899,898,900,-1,899,900,901,-1,901,900,902,-1,901,902,903,-1,903,902,904,-1,903,904,905,-1,905,904,906,-1,905,906,907,-1,907,906,908,-1,907,908,909,-1,910,909,911,-1,911,909,908,-1,912,910,913,-1,913,910,911,-1,914,912,915,-1,915,912,913,-1,916,914,917,-1,917,914,915,-1,916,917,918,-1,916,918,919,-1,919,918,920,-1,919,920,921,-1,921,920,922,-1,921,922,923,-1,923,922,924,-1,923,924,925,-1,925,924,926,-1,925,926,927,-1,927,926,928,-1,927,928,929,-1,929,928,930,-1,929,930,931,-1,931,930,932,-1,931,932,933,-1,933,932,934,-1,933,934,935,-1,885,935,887,-1,887,935,934,-1,885,884,888,-1,910,912,914,-1,888,890,885,-1,885,890,893,-1,885,893,895,-1,905,885,903,-1,903,885,901,-1,905,907,885,-1,885,907,909,-1,885,909,935,-1,935,909,910,-1,935,910,933,-1,914,916,910,-1,910,916,919,-1,910,919,921,-1,895,897,885,-1,885,897,899,-1,885,899,901,-1,921,923,910,-1,910,923,925,-1,910,925,927,-1,927,929,910,-1,910,929,931,-1,910,931,933,-1,889,886,891,-1,891,886,887,-1,891,887,892,-1,915,913,917,-1,917,913,911,-1,917,911,918,-1,898,896,887,-1,887,896,894,-1,887,894,892,-1,906,904,887,-1,930,911,932,-1,932,911,934,-1,930,928,911,-1,911,928,926,-1,911,926,924,-1,924,922,911,-1,911,922,920,-1,911,920,918,-1,934,911,887,-1,887,911,908,-1,887,908,906,-1,904,902,887,-1,887,902,900,-1,887,900,898,-1,936,937,938,-1,938,937,939,-1,940,936,941,-1,941,936,938,-1,942,940,943,-1,943,940,941,-1,944,942,945,-1,945,942,943,-1,944,945,946,-1,944,946,947,-1,947,946,948,-1,947,948,949,-1,949,948,950,-1,949,950,951,-1,951,950,952,-1,951,952,953,-1,953,952,954,-1,953,954,955,-1,955,954,956,-1,955,956,957,-1,957,956,958,-1,957,958,959,-1,959,958,960,-1,959,960,961,-1,961,960,962,-1,961,962,963,-1,964,963,965,-1,965,963,962,-1,966,964,967,-1,967,964,965,-1,968,966,969,-1,969,966,967,-1,970,968,971,-1,971,968,969,-1,970,971,972,-1,970,972,973,-1,973,972,974,-1,973,974,975,-1,975,974,976,-1,975,976,977,-1,977,976,978,-1,977,978,979,-1,979,978,980,-1,979,980,981,-1,981,980,982,-1,981,982,983,-1,983,982,984,-1,983,984,985,-1,985,984,986,-1,985,986,987,-1,987,986,939,-1,987,939,937,-1,985,942,983,-1,983,942,981,-1,936,940,937,-1,937,940,942,-1,937,942,987,-1,987,942,985,-1,975,942,973,-1,973,942,970,-1,975,977,942,-1,942,977,979,-1,942,979,981,-1,953,955,968,-1,968,955,957,-1,968,957,959,-1,964,966,963,-1,963,966,968,-1,963,968,961,-1,961,968,959,-1,947,949,968,-1,968,949,951,-1,968,951,953,-1,970,942,968,-1,968,942,944,-1,968,944,947,-1,943,941,938,-1,969,967,965,-1,974,943,976,-1,976,943,978,-1,974,972,943,-1,943,972,971,-1,943,971,945,-1,945,971,969,-1,938,939,943,-1,943,939,986,-1,943,986,984,-1,984,982,943,-1,943,982,980,-1,943,980,978,-1,969,952,950,-1,965,962,969,-1,969,962,960,-1,969,960,958,-1,958,956,969,-1,969,956,954,-1,969,954,952,-1,950,948,969,-1,969,948,946,-1,969,946,945,-1,988,989,990,-1,990,989,991,-1,992,988,993,-1,993,988,990,-1,994,992,995,-1,995,992,993,-1,994,995,996,-1,994,996,997,-1,997,996,998,-1,997,998,999,-1,999,998,1000,-1,999,1000,1001,-1,1001,1000,1002,-1,1001,1002,1003,-1,1003,1002,1004,-1,1003,1004,1005,-1,1005,1004,1006,-1,1005,1006,1007,-1,1007,1006,1008,-1,1007,1008,1009,-1,1009,1008,1010,-1,1009,1010,1011,-1,1011,1010,1012,-1,1011,1012,1013,-1,1014,1013,1015,-1,1015,1013,1012,-1,1016,1014,1017,-1,1017,1014,1015,-1,1018,1016,1019,-1,1019,1016,1017,-1,1020,1018,1021,-1,1021,1018,1019,-1,1020,1021,1022,-1,1020,1022,1023,-1,1023,1022,1024,-1,1023,1024,1025,-1,1025,1024,1026,-1,1025,1026,1027,-1,1027,1026,1028,-1,1027,1028,1029,-1,1029,1028,1030,-1,1029,1030,1031,-1,1031,1030,1032,-1,1031,1032,1033,-1,1033,1032,1034,-1,1033,1034,1035,-1,1035,1034,1036,-1,1035,1036,1037,-1,1037,1036,1038,-1,1037,1038,1039,-1,989,1039,991,-1,991,1039,1038,-1,989,988,992,-1,1014,1016,1018,-1,992,994,989,-1,989,994,997,-1,989,997,999,-1,1009,989,1007,-1,1007,989,1005,-1,1009,1011,989,-1,989,1011,1013,-1,989,1013,1039,-1,1039,1013,1014,-1,1039,1014,1037,-1,1018,1020,1014,-1,1014,1020,1023,-1,1014,1023,1025,-1,999,1001,989,-1,989,1001,1003,-1,989,1003,1005,-1,1025,1027,1014,-1,1014,1027,1029,-1,1014,1029,1031,-1,1031,1033,1014,-1,1014,1033,1035,-1,1014,1035,1037,-1,993,990,995,-1,995,990,991,-1,995,991,996,-1,1019,1017,1021,-1,1021,1017,1015,-1,1021,1015,1022,-1,1002,1000,991,-1,991,1000,998,-1,991,998,996,-1,1010,1008,991,-1,1034,1015,1036,-1,1036,1015,1038,-1,1034,1032,1015,-1,1015,1032,1030,-1,1015,1030,1028,-1,1028,1026,1015,-1,1015,1026,1024,-1,1015,1024,1022,-1,1038,1015,991,-1,991,1015,1012,-1,991,1012,1010,-1,1008,1006,991,-1,991,1006,1004,-1,991,1004,1002,-1,1040,1041,1042,-1,1042,1041,1043,-1,1044,1040,1045,-1,1045,1040,1042,-1,1046,1044,1047,-1,1047,1044,1045,-1,1048,1046,1049,-1,1049,1046,1047,-1,1048,1049,1050,-1,1048,1050,1051,-1,1051,1050,1052,-1,1051,1052,1053,-1,1053,1052,1054,-1,1053,1054,1055,-1,1055,1054,1056,-1,1055,1056,1057,-1,1057,1056,1058,-1,1057,1058,1059,-1,1059,1058,1060,-1,1059,1060,1061,-1,1061,1060,1062,-1,1061,1062,1063,-1,1063,1062,1064,-1,1063,1064,1065,-1,1065,1064,1066,-1,1065,1066,1067,-1,1068,1067,1069,-1,1069,1067,1066,-1,1070,1068,1071,-1,1071,1068,1069,-1,1072,1070,1073,-1,1073,1070,1071,-1,1074,1072,1075,-1,1075,1072,1073,-1,1074,1075,1076,-1,1074,1076,1077,-1,1077,1076,1078,-1,1077,1078,1079,-1,1079,1078,1080,-1,1079,1080,1081,-1,1081,1080,1082,-1,1081,1082,1083,-1,1083,1082,1084,-1,1083,1084,1085,-1,1085,1084,1086,-1,1085,1086,1087,-1,1087,1086,1088,-1,1087,1088,1089,-1,1089,1088,1090,-1,1089,1090,1091,-1,1091,1090,1043,-1,1091,1043,1041,-1,1089,1046,1087,-1,1087,1046,1085,-1,1040,1044,1041,-1,1041,1044,1046,-1,1041,1046,1091,-1,1091,1046,1089,-1,1079,1046,1077,-1,1077,1046,1074,-1,1079,1081,1046,-1,1046,1081,1083,-1,1046,1083,1085,-1,1057,1059,1072,-1,1072,1059,1061,-1,1072,1061,1063,-1,1068,1070,1067,-1,1067,1070,1072,-1,1067,1072,1065,-1,1065,1072,1063,-1,1051,1053,1072,-1,1072,1053,1055,-1,1072,1055,1057,-1,1074,1046,1072,-1,1072,1046,1048,-1,1072,1048,1051,-1,1047,1045,1042,-1,1073,1071,1069,-1,1078,1047,1080,-1,1080,1047,1082,-1,1078,1076,1047,-1,1047,1076,1075,-1,1047,1075,1049,-1,1049,1075,1073,-1,1042,1043,1047,-1,1047,1043,1090,-1,1047,1090,1088,-1,1088,1086,1047,-1,1047,1086,1084,-1,1047,1084,1082,-1,1073,1056,1054,-1,1069,1066,1073,-1,1073,1066,1064,-1,1073,1064,1062,-1,1062,1060,1073,-1,1073,1060,1058,-1,1073,1058,1056,-1,1054,1052,1073,-1,1073,1052,1050,-1,1073,1050,1049,-1,1092,1093,1094,-1,1094,1093,1095,-1,1096,1092,1097,-1,1097,1092,1094,-1,1098,1096,1099,-1,1099,1096,1097,-1,1098,1099,1100,-1,1098,1100,1101,-1,1101,1100,1102,-1,1101,1102,1103,-1,1103,1102,1104,-1,1103,1104,1105,-1,1105,1104,1106,-1,1105,1106,1107,-1,1107,1106,1108,-1,1107,1108,1109,-1,1109,1108,1110,-1,1109,1110,1111,-1,1111,1110,1112,-1,1111,1112,1113,-1,1113,1112,1114,-1,1113,1114,1115,-1,1115,1114,1116,-1,1115,1116,1117,-1,1118,1117,1119,-1,1119,1117,1116,-1,1120,1118,1121,-1,1121,1118,1119,-1,1122,1120,1123,-1,1123,1120,1121,-1,1124,1122,1125,-1,1125,1122,1123,-1,1124,1125,1126,-1,1124,1126,1127,-1,1127,1126,1128,-1,1127,1128,1129,-1,1129,1128,1130,-1,1129,1130,1131,-1,1131,1130,1132,-1,1131,1132,1133,-1,1133,1132,1134,-1,1133,1134,1135,-1,1135,1134,1136,-1,1135,1136,1137,-1,1137,1136,1138,-1,1137,1138,1139,-1,1139,1138,1140,-1,1139,1140,1141,-1,1141,1140,1142,-1,1141,1142,1143,-1,1093,1143,1095,-1,1095,1143,1142,-1,1093,1092,1096,-1,1118,1120,1122,-1,1096,1098,1093,-1,1093,1098,1101,-1,1093,1101,1103,-1,1113,1093,1111,-1,1111,1093,1109,-1,1113,1115,1093,-1,1093,1115,1117,-1,1093,1117,1143,-1,1143,1117,1118,-1,1143,1118,1141,-1,1122,1124,1118,-1,1118,1124,1127,-1,1118,1127,1129,-1,1103,1105,1093,-1,1093,1105,1107,-1,1093,1107,1109,-1,1129,1131,1118,-1,1118,1131,1133,-1,1118,1133,1135,-1,1135,1137,1118,-1,1118,1137,1139,-1,1118,1139,1141,-1,1097,1094,1099,-1,1099,1094,1095,-1,1099,1095,1100,-1,1123,1121,1125,-1,1125,1121,1119,-1,1125,1119,1126,-1,1106,1104,1095,-1,1095,1104,1102,-1,1095,1102,1100,-1,1114,1112,1095,-1,1138,1119,1140,-1,1140,1119,1142,-1,1138,1136,1119,-1,1119,1136,1134,-1,1119,1134,1132,-1,1132,1130,1119,-1,1119,1130,1128,-1,1119,1128,1126,-1,1142,1119,1095,-1,1095,1119,1116,-1,1095,1116,1114,-1,1112,1110,1095,-1,1095,1110,1108,-1,1095,1108,1106,-1,1144,1145,1146,-1,1146,1145,1147,-1,1148,1144,1149,-1,1149,1144,1146,-1,1150,1148,1151,-1,1151,1148,1149,-1,1152,1150,1153,-1,1153,1150,1151,-1,1152,1153,1154,-1,1152,1154,1155,-1,1155,1154,1156,-1,1155,1156,1157,-1,1157,1156,1158,-1,1157,1158,1159,-1,1159,1158,1160,-1,1159,1160,1161,-1,1161,1160,1162,-1,1161,1162,1163,-1,1163,1162,1164,-1,1163,1164,1165,-1,1165,1164,1166,-1,1165,1166,1167,-1,1167,1166,1168,-1,1167,1168,1169,-1,1169,1168,1170,-1,1169,1170,1171,-1,1172,1171,1173,-1,1173,1171,1170,-1,1174,1172,1175,-1,1175,1172,1173,-1,1176,1174,1177,-1,1177,1174,1175,-1,1178,1176,1179,-1,1179,1176,1177,-1,1178,1179,1180,-1,1178,1180,1181,-1,1181,1180,1182,-1,1181,1182,1183,-1,1183,1182,1184,-1,1183,1184,1185,-1,1185,1184,1186,-1,1185,1186,1187,-1,1187,1186,1188,-1,1187,1188,1189,-1,1189,1188,1190,-1,1189,1190,1191,-1,1191,1190,1192,-1,1191,1192,1193,-1,1193,1192,1194,-1,1193,1194,1195,-1,1195,1194,1147,-1,1195,1147,1145,-1,1193,1150,1191,-1,1191,1150,1189,-1,1144,1148,1145,-1,1145,1148,1150,-1,1145,1150,1195,-1,1195,1150,1193,-1,1183,1150,1181,-1,1181,1150,1178,-1,1183,1185,1150,-1,1150,1185,1187,-1,1150,1187,1189,-1,1161,1163,1176,-1,1176,1163,1165,-1,1176,1165,1167,-1,1172,1174,1171,-1,1171,1174,1176,-1,1171,1176,1169,-1,1169,1176,1167,-1,1155,1157,1176,-1,1176,1157,1159,-1,1176,1159,1161,-1,1178,1150,1176,-1,1176,1150,1152,-1,1176,1152,1155,-1,1151,1149,1146,-1,1177,1175,1173,-1,1182,1151,1184,-1,1184,1151,1186,-1,1182,1180,1151,-1,1151,1180,1179,-1,1151,1179,1153,-1,1153,1179,1177,-1,1146,1147,1151,-1,1151,1147,1194,-1,1151,1194,1192,-1,1192,1190,1151,-1,1151,1190,1188,-1,1151,1188,1186,-1,1177,1160,1158,-1,1173,1170,1177,-1,1177,1170,1168,-1,1177,1168,1166,-1,1166,1164,1177,-1,1177,1164,1162,-1,1177,1162,1160,-1,1158,1156,1177,-1,1177,1156,1154,-1,1177,1154,1153,-1,1196,1197,1198,-1,1198,1197,1199,-1,1200,1196,1201,-1,1201,1196,1198,-1,1202,1200,1203,-1,1203,1200,1201,-1,1202,1203,1204,-1,1202,1204,1205,-1,1205,1204,1206,-1,1205,1206,1207,-1,1207,1206,1208,-1,1207,1208,1209,-1,1209,1208,1210,-1,1209,1210,1211,-1,1211,1210,1212,-1,1211,1212,1213,-1,1213,1212,1214,-1,1213,1214,1215,-1,1215,1214,1216,-1,1215,1216,1217,-1,1217,1216,1218,-1,1217,1218,1219,-1,1219,1218,1220,-1,1219,1220,1221,-1,1222,1221,1223,-1,1223,1221,1220,-1,1224,1222,1225,-1,1225,1222,1223,-1,1226,1224,1227,-1,1227,1224,1225,-1,1228,1226,1229,-1,1229,1226,1227,-1,1228,1229,1230,-1,1228,1230,1231,-1,1231,1230,1232,-1,1231,1232,1233,-1,1233,1232,1234,-1,1233,1234,1235,-1,1235,1234,1236,-1,1235,1236,1237,-1,1237,1236,1238,-1,1237,1238,1239,-1,1239,1238,1240,-1,1239,1240,1241,-1,1241,1240,1242,-1,1241,1242,1243,-1,1243,1242,1244,-1,1243,1244,1245,-1,1245,1244,1246,-1,1245,1246,1247,-1,1197,1247,1199,-1,1199,1247,1246,-1,1197,1196,1200,-1,1222,1224,1226,-1,1200,1202,1197,-1,1197,1202,1205,-1,1197,1205,1207,-1,1217,1197,1215,-1,1215,1197,1213,-1,1217,1219,1197,-1,1197,1219,1221,-1,1197,1221,1247,-1,1247,1221,1222,-1,1247,1222,1245,-1,1226,1228,1222,-1,1222,1228,1231,-1,1222,1231,1233,-1,1207,1209,1197,-1,1197,1209,1211,-1,1197,1211,1213,-1,1233,1235,1222,-1,1222,1235,1237,-1,1222,1237,1239,-1,1239,1241,1222,-1,1222,1241,1243,-1,1222,1243,1245,-1,1201,1198,1203,-1,1203,1198,1199,-1,1203,1199,1204,-1,1227,1225,1229,-1,1229,1225,1223,-1,1229,1223,1230,-1,1210,1208,1199,-1,1199,1208,1206,-1,1199,1206,1204,-1,1218,1216,1199,-1,1242,1223,1244,-1,1244,1223,1246,-1,1242,1240,1223,-1,1223,1240,1238,-1,1223,1238,1236,-1,1236,1234,1223,-1,1223,1234,1232,-1,1223,1232,1230,-1,1246,1223,1199,-1,1199,1223,1220,-1,1199,1220,1218,-1,1216,1214,1199,-1,1199,1214,1212,-1,1199,1212,1210,-1,1248,1249,1250,-1,1250,1249,1251,-1,1252,1248,1253,-1,1253,1248,1250,-1,1254,1252,1255,-1,1255,1252,1253,-1,1256,1254,1257,-1,1257,1254,1255,-1,1256,1257,1258,-1,1256,1258,1259,-1,1259,1258,1260,-1,1259,1260,1261,-1,1261,1260,1262,-1,1261,1262,1263,-1,1263,1262,1264,-1,1263,1264,1265,-1,1265,1264,1266,-1,1265,1266,1267,-1,1267,1266,1268,-1,1267,1268,1269,-1,1269,1268,1270,-1,1269,1270,1271,-1,1271,1270,1272,-1,1271,1272,1273,-1,1273,1272,1274,-1,1273,1274,1275,-1,1276,1275,1277,-1,1277,1275,1274,-1,1278,1276,1279,-1,1279,1276,1277,-1,1280,1278,1281,-1,1281,1278,1279,-1,1282,1280,1283,-1,1283,1280,1281,-1,1282,1283,1284,-1,1282,1284,1285,-1,1285,1284,1286,-1,1285,1286,1287,-1,1287,1286,1288,-1,1287,1288,1289,-1,1289,1288,1290,-1,1289,1290,1291,-1,1291,1290,1292,-1,1291,1292,1293,-1,1293,1292,1294,-1,1293,1294,1295,-1,1295,1294,1296,-1,1295,1296,1297,-1,1297,1296,1298,-1,1297,1298,1299,-1,1299,1298,1251,-1,1299,1251,1249,-1,1297,1254,1295,-1,1295,1254,1293,-1,1248,1252,1249,-1,1249,1252,1254,-1,1249,1254,1299,-1,1299,1254,1297,-1,1287,1254,1285,-1,1285,1254,1282,-1,1287,1289,1254,-1,1254,1289,1291,-1,1254,1291,1293,-1,1265,1267,1280,-1,1280,1267,1269,-1,1280,1269,1271,-1,1276,1278,1275,-1,1275,1278,1280,-1,1275,1280,1273,-1,1273,1280,1271,-1,1259,1261,1280,-1,1280,1261,1263,-1,1280,1263,1265,-1,1282,1254,1280,-1,1280,1254,1256,-1,1280,1256,1259,-1,1255,1253,1250,-1,1281,1279,1277,-1,1286,1255,1288,-1,1288,1255,1290,-1,1286,1284,1255,-1,1255,1284,1283,-1,1255,1283,1257,-1,1257,1283,1281,-1,1250,1251,1255,-1,1255,1251,1298,-1,1255,1298,1296,-1,1296,1294,1255,-1,1255,1294,1292,-1,1255,1292,1290,-1,1281,1264,1262,-1,1277,1274,1281,-1,1281,1274,1272,-1,1281,1272,1270,-1,1270,1268,1281,-1,1281,1268,1266,-1,1281,1266,1264,-1,1262,1260,1281,-1,1281,1260,1258,-1,1281,1258,1257,-1,1300,1301,1302,-1,1302,1301,1303,-1,1304,1300,1305,-1,1305,1300,1302,-1,1306,1304,1307,-1,1307,1304,1305,-1,1306,1307,1308,-1,1306,1308,1309,-1,1309,1308,1310,-1,1309,1310,1311,-1,1311,1310,1312,-1,1311,1312,1313,-1,1313,1312,1314,-1,1313,1314,1315,-1,1315,1314,1316,-1,1315,1316,1317,-1,1317,1316,1318,-1,1317,1318,1319,-1,1319,1318,1320,-1,1319,1320,1321,-1,1321,1320,1322,-1,1321,1322,1323,-1,1323,1322,1324,-1,1323,1324,1325,-1,1326,1325,1327,-1,1327,1325,1324,-1,1328,1326,1329,-1,1329,1326,1327,-1,1330,1328,1331,-1,1331,1328,1329,-1,1332,1330,1333,-1,1333,1330,1331,-1,1332,1333,1334,-1,1332,1334,1335,-1,1335,1334,1336,-1,1335,1336,1337,-1,1337,1336,1338,-1,1337,1338,1339,-1,1339,1338,1340,-1,1339,1340,1341,-1,1341,1340,1342,-1,1341,1342,1343,-1,1343,1342,1344,-1,1343,1344,1345,-1,1345,1344,1346,-1,1345,1346,1347,-1,1347,1346,1348,-1,1347,1348,1349,-1,1349,1348,1350,-1,1349,1350,1351,-1,1301,1351,1303,-1,1303,1351,1350,-1,1301,1300,1304,-1,1326,1328,1330,-1,1304,1306,1301,-1,1301,1306,1309,-1,1301,1309,1311,-1,1321,1301,1319,-1,1319,1301,1317,-1,1321,1323,1301,-1,1301,1323,1325,-1,1301,1325,1351,-1,1351,1325,1326,-1,1351,1326,1349,-1,1330,1332,1326,-1,1326,1332,1335,-1,1326,1335,1337,-1,1311,1313,1301,-1,1301,1313,1315,-1,1301,1315,1317,-1,1337,1339,1326,-1,1326,1339,1341,-1,1326,1341,1343,-1,1343,1345,1326,-1,1326,1345,1347,-1,1326,1347,1349,-1,1305,1302,1307,-1,1307,1302,1303,-1,1307,1303,1308,-1,1331,1329,1333,-1,1333,1329,1327,-1,1333,1327,1334,-1,1314,1312,1303,-1,1303,1312,1310,-1,1303,1310,1308,-1,1322,1320,1303,-1,1346,1327,1348,-1,1348,1327,1350,-1,1346,1344,1327,-1,1327,1344,1342,-1,1327,1342,1340,-1,1340,1338,1327,-1,1327,1338,1336,-1,1327,1336,1334,-1,1350,1327,1303,-1,1303,1327,1324,-1,1303,1324,1322,-1,1320,1318,1303,-1,1303,1318,1316,-1,1303,1316,1314,-1,1352,1353,1354,-1,1354,1353,1355,-1,1356,1352,1357,-1,1357,1352,1354,-1,1358,1356,1359,-1,1359,1356,1357,-1,1360,1358,1361,-1,1361,1358,1359,-1,1360,1361,1362,-1,1360,1362,1363,-1,1363,1362,1364,-1,1363,1364,1365,-1,1365,1364,1366,-1,1365,1366,1367,-1,1367,1366,1368,-1,1367,1368,1369,-1,1369,1368,1370,-1,1369,1370,1371,-1,1371,1370,1372,-1,1371,1372,1373,-1,1373,1372,1374,-1,1373,1374,1375,-1,1375,1374,1376,-1,1375,1376,1377,-1,1377,1376,1378,-1,1377,1378,1379,-1,1380,1379,1381,-1,1381,1379,1378,-1,1382,1380,1383,-1,1383,1380,1381,-1,1384,1382,1385,-1,1385,1382,1383,-1,1386,1384,1387,-1,1387,1384,1385,-1,1386,1387,1388,-1,1386,1388,1389,-1,1389,1388,1390,-1,1389,1390,1391,-1,1391,1390,1392,-1,1391,1392,1393,-1,1393,1392,1394,-1,1393,1394,1395,-1,1395,1394,1396,-1,1395,1396,1397,-1,1397,1396,1398,-1,1397,1398,1399,-1,1399,1398,1400,-1,1399,1400,1401,-1,1401,1400,1402,-1,1401,1402,1403,-1,1403,1402,1355,-1,1403,1355,1353,-1,1401,1358,1399,-1,1399,1358,1397,-1,1352,1356,1353,-1,1353,1356,1358,-1,1353,1358,1403,-1,1403,1358,1401,-1,1391,1358,1389,-1,1389,1358,1386,-1,1391,1393,1358,-1,1358,1393,1395,-1,1358,1395,1397,-1,1369,1371,1384,-1,1384,1371,1373,-1,1384,1373,1375,-1,1380,1382,1379,-1,1379,1382,1384,-1,1379,1384,1377,-1,1377,1384,1375,-1,1363,1365,1384,-1,1384,1365,1367,-1,1384,1367,1369,-1,1386,1358,1384,-1,1384,1358,1360,-1,1384,1360,1363,-1,1359,1357,1354,-1,1385,1383,1381,-1,1390,1359,1392,-1,1392,1359,1394,-1,1390,1388,1359,-1,1359,1388,1387,-1,1359,1387,1361,-1,1361,1387,1385,-1,1354,1355,1359,-1,1359,1355,1402,-1,1359,1402,1400,-1,1400,1398,1359,-1,1359,1398,1396,-1,1359,1396,1394,-1,1385,1368,1366,-1,1381,1378,1385,-1,1385,1378,1376,-1,1385,1376,1374,-1,1374,1372,1385,-1,1385,1372,1370,-1,1385,1370,1368,-1,1366,1364,1385,-1,1385,1364,1362,-1,1385,1362,1361,-1,1404,1405,1406,-1,1406,1405,1407,-1,1408,1404,1409,-1,1409,1404,1406,-1,1410,1408,1411,-1,1411,1408,1409,-1,1410,1411,1412,-1,1410,1412,1413,-1,1413,1412,1414,-1,1413,1414,1415,-1,1415,1414,1416,-1,1415,1416,1417,-1,1417,1416,1418,-1,1417,1418,1419,-1,1419,1418,1420,-1,1419,1420,1421,-1,1421,1420,1422,-1,1421,1422,1423,-1,1423,1422,1424,-1,1423,1424,1425,-1,1425,1424,1426,-1,1425,1426,1427,-1,1427,1426,1428,-1,1427,1428,1429,-1,1430,1429,1431,-1,1431,1429,1428,-1,1432,1430,1433,-1,1433,1430,1431,-1,1434,1432,1435,-1,1435,1432,1433,-1,1436,1434,1437,-1,1437,1434,1435,-1,1436,1437,1438,-1,1436,1438,1439,-1,1439,1438,1440,-1,1439,1440,1441,-1,1441,1440,1442,-1,1441,1442,1443,-1,1443,1442,1444,-1,1443,1444,1445,-1,1445,1444,1446,-1,1445,1446,1447,-1,1447,1446,1448,-1,1447,1448,1449,-1,1449,1448,1450,-1,1449,1450,1451,-1,1451,1450,1452,-1,1451,1452,1453,-1,1453,1452,1454,-1,1453,1454,1455,-1,1405,1455,1407,-1,1407,1455,1454,-1,1405,1404,1408,-1,1430,1432,1434,-1,1408,1410,1405,-1,1405,1410,1413,-1,1405,1413,1415,-1,1425,1405,1423,-1,1423,1405,1421,-1,1425,1427,1405,-1,1405,1427,1429,-1,1405,1429,1455,-1,1455,1429,1430,-1,1455,1430,1453,-1,1434,1436,1430,-1,1430,1436,1439,-1,1430,1439,1441,-1,1415,1417,1405,-1,1405,1417,1419,-1,1405,1419,1421,-1,1441,1443,1430,-1,1430,1443,1445,-1,1430,1445,1447,-1,1447,1449,1430,-1,1430,1449,1451,-1,1430,1451,1453,-1,1409,1406,1411,-1,1411,1406,1407,-1,1411,1407,1412,-1,1435,1433,1437,-1,1437,1433,1431,-1,1437,1431,1438,-1,1418,1416,1407,-1,1407,1416,1414,-1,1407,1414,1412,-1,1426,1424,1407,-1,1450,1431,1452,-1,1452,1431,1454,-1,1450,1448,1431,-1,1431,1448,1446,-1,1431,1446,1444,-1,1444,1442,1431,-1,1431,1442,1440,-1,1431,1440,1438,-1,1454,1431,1407,-1,1407,1431,1428,-1,1407,1428,1426,-1,1424,1422,1407,-1,1407,1422,1420,-1,1407,1420,1418,-1,1456,1457,1458,-1,1458,1457,1459,-1,1460,1456,1461,-1,1461,1456,1458,-1,1462,1460,1463,-1,1463,1460,1461,-1,1464,1462,1465,-1,1465,1462,1463,-1,1464,1465,1466,-1,1464,1466,1467,-1,1467,1466,1468,-1,1467,1468,1469,-1,1469,1468,1470,-1,1469,1470,1471,-1,1471,1470,1472,-1,1471,1472,1473,-1,1473,1472,1474,-1,1473,1474,1475,-1,1475,1474,1476,-1,1475,1476,1477,-1,1477,1476,1478,-1,1477,1478,1479,-1,1479,1478,1480,-1,1479,1480,1481,-1,1481,1480,1482,-1,1481,1482,1483,-1,1484,1483,1485,-1,1485,1483,1482,-1,1486,1484,1487,-1,1487,1484,1485,-1,1488,1486,1489,-1,1489,1486,1487,-1,1490,1488,1491,-1,1491,1488,1489,-1,1490,1491,1492,-1,1490,1492,1493,-1,1493,1492,1494,-1,1493,1494,1495,-1,1495,1494,1496,-1,1495,1496,1497,-1,1497,1496,1498,-1,1497,1498,1499,-1,1499,1498,1500,-1,1499,1500,1501,-1,1501,1500,1502,-1,1501,1502,1503,-1,1503,1502,1504,-1,1503,1504,1505,-1,1505,1504,1506,-1,1505,1506,1507,-1,1507,1506,1459,-1,1507,1459,1457,-1,1505,1462,1503,-1,1503,1462,1501,-1,1456,1460,1457,-1,1457,1460,1462,-1,1457,1462,1507,-1,1507,1462,1505,-1,1495,1462,1493,-1,1493,1462,1490,-1,1495,1497,1462,-1,1462,1497,1499,-1,1462,1499,1501,-1,1473,1475,1488,-1,1488,1475,1477,-1,1488,1477,1479,-1,1484,1486,1483,-1,1483,1486,1488,-1,1483,1488,1481,-1,1481,1488,1479,-1,1467,1469,1488,-1,1488,1469,1471,-1,1488,1471,1473,-1,1490,1462,1488,-1,1488,1462,1464,-1,1488,1464,1467,-1,1463,1461,1458,-1,1489,1487,1485,-1,1494,1463,1496,-1,1496,1463,1498,-1,1494,1492,1463,-1,1463,1492,1491,-1,1463,1491,1465,-1,1465,1491,1489,-1,1458,1459,1463,-1,1463,1459,1506,-1,1463,1506,1504,-1,1504,1502,1463,-1,1463,1502,1500,-1,1463,1500,1498,-1,1489,1472,1470,-1,1485,1482,1489,-1,1489,1482,1480,-1,1489,1480,1478,-1,1478,1476,1489,-1,1489,1476,1474,-1,1489,1474,1472,-1,1470,1468,1489,-1,1489,1468,1466,-1,1489,1466,1465,-1,1508,1509,1510,-1,1510,1509,1511,-1,1512,1508,1513,-1,1513,1508,1510,-1,1514,1512,1515,-1,1515,1512,1513,-1,1514,1515,1516,-1,1514,1516,1517,-1,1517,1516,1518,-1,1517,1518,1519,-1,1519,1518,1520,-1,1519,1520,1521,-1,1521,1520,1522,-1,1521,1522,1523,-1,1523,1522,1524,-1,1523,1524,1525,-1,1525,1524,1526,-1,1525,1526,1527,-1,1527,1526,1528,-1,1527,1528,1529,-1,1529,1528,1530,-1,1529,1530,1531,-1,1531,1530,1532,-1,1531,1532,1533,-1,1534,1533,1535,-1,1535,1533,1532,-1,1536,1534,1537,-1,1537,1534,1535,-1,1538,1536,1539,-1,1539,1536,1537,-1,1540,1538,1541,-1,1541,1538,1539,-1,1540,1541,1542,-1,1540,1542,1543,-1,1543,1542,1544,-1,1543,1544,1545,-1,1545,1544,1546,-1,1545,1546,1547,-1,1547,1546,1548,-1,1547,1548,1549,-1,1549,1548,1550,-1,1549,1550,1551,-1,1551,1550,1552,-1,1551,1552,1553,-1,1553,1552,1554,-1,1553,1554,1555,-1,1555,1554,1556,-1,1555,1556,1557,-1,1557,1556,1558,-1,1557,1558,1559,-1,1509,1559,1511,-1,1511,1559,1558,-1,1509,1508,1512,-1,1534,1536,1538,-1,1512,1514,1509,-1,1509,1514,1517,-1,1509,1517,1519,-1,1529,1509,1527,-1,1527,1509,1525,-1,1529,1531,1509,-1,1509,1531,1533,-1,1509,1533,1559,-1,1559,1533,1534,-1,1559,1534,1557,-1,1538,1540,1534,-1,1534,1540,1543,-1,1534,1543,1545,-1,1519,1521,1509,-1,1509,1521,1523,-1,1509,1523,1525,-1,1545,1547,1534,-1,1534,1547,1549,-1,1534,1549,1551,-1,1551,1553,1534,-1,1534,1553,1555,-1,1534,1555,1557,-1,1513,1510,1515,-1,1515,1510,1511,-1,1515,1511,1516,-1,1539,1537,1541,-1,1541,1537,1535,-1,1541,1535,1542,-1,1522,1520,1511,-1,1511,1520,1518,-1,1511,1518,1516,-1,1530,1528,1511,-1,1554,1535,1556,-1,1556,1535,1558,-1,1554,1552,1535,-1,1535,1552,1550,-1,1535,1550,1548,-1,1548,1546,1535,-1,1535,1546,1544,-1,1535,1544,1542,-1,1558,1535,1511,-1,1511,1535,1532,-1,1511,1532,1530,-1,1528,1526,1511,-1,1511,1526,1524,-1,1511,1524,1522,-1,1560,1561,1562,-1,1562,1561,1563,-1,1564,1560,1565,-1,1565,1560,1562,-1,1566,1564,1567,-1,1567,1564,1565,-1,1568,1566,1569,-1,1569,1566,1567,-1,1568,1569,1570,-1,1568,1570,1571,-1,1571,1570,1572,-1,1571,1572,1573,-1,1573,1572,1574,-1,1573,1574,1575,-1,1575,1574,1576,-1,1575,1576,1577,-1,1577,1576,1578,-1,1577,1578,1579,-1,1579,1578,1580,-1,1579,1580,1581,-1,1581,1580,1582,-1,1581,1582,1583,-1,1583,1582,1584,-1,1583,1584,1585,-1,1585,1584,1586,-1,1585,1586,1587,-1,1588,1587,1589,-1,1589,1587,1586,-1,1590,1588,1591,-1,1591,1588,1589,-1,1592,1590,1593,-1,1593,1590,1591,-1,1594,1592,1595,-1,1595,1592,1593,-1,1594,1595,1596,-1,1594,1596,1597,-1,1597,1596,1598,-1,1597,1598,1599,-1,1599,1598,1600,-1,1599,1600,1601,-1,1601,1600,1602,-1,1601,1602,1603,-1,1603,1602,1604,-1,1603,1604,1605,-1,1605,1604,1606,-1,1605,1606,1607,-1,1607,1606,1608,-1,1607,1608,1609,-1,1609,1608,1610,-1,1609,1610,1611,-1,1611,1610,1563,-1,1611,1563,1561,-1,1609,1566,1607,-1,1607,1566,1605,-1,1560,1564,1561,-1,1561,1564,1566,-1,1561,1566,1611,-1,1611,1566,1609,-1,1599,1566,1597,-1,1597,1566,1594,-1,1599,1601,1566,-1,1566,1601,1603,-1,1566,1603,1605,-1,1577,1579,1592,-1,1592,1579,1581,-1,1592,1581,1583,-1,1588,1590,1587,-1,1587,1590,1592,-1,1587,1592,1585,-1,1585,1592,1583,-1,1571,1573,1592,-1,1592,1573,1575,-1,1592,1575,1577,-1,1594,1566,1592,-1,1592,1566,1568,-1,1592,1568,1571,-1,1567,1565,1562,-1,1593,1591,1589,-1,1598,1567,1600,-1,1600,1567,1602,-1,1598,1596,1567,-1,1567,1596,1595,-1,1567,1595,1569,-1,1569,1595,1593,-1,1562,1563,1567,-1,1567,1563,1610,-1,1567,1610,1608,-1,1608,1606,1567,-1,1567,1606,1604,-1,1567,1604,1602,-1,1593,1576,1574,-1,1589,1586,1593,-1,1593,1586,1584,-1,1593,1584,1582,-1,1582,1580,1593,-1,1593,1580,1578,-1,1593,1578,1576,-1,1574,1572,1593,-1,1593,1572,1570,-1,1593,1570,1569,-1,1612,1613,1614,-1,1614,1613,1615,-1,1616,1612,1617,-1,1617,1612,1614,-1,1618,1616,1619,-1,1619,1616,1617,-1,1618,1619,1620,-1,1618,1620,1621,-1,1621,1620,1622,-1,1621,1622,1623,-1,1623,1622,1624,-1,1623,1624,1625,-1,1625,1624,1626,-1,1625,1626,1627,-1,1627,1626,1628,-1,1627,1628,1629,-1,1629,1628,1630,-1,1629,1630,1631,-1,1631,1630,1632,-1,1631,1632,1633,-1,1633,1632,1634,-1,1633,1634,1635,-1,1635,1634,1636,-1,1635,1636,1637,-1,1638,1637,1639,-1,1639,1637,1636,-1,1640,1638,1641,-1,1641,1638,1639,-1,1642,1640,1643,-1,1643,1640,1641,-1,1644,1642,1645,-1,1645,1642,1643,-1,1644,1645,1646,-1,1644,1646,1647,-1,1647,1646,1648,-1,1647,1648,1649,-1,1649,1648,1650,-1,1649,1650,1651,-1,1651,1650,1652,-1,1651,1652,1653,-1,1653,1652,1654,-1,1653,1654,1655,-1,1655,1654,1656,-1,1655,1656,1657,-1,1657,1656,1658,-1,1657,1658,1659,-1,1659,1658,1660,-1,1659,1660,1661,-1,1661,1660,1662,-1,1661,1662,1663,-1,1613,1663,1615,-1,1615,1663,1662,-1,1613,1612,1616,-1,1638,1640,1642,-1,1616,1618,1613,-1,1613,1618,1621,-1,1613,1621,1623,-1,1633,1613,1631,-1,1631,1613,1629,-1,1633,1635,1613,-1,1613,1635,1637,-1,1613,1637,1663,-1,1663,1637,1638,-1,1663,1638,1661,-1,1642,1644,1638,-1,1638,1644,1647,-1,1638,1647,1649,-1,1623,1625,1613,-1,1613,1625,1627,-1,1613,1627,1629,-1,1649,1651,1638,-1,1638,1651,1653,-1,1638,1653,1655,-1,1655,1657,1638,-1,1638,1657,1659,-1,1638,1659,1661,-1,1617,1614,1619,-1,1619,1614,1615,-1,1619,1615,1620,-1,1643,1641,1645,-1,1645,1641,1639,-1,1645,1639,1646,-1,1626,1624,1615,-1,1615,1624,1622,-1,1615,1622,1620,-1,1634,1632,1615,-1,1658,1639,1660,-1,1660,1639,1662,-1,1658,1656,1639,-1,1639,1656,1654,-1,1639,1654,1652,-1,1652,1650,1639,-1,1639,1650,1648,-1,1639,1648,1646,-1,1662,1639,1615,-1,1615,1639,1636,-1,1615,1636,1634,-1,1632,1630,1615,-1,1615,1630,1628,-1,1615,1628,1626,-1,1664,1665,1666,-1,1666,1665,1667,-1,1668,1664,1669,-1,1669,1664,1666,-1,1670,1668,1671,-1,1671,1668,1669,-1,1672,1670,1673,-1,1673,1670,1671,-1,1672,1673,1674,-1,1672,1674,1675,-1,1675,1674,1676,-1,1675,1676,1677,-1,1677,1676,1678,-1,1677,1678,1679,-1,1679,1678,1680,-1,1679,1680,1681,-1,1681,1680,1682,-1,1681,1682,1683,-1,1683,1682,1684,-1,1683,1684,1685,-1,1685,1684,1686,-1,1685,1686,1687,-1,1687,1686,1688,-1,1687,1688,1689,-1,1689,1688,1690,-1,1689,1690,1691,-1,1692,1691,1693,-1,1693,1691,1690,-1,1694,1692,1695,-1,1695,1692,1693,-1,1696,1694,1697,-1,1697,1694,1695,-1,1698,1696,1699,-1,1699,1696,1697,-1,1698,1699,1700,-1,1698,1700,1701,-1,1701,1700,1702,-1,1701,1702,1703,-1,1703,1702,1704,-1,1703,1704,1705,-1,1705,1704,1706,-1,1705,1706,1707,-1,1707,1706,1708,-1,1707,1708,1709,-1,1709,1708,1710,-1,1709,1710,1711,-1,1711,1710,1712,-1,1711,1712,1713,-1,1713,1712,1714,-1,1713,1714,1715,-1,1715,1714,1667,-1,1715,1667,1665,-1,1679,1681,1696,-1,1670,1711,1713,-1,1664,1668,1665,-1,1665,1668,1670,-1,1665,1670,1715,-1,1715,1670,1713,-1,1681,1683,1696,-1,1696,1683,1685,-1,1696,1685,1687,-1,1703,1705,1670,-1,1692,1694,1691,-1,1691,1694,1696,-1,1691,1696,1689,-1,1689,1696,1687,-1,1703,1670,1701,-1,1705,1707,1670,-1,1670,1707,1709,-1,1670,1709,1711,-1,1672,1675,1696,-1,1696,1675,1677,-1,1696,1677,1679,-1,1672,1696,1670,-1,1670,1696,1698,-1,1670,1698,1701,-1,1710,1708,1671,-1,1669,1666,1671,-1,1671,1666,1667,-1,1695,1693,1697,-1,1697,1693,1690,-1,1708,1706,1671,-1,1671,1706,1704,-1,1671,1704,1702,-1,1667,1714,1671,-1,1671,1714,1712,-1,1671,1712,1710,-1,1697,1673,1699,-1,1699,1673,1671,-1,1699,1671,1700,-1,1700,1671,1702,-1,1684,1682,1697,-1,1697,1682,1680,-1,1697,1680,1678,-1,1690,1688,1697,-1,1697,1688,1686,-1,1697,1686,1684,-1,1678,1676,1697,-1,1697,1676,1674,-1,1697,1674,1673,-1,1716,1717,1718,-1,1718,1717,1719,-1,1720,1716,1721,-1,1721,1716,1718,-1,1722,1720,1723,-1,1723,1720,1721,-1,1722,1723,1724,-1,1722,1724,1725,-1,1725,1724,1726,-1,1725,1726,1727,-1,1727,1726,1728,-1,1727,1728,1729,-1,1729,1728,1730,-1,1729,1730,1731,-1,1731,1730,1732,-1,1731,1732,1733,-1,1733,1732,1734,-1,1733,1734,1735,-1,1735,1734,1736,-1,1735,1736,1737,-1,1737,1736,1738,-1,1737,1738,1739,-1,1739,1738,1740,-1,1739,1740,1741,-1,1742,1741,1743,-1,1743,1741,1740,-1,1744,1742,1745,-1,1745,1742,1743,-1,1746,1744,1747,-1,1747,1744,1745,-1,1748,1746,1749,-1,1749,1746,1747,-1,1748,1749,1750,-1,1748,1750,1751,-1,1751,1750,1752,-1,1751,1752,1753,-1,1753,1752,1754,-1,1753,1754,1755,-1,1755,1754,1756,-1,1755,1756,1757,-1,1757,1756,1758,-1,1757,1758,1759,-1,1759,1758,1760,-1,1759,1760,1761,-1,1761,1760,1762,-1,1761,1762,1763,-1,1763,1762,1764,-1,1763,1764,1765,-1,1765,1764,1766,-1,1765,1766,1767,-1,1717,1767,1719,-1,1719,1767,1766,-1,1717,1716,1720,-1,1739,1741,1717,-1,1742,1744,1746,-1,1720,1722,1717,-1,1717,1722,1725,-1,1717,1725,1727,-1,1727,1729,1717,-1,1717,1729,1731,-1,1717,1731,1733,-1,1717,1741,1767,-1,1767,1741,1742,-1,1767,1742,1765,-1,1733,1735,1717,-1,1717,1735,1737,-1,1717,1737,1739,-1,1746,1748,1742,-1,1742,1748,1751,-1,1742,1751,1753,-1,1753,1755,1742,-1,1742,1755,1757,-1,1742,1757,1759,-1,1759,1761,1742,-1,1742,1761,1763,-1,1742,1763,1765,-1,1726,1719,1728,-1,1728,1719,1730,-1,1721,1718,1723,-1,1723,1718,1719,-1,1723,1719,1724,-1,1724,1719,1726,-1,1747,1745,1749,-1,1749,1745,1743,-1,1738,1736,1719,-1,1766,1764,1743,-1,1743,1764,1762,-1,1743,1762,1760,-1,1760,1758,1743,-1,1743,1758,1756,-1,1743,1756,1754,-1,1754,1752,1743,-1,1743,1752,1750,-1,1743,1750,1749,-1,1766,1743,1719,-1,1719,1743,1740,-1,1719,1740,1738,-1,1736,1734,1719,-1,1719,1734,1732,-1,1719,1732,1730,-1,1768,1769,1770,-1,1770,1769,1771,-1,1772,1768,1773,-1,1773,1768,1770,-1,1774,1772,1775,-1,1775,1772,1773,-1,1776,1774,1777,-1,1777,1774,1775,-1,1776,1777,1778,-1,1776,1778,1779,-1,1779,1778,1780,-1,1779,1780,1781,-1,1781,1780,1782,-1,1781,1782,1783,-1,1783,1782,1784,-1,1783,1784,1785,-1,1785,1784,1786,-1,1785,1786,1787,-1,1787,1786,1788,-1,1787,1788,1789,-1,1789,1788,1790,-1,1789,1790,1791,-1,1791,1790,1792,-1,1791,1792,1793,-1,1793,1792,1794,-1,1793,1794,1795,-1,1796,1795,1797,-1,1797,1795,1794,-1,1798,1796,1799,-1,1799,1796,1797,-1,1800,1798,1801,-1,1801,1798,1799,-1,1802,1800,1803,-1,1803,1800,1801,-1,1802,1803,1804,-1,1802,1804,1805,-1,1805,1804,1806,-1,1805,1806,1807,-1,1807,1806,1808,-1,1807,1808,1809,-1,1809,1808,1810,-1,1809,1810,1811,-1,1811,1810,1812,-1,1811,1812,1813,-1,1813,1812,1814,-1,1813,1814,1815,-1,1815,1814,1816,-1,1815,1816,1817,-1,1817,1816,1818,-1,1817,1818,1819,-1,1819,1818,1771,-1,1819,1771,1769,-1,1783,1785,1800,-1,1774,1815,1817,-1,1768,1772,1769,-1,1769,1772,1774,-1,1769,1774,1819,-1,1819,1774,1817,-1,1785,1787,1800,-1,1800,1787,1789,-1,1800,1789,1791,-1,1807,1809,1774,-1,1796,1798,1795,-1,1795,1798,1800,-1,1795,1800,1793,-1,1793,1800,1791,-1,1807,1774,1805,-1,1809,1811,1774,-1,1774,1811,1813,-1,1774,1813,1815,-1,1776,1779,1800,-1,1800,1779,1781,-1,1800,1781,1783,-1,1776,1800,1774,-1,1774,1800,1802,-1,1774,1802,1805,-1,1814,1812,1775,-1,1773,1770,1775,-1,1775,1770,1771,-1,1799,1797,1801,-1,1801,1797,1794,-1,1812,1810,1775,-1,1775,1810,1808,-1,1775,1808,1806,-1,1771,1818,1775,-1,1775,1818,1816,-1,1775,1816,1814,-1,1801,1777,1803,-1,1803,1777,1775,-1,1803,1775,1804,-1,1804,1775,1806,-1,1788,1786,1801,-1,1801,1786,1784,-1,1801,1784,1782,-1,1794,1792,1801,-1,1801,1792,1790,-1,1801,1790,1788,-1,1782,1780,1801,-1,1801,1780,1778,-1,1801,1778,1777,-1,1820,1821,1822,-1,1822,1821,1823,-1,1824,1820,1825,-1,1825,1820,1822,-1,1826,1824,1827,-1,1827,1824,1825,-1,1826,1827,1828,-1,1826,1828,1829,-1,1829,1828,1830,-1,1829,1830,1831,-1,1831,1830,1832,-1,1831,1832,1833,-1,1833,1832,1834,-1,1833,1834,1835,-1,1835,1834,1836,-1,1835,1836,1837,-1,1837,1836,1838,-1,1837,1838,1839,-1,1839,1838,1840,-1,1839,1840,1841,-1,1841,1840,1842,-1,1841,1842,1843,-1,1843,1842,1844,-1,1843,1844,1845,-1,1846,1845,1847,-1,1847,1845,1844,-1,1848,1846,1849,-1,1849,1846,1847,-1,1850,1848,1851,-1,1851,1848,1849,-1,1852,1850,1853,-1,1853,1850,1851,-1,1852,1853,1854,-1,1852,1854,1855,-1,1855,1854,1856,-1,1855,1856,1857,-1,1857,1856,1858,-1,1857,1858,1859,-1,1859,1858,1860,-1,1859,1860,1861,-1,1861,1860,1862,-1,1861,1862,1863,-1,1863,1862,1864,-1,1863,1864,1865,-1,1865,1864,1866,-1,1865,1866,1867,-1,1867,1866,1868,-1,1867,1868,1869,-1,1869,1868,1870,-1,1869,1870,1871,-1,1821,1871,1823,-1,1823,1871,1870,-1,1821,1820,1824,-1,1843,1845,1821,-1,1846,1848,1850,-1,1824,1826,1821,-1,1821,1826,1829,-1,1821,1829,1831,-1,1831,1833,1821,-1,1821,1833,1835,-1,1821,1835,1837,-1,1821,1845,1871,-1,1871,1845,1846,-1,1871,1846,1869,-1,1837,1839,1821,-1,1821,1839,1841,-1,1821,1841,1843,-1,1850,1852,1846,-1,1846,1852,1855,-1,1846,1855,1857,-1,1857,1859,1846,-1,1846,1859,1861,-1,1846,1861,1863,-1,1863,1865,1846,-1,1846,1865,1867,-1,1846,1867,1869,-1,1830,1823,1832,-1,1832,1823,1834,-1,1825,1822,1827,-1,1827,1822,1823,-1,1827,1823,1828,-1,1828,1823,1830,-1,1851,1849,1853,-1,1853,1849,1847,-1,1842,1840,1823,-1,1870,1868,1847,-1,1847,1868,1866,-1,1847,1866,1864,-1,1864,1862,1847,-1,1847,1862,1860,-1,1847,1860,1858,-1,1858,1856,1847,-1,1847,1856,1854,-1,1847,1854,1853,-1,1870,1847,1823,-1,1823,1847,1844,-1,1823,1844,1842,-1,1840,1838,1823,-1,1823,1838,1836,-1,1823,1836,1834,-1,1872,1873,1874,-1,1874,1873,1875,-1,1876,1872,1877,-1,1877,1872,1874,-1,1878,1876,1879,-1,1879,1876,1877,-1,1880,1878,1881,-1,1881,1878,1879,-1,1880,1881,1882,-1,1880,1882,1883,-1,1883,1882,1884,-1,1883,1884,1885,-1,1885,1884,1886,-1,1885,1886,1887,-1,1887,1886,1888,-1,1887,1888,1889,-1,1889,1888,1890,-1,1889,1890,1891,-1,1891,1890,1892,-1,1891,1892,1893,-1,1893,1892,1894,-1,1893,1894,1895,-1,1895,1894,1896,-1,1895,1896,1897,-1,1897,1896,1898,-1,1897,1898,1899,-1,1900,1899,1901,-1,1901,1899,1898,-1,1902,1900,1903,-1,1903,1900,1901,-1,1904,1902,1905,-1,1905,1902,1903,-1,1906,1904,1907,-1,1907,1904,1905,-1,1906,1907,1908,-1,1906,1908,1909,-1,1909,1908,1910,-1,1909,1910,1911,-1,1911,1910,1912,-1,1911,1912,1913,-1,1913,1912,1914,-1,1913,1914,1915,-1,1915,1914,1916,-1,1915,1916,1917,-1,1917,1916,1918,-1,1917,1918,1919,-1,1919,1918,1920,-1,1919,1920,1921,-1,1921,1920,1922,-1,1921,1922,1923,-1,1923,1922,1875,-1,1923,1875,1873,-1,1887,1889,1904,-1,1878,1919,1921,-1,1872,1876,1873,-1,1873,1876,1878,-1,1873,1878,1923,-1,1923,1878,1921,-1,1889,1891,1904,-1,1904,1891,1893,-1,1904,1893,1895,-1,1911,1913,1878,-1,1900,1902,1899,-1,1899,1902,1904,-1,1899,1904,1897,-1,1897,1904,1895,-1,1911,1878,1909,-1,1913,1915,1878,-1,1878,1915,1917,-1,1878,1917,1919,-1,1880,1883,1904,-1,1904,1883,1885,-1,1904,1885,1887,-1,1880,1904,1878,-1,1878,1904,1906,-1,1878,1906,1909,-1,1918,1916,1879,-1,1877,1874,1879,-1,1879,1874,1875,-1,1903,1901,1905,-1,1905,1901,1898,-1,1916,1914,1879,-1,1879,1914,1912,-1,1879,1912,1910,-1,1875,1922,1879,-1,1879,1922,1920,-1,1879,1920,1918,-1,1905,1881,1907,-1,1907,1881,1879,-1,1907,1879,1908,-1,1908,1879,1910,-1,1892,1890,1905,-1,1905,1890,1888,-1,1905,1888,1886,-1,1898,1896,1905,-1,1905,1896,1894,-1,1905,1894,1892,-1,1886,1884,1905,-1,1905,1884,1882,-1,1905,1882,1881,-1,1924,1925,1926,-1,1926,1925,1927,-1,1928,1924,1929,-1,1929,1924,1926,-1,1930,1928,1931,-1,1931,1928,1929,-1,1930,1931,1932,-1,1930,1932,1933,-1,1933,1932,1934,-1,1933,1934,1935,-1,1935,1934,1936,-1,1935,1936,1937,-1,1937,1936,1938,-1,1937,1938,1939,-1,1939,1938,1940,-1,1939,1940,1941,-1,1941,1940,1942,-1,1941,1942,1943,-1,1943,1942,1944,-1,1943,1944,1945,-1,1945,1944,1946,-1,1945,1946,1947,-1,1947,1946,1948,-1,1947,1948,1949,-1,1950,1949,1951,-1,1951,1949,1948,-1,1952,1950,1953,-1,1953,1950,1951,-1,1954,1952,1955,-1,1955,1952,1953,-1,1956,1954,1957,-1,1957,1954,1955,-1,1956,1957,1958,-1,1956,1958,1959,-1,1959,1958,1960,-1,1959,1960,1961,-1,1961,1960,1962,-1,1961,1962,1963,-1,1963,1962,1964,-1,1963,1964,1965,-1,1965,1964,1966,-1,1965,1966,1967,-1,1967,1966,1968,-1,1967,1968,1969,-1,1969,1968,1970,-1,1969,1970,1971,-1,1971,1970,1972,-1,1971,1972,1973,-1,1973,1972,1974,-1,1973,1974,1975,-1,1925,1975,1927,-1,1927,1975,1974,-1,1925,1924,1928,-1,1947,1949,1925,-1,1950,1952,1954,-1,1928,1930,1925,-1,1925,1930,1933,-1,1925,1933,1935,-1,1935,1937,1925,-1,1925,1937,1939,-1,1925,1939,1941,-1,1925,1949,1975,-1,1975,1949,1950,-1,1975,1950,1973,-1,1941,1943,1925,-1,1925,1943,1945,-1,1925,1945,1947,-1,1954,1956,1950,-1,1950,1956,1959,-1,1950,1959,1961,-1,1961,1963,1950,-1,1950,1963,1965,-1,1950,1965,1967,-1,1967,1969,1950,-1,1950,1969,1971,-1,1950,1971,1973,-1,1934,1927,1936,-1,1936,1927,1938,-1,1929,1926,1931,-1,1931,1926,1927,-1,1931,1927,1932,-1,1932,1927,1934,-1,1955,1953,1957,-1,1957,1953,1951,-1,1946,1944,1927,-1,1974,1972,1951,-1,1951,1972,1970,-1,1951,1970,1968,-1,1968,1966,1951,-1,1951,1966,1964,-1,1951,1964,1962,-1,1962,1960,1951,-1,1951,1960,1958,-1,1951,1958,1957,-1,1974,1951,1927,-1,1927,1951,1948,-1,1927,1948,1946,-1,1944,1942,1927,-1,1927,1942,1940,-1,1927,1940,1938,-1,1976,1977,1978,-1,1978,1977,1979,-1,1980,1976,1981,-1,1981,1976,1978,-1,1982,1980,1983,-1,1983,1980,1981,-1,1984,1982,1985,-1,1985,1982,1983,-1,1984,1985,1986,-1,1984,1986,1987,-1,1987,1986,1988,-1,1987,1988,1989,-1,1989,1988,1990,-1,1989,1990,1991,-1,1991,1990,1992,-1,1991,1992,1993,-1,1993,1992,1994,-1,1993,1994,1995,-1,1995,1994,1996,-1,1995,1996,1997,-1,1997,1996,1998,-1,1997,1998,1999,-1,1999,1998,2000,-1,1999,2000,2001,-1,2001,2000,2002,-1,2001,2002,2003,-1,2004,2003,2005,-1,2005,2003,2002,-1,2006,2004,2007,-1,2007,2004,2005,-1,2008,2006,2009,-1,2009,2006,2007,-1,2010,2008,2011,-1,2011,2008,2009,-1,2010,2011,2012,-1,2010,2012,2013,-1,2013,2012,2014,-1,2013,2014,2015,-1,2015,2014,2016,-1,2015,2016,2017,-1,2017,2016,2018,-1,2017,2018,2019,-1,2019,2018,2020,-1,2019,2020,2021,-1,2021,2020,2022,-1,2021,2022,2023,-1,2023,2022,2024,-1,2023,2024,2025,-1,2025,2024,2026,-1,2025,2026,2027,-1,2027,2026,1979,-1,2027,1979,1977,-1,1991,1993,2008,-1,1982,2023,2025,-1,1976,1980,1977,-1,1977,1980,1982,-1,1977,1982,2027,-1,2027,1982,2025,-1,1993,1995,2008,-1,2008,1995,1997,-1,2008,1997,1999,-1,2015,2017,1982,-1,2004,2006,2003,-1,2003,2006,2008,-1,2003,2008,2001,-1,2001,2008,1999,-1,2015,1982,2013,-1,2017,2019,1982,-1,1982,2019,2021,-1,1982,2021,2023,-1,1984,1987,2008,-1,2008,1987,1989,-1,2008,1989,1991,-1,1984,2008,1982,-1,1982,2008,2010,-1,1982,2010,2013,-1,2022,2020,1983,-1,1981,1978,1983,-1,1983,1978,1979,-1,2007,2005,2009,-1,2009,2005,2002,-1,2020,2018,1983,-1,1983,2018,2016,-1,1983,2016,2014,-1,1979,2026,1983,-1,1983,2026,2024,-1,1983,2024,2022,-1,2009,1985,2011,-1,2011,1985,1983,-1,2011,1983,2012,-1,2012,1983,2014,-1,1996,1994,2009,-1,2009,1994,1992,-1,2009,1992,1990,-1,2002,2000,2009,-1,2009,2000,1998,-1,2009,1998,1996,-1,1990,1988,2009,-1,2009,1988,1986,-1,2009,1986,1985,-1,2028,2029,2030,-1,2030,2029,2031,-1,2032,2028,2033,-1,2033,2028,2030,-1,2034,2032,2035,-1,2035,2032,2033,-1,2034,2035,2036,-1,2034,2036,2037,-1,2037,2036,2038,-1,2037,2038,2039,-1,2039,2038,2040,-1,2039,2040,2041,-1,2041,2040,2042,-1,2041,2042,2043,-1,2043,2042,2044,-1,2043,2044,2045,-1,2045,2044,2046,-1,2045,2046,2047,-1,2047,2046,2048,-1,2047,2048,2049,-1,2049,2048,2050,-1,2049,2050,2051,-1,2051,2050,2052,-1,2051,2052,2053,-1,2054,2053,2055,-1,2055,2053,2052,-1,2056,2054,2057,-1,2057,2054,2055,-1,2058,2056,2059,-1,2059,2056,2057,-1,2060,2058,2061,-1,2061,2058,2059,-1,2060,2061,2062,-1,2060,2062,2063,-1,2063,2062,2064,-1,2063,2064,2065,-1,2065,2064,2066,-1,2065,2066,2067,-1,2067,2066,2068,-1,2067,2068,2069,-1,2069,2068,2070,-1,2069,2070,2071,-1,2071,2070,2072,-1,2071,2072,2073,-1,2073,2072,2074,-1,2073,2074,2075,-1,2075,2074,2076,-1,2075,2076,2077,-1,2077,2076,2078,-1,2077,2078,2079,-1,2029,2079,2031,-1,2031,2079,2078,-1,2029,2028,2032,-1,2051,2053,2029,-1,2054,2056,2058,-1,2032,2034,2029,-1,2029,2034,2037,-1,2029,2037,2039,-1,2039,2041,2029,-1,2029,2041,2043,-1,2029,2043,2045,-1,2029,2053,2079,-1,2079,2053,2054,-1,2079,2054,2077,-1,2045,2047,2029,-1,2029,2047,2049,-1,2029,2049,2051,-1,2058,2060,2054,-1,2054,2060,2063,-1,2054,2063,2065,-1,2065,2067,2054,-1,2054,2067,2069,-1,2054,2069,2071,-1,2071,2073,2054,-1,2054,2073,2075,-1,2054,2075,2077,-1,2038,2031,2040,-1,2040,2031,2042,-1,2033,2030,2035,-1,2035,2030,2031,-1,2035,2031,2036,-1,2036,2031,2038,-1,2059,2057,2061,-1,2061,2057,2055,-1,2050,2048,2031,-1,2078,2076,2055,-1,2055,2076,2074,-1,2055,2074,2072,-1,2072,2070,2055,-1,2055,2070,2068,-1,2055,2068,2066,-1,2066,2064,2055,-1,2055,2064,2062,-1,2055,2062,2061,-1,2078,2055,2031,-1,2031,2055,2052,-1,2031,2052,2050,-1,2048,2046,2031,-1,2031,2046,2044,-1,2031,2044,2042,-1,2080,2081,2082,-1,2082,2081,2083,-1,2084,2080,2085,-1,2085,2080,2082,-1,2086,2084,2087,-1,2087,2084,2085,-1,2088,2086,2089,-1,2089,2086,2087,-1,2088,2089,2090,-1,2088,2090,2091,-1,2091,2090,2092,-1,2091,2092,2093,-1,2093,2092,2094,-1,2093,2094,2095,-1,2095,2094,2096,-1,2095,2096,2097,-1,2097,2096,2098,-1,2097,2098,2099,-1,2099,2098,2100,-1,2099,2100,2101,-1,2101,2100,2102,-1,2101,2102,2103,-1,2103,2102,2104,-1,2103,2104,2105,-1,2105,2104,2106,-1,2105,2106,2107,-1,2108,2107,2109,-1,2109,2107,2106,-1,2110,2108,2111,-1,2111,2108,2109,-1,2112,2110,2113,-1,2113,2110,2111,-1,2114,2112,2115,-1,2115,2112,2113,-1,2114,2115,2116,-1,2114,2116,2117,-1,2117,2116,2118,-1,2117,2118,2119,-1,2119,2118,2120,-1,2119,2120,2121,-1,2121,2120,2122,-1,2121,2122,2123,-1,2123,2122,2124,-1,2123,2124,2125,-1,2125,2124,2126,-1,2125,2126,2127,-1,2127,2126,2128,-1,2127,2128,2129,-1,2129,2128,2130,-1,2129,2130,2131,-1,2131,2130,2083,-1,2131,2083,2081,-1,2095,2097,2112,-1,2086,2127,2129,-1,2080,2084,2081,-1,2081,2084,2086,-1,2081,2086,2131,-1,2131,2086,2129,-1,2097,2099,2112,-1,2112,2099,2101,-1,2112,2101,2103,-1,2119,2121,2086,-1,2108,2110,2107,-1,2107,2110,2112,-1,2107,2112,2105,-1,2105,2112,2103,-1,2119,2086,2117,-1,2121,2123,2086,-1,2086,2123,2125,-1,2086,2125,2127,-1,2088,2091,2112,-1,2112,2091,2093,-1,2112,2093,2095,-1,2088,2112,2086,-1,2086,2112,2114,-1,2086,2114,2117,-1,2126,2124,2087,-1,2085,2082,2087,-1,2087,2082,2083,-1,2111,2109,2113,-1,2113,2109,2106,-1,2124,2122,2087,-1,2087,2122,2120,-1,2087,2120,2118,-1,2083,2130,2087,-1,2087,2130,2128,-1,2087,2128,2126,-1,2113,2089,2115,-1,2115,2089,2087,-1,2115,2087,2116,-1,2116,2087,2118,-1,2100,2098,2113,-1,2113,2098,2096,-1,2113,2096,2094,-1,2106,2104,2113,-1,2113,2104,2102,-1,2113,2102,2100,-1,2094,2092,2113,-1,2113,2092,2090,-1,2113,2090,2089,-1,2132,2133,2134,-1,2134,2133,2135,-1,2136,2132,2137,-1,2137,2132,2134,-1,2138,2136,2139,-1,2139,2136,2137,-1,2138,2139,2140,-1,2138,2140,2141,-1,2141,2140,2142,-1,2141,2142,2143,-1,2143,2142,2144,-1,2143,2144,2145,-1,2145,2144,2146,-1,2145,2146,2147,-1,2147,2146,2148,-1,2147,2148,2149,-1,2149,2148,2150,-1,2149,2150,2151,-1,2151,2150,2152,-1,2151,2152,2153,-1,2153,2152,2154,-1,2153,2154,2155,-1,2155,2154,2156,-1,2155,2156,2157,-1,2158,2157,2159,-1,2159,2157,2156,-1,2160,2158,2161,-1,2161,2158,2159,-1,2162,2160,2163,-1,2163,2160,2161,-1,2164,2162,2165,-1,2165,2162,2163,-1,2164,2165,2166,-1,2164,2166,2167,-1,2167,2166,2168,-1,2167,2168,2169,-1,2169,2168,2170,-1,2169,2170,2171,-1,2171,2170,2172,-1,2171,2172,2173,-1,2173,2172,2174,-1,2173,2174,2175,-1,2175,2174,2176,-1,2175,2176,2177,-1,2177,2176,2178,-1,2177,2178,2179,-1,2179,2178,2180,-1,2179,2180,2181,-1,2181,2180,2182,-1,2181,2182,2183,-1,2133,2183,2135,-1,2135,2183,2182,-1,2133,2132,2136,-1,2155,2157,2133,-1,2158,2160,2162,-1,2136,2138,2133,-1,2133,2138,2141,-1,2133,2141,2143,-1,2143,2145,2133,-1,2133,2145,2147,-1,2133,2147,2149,-1,2133,2157,2183,-1,2183,2157,2158,-1,2183,2158,2181,-1,2149,2151,2133,-1,2133,2151,2153,-1,2133,2153,2155,-1,2162,2164,2158,-1,2158,2164,2167,-1,2158,2167,2169,-1,2169,2171,2158,-1,2158,2171,2173,-1,2158,2173,2175,-1,2175,2177,2158,-1,2158,2177,2179,-1,2158,2179,2181,-1,2142,2135,2144,-1,2144,2135,2146,-1,2137,2134,2139,-1,2139,2134,2135,-1,2139,2135,2140,-1,2140,2135,2142,-1,2163,2161,2165,-1,2165,2161,2159,-1,2154,2152,2135,-1,2182,2180,2159,-1,2159,2180,2178,-1,2159,2178,2176,-1,2176,2174,2159,-1,2159,2174,2172,-1,2159,2172,2170,-1,2170,2168,2159,-1,2159,2168,2166,-1,2159,2166,2165,-1,2182,2159,2135,-1,2135,2159,2156,-1,2135,2156,2154,-1,2152,2150,2135,-1,2135,2150,2148,-1,2135,2148,2146,-1,2184,2185,2186,-1,2186,2185,2187,-1,2188,2184,2189,-1,2189,2184,2186,-1,2190,2188,2191,-1,2191,2188,2189,-1,2192,2190,2193,-1,2193,2190,2191,-1,2192,2193,2194,-1,2192,2194,2195,-1,2195,2194,2196,-1,2195,2196,2197,-1,2197,2196,2198,-1,2197,2198,2199,-1,2199,2198,2200,-1,2199,2200,2201,-1,2201,2200,2202,-1,2201,2202,2203,-1,2203,2202,2204,-1,2203,2204,2205,-1,2205,2204,2206,-1,2205,2206,2207,-1,2207,2206,2208,-1,2207,2208,2209,-1,2209,2208,2210,-1,2209,2210,2211,-1,2212,2211,2213,-1,2213,2211,2210,-1,2214,2212,2215,-1,2215,2212,2213,-1,2216,2214,2217,-1,2217,2214,2215,-1,2218,2216,2219,-1,2219,2216,2217,-1,2218,2219,2220,-1,2218,2220,2221,-1,2221,2220,2222,-1,2221,2222,2223,-1,2223,2222,2224,-1,2223,2224,2225,-1,2225,2224,2226,-1,2225,2226,2227,-1,2227,2226,2228,-1,2227,2228,2229,-1,2229,2228,2230,-1,2229,2230,2231,-1,2231,2230,2232,-1,2231,2232,2233,-1,2233,2232,2234,-1,2233,2234,2235,-1,2235,2234,2187,-1,2235,2187,2185,-1,2199,2201,2216,-1,2190,2231,2233,-1,2184,2188,2185,-1,2185,2188,2190,-1,2185,2190,2235,-1,2235,2190,2233,-1,2201,2203,2216,-1,2216,2203,2205,-1,2216,2205,2207,-1,2223,2225,2190,-1,2212,2214,2211,-1,2211,2214,2216,-1,2211,2216,2209,-1,2209,2216,2207,-1,2223,2190,2221,-1,2225,2227,2190,-1,2190,2227,2229,-1,2190,2229,2231,-1,2192,2195,2216,-1,2216,2195,2197,-1,2216,2197,2199,-1,2192,2216,2190,-1,2190,2216,2218,-1,2190,2218,2221,-1,2230,2228,2191,-1,2189,2186,2191,-1,2191,2186,2187,-1,2215,2213,2217,-1,2217,2213,2210,-1,2228,2226,2191,-1,2191,2226,2224,-1,2191,2224,2222,-1,2187,2234,2191,-1,2191,2234,2232,-1,2191,2232,2230,-1,2217,2193,2219,-1,2219,2193,2191,-1,2219,2191,2220,-1,2220,2191,2222,-1,2204,2202,2217,-1,2217,2202,2200,-1,2217,2200,2198,-1,2210,2208,2217,-1,2217,2208,2206,-1,2217,2206,2204,-1,2198,2196,2217,-1,2217,2196,2194,-1,2217,2194,2193,-1,2236,2237,2238,-1,2238,2237,2239,-1,2240,2236,2241,-1,2241,2236,2238,-1,2242,2240,2243,-1,2243,2240,2241,-1,2242,2243,2244,-1,2242,2244,2245,-1,2245,2244,2246,-1,2245,2246,2247,-1,2247,2246,2248,-1,2247,2248,2249,-1,2249,2248,2250,-1,2249,2250,2251,-1,2251,2250,2252,-1,2251,2252,2253,-1,2253,2252,2254,-1,2253,2254,2255,-1,2255,2254,2256,-1,2255,2256,2257,-1,2257,2256,2258,-1,2257,2258,2259,-1,2259,2258,2260,-1,2259,2260,2261,-1,2262,2261,2263,-1,2263,2261,2260,-1,2264,2262,2265,-1,2265,2262,2263,-1,2266,2264,2267,-1,2267,2264,2265,-1,2268,2266,2269,-1,2269,2266,2267,-1,2268,2269,2270,-1,2268,2270,2271,-1,2271,2270,2272,-1,2271,2272,2273,-1,2273,2272,2274,-1,2273,2274,2275,-1,2275,2274,2276,-1,2275,2276,2277,-1,2277,2276,2278,-1,2277,2278,2279,-1,2279,2278,2280,-1,2279,2280,2281,-1,2281,2280,2282,-1,2281,2282,2283,-1,2283,2282,2284,-1,2283,2284,2285,-1,2285,2284,2286,-1,2285,2286,2287,-1,2237,2287,2239,-1,2239,2287,2286,-1,2237,2236,2240,-1,2259,2261,2237,-1,2262,2264,2266,-1,2240,2242,2237,-1,2237,2242,2245,-1,2237,2245,2247,-1,2247,2249,2237,-1,2237,2249,2251,-1,2237,2251,2253,-1,2237,2261,2287,-1,2287,2261,2262,-1,2287,2262,2285,-1,2253,2255,2237,-1,2237,2255,2257,-1,2237,2257,2259,-1,2266,2268,2262,-1,2262,2268,2271,-1,2262,2271,2273,-1,2273,2275,2262,-1,2262,2275,2277,-1,2262,2277,2279,-1,2279,2281,2262,-1,2262,2281,2283,-1,2262,2283,2285,-1,2246,2239,2248,-1,2248,2239,2250,-1,2241,2238,2243,-1,2243,2238,2239,-1,2243,2239,2244,-1,2244,2239,2246,-1,2267,2265,2269,-1,2269,2265,2263,-1,2258,2256,2239,-1,2286,2284,2263,-1,2263,2284,2282,-1,2263,2282,2280,-1,2280,2278,2263,-1,2263,2278,2276,-1,2263,2276,2274,-1,2274,2272,2263,-1,2263,2272,2270,-1,2263,2270,2269,-1,2286,2263,2239,-1,2239,2263,2260,-1,2239,2260,2258,-1,2256,2254,2239,-1,2239,2254,2252,-1,2239,2252,2250,-1,2288,2289,2290,-1,2290,2289,2291,-1,2292,2288,2293,-1,2293,2288,2290,-1,2294,2292,2295,-1,2295,2292,2293,-1,2296,2294,2297,-1,2297,2294,2295,-1,2296,2297,2298,-1,2296,2298,2299,-1,2299,2298,2300,-1,2299,2300,2301,-1,2301,2300,2302,-1,2301,2302,2303,-1,2303,2302,2304,-1,2303,2304,2305,-1,2305,2304,2306,-1,2305,2306,2307,-1,2307,2306,2308,-1,2307,2308,2309,-1,2309,2308,2310,-1,2309,2310,2311,-1,2311,2310,2312,-1,2311,2312,2313,-1,2313,2312,2314,-1,2313,2314,2315,-1,2316,2315,2317,-1,2317,2315,2314,-1,2318,2316,2319,-1,2319,2316,2317,-1,2320,2318,2321,-1,2321,2318,2319,-1,2322,2320,2323,-1,2323,2320,2321,-1,2322,2323,2324,-1,2322,2324,2325,-1,2325,2324,2326,-1,2325,2326,2327,-1,2327,2326,2328,-1,2327,2328,2329,-1,2329,2328,2330,-1,2329,2330,2331,-1,2331,2330,2332,-1,2331,2332,2333,-1,2333,2332,2334,-1,2333,2334,2335,-1,2335,2334,2336,-1,2335,2336,2337,-1,2337,2336,2338,-1,2337,2338,2339,-1,2339,2338,2291,-1,2339,2291,2289,-1,2303,2305,2320,-1,2294,2335,2337,-1,2288,2292,2289,-1,2289,2292,2294,-1,2289,2294,2339,-1,2339,2294,2337,-1,2305,2307,2320,-1,2320,2307,2309,-1,2320,2309,2311,-1,2327,2329,2294,-1,2316,2318,2315,-1,2315,2318,2320,-1,2315,2320,2313,-1,2313,2320,2311,-1,2327,2294,2325,-1,2329,2331,2294,-1,2294,2331,2333,-1,2294,2333,2335,-1,2296,2299,2320,-1,2320,2299,2301,-1,2320,2301,2303,-1,2296,2320,2294,-1,2294,2320,2322,-1,2294,2322,2325,-1,2334,2332,2295,-1,2293,2290,2295,-1,2295,2290,2291,-1,2319,2317,2321,-1,2321,2317,2314,-1,2332,2330,2295,-1,2295,2330,2328,-1,2295,2328,2326,-1,2291,2338,2295,-1,2295,2338,2336,-1,2295,2336,2334,-1,2321,2297,2323,-1,2323,2297,2295,-1,2323,2295,2324,-1,2324,2295,2326,-1,2308,2306,2321,-1,2321,2306,2304,-1,2321,2304,2302,-1,2314,2312,2321,-1,2321,2312,2310,-1,2321,2310,2308,-1,2302,2300,2321,-1,2321,2300,2298,-1,2321,2298,2297,-1,2340,2341,2342,-1,2342,2341,2343,-1,2344,2340,2345,-1,2345,2340,2342,-1,2346,2344,2347,-1,2347,2344,2345,-1,2346,2347,2348,-1,2346,2348,2349,-1,2349,2348,2350,-1,2349,2350,2351,-1,2351,2350,2352,-1,2351,2352,2353,-1,2353,2352,2354,-1,2353,2354,2355,-1,2355,2354,2356,-1,2355,2356,2357,-1,2357,2356,2358,-1,2357,2358,2359,-1,2359,2358,2360,-1,2359,2360,2361,-1,2361,2360,2362,-1,2361,2362,2363,-1,2363,2362,2364,-1,2363,2364,2365,-1,2366,2365,2367,-1,2367,2365,2364,-1,2368,2366,2369,-1,2369,2366,2367,-1,2370,2368,2371,-1,2371,2368,2369,-1,2372,2370,2373,-1,2373,2370,2371,-1,2372,2373,2374,-1,2372,2374,2375,-1,2375,2374,2376,-1,2375,2376,2377,-1,2377,2376,2378,-1,2377,2378,2379,-1,2379,2378,2380,-1,2379,2380,2381,-1,2381,2380,2382,-1,2381,2382,2383,-1,2383,2382,2384,-1,2383,2384,2385,-1,2385,2384,2386,-1,2385,2386,2387,-1,2387,2386,2388,-1,2387,2388,2389,-1,2389,2388,2390,-1,2389,2390,2391,-1,2341,2391,2343,-1,2343,2391,2390,-1,2341,2340,2344,-1,2363,2365,2341,-1,2366,2368,2370,-1,2344,2346,2341,-1,2341,2346,2349,-1,2341,2349,2351,-1,2351,2353,2341,-1,2341,2353,2355,-1,2341,2355,2357,-1,2341,2365,2391,-1,2391,2365,2366,-1,2391,2366,2389,-1,2357,2359,2341,-1,2341,2359,2361,-1,2341,2361,2363,-1,2370,2372,2366,-1,2366,2372,2375,-1,2366,2375,2377,-1,2377,2379,2366,-1,2366,2379,2381,-1,2366,2381,2383,-1,2383,2385,2366,-1,2366,2385,2387,-1,2366,2387,2389,-1,2350,2343,2352,-1,2352,2343,2354,-1,2345,2342,2347,-1,2347,2342,2343,-1,2347,2343,2348,-1,2348,2343,2350,-1,2371,2369,2373,-1,2373,2369,2367,-1,2362,2360,2343,-1,2390,2388,2367,-1,2367,2388,2386,-1,2367,2386,2384,-1,2384,2382,2367,-1,2367,2382,2380,-1,2367,2380,2378,-1,2378,2376,2367,-1,2367,2376,2374,-1,2367,2374,2373,-1,2390,2367,2343,-1,2343,2367,2364,-1,2343,2364,2362,-1,2360,2358,2343,-1,2343,2358,2356,-1,2343,2356,2354,-1,2392,2393,2394,-1,2394,2393,2395,-1,2396,2392,2397,-1,2397,2392,2394,-1,2398,2396,2399,-1,2399,2396,2397,-1,2400,2398,2401,-1,2401,2398,2399,-1,2400,2401,2402,-1,2400,2402,2403,-1,2403,2402,2404,-1,2403,2404,2405,-1,2405,2404,2406,-1,2405,2406,2407,-1,2407,2406,2408,-1,2407,2408,2409,-1,2409,2408,2410,-1,2409,2410,2411,-1,2411,2410,2412,-1,2411,2412,2413,-1,2413,2412,2414,-1,2413,2414,2415,-1,2415,2414,2416,-1,2415,2416,2417,-1,2417,2416,2418,-1,2417,2418,2419,-1,2420,2419,2421,-1,2421,2419,2418,-1,2422,2420,2423,-1,2423,2420,2421,-1,2424,2422,2425,-1,2425,2422,2423,-1,2426,2424,2427,-1,2427,2424,2425,-1,2426,2427,2428,-1,2426,2428,2429,-1,2429,2428,2430,-1,2429,2430,2431,-1,2431,2430,2432,-1,2431,2432,2433,-1,2433,2432,2434,-1,2433,2434,2435,-1,2435,2434,2436,-1,2435,2436,2437,-1,2437,2436,2438,-1,2437,2438,2439,-1,2439,2438,2440,-1,2439,2440,2441,-1,2441,2440,2442,-1,2441,2442,2443,-1,2443,2442,2395,-1,2443,2395,2393,-1,2407,2409,2424,-1,2398,2439,2441,-1,2392,2396,2393,-1,2393,2396,2398,-1,2393,2398,2443,-1,2443,2398,2441,-1,2409,2411,2424,-1,2424,2411,2413,-1,2424,2413,2415,-1,2431,2433,2398,-1,2420,2422,2419,-1,2419,2422,2424,-1,2419,2424,2417,-1,2417,2424,2415,-1,2431,2398,2429,-1,2433,2435,2398,-1,2398,2435,2437,-1,2398,2437,2439,-1,2400,2403,2424,-1,2424,2403,2405,-1,2424,2405,2407,-1,2400,2424,2398,-1,2398,2424,2426,-1,2398,2426,2429,-1,2438,2436,2399,-1,2397,2394,2399,-1,2399,2394,2395,-1,2423,2421,2425,-1,2425,2421,2418,-1,2436,2434,2399,-1,2399,2434,2432,-1,2399,2432,2430,-1,2395,2442,2399,-1,2399,2442,2440,-1,2399,2440,2438,-1,2425,2401,2427,-1,2427,2401,2399,-1,2427,2399,2428,-1,2428,2399,2430,-1,2412,2410,2425,-1,2425,2410,2408,-1,2425,2408,2406,-1,2418,2416,2425,-1,2425,2416,2414,-1,2425,2414,2412,-1,2406,2404,2425,-1,2425,2404,2402,-1,2425,2402,2401,-1,2444,2445,2446,-1,2446,2445,2447,-1,2448,2444,2449,-1,2449,2444,2446,-1,2450,2448,2451,-1,2451,2448,2449,-1,2450,2451,2452,-1,2450,2452,2453,-1,2453,2452,2454,-1,2453,2454,2455,-1,2455,2454,2456,-1,2455,2456,2457,-1,2457,2456,2458,-1,2457,2458,2459,-1,2459,2458,2460,-1,2459,2460,2461,-1,2461,2460,2462,-1,2461,2462,2463,-1,2463,2462,2464,-1,2463,2464,2465,-1,2465,2464,2466,-1,2465,2466,2467,-1,2467,2466,2468,-1,2467,2468,2469,-1,2470,2469,2471,-1,2471,2469,2468,-1,2472,2470,2473,-1,2473,2470,2471,-1,2474,2472,2475,-1,2475,2472,2473,-1,2476,2474,2477,-1,2477,2474,2475,-1,2476,2477,2478,-1,2476,2478,2479,-1,2479,2478,2480,-1,2479,2480,2481,-1,2481,2480,2482,-1,2481,2482,2483,-1,2483,2482,2484,-1,2483,2484,2485,-1,2485,2484,2486,-1,2485,2486,2487,-1,2487,2486,2488,-1,2487,2488,2489,-1,2489,2488,2490,-1,2489,2490,2491,-1,2491,2490,2492,-1,2491,2492,2493,-1,2493,2492,2494,-1,2493,2494,2495,-1,2445,2495,2447,-1,2447,2495,2494,-1,2445,2444,2448,-1,2467,2469,2445,-1,2470,2472,2474,-1,2448,2450,2445,-1,2445,2450,2453,-1,2445,2453,2455,-1,2455,2457,2445,-1,2445,2457,2459,-1,2445,2459,2461,-1,2445,2469,2495,-1,2495,2469,2470,-1,2495,2470,2493,-1,2461,2463,2445,-1,2445,2463,2465,-1,2445,2465,2467,-1,2474,2476,2470,-1,2470,2476,2479,-1,2470,2479,2481,-1,2481,2483,2470,-1,2470,2483,2485,-1,2470,2485,2487,-1,2487,2489,2470,-1,2470,2489,2491,-1,2470,2491,2493,-1,2454,2447,2456,-1,2456,2447,2458,-1,2449,2446,2451,-1,2451,2446,2447,-1,2451,2447,2452,-1,2452,2447,2454,-1,2475,2473,2477,-1,2477,2473,2471,-1,2466,2464,2447,-1,2494,2492,2471,-1,2471,2492,2490,-1,2471,2490,2488,-1,2488,2486,2471,-1,2471,2486,2484,-1,2471,2484,2482,-1,2482,2480,2471,-1,2471,2480,2478,-1,2471,2478,2477,-1,2494,2471,2447,-1,2447,2471,2468,-1,2447,2468,2466,-1,2464,2462,2447,-1,2447,2462,2460,-1,2447,2460,2458,-1,2496,2497,2498,-1,2498,2497,2499,-1,2500,2496,2501,-1,2501,2496,2498,-1,2502,2500,2503,-1,2503,2500,2501,-1,2504,2502,2505,-1,2505,2502,2503,-1,2504,2505,2506,-1,2504,2506,2507,-1,2507,2506,2508,-1,2507,2508,2509,-1,2509,2508,2510,-1,2509,2510,2511,-1,2511,2510,2512,-1,2511,2512,2513,-1,2513,2512,2514,-1,2513,2514,2515,-1,2515,2514,2516,-1,2515,2516,2517,-1,2517,2516,2518,-1,2517,2518,2519,-1,2519,2518,2520,-1,2519,2520,2521,-1,2521,2520,2522,-1,2521,2522,2523,-1,2524,2523,2525,-1,2525,2523,2522,-1,2526,2524,2527,-1,2527,2524,2525,-1,2528,2526,2529,-1,2529,2526,2527,-1,2530,2528,2531,-1,2531,2528,2529,-1,2530,2531,2532,-1,2530,2532,2533,-1,2533,2532,2534,-1,2533,2534,2535,-1,2535,2534,2536,-1,2535,2536,2537,-1,2537,2536,2538,-1,2537,2538,2539,-1,2539,2538,2540,-1,2539,2540,2541,-1,2541,2540,2542,-1,2541,2542,2543,-1,2543,2542,2544,-1,2543,2544,2545,-1,2545,2544,2546,-1,2545,2546,2547,-1,2547,2546,2499,-1,2547,2499,2497,-1,2511,2513,2528,-1,2502,2543,2545,-1,2496,2500,2497,-1,2497,2500,2502,-1,2497,2502,2547,-1,2547,2502,2545,-1,2513,2515,2528,-1,2528,2515,2517,-1,2528,2517,2519,-1,2535,2537,2502,-1,2524,2526,2523,-1,2523,2526,2528,-1,2523,2528,2521,-1,2521,2528,2519,-1,2535,2502,2533,-1,2537,2539,2502,-1,2502,2539,2541,-1,2502,2541,2543,-1,2504,2507,2528,-1,2528,2507,2509,-1,2528,2509,2511,-1,2504,2528,2502,-1,2502,2528,2530,-1,2502,2530,2533,-1,2542,2540,2503,-1,2501,2498,2503,-1,2503,2498,2499,-1,2527,2525,2529,-1,2529,2525,2522,-1,2540,2538,2503,-1,2503,2538,2536,-1,2503,2536,2534,-1,2499,2546,2503,-1,2503,2546,2544,-1,2503,2544,2542,-1,2529,2505,2531,-1,2531,2505,2503,-1,2531,2503,2532,-1,2532,2503,2534,-1,2516,2514,2529,-1,2529,2514,2512,-1,2529,2512,2510,-1,2522,2520,2529,-1,2529,2520,2518,-1,2529,2518,2516,-1,2510,2508,2529,-1,2529,2508,2506,-1,2529,2506,2505,-1,2548,2549,2550,-1,2550,2549,2551,-1,2552,2548,2553,-1,2553,2548,2550,-1,2554,2552,2555,-1,2555,2552,2553,-1,2554,2555,2556,-1,2554,2556,2557,-1,2557,2556,2558,-1,2557,2558,2559,-1,2559,2558,2560,-1,2559,2560,2561,-1,2561,2560,2562,-1,2561,2562,2563,-1,2563,2562,2564,-1,2563,2564,2565,-1,2565,2564,2566,-1,2565,2566,2567,-1,2567,2566,2568,-1,2567,2568,2569,-1,2569,2568,2570,-1,2569,2570,2571,-1,2571,2570,2572,-1,2571,2572,2573,-1,2574,2573,2575,-1,2575,2573,2572,-1,2576,2574,2577,-1,2577,2574,2575,-1,2578,2576,2579,-1,2579,2576,2577,-1,2580,2578,2581,-1,2581,2578,2579,-1,2580,2581,2582,-1,2580,2582,2583,-1,2583,2582,2584,-1,2583,2584,2585,-1,2585,2584,2586,-1,2585,2586,2587,-1,2587,2586,2588,-1,2587,2588,2589,-1,2589,2588,2590,-1,2589,2590,2591,-1,2591,2590,2592,-1,2591,2592,2593,-1,2593,2592,2594,-1,2593,2594,2595,-1,2595,2594,2596,-1,2595,2596,2597,-1,2597,2596,2598,-1,2597,2598,2599,-1,2549,2599,2551,-1,2551,2599,2598,-1,2549,2548,2552,-1,2571,2573,2549,-1,2574,2576,2578,-1,2552,2554,2549,-1,2549,2554,2557,-1,2549,2557,2559,-1,2559,2561,2549,-1,2549,2561,2563,-1,2549,2563,2565,-1,2549,2573,2599,-1,2599,2573,2574,-1,2599,2574,2597,-1,2565,2567,2549,-1,2549,2567,2569,-1,2549,2569,2571,-1,2578,2580,2574,-1,2574,2580,2583,-1,2574,2583,2585,-1,2585,2587,2574,-1,2574,2587,2589,-1,2574,2589,2591,-1,2591,2593,2574,-1,2574,2593,2595,-1,2574,2595,2597,-1,2558,2551,2560,-1,2560,2551,2562,-1,2553,2550,2555,-1,2555,2550,2551,-1,2555,2551,2556,-1,2556,2551,2558,-1,2579,2577,2581,-1,2581,2577,2575,-1,2570,2568,2551,-1,2598,2596,2575,-1,2575,2596,2594,-1,2575,2594,2592,-1,2592,2590,2575,-1,2575,2590,2588,-1,2575,2588,2586,-1,2586,2584,2575,-1,2575,2584,2582,-1,2575,2582,2581,-1,2598,2575,2551,-1,2551,2575,2572,-1,2551,2572,2570,-1,2568,2566,2551,-1,2551,2566,2564,-1,2551,2564,2562,-1,2600,2601,2602,-1,2602,2601,2603,-1,2604,2600,2605,-1,2605,2600,2602,-1,2606,2604,2607,-1,2607,2604,2605,-1,2608,2606,2609,-1,2609,2606,2607,-1,2608,2609,2610,-1,2608,2610,2611,-1,2611,2610,2612,-1,2611,2612,2613,-1,2613,2612,2614,-1,2613,2614,2615,-1,2615,2614,2616,-1,2615,2616,2617,-1,2617,2616,2618,-1,2617,2618,2619,-1,2619,2618,2620,-1,2619,2620,2621,-1,2621,2620,2622,-1,2621,2622,2623,-1,2623,2622,2624,-1,2623,2624,2625,-1,2625,2624,2626,-1,2625,2626,2627,-1,2628,2627,2629,-1,2629,2627,2626,-1,2630,2628,2631,-1,2631,2628,2629,-1,2632,2630,2633,-1,2633,2630,2631,-1,2634,2632,2635,-1,2635,2632,2633,-1,2634,2635,2636,-1,2634,2636,2637,-1,2637,2636,2638,-1,2637,2638,2639,-1,2639,2638,2640,-1,2639,2640,2641,-1,2641,2640,2642,-1,2641,2642,2643,-1,2643,2642,2644,-1,2643,2644,2645,-1,2645,2644,2646,-1,2645,2646,2647,-1,2647,2646,2648,-1,2647,2648,2649,-1,2649,2648,2650,-1,2649,2650,2651,-1,2651,2650,2603,-1,2651,2603,2601,-1,2615,2617,2632,-1,2606,2647,2649,-1,2600,2604,2601,-1,2601,2604,2606,-1,2601,2606,2651,-1,2651,2606,2649,-1,2617,2619,2632,-1,2632,2619,2621,-1,2632,2621,2623,-1,2639,2641,2606,-1,2628,2630,2627,-1,2627,2630,2632,-1,2627,2632,2625,-1,2625,2632,2623,-1,2639,2606,2637,-1,2641,2643,2606,-1,2606,2643,2645,-1,2606,2645,2647,-1,2608,2611,2632,-1,2632,2611,2613,-1,2632,2613,2615,-1,2608,2632,2606,-1,2606,2632,2634,-1,2606,2634,2637,-1,2646,2644,2607,-1,2605,2602,2607,-1,2607,2602,2603,-1,2631,2629,2633,-1,2633,2629,2626,-1,2644,2642,2607,-1,2607,2642,2640,-1,2607,2640,2638,-1,2603,2650,2607,-1,2607,2650,2648,-1,2607,2648,2646,-1,2633,2609,2635,-1,2635,2609,2607,-1,2635,2607,2636,-1,2636,2607,2638,-1,2620,2618,2633,-1,2633,2618,2616,-1,2633,2616,2614,-1,2626,2624,2633,-1,2633,2624,2622,-1,2633,2622,2620,-1,2614,2612,2633,-1,2633,2612,2610,-1,2633,2610,2609,-1,2652,2653,2654,-1,2654,2653,2655,-1,2656,2652,2657,-1,2657,2652,2654,-1,2658,2656,2659,-1,2659,2656,2657,-1,2658,2659,2660,-1,2658,2660,2661,-1,2661,2660,2662,-1,2661,2662,2663,-1,2663,2662,2664,-1,2663,2664,2665,-1,2665,2664,2666,-1,2665,2666,2667,-1,2667,2666,2668,-1,2667,2668,2669,-1,2669,2668,2670,-1,2669,2670,2671,-1,2671,2670,2672,-1,2671,2672,2673,-1,2673,2672,2674,-1,2673,2674,2675,-1,2675,2674,2676,-1,2675,2676,2677,-1,2678,2677,2679,-1,2679,2677,2676,-1,2680,2678,2681,-1,2681,2678,2679,-1,2682,2680,2683,-1,2683,2680,2681,-1,2684,2682,2685,-1,2685,2682,2683,-1,2684,2685,2686,-1,2684,2686,2687,-1,2687,2686,2688,-1,2687,2688,2689,-1,2689,2688,2690,-1,2689,2690,2691,-1,2691,2690,2692,-1,2691,2692,2693,-1,2693,2692,2694,-1,2693,2694,2695,-1,2695,2694,2696,-1,2695,2696,2697,-1,2697,2696,2698,-1,2697,2698,2699,-1,2699,2698,2700,-1,2699,2700,2701,-1,2701,2700,2702,-1,2701,2702,2703,-1,2653,2703,2655,-1,2655,2703,2702,-1,2653,2652,2656,-1,2675,2677,2653,-1,2678,2680,2682,-1,2656,2658,2653,-1,2653,2658,2661,-1,2653,2661,2663,-1,2663,2665,2653,-1,2653,2665,2667,-1,2653,2667,2669,-1,2653,2677,2703,-1,2703,2677,2678,-1,2703,2678,2701,-1,2669,2671,2653,-1,2653,2671,2673,-1,2653,2673,2675,-1,2682,2684,2678,-1,2678,2684,2687,-1,2678,2687,2689,-1,2689,2691,2678,-1,2678,2691,2693,-1,2678,2693,2695,-1,2695,2697,2678,-1,2678,2697,2699,-1,2678,2699,2701,-1,2662,2655,2664,-1,2664,2655,2666,-1,2657,2654,2659,-1,2659,2654,2655,-1,2659,2655,2660,-1,2660,2655,2662,-1,2683,2681,2685,-1,2685,2681,2679,-1,2674,2672,2655,-1,2702,2700,2679,-1,2679,2700,2698,-1,2679,2698,2696,-1,2696,2694,2679,-1,2679,2694,2692,-1,2679,2692,2690,-1,2690,2688,2679,-1,2679,2688,2686,-1,2679,2686,2685,-1,2702,2679,2655,-1,2655,2679,2676,-1,2655,2676,2674,-1,2672,2670,2655,-1,2655,2670,2668,-1,2655,2668,2666,-1,2704,2705,2706,-1,2706,2705,2707,-1,2708,2704,2709,-1,2709,2704,2706,-1,2710,2708,2711,-1,2711,2708,2709,-1,2712,2710,2713,-1,2713,2710,2711,-1,2712,2713,2714,-1,2712,2714,2715,-1,2715,2714,2716,-1,2715,2716,2717,-1,2717,2716,2718,-1,2717,2718,2719,-1,2719,2718,2720,-1,2719,2720,2721,-1,2721,2720,2722,-1,2721,2722,2723,-1,2723,2722,2724,-1,2723,2724,2725,-1,2725,2724,2726,-1,2725,2726,2727,-1,2727,2726,2728,-1,2727,2728,2729,-1,2729,2728,2730,-1,2729,2730,2731,-1,2732,2731,2733,-1,2733,2731,2730,-1,2734,2732,2735,-1,2735,2732,2733,-1,2736,2734,2737,-1,2737,2734,2735,-1,2738,2736,2739,-1,2739,2736,2737,-1,2738,2739,2740,-1,2738,2740,2741,-1,2741,2740,2742,-1,2741,2742,2743,-1,2743,2742,2744,-1,2743,2744,2745,-1,2745,2744,2746,-1,2745,2746,2747,-1,2747,2746,2748,-1,2747,2748,2749,-1,2749,2748,2750,-1,2749,2750,2751,-1,2751,2750,2752,-1,2751,2752,2753,-1,2753,2752,2754,-1,2753,2754,2755,-1,2755,2754,2707,-1,2755,2707,2705,-1,2719,2721,2736,-1,2710,2751,2753,-1,2704,2708,2705,-1,2705,2708,2710,-1,2705,2710,2755,-1,2755,2710,2753,-1,2721,2723,2736,-1,2736,2723,2725,-1,2736,2725,2727,-1,2743,2745,2710,-1,2732,2734,2731,-1,2731,2734,2736,-1,2731,2736,2729,-1,2729,2736,2727,-1,2743,2710,2741,-1,2745,2747,2710,-1,2710,2747,2749,-1,2710,2749,2751,-1,2712,2715,2736,-1,2736,2715,2717,-1,2736,2717,2719,-1,2712,2736,2710,-1,2710,2736,2738,-1,2710,2738,2741,-1,2750,2748,2711,-1,2709,2706,2711,-1,2711,2706,2707,-1,2735,2733,2737,-1,2737,2733,2730,-1,2748,2746,2711,-1,2711,2746,2744,-1,2711,2744,2742,-1,2707,2754,2711,-1,2711,2754,2752,-1,2711,2752,2750,-1,2737,2713,2739,-1,2739,2713,2711,-1,2739,2711,2740,-1,2740,2711,2742,-1,2724,2722,2737,-1,2737,2722,2720,-1,2737,2720,2718,-1,2730,2728,2737,-1,2737,2728,2726,-1,2737,2726,2724,-1,2718,2716,2737,-1,2737,2716,2714,-1,2737,2714,2713,-1,2756,2757,2758,-1,2758,2757,2759,-1,2760,2756,2761,-1,2761,2756,2758,-1,2762,2760,2763,-1,2763,2760,2761,-1,2762,2763,2764,-1,2762,2764,2765,-1,2765,2764,2766,-1,2765,2766,2767,-1,2767,2766,2768,-1,2767,2768,2769,-1,2769,2768,2770,-1,2769,2770,2771,-1,2771,2770,2772,-1,2771,2772,2773,-1,2773,2772,2774,-1,2773,2774,2775,-1,2775,2774,2776,-1,2775,2776,2777,-1,2777,2776,2778,-1,2777,2778,2779,-1,2779,2778,2780,-1,2779,2780,2781,-1,2782,2781,2783,-1,2783,2781,2780,-1,2784,2782,2785,-1,2785,2782,2783,-1,2786,2784,2787,-1,2787,2784,2785,-1,2788,2786,2789,-1,2789,2786,2787,-1,2788,2789,2790,-1,2788,2790,2791,-1,2791,2790,2792,-1,2791,2792,2793,-1,2793,2792,2794,-1,2793,2794,2795,-1,2795,2794,2796,-1,2795,2796,2797,-1,2797,2796,2798,-1,2797,2798,2799,-1,2799,2798,2800,-1,2799,2800,2801,-1,2801,2800,2802,-1,2801,2802,2803,-1,2803,2802,2804,-1,2803,2804,2805,-1,2805,2804,2806,-1,2805,2806,2807,-1,2757,2807,2759,-1,2759,2807,2806,-1,2757,2756,2760,-1,2779,2781,2757,-1,2782,2784,2786,-1,2760,2762,2757,-1,2757,2762,2765,-1,2757,2765,2767,-1,2767,2769,2757,-1,2757,2769,2771,-1,2757,2771,2773,-1,2757,2781,2807,-1,2807,2781,2782,-1,2807,2782,2805,-1,2773,2775,2757,-1,2757,2775,2777,-1,2757,2777,2779,-1,2786,2788,2782,-1,2782,2788,2791,-1,2782,2791,2793,-1,2793,2795,2782,-1,2782,2795,2797,-1,2782,2797,2799,-1,2799,2801,2782,-1,2782,2801,2803,-1,2782,2803,2805,-1,2766,2759,2768,-1,2768,2759,2770,-1,2761,2758,2763,-1,2763,2758,2759,-1,2763,2759,2764,-1,2764,2759,2766,-1,2787,2785,2789,-1,2789,2785,2783,-1,2778,2776,2759,-1,2806,2804,2783,-1,2783,2804,2802,-1,2783,2802,2800,-1,2800,2798,2783,-1,2783,2798,2796,-1,2783,2796,2794,-1,2794,2792,2783,-1,2783,2792,2790,-1,2783,2790,2789,-1,2806,2783,2759,-1,2759,2783,2780,-1,2759,2780,2778,-1,2776,2774,2759,-1,2759,2774,2772,-1,2759,2772,2770,-1,2808,2809,2810,-1,2810,2809,2811,-1,2812,2808,2813,-1,2813,2808,2810,-1,2814,2812,2815,-1,2815,2812,2813,-1,2816,2814,2817,-1,2817,2814,2815,-1,2816,2817,2818,-1,2816,2818,2819,-1,2819,2818,2820,-1,2819,2820,2821,-1,2821,2820,2822,-1,2821,2822,2823,-1,2823,2822,2824,-1,2823,2824,2825,-1,2825,2824,2826,-1,2825,2826,2827,-1,2827,2826,2828,-1,2827,2828,2829,-1,2829,2828,2830,-1,2829,2830,2831,-1,2831,2830,2832,-1,2831,2832,2833,-1,2833,2832,2834,-1,2833,2834,2835,-1,2836,2835,2837,-1,2837,2835,2834,-1,2838,2836,2839,-1,2839,2836,2837,-1,2840,2838,2841,-1,2841,2838,2839,-1,2842,2840,2843,-1,2843,2840,2841,-1,2842,2843,2844,-1,2842,2844,2845,-1,2845,2844,2846,-1,2845,2846,2847,-1,2847,2846,2848,-1,2847,2848,2849,-1,2849,2848,2850,-1,2849,2850,2851,-1,2851,2850,2852,-1,2851,2852,2853,-1,2853,2852,2854,-1,2853,2854,2855,-1,2855,2854,2856,-1,2855,2856,2857,-1,2857,2856,2858,-1,2857,2858,2859,-1,2859,2858,2811,-1,2859,2811,2809,-1,2823,2825,2840,-1,2814,2855,2857,-1,2808,2812,2809,-1,2809,2812,2814,-1,2809,2814,2859,-1,2859,2814,2857,-1,2825,2827,2840,-1,2840,2827,2829,-1,2840,2829,2831,-1,2847,2849,2814,-1,2836,2838,2835,-1,2835,2838,2840,-1,2835,2840,2833,-1,2833,2840,2831,-1,2847,2814,2845,-1,2849,2851,2814,-1,2814,2851,2853,-1,2814,2853,2855,-1,2816,2819,2840,-1,2840,2819,2821,-1,2840,2821,2823,-1,2816,2840,2814,-1,2814,2840,2842,-1,2814,2842,2845,-1,2854,2852,2815,-1,2813,2810,2815,-1,2815,2810,2811,-1,2839,2837,2841,-1,2841,2837,2834,-1,2852,2850,2815,-1,2815,2850,2848,-1,2815,2848,2846,-1,2811,2858,2815,-1,2815,2858,2856,-1,2815,2856,2854,-1,2841,2817,2843,-1,2843,2817,2815,-1,2843,2815,2844,-1,2844,2815,2846,-1,2828,2826,2841,-1,2841,2826,2824,-1,2841,2824,2822,-1,2834,2832,2841,-1,2841,2832,2830,-1,2841,2830,2828,-1,2822,2820,2841,-1,2841,2820,2818,-1,2841,2818,2817,-1,2860,2861,2862,-1,2862,2861,2863,-1,2864,2860,2865,-1,2865,2860,2862,-1,2866,2864,2867,-1,2867,2864,2865,-1,2866,2867,2868,-1,2866,2868,2869,-1,2869,2868,2870,-1,2869,2870,2871,-1,2871,2870,2872,-1,2871,2872,2873,-1,2873,2872,2874,-1,2873,2874,2875,-1,2875,2874,2876,-1,2875,2876,2877,-1,2877,2876,2878,-1,2877,2878,2879,-1,2879,2878,2880,-1,2879,2880,2881,-1,2881,2880,2882,-1,2881,2882,2883,-1,2883,2882,2884,-1,2883,2884,2885,-1,2886,2885,2887,-1,2887,2885,2884,-1,2888,2886,2889,-1,2889,2886,2887,-1,2890,2888,2891,-1,2891,2888,2889,-1,2892,2890,2893,-1,2893,2890,2891,-1,2892,2893,2894,-1,2892,2894,2895,-1,2895,2894,2896,-1,2895,2896,2897,-1,2897,2896,2898,-1,2897,2898,2899,-1,2899,2898,2900,-1,2899,2900,2901,-1,2901,2900,2902,-1,2901,2902,2903,-1,2903,2902,2904,-1,2903,2904,2905,-1,2905,2904,2906,-1,2905,2906,2907,-1,2907,2906,2908,-1,2907,2908,2909,-1,2909,2908,2910,-1,2909,2910,2911,-1,2861,2911,2863,-1,2863,2911,2910,-1,2861,2860,2864,-1,2883,2885,2861,-1,2886,2888,2890,-1,2864,2866,2861,-1,2861,2866,2869,-1,2861,2869,2871,-1,2871,2873,2861,-1,2861,2873,2875,-1,2861,2875,2877,-1,2861,2885,2911,-1,2911,2885,2886,-1,2911,2886,2909,-1,2877,2879,2861,-1,2861,2879,2881,-1,2861,2881,2883,-1,2890,2892,2886,-1,2886,2892,2895,-1,2886,2895,2897,-1,2897,2899,2886,-1,2886,2899,2901,-1,2886,2901,2903,-1,2903,2905,2886,-1,2886,2905,2907,-1,2886,2907,2909,-1,2870,2863,2872,-1,2872,2863,2874,-1,2865,2862,2867,-1,2867,2862,2863,-1,2867,2863,2868,-1,2868,2863,2870,-1,2891,2889,2893,-1,2893,2889,2887,-1,2882,2880,2863,-1,2910,2908,2887,-1,2887,2908,2906,-1,2887,2906,2904,-1,2904,2902,2887,-1,2887,2902,2900,-1,2887,2900,2898,-1,2898,2896,2887,-1,2887,2896,2894,-1,2887,2894,2893,-1,2910,2887,2863,-1,2863,2887,2884,-1,2863,2884,2882,-1,2880,2878,2863,-1,2863,2878,2876,-1,2863,2876,2874,-1,2912,2913,2914,-1,2914,2913,2915,-1,2916,2912,2917,-1,2917,2912,2914,-1,2918,2916,2919,-1,2919,2916,2917,-1,2920,2918,2921,-1,2921,2918,2919,-1,2920,2921,2922,-1,2920,2922,2923,-1,2923,2922,2924,-1,2923,2924,2925,-1,2925,2924,2926,-1,2925,2926,2927,-1,2927,2926,2928,-1,2927,2928,2929,-1,2929,2928,2930,-1,2929,2930,2931,-1,2931,2930,2932,-1,2931,2932,2933,-1,2933,2932,2934,-1,2933,2934,2935,-1,2935,2934,2936,-1,2935,2936,2937,-1,2937,2936,2938,-1,2937,2938,2939,-1,2940,2939,2941,-1,2941,2939,2938,-1,2942,2940,2943,-1,2943,2940,2941,-1,2944,2942,2945,-1,2945,2942,2943,-1,2946,2944,2947,-1,2947,2944,2945,-1,2946,2947,2948,-1,2946,2948,2949,-1,2949,2948,2950,-1,2949,2950,2951,-1,2951,2950,2952,-1,2951,2952,2953,-1,2953,2952,2954,-1,2953,2954,2955,-1,2955,2954,2956,-1,2955,2956,2957,-1,2957,2956,2958,-1,2957,2958,2959,-1,2959,2958,2960,-1,2959,2960,2961,-1,2961,2960,2962,-1,2961,2962,2963,-1,2963,2962,2915,-1,2963,2915,2913,-1,2927,2929,2944,-1,2918,2959,2961,-1,2912,2916,2913,-1,2913,2916,2918,-1,2913,2918,2963,-1,2963,2918,2961,-1,2929,2931,2944,-1,2944,2931,2933,-1,2944,2933,2935,-1,2951,2953,2918,-1,2940,2942,2939,-1,2939,2942,2944,-1,2939,2944,2937,-1,2937,2944,2935,-1,2951,2918,2949,-1,2953,2955,2918,-1,2918,2955,2957,-1,2918,2957,2959,-1,2920,2923,2944,-1,2944,2923,2925,-1,2944,2925,2927,-1,2920,2944,2918,-1,2918,2944,2946,-1,2918,2946,2949,-1,2958,2956,2919,-1,2917,2914,2919,-1,2919,2914,2915,-1,2943,2941,2945,-1,2945,2941,2938,-1,2956,2954,2919,-1,2919,2954,2952,-1,2919,2952,2950,-1,2915,2962,2919,-1,2919,2962,2960,-1,2919,2960,2958,-1,2945,2921,2947,-1,2947,2921,2919,-1,2947,2919,2948,-1,2948,2919,2950,-1,2932,2930,2945,-1,2945,2930,2928,-1,2945,2928,2926,-1,2938,2936,2945,-1,2945,2936,2934,-1,2945,2934,2932,-1,2926,2924,2945,-1,2945,2924,2922,-1,2945,2922,2921,-1,2964,2965,2966,-1,2966,2965,2967,-1,2968,2964,2969,-1,2969,2964,2966,-1,2970,2968,2971,-1,2971,2968,2969,-1,2970,2971,2972,-1,2970,2972,2973,-1,2973,2972,2974,-1,2973,2974,2975,-1,2975,2974,2976,-1,2975,2976,2977,-1,2977,2976,2978,-1,2977,2978,2979,-1,2979,2978,2980,-1,2979,2980,2981,-1,2981,2980,2982,-1,2981,2982,2983,-1,2983,2982,2984,-1,2983,2984,2985,-1,2985,2984,2986,-1,2985,2986,2987,-1,2987,2986,2988,-1,2987,2988,2989,-1,2990,2989,2991,-1,2991,2989,2988,-1,2992,2990,2993,-1,2993,2990,2991,-1,2994,2992,2995,-1,2995,2992,2993,-1,2996,2994,2997,-1,2997,2994,2995,-1,2996,2997,2998,-1,2996,2998,2999,-1,2999,2998,3000,-1,2999,3000,3001,-1,3001,3000,3002,-1,3001,3002,3003,-1,3003,3002,3004,-1,3003,3004,3005,-1,3005,3004,3006,-1,3005,3006,3007,-1,3007,3006,3008,-1,3007,3008,3009,-1,3009,3008,3010,-1,3009,3010,3011,-1,3011,3010,3012,-1,3011,3012,3013,-1,3013,3012,3014,-1,3013,3014,3015,-1,2965,3015,2967,-1,2967,3015,3014,-1,2965,2964,2968,-1,2987,2989,2965,-1,2990,2992,2994,-1,2968,2970,2965,-1,2965,2970,2973,-1,2965,2973,2975,-1,2975,2977,2965,-1,2965,2977,2979,-1,2965,2979,2981,-1,2965,2989,3015,-1,3015,2989,2990,-1,3015,2990,3013,-1,2981,2983,2965,-1,2965,2983,2985,-1,2965,2985,2987,-1,2994,2996,2990,-1,2990,2996,2999,-1,2990,2999,3001,-1,3001,3003,2990,-1,2990,3003,3005,-1,2990,3005,3007,-1,3007,3009,2990,-1,2990,3009,3011,-1,2990,3011,3013,-1,2974,2967,2976,-1,2976,2967,2978,-1,2969,2966,2971,-1,2971,2966,2967,-1,2971,2967,2972,-1,2972,2967,2974,-1,2995,2993,2997,-1,2997,2993,2991,-1,2986,2984,2967,-1,3014,3012,2991,-1,2991,3012,3010,-1,2991,3010,3008,-1,3008,3006,2991,-1,2991,3006,3004,-1,2991,3004,3002,-1,3002,3000,2991,-1,2991,3000,2998,-1,2991,2998,2997,-1,3014,2991,2967,-1,2967,2991,2988,-1,2967,2988,2986,-1,2984,2982,2967,-1,2967,2982,2980,-1,2967,2980,2978,-1,3016,3017,3018,-1,3018,3017,3019,-1,3020,3016,3021,-1,3021,3016,3018,-1,3022,3020,3023,-1,3023,3020,3021,-1,3024,3022,3025,-1,3025,3022,3023,-1,3024,3025,3026,-1,3024,3026,3027,-1,3027,3026,3028,-1,3027,3028,3029,-1,3029,3028,3030,-1,3029,3030,3031,-1,3031,3030,3032,-1,3031,3032,3033,-1,3033,3032,3034,-1,3033,3034,3035,-1,3035,3034,3036,-1,3035,3036,3037,-1,3037,3036,3038,-1,3037,3038,3039,-1,3039,3038,3040,-1,3039,3040,3041,-1,3041,3040,3042,-1,3041,3042,3043,-1,3044,3043,3045,-1,3045,3043,3042,-1,3046,3044,3047,-1,3047,3044,3045,-1,3048,3046,3049,-1,3049,3046,3047,-1,3050,3048,3051,-1,3051,3048,3049,-1,3050,3051,3052,-1,3050,3052,3053,-1,3053,3052,3054,-1,3053,3054,3055,-1,3055,3054,3056,-1,3055,3056,3057,-1,3057,3056,3058,-1,3057,3058,3059,-1,3059,3058,3060,-1,3059,3060,3061,-1,3061,3060,3062,-1,3061,3062,3063,-1,3063,3062,3064,-1,3063,3064,3065,-1,3065,3064,3066,-1,3065,3066,3067,-1,3067,3066,3019,-1,3067,3019,3017,-1,3031,3033,3048,-1,3022,3063,3065,-1,3016,3020,3017,-1,3017,3020,3022,-1,3017,3022,3067,-1,3067,3022,3065,-1,3033,3035,3048,-1,3048,3035,3037,-1,3048,3037,3039,-1,3055,3057,3022,-1,3044,3046,3043,-1,3043,3046,3048,-1,3043,3048,3041,-1,3041,3048,3039,-1,3055,3022,3053,-1,3057,3059,3022,-1,3022,3059,3061,-1,3022,3061,3063,-1,3024,3027,3048,-1,3048,3027,3029,-1,3048,3029,3031,-1,3024,3048,3022,-1,3022,3048,3050,-1,3022,3050,3053,-1,3062,3060,3023,-1,3021,3018,3023,-1,3023,3018,3019,-1,3047,3045,3049,-1,3049,3045,3042,-1,3060,3058,3023,-1,3023,3058,3056,-1,3023,3056,3054,-1,3019,3066,3023,-1,3023,3066,3064,-1,3023,3064,3062,-1,3049,3025,3051,-1,3051,3025,3023,-1,3051,3023,3052,-1,3052,3023,3054,-1,3036,3034,3049,-1,3049,3034,3032,-1,3049,3032,3030,-1,3042,3040,3049,-1,3049,3040,3038,-1,3049,3038,3036,-1,3030,3028,3049,-1,3049,3028,3026,-1,3049,3026,3025,-1,3068,3069,3070,-1,3070,3069,3071,-1,3072,3068,3073,-1,3073,3068,3070,-1,3074,3072,3075,-1,3075,3072,3073,-1,3074,3075,3076,-1,3074,3076,3077,-1,3077,3076,3078,-1,3077,3078,3079,-1,3079,3078,3080,-1,3079,3080,3081,-1,3081,3080,3082,-1,3081,3082,3083,-1,3083,3082,3084,-1,3083,3084,3085,-1,3085,3084,3086,-1,3085,3086,3087,-1,3087,3086,3088,-1,3087,3088,3089,-1,3089,3088,3090,-1,3089,3090,3091,-1,3091,3090,3092,-1,3091,3092,3093,-1,3094,3093,3095,-1,3095,3093,3092,-1,3096,3094,3097,-1,3097,3094,3095,-1,3098,3096,3099,-1,3099,3096,3097,-1,3100,3098,3101,-1,3101,3098,3099,-1,3100,3101,3102,-1,3100,3102,3103,-1,3103,3102,3104,-1,3103,3104,3105,-1,3105,3104,3106,-1,3105,3106,3107,-1,3107,3106,3108,-1,3107,3108,3109,-1,3109,3108,3110,-1,3109,3110,3111,-1,3111,3110,3112,-1,3111,3112,3113,-1,3113,3112,3114,-1,3113,3114,3115,-1,3115,3114,3116,-1,3115,3116,3117,-1,3117,3116,3118,-1,3117,3118,3119,-1,3069,3119,3071,-1,3071,3119,3118,-1,3069,3068,3072,-1,3091,3093,3069,-1,3094,3096,3098,-1,3072,3074,3069,-1,3069,3074,3077,-1,3069,3077,3079,-1,3079,3081,3069,-1,3069,3081,3083,-1,3069,3083,3085,-1,3069,3093,3119,-1,3119,3093,3094,-1,3119,3094,3117,-1,3085,3087,3069,-1,3069,3087,3089,-1,3069,3089,3091,-1,3098,3100,3094,-1,3094,3100,3103,-1,3094,3103,3105,-1,3105,3107,3094,-1,3094,3107,3109,-1,3094,3109,3111,-1,3111,3113,3094,-1,3094,3113,3115,-1,3094,3115,3117,-1,3078,3071,3080,-1,3080,3071,3082,-1,3073,3070,3075,-1,3075,3070,3071,-1,3075,3071,3076,-1,3076,3071,3078,-1,3099,3097,3101,-1,3101,3097,3095,-1,3090,3088,3071,-1,3118,3116,3095,-1,3095,3116,3114,-1,3095,3114,3112,-1,3112,3110,3095,-1,3095,3110,3108,-1,3095,3108,3106,-1,3106,3104,3095,-1,3095,3104,3102,-1,3095,3102,3101,-1,3118,3095,3071,-1,3071,3095,3092,-1,3071,3092,3090,-1,3088,3086,3071,-1,3071,3086,3084,-1,3071,3084,3082,-1,3120,3121,3122,-1,3122,3121,3123,-1,3124,3120,3125,-1,3125,3120,3122,-1,3126,3124,3127,-1,3127,3124,3125,-1,3128,3126,3129,-1,3129,3126,3127,-1,3128,3129,3130,-1,3128,3130,3131,-1,3131,3130,3132,-1,3131,3132,3133,-1,3133,3132,3134,-1,3133,3134,3135,-1,3135,3134,3136,-1,3135,3136,3137,-1,3137,3136,3138,-1,3137,3138,3139,-1,3139,3138,3140,-1,3139,3140,3141,-1,3141,3140,3142,-1,3141,3142,3143,-1,3143,3142,3144,-1,3143,3144,3145,-1,3145,3144,3146,-1,3145,3146,3147,-1,3148,3147,3149,-1,3149,3147,3146,-1,3150,3148,3151,-1,3151,3148,3149,-1,3152,3150,3153,-1,3153,3150,3151,-1,3154,3152,3155,-1,3155,3152,3153,-1,3154,3155,3156,-1,3154,3156,3157,-1,3157,3156,3158,-1,3157,3158,3159,-1,3159,3158,3160,-1,3159,3160,3161,-1,3161,3160,3162,-1,3161,3162,3163,-1,3163,3162,3164,-1,3163,3164,3165,-1,3165,3164,3166,-1,3165,3166,3167,-1,3167,3166,3168,-1,3167,3168,3169,-1,3169,3168,3170,-1,3169,3170,3171,-1,3171,3170,3123,-1,3171,3123,3121,-1,3135,3137,3152,-1,3126,3167,3169,-1,3120,3124,3121,-1,3121,3124,3126,-1,3121,3126,3171,-1,3171,3126,3169,-1,3137,3139,3152,-1,3152,3139,3141,-1,3152,3141,3143,-1,3159,3161,3126,-1,3148,3150,3147,-1,3147,3150,3152,-1,3147,3152,3145,-1,3145,3152,3143,-1,3159,3126,3157,-1,3161,3163,3126,-1,3126,3163,3165,-1,3126,3165,3167,-1,3128,3131,3152,-1,3152,3131,3133,-1,3152,3133,3135,-1,3128,3152,3126,-1,3126,3152,3154,-1,3126,3154,3157,-1,3166,3164,3127,-1,3125,3122,3127,-1,3127,3122,3123,-1,3151,3149,3153,-1,3153,3149,3146,-1,3164,3162,3127,-1,3127,3162,3160,-1,3127,3160,3158,-1,3123,3170,3127,-1,3127,3170,3168,-1,3127,3168,3166,-1,3153,3129,3155,-1,3155,3129,3127,-1,3155,3127,3156,-1,3156,3127,3158,-1,3140,3138,3153,-1,3153,3138,3136,-1,3153,3136,3134,-1,3146,3144,3153,-1,3153,3144,3142,-1,3153,3142,3140,-1,3134,3132,3153,-1,3153,3132,3130,-1,3153,3130,3129,-1,3172,3173,3174,-1,3174,3173,3175,-1,3176,3172,3177,-1,3177,3172,3174,-1,3178,3176,3179,-1,3179,3176,3177,-1,3178,3179,3180,-1,3178,3180,3181,-1,3181,3180,3182,-1,3181,3182,3183,-1,3183,3182,3184,-1,3183,3184,3185,-1,3185,3184,3186,-1,3185,3186,3187,-1,3187,3186,3188,-1,3187,3188,3189,-1,3189,3188,3190,-1,3189,3190,3191,-1,3191,3190,3192,-1,3191,3192,3193,-1,3193,3192,3194,-1,3193,3194,3195,-1,3195,3194,3196,-1,3195,3196,3197,-1,3198,3197,3199,-1,3199,3197,3196,-1,3200,3198,3201,-1,3201,3198,3199,-1,3202,3200,3203,-1,3203,3200,3201,-1,3204,3202,3205,-1,3205,3202,3203,-1,3204,3205,3206,-1,3204,3206,3207,-1,3207,3206,3208,-1,3207,3208,3209,-1,3209,3208,3210,-1,3209,3210,3211,-1,3211,3210,3212,-1,3211,3212,3213,-1,3213,3212,3214,-1,3213,3214,3215,-1,3215,3214,3216,-1,3215,3216,3217,-1,3217,3216,3218,-1,3217,3218,3219,-1,3219,3218,3220,-1,3219,3220,3221,-1,3221,3220,3222,-1,3221,3222,3223,-1,3173,3223,3175,-1,3175,3223,3222,-1,3173,3172,3176,-1,3195,3197,3173,-1,3198,3200,3202,-1,3176,3178,3173,-1,3173,3178,3181,-1,3173,3181,3183,-1,3183,3185,3173,-1,3173,3185,3187,-1,3173,3187,3189,-1,3173,3197,3223,-1,3223,3197,3198,-1,3223,3198,3221,-1,3189,3191,3173,-1,3173,3191,3193,-1,3173,3193,3195,-1,3202,3204,3198,-1,3198,3204,3207,-1,3198,3207,3209,-1,3209,3211,3198,-1,3198,3211,3213,-1,3198,3213,3215,-1,3215,3217,3198,-1,3198,3217,3219,-1,3198,3219,3221,-1,3182,3175,3184,-1,3184,3175,3186,-1,3177,3174,3179,-1,3179,3174,3175,-1,3179,3175,3180,-1,3180,3175,3182,-1,3203,3201,3205,-1,3205,3201,3199,-1,3194,3192,3175,-1,3222,3220,3199,-1,3199,3220,3218,-1,3199,3218,3216,-1,3216,3214,3199,-1,3199,3214,3212,-1,3199,3212,3210,-1,3210,3208,3199,-1,3199,3208,3206,-1,3199,3206,3205,-1,3222,3199,3175,-1,3175,3199,3196,-1,3175,3196,3194,-1,3192,3190,3175,-1,3175,3190,3188,-1,3175,3188,3186,-1,3224,3225,3226,-1,3226,3225,3227,-1,3228,3224,3229,-1,3229,3224,3226,-1,3230,3228,3231,-1,3231,3228,3229,-1,3232,3230,3233,-1,3233,3230,3231,-1,3232,3233,3234,-1,3232,3234,3235,-1,3235,3234,3236,-1,3235,3236,3237,-1,3237,3236,3238,-1,3237,3238,3239,-1,3239,3238,3240,-1,3239,3240,3241,-1,3241,3240,3242,-1,3241,3242,3243,-1,3243,3242,3244,-1,3243,3244,3245,-1,3245,3244,3246,-1,3245,3246,3247,-1,3247,3246,3248,-1,3247,3248,3249,-1,3249,3248,3250,-1,3249,3250,3251,-1,3252,3251,3253,-1,3253,3251,3250,-1,3254,3252,3255,-1,3255,3252,3253,-1,3256,3254,3257,-1,3257,3254,3255,-1,3258,3256,3259,-1,3259,3256,3257,-1,3258,3259,3260,-1,3258,3260,3261,-1,3261,3260,3262,-1,3261,3262,3263,-1,3263,3262,3264,-1,3263,3264,3265,-1,3265,3264,3266,-1,3265,3266,3267,-1,3267,3266,3268,-1,3267,3268,3269,-1,3269,3268,3270,-1,3269,3270,3271,-1,3271,3270,3272,-1,3271,3272,3273,-1,3273,3272,3274,-1,3273,3274,3275,-1,3275,3274,3227,-1,3275,3227,3225,-1,3239,3241,3256,-1,3230,3271,3273,-1,3224,3228,3225,-1,3225,3228,3230,-1,3225,3230,3275,-1,3275,3230,3273,-1,3241,3243,3256,-1,3256,3243,3245,-1,3256,3245,3247,-1,3263,3265,3230,-1,3252,3254,3251,-1,3251,3254,3256,-1,3251,3256,3249,-1,3249,3256,3247,-1,3263,3230,3261,-1,3265,3267,3230,-1,3230,3267,3269,-1,3230,3269,3271,-1,3232,3235,3256,-1,3256,3235,3237,-1,3256,3237,3239,-1,3232,3256,3230,-1,3230,3256,3258,-1,3230,3258,3261,-1,3270,3268,3231,-1,3229,3226,3231,-1,3231,3226,3227,-1,3255,3253,3257,-1,3257,3253,3250,-1,3268,3266,3231,-1,3231,3266,3264,-1,3231,3264,3262,-1,3227,3274,3231,-1,3231,3274,3272,-1,3231,3272,3270,-1,3257,3233,3259,-1,3259,3233,3231,-1,3259,3231,3260,-1,3260,3231,3262,-1,3244,3242,3257,-1,3257,3242,3240,-1,3257,3240,3238,-1,3250,3248,3257,-1,3257,3248,3246,-1,3257,3246,3244,-1,3238,3236,3257,-1,3257,3236,3234,-1,3257,3234,3233,-1,3276,3277,3278,-1,3278,3277,3279,-1,3280,3276,3281,-1,3281,3276,3278,-1,3282,3280,3283,-1,3283,3280,3281,-1,3282,3283,3284,-1,3282,3284,3285,-1,3285,3284,3286,-1,3285,3286,3287,-1,3287,3286,3288,-1,3287,3288,3289,-1,3289,3288,3290,-1,3289,3290,3291,-1,3291,3290,3292,-1,3291,3292,3293,-1,3293,3292,3294,-1,3293,3294,3295,-1,3295,3294,3296,-1,3295,3296,3297,-1,3297,3296,3298,-1,3297,3298,3299,-1,3299,3298,3300,-1,3299,3300,3301,-1,3302,3301,3303,-1,3303,3301,3300,-1,3304,3302,3305,-1,3305,3302,3303,-1,3306,3304,3307,-1,3307,3304,3305,-1,3308,3306,3309,-1,3309,3306,3307,-1,3308,3309,3310,-1,3308,3310,3311,-1,3311,3310,3312,-1,3311,3312,3313,-1,3313,3312,3314,-1,3313,3314,3315,-1,3315,3314,3316,-1,3315,3316,3317,-1,3317,3316,3318,-1,3317,3318,3319,-1,3319,3318,3320,-1,3319,3320,3321,-1,3321,3320,3322,-1,3321,3322,3323,-1,3323,3322,3324,-1,3323,3324,3325,-1,3325,3324,3326,-1,3325,3326,3327,-1,3277,3327,3279,-1,3279,3327,3326,-1,3277,3276,3280,-1,3299,3301,3277,-1,3302,3304,3306,-1,3280,3282,3277,-1,3277,3282,3285,-1,3277,3285,3287,-1,3287,3289,3277,-1,3277,3289,3291,-1,3277,3291,3293,-1,3277,3301,3327,-1,3327,3301,3302,-1,3327,3302,3325,-1,3293,3295,3277,-1,3277,3295,3297,-1,3277,3297,3299,-1,3306,3308,3302,-1,3302,3308,3311,-1,3302,3311,3313,-1,3313,3315,3302,-1,3302,3315,3317,-1,3302,3317,3319,-1,3319,3321,3302,-1,3302,3321,3323,-1,3302,3323,3325,-1,3286,3279,3288,-1,3288,3279,3290,-1,3281,3278,3283,-1,3283,3278,3279,-1,3283,3279,3284,-1,3284,3279,3286,-1,3307,3305,3309,-1,3309,3305,3303,-1,3298,3296,3279,-1,3326,3324,3303,-1,3303,3324,3322,-1,3303,3322,3320,-1,3320,3318,3303,-1,3303,3318,3316,-1,3303,3316,3314,-1,3314,3312,3303,-1,3303,3312,3310,-1,3303,3310,3309,-1,3326,3303,3279,-1,3279,3303,3300,-1,3279,3300,3298,-1,3296,3294,3279,-1,3279,3294,3292,-1,3279,3292,3290,-1,3328,3329,3330,-1,3330,3329,3331,-1,3332,3328,3333,-1,3333,3328,3330,-1,3334,3332,3335,-1,3335,3332,3333,-1,3329,3334,3331,-1,3331,3334,3335,-1,3332,3334,3328,-1,3328,3334,3329,-1,3335,3333,3331,-1,3331,3333,3330,-1,
        ]
    }
}
Shape{
    appearance Appearance {
        material  Material 	{
            diffuseColor 0.4 0.4 0.4
            specularColor 0.5019607843137255 0.5019607843137255 0.5019607843137255
            ambientIntensity 0.2
            transparency 0
            shininess 0.5
        }
    }
    geometry IndexedFaceSet {
        ccw TRUE
        solid FALSE
        coord DEF co Coordinate {
            point [
                0.2283 1.3897 -0.4724, 0.2364 1.3905 -0.4724, 1.92 1.3905 -0.4724, 0.2227 1.5157 -0.4724, 0.2362 1.5142 -0.4724, 0.1929 1.4123 -0.4724, 0.1904 1.3985 -0.4724, 0.177 1.3905 -0.4724, 0.1904 1.4136 -0.4724, 0.177 1.92 -0.4724, 1.92 -1.7515 -0.4724, 1.7515 -1.92 -0.4724, 0.2246 1.3898 -0.4724, 0.177 -1.92 -0.4724, 0.219 1.3905 -0.4724, 0.2051 1.3925 -0.4724, 0.3568 1.5292 -0.4724, 0.3753 1.5292 -0.4724, 1.7515 1.92 -0.4724, 0.3753 1.3914 -0.4724, 1.92 1.7515 -0.4724, 0.3047 1.3914 -0.4724, 0.2453 1.3915 -0.4724, 0.2587 1.3961 -0.4724, 0.2059 1.5135 -0.4724, 0.1904 1.5069 -0.4724, 0.1904 1.5254 -0.4724, 0.2466 1.5105 -0.4724, 0.2561 1.5041 -0.4724, 0.2644 1.4949 -0.4724, 0.2744 1.4588 -0.4724, 0.273 1.4439 -0.4724, 0.2693 1.432 -0.4724, 0.2386 1.4063 -0.4724, 0.2258 1.4048 -0.4724, 0.2487 1.41 -0.4724, 0.2571 1.4157 -0.4724, 0.2636 1.4225 -0.4724, 0.2075 1.4068 -0.4724, 0.2701 1.4843 -0.4724, 0.2738 1.4695 -0.4724, 0.2697 1.4031 -0.4724, 0.2801 1.414 -0.4724, 0.3047 1.4065 -0.4724, 0.2874 1.4271 -0.4724, 0.3568 1.4065 -0.4724, 0.2856 1.4929 -0.4724, 0.2776 1.5058 -0.4724, 0.2651 1.5177 -0.4724, 0.252 1.5253 -0.4724, 0.2367 1.5297 -0.4724, 0.2916 1.4417 -0.4724, 0.2929 1.4577 -0.4724, 0.2909 1.4773 -0.4724, 0.2228 1.5308 -0.4724, 0.2063 1.5297 -0.4724, 0.0963 1.4535 -0.4724, 0.145 1.4535 -0.4724, 0.145 1.4065 -0.4724, 0.0627 1.3914 -0.4724, 0.0627 1.5292 -0.4724, 0.0896 1.4065 -0.4724, -0.0583 1.3914 -0.4724, -0.0413 1.4291 -0.4724, -0.0334 1.4168 -0.4724, -0.0221 1.406 -0.4724, -0.0077 1.3976 -0.4724, 0.0082 1.3929 -0.4724, 0.0896 1.3914 -0.4724, 0.0252 1.3914 -0.4724, 0.0929 1.5292 -0.4724, 0.0929 1.514 -0.4724, 0.145 1.514 -0.4724, 0.145 1.4687 -0.4724, 0.0963 1.4687 -0.4724, -0.1826 1.3914 -0.4724, -0.1625 1.3914 -0.4724, 0.0238 1.5292 -0.4724, 0.0039 1.527 -0.4724, -0.1104 1.5292 -0.4724, -0.0122 1.5214 -0.4724, -0.0272 1.5113 -0.4724, 0.1635 1.3914 -0.4724, 0.1635 1.5292 -0.4724, -1.7515 1.92 -0.4724, -0.0274 1.5112 -0.4724, -0.0371 1.5004 -0.4724, -0.0435 1.4885 -0.4724, -0.0472 1.475 -0.4724, -0.0482 1.462 -0.4724, -0.0463 1.4436 -0.4724, -0.1485 1.43 -0.4724, -0.0916 1.43 -0.4724, -0.0785 1.3914 -0.4724, -0.1289 1.5292 -0.4724, -1.92 1.7515 -0.4724, -1.92 1.3905 -0.4724, -1.92 -1.7515 -0.4724, -1.7515 -1.92 -0.4724, -1.9685 -1.7717 -0.2441, -1.9685 -1.7717 -0.1496, -1.9685 1.7717 -0.2441, -1.9685 1.7717 -0.1496, -1.7717 1.9685 -0.2441, -1.7717 1.9685 -0.1496, 1.7717 1.9685 -0.2441, 1.7717 1.9685 -0.1496, 1.9685 1.7717 -0.2441, 1.9685 1.7717 -0.1496, 1.9685 -1.7717 -0.2441, 1.9685 -1.7717 -0.1496, 1.7717 -1.9685 -0.2441, 1.7717 -1.9685 -0.1496, -1.7717 -1.9685 -0.2441, -1.7717 -1.9685 -0.1496, -1.7474 1.5828 0.0, -1.7419 1.6246 0.0, -1.9367 1.7585 0.0, -1.7258 1.6635 0.0, -1.7001 1.6969 0.0, -1.7585 1.9367 0.0, -1.6667 1.7226 0.0, -1.6278 1.7387 0.0, -1.4719 1.6969 0.0, -1.4462 1.6635 0.0, 1.7585 1.9367 0.0, -1.4301 1.6246 0.0, 1.9367 1.7585 0.0, -1.4246 1.5828 0.0, -1.4301 1.5411 0.0, 1.9367 -1.7585 0.0, -1.4462 1.5021 0.0, 1.7585 -1.9367 0.0, -1.4719 1.4687 0.0, -1.5053 1.4431 0.0, -1.7585 -1.9367 0.0, -1.6667 1.4431 0.0, -1.7001 1.4687 0.0, -1.9367 -1.7585 0.0, -1.7258 1.5021 0.0, -1.7419 1.5411 0.0, -1.586 1.7442 0.0, -1.5442 1.7387 0.0, -1.5053 1.7226 0.0, -1.5442 1.4269 0.0, -1.586 1.4214 0.0, -1.6278 1.4269 0.0, -1.6278 1.4269 0.0
            ]
        }
        coordIndex [
            0,1,2,-1,3,4,5,-1,6,7,8,-1,8,7,9,-1,2,10,0,-1,0,10,11,-1,0,11,12,-1,12,11,13,-1,12,13,14,-1,14,13,7,-1,14,7,15,-1,15,7,6,-1,16,9,17,-1,17,9,18,-1,17,18,19,-1,19,18,20,-1,20,2,19,-1,19,2,1,-1,19,1,21,-1,21,1,22,-1,21,22,23,-1,3,5,24,-1,24,5,8,-1,24,8,25,-1,25,8,9,-1,25,9,26,-1,4,27,5,-1,5,27,28,-1,5,28,29,-1,30,31,5,-1,5,31,32,-1,33,34,35,-1,35,34,36,-1,32,37,5,-1,5,37,36,-1,5,36,38,-1,38,36,34,-1,29,39,5,-1,5,39,40,-1,5,40,30,-1,23,41,21,-1,21,41,42,-1,21,42,43,-1,43,42,44,-1,43,44,45,-1,46,47,16,-1,16,47,48,-1,16,48,9,-1,9,48,49,-1,9,49,50,-1,44,51,45,-1,45,51,52,-1,45,52,16,-1,16,52,53,-1,16,53,46,-1,50,54,9,-1,9,54,55,-1,9,55,26,-1,56,57,58,-1,59,60,61,-1,62,63,64,-1,64,65,62,-1,62,65,66,-1,62,66,67,-1,61,68,59,-1,59,68,7,-1,59,7,69,-1,70,71,60,-1,72,73,71,-1,71,73,74,-1,71,74,60,-1,60,74,56,-1,60,56,61,-1,61,56,58,-1,75,76,7,-1,77,78,79,-1,79,78,80,-1,79,80,81,-1,68,82,7,-1,7,82,83,-1,7,83,9,-1,9,83,70,-1,9,70,84,-1,84,70,60,-1,84,60,77,-1,81,85,79,-1,79,85,86,-1,79,86,87,-1,87,88,79,-1,79,88,89,-1,79,89,62,-1,62,89,90,-1,62,90,63,-1,91,92,76,-1,76,92,93,-1,76,93,7,-1,7,93,62,-1,7,62,69,-1,69,62,67,-1,77,79,84,-1,84,79,94,-1,84,94,95,-1,95,94,75,-1,95,75,96,-1,96,75,7,-1,96,7,97,-1,97,7,13,-1,97,13,98,-1,99,100,101,-1,101,100,102,-1,101,102,103,-1,103,102,104,-1,103,104,105,-1,105,104,106,-1,105,106,107,-1,107,106,108,-1,107,108,109,-1,109,108,110,-1,109,110,111,-1,111,110,112,-1,111,112,113,-1,113,112,114,-1,113,114,99,-1,99,114,100,-1,115,116,117,-1,116,118,117,-1,117,118,119,-1,117,119,120,-1,120,119,121,-1,120,121,122,-1,123,124,125,-1,125,124,126,-1,125,126,127,-1,126,128,127,-1,127,128,129,-1,127,129,130,-1,130,129,131,-1,130,131,132,-1,131,133,132,-1,132,133,134,-1,132,134,135,-1,136,137,138,-1,138,137,139,-1,138,139,117,-1,117,139,140,-1,117,140,115,-1,122,141,120,-1,120,141,142,-1,120,142,125,-1,125,142,143,-1,125,143,123,-1,134,144,135,-1,135,144,145,-1,135,145,138,-1,138,145,146,-1,138,146,136,-1,110,130,112,-1,112,130,132,-1,108,127,110,-1,110,127,130,-1,135,114,132,-1,132,114,112,-1,106,125,108,-1,108,125,127,-1,138,100,135,-1,135,100,114,-1,104,120,106,-1,106,120,125,-1,117,102,138,-1,138,102,100,-1,102,117,104,-1,104,117,120,-1,18,105,20,-1,20,105,107,-1,84,103,9,-1,9,103,105,-1,9,105,18,-1,109,10,107,-1,107,10,2,-1,107,2,20,-1,95,101,84,-1,84,101,103,-1,111,11,109,-1,109,11,10,-1,97,99,96,-1,96,99,101,-1,96,101,95,-1,11,111,13,-1,13,111,113,-1,13,113,98,-1,98,113,97,-1,97,113,99,-1,
        ]
    }
}
Shape{
    appearance Appearance {
        material  Material 	{
            diffuseColor 0.6039215686274509 0.6039215686274509 0.6039215686274509
            specularColor 0.7529411764705882 0.7529411764705882 0.7529411764705882
            ambientIntensity 0.2
            transparency 0
            shininess 0.5
        }
    }
    geometry IndexedFaceSet {
        ccw TRUE
        solid FALSE
        coord DEF co Coordinate {
            point [
                -1.4301 1.5411 -0.0039, -1.4246 1.5828 0.0, -1.4246 1.5828 -0.0039, -1.4301 1.6246 0.0, -1.4301 1.6246 -0.0039, -1.4462 1.6635 0.0, -1.4462 1.6635 -0.0039, -1.4719 1.6969 0.0, -1.4719 1.6969 -0.0039, -1.5053 1.7226 0.0, -1.5053 1.7226 -0.0039, -1.5442 1.7387 0.0, -1.5442 1.7387 -0.0039, -1.586 1.7442 0.0, -1.586 1.7442 -0.0039, -1.6278 1.7387 0.0, -1.6278 1.7387 -0.0039, -1.6667 1.7226 0.0, -1.6667 1.7226 -0.0039, -1.7001 1.6969 0.0, -1.7001 1.6969 -0.0039, -1.7258 1.6635 0.0, -1.7258 1.6635 -0.0039, -1.7419 1.6246 0.0, -1.7419 1.6246 -0.0039, -1.7474 1.5828 0.0, -1.7474 1.5828 -0.0039, -1.7419 1.5411 0.0, -1.7419 1.5411 -0.0039, -1.7258 1.5021 0.0, -1.7258 1.5021 -0.0039, -1.7001 1.4687 0.0, -1.7001 1.4687 -0.0039, -1.6667 1.4431 0.0, -1.6667 1.4431 -0.0039, -1.6278 1.4269 0.0, -1.6278 1.4269 -0.0039, -1.586 1.4214 0.0, -1.586 1.4214 -0.0039, -1.5442 1.4269 0.0, -1.5442 1.4269 -0.0039, -1.5053 1.4431 0.0, -1.5053 1.4431 -0.0039, -1.4719 1.4687 0.0, -1.4719 1.4687 -0.0039, -1.4462 1.5021 0.0, -1.4462 1.5021 -0.0039, -1.4301 1.5411 0.0, 0.3047 1.4065 -0.4685, 0.3047 1.3914 -0.4685, 0.3047 1.4065 -0.4724, 0.3047 1.3914 -0.4724, 0.3753 1.3914 -0.4685, 0.3753 1.3914 -0.4724, 0.3753 1.5292 -0.4685, 0.3753 1.5292 -0.4724, 0.3568 1.5292 -0.4685, 0.3568 1.5292 -0.4724, 0.3568 1.4065 -0.4685, 0.3568 1.4065 -0.4724, 0.1904 1.4136 -0.4685, 0.1904 1.3985 -0.4685, 0.1904 1.4136 -0.4724, 0.1904 1.3985 -0.4724, 0.2051 1.3925 -0.4685, 0.2283 1.3897 -0.4685, 0.2283 1.3897 -0.4724, 0.2246 1.3898 -0.4724, 0.2246 1.3898 -0.4685, 0.219 1.3905 -0.4724, 0.2051 1.3925 -0.4724, 0.2929 1.4577 -0.4685, 0.2929 1.4577 -0.4724, 0.2916 1.4417 -0.4724, 0.2916 1.4417 -0.4685, 0.2874 1.4271 -0.4724, 0.2874 1.4271 -0.4685, 0.2801 1.414 -0.4724, 0.2801 1.414 -0.4685, 0.2697 1.4031 -0.4724, 0.2697 1.4031 -0.4685, 0.2587 1.3961 -0.4724, 0.2587 1.3961 -0.4685, 0.2453 1.3915 -0.4724, 0.2453 1.3915 -0.4685, 0.2364 1.3905 -0.4724, 0.2228 1.5308 -0.4685, 0.2228 1.5308 -0.4724, 0.2367 1.5297 -0.4724, 0.2367 1.5297 -0.4685, 0.252 1.5253 -0.4724, 0.252 1.5253 -0.4685, 0.2651 1.5177 -0.4724, 0.2651 1.5177 -0.4685, 0.2776 1.5058 -0.4724, 0.2776 1.5058 -0.4685, 0.2856 1.4929 -0.4724, 0.2856 1.4929 -0.4685, 0.2909 1.4773 -0.4724, 0.2909 1.4773 -0.4685, 0.1904 1.5254 -0.4685, 0.1904 1.5254 -0.4724, 0.2063 1.5297 -0.4724, 0.2063 1.5297 -0.4685, 0.1904 1.5069 -0.4685, 0.1904 1.5069 -0.4724, 0.2227 1.5157 -0.4685, 0.2227 1.5157 -0.4724, 0.2059 1.5135 -0.4724, 0.2059 1.5135 -0.4685, 0.2744 1.4588 -0.4685, 0.2744 1.4588 -0.4724, 0.2738 1.4695 -0.4724, 0.2738 1.4695 -0.4685, 0.2701 1.4843 -0.4724, 0.2701 1.4843 -0.4685, 0.2644 1.4949 -0.4724, 0.2644 1.4949 -0.4685, 0.2561 1.5041 -0.4724, 0.2561 1.5041 -0.4685, 0.2466 1.5105 -0.4724, 0.2466 1.5105 -0.4685, 0.2362 1.5142 -0.4724, 0.2362 1.5142 -0.4685, 0.2258 1.4048 -0.4685, 0.2258 1.4048 -0.4724, 0.2386 1.4063 -0.4724, 0.2386 1.4063 -0.4685, 0.2487 1.41 -0.4724, 0.2487 1.41 -0.4685, 0.2571 1.4157 -0.4724, 0.2571 1.4157 -0.4685, 0.2636 1.4225 -0.4724, 0.2636 1.4225 -0.4685, 0.2693 1.432 -0.4724, 0.2693 1.432 -0.4685, 0.273 1.4439 -0.4724, 0.273 1.4439 -0.4685, 0.1929 1.4123 -0.4724, 0.1929 1.4123 -0.4685, 0.2075 1.4068 -0.4724, 0.2075 1.4068 -0.4685, 0.0896 1.4065 -0.4685, 0.0896 1.3914 -0.4685, 0.0896 1.4065 -0.4724, 0.0896 1.3914 -0.4724, 0.1635 1.3914 -0.4685, 0.1635 1.3914 -0.4724, 0.1635 1.5292 -0.4685, 0.1635 1.5292 -0.4724, 0.0929 1.5292 -0.4685, 0.0929 1.5292 -0.4724, 0.0929 1.514 -0.4685, 0.0929 1.514 -0.4724, 0.145 1.514 -0.4685, 0.145 1.514 -0.4724, 0.145 1.4687 -0.4685, 0.145 1.4687 -0.4724, 0.0963 1.4687 -0.4685, 0.0963 1.4687 -0.4724, 0.0963 1.4535 -0.4685, 0.0963 1.4535 -0.4724, 0.145 1.4535 -0.4685, 0.145 1.4535 -0.4724, 0.145 1.4065 -0.4685, 0.145 1.4065 -0.4724, 0.0252 1.3914 -0.4685, 0.0627 1.3914 -0.4685, 0.0252 1.3914 -0.4724, 0.0627 1.3914 -0.4724, 0.0627 1.5292 -0.4685, 0.0627 1.5292 -0.4724, 0.0238 1.5292 -0.4685, 0.0238 1.5292 -0.4724, -0.0482 1.462 -0.4685, -0.0482 1.462 -0.4724, -0.0472 1.475 -0.4724, -0.0472 1.475 -0.4685, -0.0435 1.4885 -0.4724, -0.0435 1.4885 -0.4685, -0.0371 1.5004 -0.4724, -0.0371 1.5004 -0.4685, -0.0274 1.5112 -0.4724, -0.0274 1.5112 -0.4685, -0.0272 1.5113 -0.4724, -0.0272 1.5113 -0.4685, -0.0122 1.5214 -0.4724, -0.0122 1.5214 -0.4685, 0.0039 1.527 -0.4724, 0.0039 1.527 -0.4685, 0.0082 1.3929 -0.4724, 0.0082 1.3929 -0.4685, -0.0077 1.3976 -0.4724, -0.0077 1.3976 -0.4685, -0.0221 1.406 -0.4724, -0.0221 1.406 -0.4685, -0.0334 1.4168 -0.4724, -0.0334 1.4168 -0.4685, -0.0413 1.4291 -0.4724, -0.0413 1.4291 -0.4685, -0.0463 1.4436 -0.4724, -0.0463 1.4436 -0.4685, -0.0206 1.4947 -0.4685, -0.0139 1.5018 -0.4685, -0.0038 1.5083 -0.4685, 0.0076 1.5123 -0.4685, 0.0239 1.514 -0.4685, 0.0442 1.514 -0.4685, 0.0442 1.4065 -0.4685, 0.0247 1.4065 -0.4685, 0.0101 1.4078 -0.4685, -0.0015 1.4115 -0.4685, -0.0109 1.417 -0.4685, -0.0186 1.4247 -0.4685, -0.0244 1.4342 -0.4685, -0.0285 1.4471 -0.4685, -0.0297 1.4616 -0.4685, -0.0286 1.4753 -0.4685, -0.0253 1.4862 -0.4685, 0.0239 1.514 -0.4724, 0.0442 1.514 -0.4724, 0.0076 1.5123 -0.4724, -0.0038 1.5083 -0.4724, -0.0139 1.5018 -0.4724, -0.0206 1.4947 -0.4724, -0.0253 1.4862 -0.4724, -0.0286 1.4753 -0.4724, -0.0297 1.4616 -0.4724, -0.0285 1.4471 -0.4724, -0.0244 1.4342 -0.4724, -0.0186 1.4247 -0.4724, -0.0109 1.417 -0.4724, -0.0015 1.4115 -0.4724, 0.0101 1.4078 -0.4724, 0.0247 1.4065 -0.4724, 0.0442 1.4065 -0.4724, 0.0442 1.4065 -0.4724
            ]
        }
        coordIndex [
            0,1,2,-1,2,1,3,-1,2,3,4,-1,4,3,5,-1,4,5,6,-1,6,5,7,-1,6,7,8,-1,8,7,9,-1,8,9,10,-1,10,9,11,-1,10,11,12,-1,12,11,13,-1,12,13,14,-1,14,13,15,-1,14,15,16,-1,16,15,17,-1,16,17,18,-1,18,17,19,-1,18,19,20,-1,20,19,21,-1,20,21,22,-1,22,21,23,-1,22,23,24,-1,24,23,25,-1,24,25,26,-1,26,25,27,-1,26,27,28,-1,28,27,29,-1,28,29,30,-1,30,29,31,-1,30,31,32,-1,32,31,33,-1,32,33,34,-1,34,33,35,-1,34,35,36,-1,36,35,37,-1,36,37,38,-1,38,37,39,-1,38,39,40,-1,40,39,41,-1,40,41,42,-1,42,41,43,-1,42,43,44,-1,44,43,45,-1,44,45,46,-1,46,45,47,-1,46,47,0,-1,0,47,1,-1,10,12,44,-1,12,14,44,-1,44,14,16,-1,44,16,18,-1,18,20,44,-1,44,20,22,-1,44,22,24,-1,24,26,44,-1,44,26,28,-1,44,28,30,-1,10,44,8,-1,8,44,46,-1,8,46,0,-1,2,4,0,-1,0,4,6,-1,0,6,8,-1,32,40,30,-1,30,40,42,-1,30,42,44,-1,32,34,40,-1,40,34,36,-1,40,36,38,-1,48,49,50,-1,50,49,51,-1,49,52,51,-1,51,52,53,-1,52,54,53,-1,53,54,55,-1,54,56,55,-1,55,56,57,-1,56,58,57,-1,57,58,59,-1,58,48,59,-1,59,48,50,-1,56,54,58,-1,58,54,52,-1,58,52,48,-1,48,52,49,-1,60,61,62,-1,62,61,63,-1,63,61,64,-1,65,66,67,-1,65,67,68,-1,68,67,69,-1,68,69,64,-1,64,69,70,-1,64,70,63,-1,71,72,73,-1,71,73,74,-1,74,73,75,-1,74,75,76,-1,76,75,77,-1,76,77,78,-1,78,77,79,-1,78,79,80,-1,80,79,81,-1,80,81,82,-1,82,81,83,-1,82,83,84,-1,84,83,65,-1,65,83,85,-1,65,85,66,-1,86,87,88,-1,86,88,89,-1,89,88,90,-1,89,90,91,-1,91,90,92,-1,91,92,93,-1,93,92,94,-1,93,94,95,-1,95,94,96,-1,95,96,97,-1,97,96,98,-1,97,98,99,-1,99,98,72,-1,99,72,71,-1,100,101,102,-1,100,102,103,-1,103,102,87,-1,103,87,86,-1,100,104,101,-1,101,104,105,-1,106,107,108,-1,106,108,109,-1,109,108,105,-1,109,105,104,-1,110,111,112,-1,110,112,113,-1,113,112,114,-1,113,114,115,-1,115,114,116,-1,115,116,117,-1,117,116,118,-1,117,118,119,-1,119,118,120,-1,119,120,121,-1,121,120,122,-1,121,122,123,-1,123,122,107,-1,123,107,106,-1,124,125,126,-1,124,126,127,-1,127,126,128,-1,127,128,129,-1,129,128,130,-1,129,130,131,-1,131,130,132,-1,131,132,133,-1,133,132,134,-1,133,134,135,-1,135,134,136,-1,135,136,137,-1,137,136,111,-1,137,111,110,-1,60,62,138,-1,60,138,139,-1,139,138,140,-1,139,140,141,-1,141,140,125,-1,141,125,124,-1,127,65,124,-1,124,65,68,-1,124,68,141,-1,141,68,64,-1,141,64,139,-1,139,64,61,-1,139,61,60,-1,104,100,109,-1,109,100,103,-1,109,103,106,-1,106,103,86,-1,106,86,123,-1,123,86,89,-1,123,89,121,-1,121,89,91,-1,121,91,119,-1,119,91,93,-1,119,93,117,-1,117,93,95,-1,117,95,115,-1,115,95,97,-1,115,97,113,-1,113,97,99,-1,113,99,110,-1,110,99,71,-1,110,71,137,-1,137,71,74,-1,137,74,135,-1,135,74,76,-1,135,76,133,-1,133,76,78,-1,133,78,131,-1,131,78,80,-1,131,80,129,-1,129,80,82,-1,129,82,127,-1,127,82,84,-1,127,84,65,-1,142,143,144,-1,144,143,145,-1,143,146,145,-1,145,146,147,-1,146,148,147,-1,147,148,149,-1,148,150,149,-1,149,150,151,-1,150,152,151,-1,151,152,153,-1,152,154,153,-1,153,154,155,-1,154,156,155,-1,155,156,157,-1,156,158,157,-1,157,158,159,-1,158,160,159,-1,159,160,161,-1,160,162,161,-1,161,162,163,-1,162,164,163,-1,163,164,165,-1,164,142,165,-1,165,142,144,-1,146,143,142,-1,142,164,146,-1,146,164,162,-1,146,162,148,-1,152,150,154,-1,154,150,148,-1,154,148,156,-1,156,148,162,-1,156,162,158,-1,158,162,160,-1,166,167,168,-1,168,167,169,-1,167,170,169,-1,169,170,171,-1,170,172,171,-1,171,172,173,-1,174,175,176,-1,174,176,177,-1,177,176,178,-1,177,178,179,-1,179,178,180,-1,179,180,181,-1,181,180,182,-1,181,182,183,-1,183,182,184,-1,183,184,185,-1,185,184,186,-1,185,186,187,-1,187,186,188,-1,187,188,189,-1,189,188,173,-1,189,173,172,-1,166,168,190,-1,166,190,191,-1,191,190,192,-1,191,192,193,-1,193,192,194,-1,193,194,195,-1,195,194,196,-1,195,196,197,-1,197,196,198,-1,197,198,199,-1,199,198,200,-1,199,200,201,-1,201,200,175,-1,201,175,174,-1,179,181,202,-1,202,181,183,-1,202,183,203,-1,203,183,185,-1,203,185,204,-1,204,185,187,-1,204,187,205,-1,205,187,189,-1,205,189,206,-1,206,189,172,-1,206,172,207,-1,207,172,170,-1,207,170,208,-1,208,170,167,-1,208,167,209,-1,209,167,166,-1,209,166,210,-1,210,166,191,-1,210,191,211,-1,211,191,193,-1,211,193,212,-1,212,193,195,-1,212,195,213,-1,213,195,197,-1,213,197,214,-1,214,197,199,-1,214,199,215,-1,215,199,201,-1,215,201,216,-1,216,201,174,-1,216,174,217,-1,217,174,177,-1,217,177,218,-1,218,177,179,-1,218,179,202,-1,206,207,219,-1,219,207,220,-1,206,219,221,-1,206,221,205,-1,205,221,222,-1,205,222,204,-1,204,222,223,-1,204,223,203,-1,203,223,224,-1,203,224,202,-1,202,224,225,-1,202,225,218,-1,218,225,226,-1,218,226,217,-1,217,226,227,-1,217,227,216,-1,216,227,228,-1,216,228,215,-1,215,228,229,-1,215,229,214,-1,214,229,230,-1,214,230,213,-1,213,230,231,-1,213,231,212,-1,212,231,232,-1,212,232,211,-1,211,232,233,-1,211,233,210,-1,210,233,234,-1,210,234,209,-1,208,209,235,-1,235,209,234,-1,207,208,220,-1,220,208,235,-1,
        ]
    }
}
Shape{
    appearance Appearance {
        material  Material 	{
            diffuseColor 0.4 0.4 0.4
            specularColor 0.5019607843137255 0.5019607843137255 0.5019607843137255
            ambientIntensity 0.2
            transparency 0
            shininess 0.5
        }
    }
    geometry IndexedFaceSet {
        ccw TRUE
        solid FALSE
        coord DEF co Coordinate {
            point [
                0.0442 1.514 -0.4724, 0.0442 1.4065 -0.4724, 0.0239 1.514 -0.4724, 0.0247 1.4065 -0.4724, 0.0101 1.4078 -0.4724, -0.0297 1.4616 -0.4724, -0.0286 1.4753 -0.4724, -0.0253 1.4862 -0.4724, 0.0076 1.5123 -0.4724, -0.0015 1.4115 -0.4724, -0.0109 1.417 -0.4724, -0.0186 1.4247 -0.4724, -0.0244 1.4342 -0.4724, -0.0285 1.4471 -0.4724, -0.0206 1.4947 -0.4724, -0.0139 1.5018 -0.4724, -0.0038 1.5083 -0.4724, -0.0038 1.5083 -0.4724
            ]
        }
        coordIndex [
            0,1,2,-1,2,1,3,-1,2,3,4,-1,5,6,2,-1,2,6,7,-1,2,7,8,-1,4,9,2,-1,2,9,10,-1,2,10,11,-1,11,12,2,-1,2,12,13,-1,2,13,5,-1,14,15,7,-1,7,15,16,-1,7,16,8,-1,
        ]
    }
}
Shape{
    appearance Appearance {
        material  Material 	{
            diffuseColor 0.6039215686274509 0.6039215686274509 0.6039215686274509
            specularColor 0.7529411764705882 0.7529411764705882 0.7529411764705882
            ambientIntensity 0.2
            transparency 0
            shininess 0.5
        }
    }
    geometry IndexedFaceSet {
        ccw TRUE
        solid FALSE
        coord DEF co Coordinate {
            point [
                -0.1289 1.5292 -0.4685, -0.1826 1.3914 -0.4685, -0.1289 1.5292 -0.4724, -0.1826 1.3914 -0.4724, -0.1625 1.3914 -0.4685, -0.1625 1.3914 -0.4724, -0.1485 1.43 -0.4685, -0.1485 1.43 -0.4724, -0.0916 1.43 -0.4685, -0.0916 1.43 -0.4724, -0.0785 1.3914 -0.4685, -0.0785 1.3914 -0.4724, -0.0583 1.3914 -0.4685, -0.0583 1.3914 -0.4724, -0.1104 1.5292 -0.4685, -0.1104 1.5292 -0.4724, -0.1216 1.5027 -0.4685, -0.1423 1.4451 -0.4685, -0.1204 1.5075 -0.4685, -0.1195 1.5124 -0.4685, -0.0963 1.4451 -0.4685, -0.1168 1.5027 -0.4685, -0.119 1.5124 -0.4685, -0.1181 1.5075 -0.4685, -0.0963 1.4451 -0.4724, -0.1423 1.4451 -0.4724, -0.1168 1.5027 -0.4724, -0.1181 1.5075 -0.4724, -0.119 1.5124 -0.4724, -0.1195 1.5124 -0.4724, -0.1204 1.5075 -0.4724, -0.1216 1.5027 -0.4724, -0.1216 1.5027 -0.4724
            ]
        }
        coordIndex [
            0,1,2,-1,2,1,3,-1,1,4,3,-1,3,4,5,-1,4,6,5,-1,5,6,7,-1,6,8,7,-1,7,8,9,-1,8,10,9,-1,9,10,11,-1,10,12,11,-1,11,12,13,-1,12,14,13,-1,13,14,15,-1,14,0,15,-1,15,0,2,-1,16,17,18,-1,18,17,19,-1,6,4,1,-1,17,20,8,-1,21,14,20,-1,20,14,12,-1,20,12,8,-1,8,12,10,-1,8,6,17,-1,17,6,1,-1,17,1,19,-1,19,1,0,-1,19,0,22,-1,22,0,14,-1,22,14,23,-1,23,14,21,-1,20,17,24,-1,24,17,25,-1,21,20,26,-1,26,20,24,-1,21,26,27,-1,21,27,23,-1,23,27,28,-1,23,28,22,-1,19,22,29,-1,29,22,28,-1,19,29,30,-1,19,30,18,-1,18,30,31,-1,18,31,16,-1,17,16,25,-1,25,16,31,-1,
        ]
    }
}
Shape{
    appearance Appearance {
        material  Material 	{
            diffuseColor 0.4 0.4 0.4
            specularColor 0.5019607843137255 0.5019607843137255 0.5019607843137255
            ambientIntensity 0.2
            transparency 0
            shininess 0.5
        }
    }
    geometry IndexedFaceSet {
        ccw TRUE
        solid FALSE
        coord DEF co Coordinate {
            point [
                -0.0963 1.4451 -0.4724, -0.1423 1.4451 -0.4724, -0.1168 1.5027 -0.4724, -0.1216 1.5027 -0.4724, -0.1181 1.5075 -0.4724, -0.1204 1.5075 -0.4724, -0.119 1.5124 -0.4724, -0.1195 1.5124 -0.4724, -0.1195 1.5124 -0.4724
            ]
        }
        coordIndex [
            0,1,2,-1,2,1,3,-1,2,3,4,-1,4,3,5,-1,4,5,6,-1,6,5,7,-1,
        ]
    }
}