#VRML V2.0 utf8
# 3D model generated by easyeda2kicad.py (https://github.com/uPesy/easyeda2kicad.py)

Shape{
    appearance Appearance {
        material  Material 	{
            diffuseColor 0.20784313725490197 0.20784313725490197 0.20784313725490197
            specularColor 0.01568627450980392 0.01568627450980392 0.01568627450980392
            ambientIntensity 0.2
            transparency 0
            shininess 0.5
        }
    }
    geometry IndexedFaceSet {
        ccw TRUE
        solid FALSE
        coord DEF co Coordinate {
            point [
                0.4325 -0.6897 0.7795, 0.4325 -0.7198 0.7795, 0.446 -0.7198 0.7795, 0.5223 -0.7437 0.7795, 0.5331 -0.7437 0.7795, 0.5331 -0.734 0.7795, 0.5234 -0.7215 0.7795, 0.52 -0.7228 0.7795, 0.52 -0.734 0.7795, 0.4786 -0.7779 0.7795, 0.4777 -0.7776 0.7795, 0.4777 -0.778 0.7795, 0.4858 -0.7779 0.7795, 0.4851 -0.778 0.7795, 0.4933 -0.778 0.7795, 0.5004 -0.7845 0.7795, 0.5012 -0.7836 0.7795, 0.5012 -0.778 0.7795, 0.5564 -0.7144 0.7795, 0.5439 -0.7144 0.7795, 0.5598 -0.7237 0.7795, 0.5439 -0.734 0.7795, 0.5517 -0.6897 0.7795, 0.5647 -0.7237 0.7795, 0.689 -0.734 0.7795, 0.689 -0.6894 0.7795, 0.5439 -0.6894 0.7795, 0.547 -0.6897 0.7795, 0.5439 -0.6979 0.7795, 0.5341 -0.7237 0.7795, 0.5389 -0.7237 0.7795, 0.5422 -0.7144 0.7795, 0.4777 -0.6894 0.7795, 0.4685 -0.6894 0.7795, 0.4693 -0.6894 0.7795, 0.4729 -0.6905 0.7795, 0.4729 -0.6951 0.7795, 0.4777 -0.734 0.7795, 0.461 -0.7241 0.7795, 0.4574 -0.7233 0.7795, 0.4489 -0.734 0.7795, 0.4641 -0.7204 0.7795, 0.4662 -0.7202 0.7795, 0.4723 -0.7226 0.7795, 0.4687 -0.7238 0.7795, 0.4725 -0.6949 0.7795, 0.4521 -0.7084 0.7795, 0.4526 -0.7117 0.7795, 0.47 -0.7194 0.7795, 0.4729 -0.7181 0.7795, 0.4729 -0.7223 0.7795, 0.4635 -0.7243 0.7795, 0.4553 -0.6971 0.7795, 0.4537 -0.6995 0.7795, 0.4537 -0.7145 0.7795, 0.4554 -0.7168 0.7795, 0.4562 -0.7176 0.7795, 0.4649 -0.693 0.7795, 0.4635 -0.6931 0.7795, 0.4556 -0.6968 0.7795, 0.4605 -0.6937 0.7795, 0.4578 -0.695 0.7795, 0.4526 -0.7024 0.7795, 0.452 -0.7071 0.7795, 0.4585 -0.7191 0.7795, 0.4609 -0.72 0.7795, 0.4542 -0.7217 0.7795, 0.4518 -0.7196 0.7795, 0.4515 -0.7193 0.7795, 0.4691 -0.6935 0.7795, 0.4489 -0.6894 0.7795, 0.4499 -0.6973 0.7795, 0.4523 -0.6941 0.7795, 0.4531 -0.6934 0.7795, 0.4564 -0.691 0.7795, 0.4599 -0.6897 0.7795, 0.4494 -0.7164 0.7795, 0.4489 -0.715 0.7795, 0.4469 -0.734 0.7795, 0.4469 -0.6894 0.7795, 0.4482 -0.7011 0.7795, 0.4489 -0.6995 0.7795, 0.4481 -0.7128 0.7795, 0.4474 -0.7073 0.7795, 0.4475 -0.7055 0.7795, 0.5133 -0.7534 0.7795, 0.5177 -0.7534 0.7795, 0.52 -0.778 0.7795, 0.5055 -0.7717 0.7795, 0.5061 -0.7737 0.7795, 0.5062 -0.7737 0.7795, 0.5012 -0.734 0.7795, 0.5012 -0.7593 0.7795, 0.5067 -0.7717 0.7795, 0.5064 -0.7728 0.7795, 0.4944 -0.7534 0.7795, 0.4933 -0.734 0.7795, 0.5012 -0.7708 0.7795, 0.4992 -0.7534 0.7795, 0.5038 -0.778 0.7795, 0.5039 -0.7777 0.7795, 0.5012 -0.7836 0.7795, 0.5021 -0.7821 0.7795, 0.4933 -0.7915 0.7795, 0.4953 -0.7888 0.7795, 0.4953 -0.785 0.7795, 0.5012 -0.7884 0.7795, 0.4998 -0.789 0.7795, 0.5012 -0.7915 0.7795, 0.498 -0.7892 0.7795, 0.4971 -0.7891 0.7795, 0.4977 -0.7855 0.7795, 0.4987 -0.7854 0.7795, 0.4997 -0.785 0.7795, 0.5067 -0.7814 0.7795, 0.5048 -0.7851 0.7795, 0.52 -0.7915 0.7795, 0.508 -0.778 0.7795, 0.5032 -0.787 0.7795, 0.5029 -0.7873 0.7795, 0.5014 -0.7883 0.7795, 0.4908 -0.7671 0.7795, 0.4916 -0.7682 0.7795, 0.491 -0.7581 0.7795, 0.4915 -0.7742 0.7795, 0.4907 -0.7753 0.7795, 0.4773 -0.7559 0.7795, 0.4777 -0.7555 0.7795, 0.4785 -0.7548 0.7795, 0.4798 -0.754 0.7795, 0.492 -0.7695 0.7795, 0.4922 -0.7711 0.7795, 0.492 -0.7728 0.7795, 0.4821 -0.7532 0.7795, 0.4853 -0.7528 0.7795, 0.491 -0.7539 0.7795, 0.4881 -0.7531 0.7795, 0.4894 -0.7763 0.7795, 0.4881 -0.7771 0.7795, 0.4848 -0.7563 0.7795, 0.4836 -0.7564 0.7795, 0.4802 -0.7596 0.7795, 0.4824 -0.7567 0.7795, 0.4815 -0.7572 0.7795, 0.4802 -0.7601 0.7795, 0.4804 -0.7608 0.7795, 0.4807 -0.7614 0.7795, 0.4811 -0.7618 0.7795, 0.4826 -0.7628 0.7795, 0.4878 -0.7566 0.7795, 0.4853 -0.7639 0.7795, 0.4902 -0.7576 0.7795, 0.4869 -0.7646 0.7795, 0.4897 -0.7662 0.7795, 0.4808 -0.7578 0.7795, 0.4805 -0.7583 0.7795, 0.4803 -0.7589 0.7795, 0.4513 -0.7674 0.7795, 0.4521 -0.7661 0.7795, 0.4528 -0.7592 0.7795, 0.4758 -0.7725 0.7795, 0.47 -0.7621 0.7795, 0.4758 -0.7769 0.7795, 0.47 -0.7777 0.7795, 0.4636 -0.7764 0.7795, 0.4621 -0.7774 0.7795, 0.4657 -0.7777 0.7795, 0.4605 -0.778 0.7795, 0.4489 -0.778 0.7795, 0.4512 -0.7746 0.7795, 0.4507 -0.7731 0.7795, 0.454 -0.7774 0.7795, 0.4556 -0.778 0.7795, 0.4557 -0.778 0.7795, 0.4534 -0.765 0.7795, 0.4552 -0.7641 0.7795, 0.4555 -0.7575 0.7795, 0.4585 -0.7633 0.7795, 0.4622 -0.7565 0.7795, 0.4608 -0.7563 0.7795, 0.4582 -0.7566 0.7795, 0.4525 -0.7764 0.7795, 0.4521 -0.7759 0.7795, 0.4504 -0.7712 0.7795, 0.4507 -0.7689 0.7795, 0.4657 -0.7739 0.7795, 0.4656 -0.7739 0.7795, 0.4649 -0.775 0.7795, 0.4528 -0.7551 0.7795, 0.4537 -0.7546 0.7795, 0.4569 -0.7534 0.7795, 0.4773 -0.7734 0.7795, 0.4777 -0.7736 0.7795, 0.4777 -0.7646 0.7795, 0.476 -0.7584 0.7795, 0.4765 -0.7571 0.7795, 0.4681 -0.7555 0.7795, 0.4696 -0.7587 0.7795, 0.476 -0.7616 0.7795, 0.4612 -0.7528 0.7795, 0.4637 -0.7531 0.7795, 0.4655 -0.7536 0.7795, 0.4657 -0.7623 0.7795, 0.4656 -0.7604 0.7795, 0.4651 -0.7588 0.7795, 0.4646 -0.758 0.7795, 0.469 -0.7568 0.7795, 0.4758 -0.76 0.7795, 0.4669 -0.7544 0.7795, 0.4777 -0.7645 0.7795, 0.477 -0.7638 0.7795, 0.4764 -0.7629 0.7795, 0.464 -0.7573 0.7795, 0.4632 -0.7568 0.7795, 0.48 -0.7745 0.7795, 0.4822 -0.767 0.7795, 0.4797 -0.7659 0.7795, 0.4828 -0.7748 0.7795, 0.483 -0.7748 0.7795, 0.485 -0.7682 0.7795, 0.4852 -0.7746 0.7795, 0.4878 -0.7715 0.7795, 0.4878 -0.771 0.7795, 0.4863 -0.7742 0.7795, 0.4866 -0.7739 0.7795, 0.4871 -0.7735 0.7795, 0.4875 -0.7729 0.7795, 0.4877 -0.7723 0.7795, 0.4876 -0.7703 0.7795, 0.4872 -0.7697 0.7795, 0.4867 -0.7692 0.7795, 0.4798 -0.778 0.7795, 0.4777 -0.7915 0.7795, 0.4824 -0.7783 0.7795, 0.4962 -0.7853 0.7795, 0.4582 -0.7783 0.7795, 0.4489 -0.7915 0.7795, 0.4604 -0.778 0.7795, 0.353 -0.6862 0.7795, 0.3577 -0.6894 0.7795, 0.4141 -0.6894 0.7795, 0.3631 -0.6931 0.7795, 0.3712 -0.7024 0.7795, 0.3982 -0.734 0.7795, 0.4141 -0.734 0.7795, 0.3961 -0.7286 0.7795, 0.3912 -0.7218 0.7795, 0.3846 -0.7162 0.7795, 0.3762 -0.7122 0.7795, 0.3774 -0.7126 0.7795, 0.3073 -0.6862 0.7795, 0.3185 -0.6819 0.7795, -0.1183 0.0102 0.7795, 0.4141 0.0102 0.7795, 0.3302 -0.6805 0.7795, 0.3409 -0.6817 0.7795, 0.3021 -0.6894 0.7795, -0.1183 -0.6894 0.7795, 0.3012 -0.69 0.7795, -0.1183 -0.734 0.7795, 0.2464 -0.734 0.7795, 0.2474 -0.7279 0.7795, 0.2513 -0.7192 0.7795, 0.2571 -0.7117 0.7795, 0.2754 -0.7013 0.7795, 0.285 -0.7001 0.7795, 0.2955 -0.6948 0.7795, 0.2877 -0.7003 0.7795, 0.2905 -0.7006 0.7795, 0.2588 -0.7102 0.7795, 0.2665 -0.7048 0.7795, 0.2722 -0.7764 0.7795, 0.2635 -0.7722 0.7795, -0.1183 -0.778 0.7795, 0.2559 -0.7657 0.7795, 0.2504 -0.7578 0.7795, 0.2469 -0.7488 0.7795, 0.2457 -0.7393 0.7795, 0.2458 -0.737 0.7795, 0.2753 -0.7773 0.7795, 0.2756 -0.778 0.7795, 0.2777 -0.7825 0.7795, 0.2813 -0.787 0.7795, 0.3083 -0.7915 0.7795, 0.3041 -0.7931 0.7795, 0.4141 -0.8858 0.7795, 0.2983 -0.7938 0.7795, 0.2973 -0.7938 0.7795, -0.1183 -0.8858 0.7795, 0.2916 -0.7929 0.7795, -0.1183 -0.7915 0.7795, 0.2883 -0.7915 0.7795, 0.286 -0.7906 0.7795, 0.3209 -0.778 0.7795, 0.3209 -0.7781 0.7795, 0.4141 -0.7915 0.7795, 0.3181 -0.7835 0.7795, 0.3144 -0.7876 0.7795, 0.3095 -0.791 0.7795, 0.3519 -0.7637 0.7795, 0.3535 -0.7631 0.7795, 0.3564 -0.7493 0.7795, 0.3164 -0.7534 0.7795, 0.3489 -0.7364 0.7795, 0.3122 -0.7495 0.7795, 0.3071 -0.7468 0.7795, 0.3504 -0.7648 0.7795, 0.396 -0.7602 0.7795, 0.3912 -0.7669 0.7795, 0.4141 -0.778 0.7795, 0.385 -0.742 0.7795, 0.3839 -0.7374 0.7795, 0.3821 -0.734 0.7795, 0.2616 -0.734 0.7795, 0.3991 -0.736 0.7795, 0.4002 -0.7439 0.7795, 0.3991 -0.7526 0.7795, 0.3554 -0.7628 0.7795, 0.3556 -0.7628 0.7795, 0.3564 -0.763 0.7795, 0.263 -0.7485 0.7795, 0.2659 -0.7534 0.7795, 0.2782 -0.7559 0.7795, 0.2702 -0.7579 0.7795, 0.2755 -0.7611 0.7795, 0.2871 -0.7479 0.7795, 0.2822 -0.7513 0.7795, 0.261 -0.7389 0.7795, 0.2613 -0.7426 0.7795, 0.2925 -0.7459 0.7795, 0.2983 -0.7451 0.7795, 0.3012 -0.7453 0.7795, 0.3846 -0.7725 0.7795, 0.3772 -0.7761 0.7795, 0.3692 -0.7778 0.7795, 0.3479 -0.7703 0.7795, 0.348 -0.7694 0.7795, 0.3225 -0.7672 0.7795, 0.3484 -0.7675 0.7795, 0.3494 -0.7659 0.7795, 0.3803 -0.757 0.7795, 0.3829 -0.7532 0.7795, 0.3846 -0.7489 0.7795, 0.3852 -0.7442 0.7795, 0.3549 -0.7778 0.7795, 0.3535 -0.7776 0.7795, 0.3519 -0.777 0.7795, 0.3504 -0.7759 0.7795, 0.3498 -0.7753 0.7795, 0.3488 -0.7738 0.7795, 0.3481 -0.7721 0.7795, 0.3223 -0.7721 0.7795, 0.3225 -0.7696 0.7795, 0.3568 -0.7631 0.7795, 0.3677 -0.7631 0.7795, 0.3721 -0.7622 0.7795, 0.3764 -0.7602 0.7795, 0.3799 -0.7573 0.7795, 0.3591 -0.7107 0.7795, 0.3537 -0.7042 0.7795, 0.298 -0.7183 0.7795, 0.3531 -0.7037 0.7795, 0.3463 -0.699 0.7795, 0.3017 -0.7106 0.7795, 0.2963 -0.7173 0.7795, 0.2909 -0.7154 0.7795, 0.3817 -0.7332 0.7795, 0.3789 -0.7301 0.7795, 0.3663 -0.7253 0.7795, 0.3751 -0.7275 0.7795, 0.3709 -0.7259 0.7795, 0.3644 -0.7253 0.7795, 0.3629 -0.7185 0.7795, 0.2767 -0.7162 0.7795, 0.2713 -0.7191 0.7795, 0.2827 -0.7148 0.7795, 0.2671 -0.7228 0.7795, 0.2638 -0.7276 0.7795, 0.3072 -0.7041 0.7795, 0.3387 -0.6961 0.7795, 0.3136 -0.6994 0.7795, 0.3305 -0.695 0.7795, 0.3215 -0.6962 0.7795, 0.2852 -0.7146 0.7795, 0.2617 -0.733 0.7795, 0.52 -0.6894 0.7795, 0.52 -0.6905 0.7795, 0.5331 -0.6894 0.7795, 0.5235 -0.6917 0.7795, 0.5304 -0.6983 0.7795, 0.5316 -0.7016 0.7795, 0.5322 -0.7062 0.7795, 0.527 -0.6942 0.7795, 0.5283 -0.6954 0.7795, 0.532 -0.709 0.7795, 0.5311 -0.7129 0.7795, 0.5293 -0.7164 0.7795, 0.527 -0.7189 0.7795, 0.5012 -0.6894 0.7795, 0.5142 -0.6897 0.7795, 0.5194 -0.6902 0.7795, 0.5196 -0.723 0.7795, 0.5138 -0.7237 0.7795, 0.5045 -0.7237 0.7795, 0.5045 -0.6897 0.7795, 0.5407 -0.7738 0.7795, 0.5407 -0.7777 0.7795, 0.5439 -0.778 0.7795, 0.5331 -0.778 0.7795, 0.5399 -0.7476 0.7795, 0.5399 -0.7437 0.7795, 0.5267 -0.7624 0.7795, 0.5267 -0.7738 0.7795, 0.5331 -0.7624 0.7795, 0.5331 -0.7738 0.7795, 0.5389 -0.7624 0.7795, 0.5267 -0.7476 0.7795, 0.5267 -0.7585 0.7795, 0.5331 -0.7476 0.7795, 0.5331 -0.7585 0.7795, 0.5389 -0.7585 0.7795, 0.5331 -0.7777 0.7795, 0.5223 -0.7777 0.7795, 0.4933 -0.6894 0.7795, 0.4972 -0.6897 0.7795, 0.4972 -0.6936 0.7795, 0.4841 -0.7084 0.7795, 0.4841 -0.7198 0.7795, 0.4933 -0.7084 0.7795, 0.4933 -0.7198 0.7795, 0.4963 -0.7084 0.7795, 0.498 -0.7198 0.7795, 0.4841 -0.6936 0.7795, 0.4841 -0.7045 0.7795, 0.4933 -0.6936 0.7795, 0.4933 -0.7045 0.7795, 0.4963 -0.7045 0.7795, 0.498 -0.7237 0.7795, 0.4933 -0.7237 0.7795, 0.4797 -0.7237 0.7795, 0.4797 -0.6897 0.7795, 0.4933 -0.6897 0.7795, -0.1183 0.8858 0.7795, 0.4141 0.8858 0.7795, 0.4469 0.8858 0.7795, 0.4469 0.0102 0.7795, 0.4489 0.8858 0.7795, 0.4489 0.0102 0.7795, 0.4777 0.8858 0.7795, 0.4777 0.0102 0.7795, 0.4933 0.8858 0.7795, 0.4933 0.0102 0.7795, 0.5012 0.8858 0.7795, 0.5012 0.0102 0.7795, 0.52 0.8858 0.7795, 0.52 0.0102 0.7795, 0.5331 0.8858 0.7795, 0.5331 0.0102 0.7795, 0.5439 0.8858 0.7795, 0.5439 0.0102 0.7795, 0.689 0.8858 0.7795, 0.689 0.0102 0.7795, -0.517 0.7026 0.7795, -0.5057 0.7073 0.7795, -0.496 0.7147 0.7795, -0.4839 0.76 0.7795, -0.4823 0.7479 0.7795, -0.4839 0.7358 0.7795, -0.4886 0.7245 0.7795, -0.5623 0.7147 0.7795, -0.5698 0.7245 0.7795, -0.689 0.0102 0.7795, -0.5745 0.7358 0.7795, -0.689 0.8858 0.7795, -0.5761 0.7479 0.7795, -0.5745 0.76 0.7795, -0.5292 0.701 0.7795, -0.5413 0.7026 0.7795, -0.5526 0.7073 0.7795, -0.5698 0.7714 0.7795, -0.5623 0.7811 0.7795, -0.5526 0.7885 0.7795, -0.5413 0.7932 0.7795, -0.5292 0.7948 0.7795, -0.517 0.7932 0.7795, -0.5057 0.7885 0.7795, -0.496 0.7811 0.7795, -0.4886 0.7714 0.7795, 0.4624 -0.6894 0.7795, 0.4648 -0.6891 0.7795, 0.4281 -0.7237 0.7795, 0.4281 -0.6897 0.7795, 0.446 -0.7237 0.7795, 0.5815 -0.7777 0.7795, 0.5767 -0.7777 0.7795, 0.6025 -0.7777 0.7795, 0.599 -0.7684 0.7795, 0.5848 -0.7684 0.7795, 0.5746 -0.763 0.7795, 0.5737 -0.7669 0.7795, 0.5897 -0.7437 0.7795, 0.5944 -0.7437 0.7795, 0.6073 -0.7777 0.7795, 0.689 -0.778 0.7795, 0.5719 -0.7704 0.7795, 0.5697 -0.7729 0.7795, 0.5661 -0.7755 0.7795, 0.5471 -0.7437 0.7795, 0.5471 -0.7777 0.7795, 0.5565 -0.7777 0.7795, 0.5622 -0.777 0.7795, 0.5748 -0.7602 0.7795, 0.5742 -0.7556 0.7795, 0.5697 -0.7482 0.7795, 0.5709 -0.7494 0.7795, 0.573 -0.7523 0.7795, 0.5568 -0.7437 0.7795, 0.562 -0.7442 0.7795, 0.5661 -0.7457 0.7795, 0.4469 -0.778 0.7795, 0.4456 -0.7437 0.7795, 0.4456 -0.7476 0.7795, 0.4325 -0.7624 0.7795, 0.4325 -0.7738 0.7795, 0.4446 -0.7624 0.7795, 0.4464 -0.7738 0.7795, 0.4446 -0.7585 0.7795, 0.4281 -0.7437 0.7795, 0.4281 -0.7777 0.7795, 0.4325 -0.7476 0.7795, 0.4325 -0.7585 0.7795, 0.4464 -0.7777 0.7795, 0.5331 -0.7915 0.7795, 0.5439 -0.7915 0.7795, 0.689 -0.7915 0.7795, 0.4469 -0.7915 0.7795, 0.4469 -0.8858 0.7795, 0.4489 -0.8858 0.7795, 0.4777 -0.8858 0.7795, 0.4933 -0.8858 0.7795, 0.5012 -0.8858 0.7795, 0.52 -0.8858 0.7795, 0.5331 -0.8858 0.7795, 0.5439 -0.8858 0.7795, 0.689 -0.8858 0.7795, -0.689 -0.6894 0.7795, -0.689 -0.734 0.7795, -0.689 -0.778 0.7795, -0.689 -0.7915 0.7795, -0.689 -0.8858 0.7795, -0.6796 -0.6605 0.0, -0.689 -0.6636 0.0, -0.689 -0.5569 0.0, -0.6693 -0.561 0.0, -0.6102 -0.561 0.0, -0.6102 -0.6594 0.0, -0.6796 -0.5599 0.0, -0.6693 -0.6594 0.0, -0.6796 -0.4637 0.0, -0.689 -0.4667 0.0, -0.689 -0.3601 0.0, -0.6693 -0.3642 0.0, -0.6102 -0.3642 0.0, -0.6102 -0.4626 0.0, -0.6796 -0.3631 0.0, -0.6693 -0.4626 0.0, -0.6796 -0.2668 0.0, -0.689 -0.2699 0.0, -0.689 -0.1632 0.0, -0.6693 -0.1673 0.0, -0.6102 -0.1673 0.0, -0.6102 -0.2657 0.0, -0.6796 -0.1662 0.0, -0.6693 -0.2657 0.0, -0.6796 -0.07 0.0, -0.689 -0.073 0.0, -0.689 0.2108 0.0, -0.6796 0.7962 0.0, -0.689 0.7931 0.0, -0.689 0.8858 0.0, -0.689 -0.7538 0.0, -0.6796 -0.7568 0.0, -0.689 -0.8858 0.0, -0.6693 -0.7579 0.0, 0.6796 0.2078 0.0, 0.689 0.2108 0.0, 0.6102 0.0039 0.0, 0.6102 -0.7579 0.0, 0.6693 -0.7579 0.0, 0.689 -0.8858 0.0, 0.6796 -0.7568 0.0, 0.689 -0.7538 0.0, 0.6693 0.7972 0.0, 0.6102 0.7972 0.0, 0.6102 0.8465 0.0, -0.3839 0.8465 0.0, -0.6102 0.8465 0.0, 0.689 0.8858 0.0, 0.689 0.7931 0.0, 0.6796 0.7962 0.0, -0.6102 0.0039 0.0, -0.6102 -0.0689 0.0, -0.6693 -0.0689 0.0, -0.6796 0.5009 0.0, -0.689 0.4979 0.0, -0.689 0.7029 0.0, -0.6102 0.7972 0.0, -0.6693 0.7972 0.0, 0.6102 -0.0689 0.0, 0.6693 -0.0689 0.0, 0.6796 -0.07 0.0, 0.689 -0.073 0.0, -0.2525 0.8858 0.0, -0.255 0.8763 0.0, -0.3248 0.7874 0.0, -0.2559 0.8661 0.0, -0.3248 0.6988 0.0, 0.689 0.7029 0.0, 0.689 0.4979 0.0, 0.6796 0.5009 0.0, -0.689 0.301 0.0, -0.689 0.4077 0.0, -0.6796 0.304 0.0, -0.6796 0.4046 0.0, -0.6693 0.4035 0.0, 0.374 0.502 0.0, 0.3394 0.6995 0.0, 0.3445 0.6988 0.0, 0.689 0.4077 0.0, 0.689 0.301 0.0, 0.6796 0.304 0.0, -0.3521 0.2941 0.0, -0.3624 0.301 0.0, -0.374 0.4035 0.0, -0.374 0.3051 0.0, -0.6693 0.3051 0.0, 0.6693 0.502 0.0, 0.6693 0.6988 0.0, 0.6796 0.6999 0.0, -0.1412 0.8858 0.0, -0.0557 0.8858 0.0, -0.0582 0.8763 0.0, -0.1995 0.0 0.0, -0.2078 0.0029 0.0, -0.374 0.2067 0.0, -0.2165 0.0039 0.0, -0.6693 0.2067 0.0, -0.6796 0.2078 0.0, -0.6693 0.6988 0.0, -0.374 0.502 0.0, 0.3521 0.4146 0.0, 0.3624 0.4077 0.0, 0.374 0.3051 0.0, 0.374 0.4035 0.0, 0.6693 0.3051 0.0, 0.6693 0.4035 0.0, 0.6796 0.4046 0.0, -0.1551 0.6669 0.0, -0.1457 0.6791 0.0, -0.0591 0.4134 0.0, -0.1398 0.6934 0.0, -0.0591 0.8661 0.0, -0.6796 0.6999 0.0, -0.6693 0.502 0.0, 0.2525 0.8858 0.0, 0.3445 0.8465 0.0, 0.3394 0.8458 0.0, 0.3521 0.4909 0.0, 0.3438 0.4818 0.0, 0.3346 0.7015 0.0, 0.338 0.4709 0.0, 0.3306 0.7046 0.0, -0.1378 0.7087 0.0, -0.1378 0.8661 0.0, -0.1387 0.8763 0.0, -0.2559 0.7087 0.0, -0.2539 0.6934 0.0, -0.248 0.6791 0.0, -0.2386 0.6669 0.0, 0.0591 0.4134 0.0, 0.1457 0.6791 0.0, 0.1551 0.6669 0.0, 0.3346 0.8438 0.0, 0.3306 0.8407 0.0, 0.255 0.8763 0.0, 0.3274 0.8366 0.0, 0.2559 0.8661 0.0, 0.3255 0.8319 0.0, 0.3248 0.8268 0.0, 0.2559 0.7087 0.0, 0.3248 0.7185 0.0, 0.2539 0.6934 0.0, 0.3255 0.7134 0.0, 0.248 0.6791 0.0, 0.3274 0.7087 0.0, 0.3624 0.4978 0.0, -0.1782 -0.7725 0.0, -0.0153 0.3563 0.0, -0.0 0.3543 0.0, 0.0153 0.3563 0.0, 0.0295 0.3622 0.0, 0.0418 0.3716 0.0, 0.0591 0.8661 0.0, 0.1378 0.7087 0.0, 0.1398 0.6934 0.0, 0.0557 0.8858 0.0, 0.1412 0.8858 0.0, 0.0582 0.8763 0.0, 0.1387 0.8763 0.0, 0.1378 0.8661 0.0, 0.1816 0.6516 0.0, 0.1969 0.6496 0.0, 0.2121 0.6516 0.0, -0.335 0.2621 0.0, -0.3521 0.4146 0.0, -0.3438 0.4237 0.0, -0.3624 0.4077 0.0, -0.338 0.2741 0.0, -0.3438 0.2849 0.0, -0.0418 0.3716 0.0, -0.3624 0.2109 0.0, -0.0511 0.3839 0.0, -0.3521 0.2177 0.0, -0.057 0.3981 0.0, -0.3438 0.2269 0.0, -0.338 0.2378 0.0, -0.2078 -0.8022 0.0, -0.1995 -0.7993 0.0, 0.1858 -0.7883 0.0, 0.1673 0.6575 0.0, 0.057 0.3981 0.0, 0.3624 0.301 0.0, 0.335 0.4589 0.0, 0.2264 0.6575 0.0, 0.2386 0.6669 0.0, -0.338 0.4346 0.0, -0.335 0.4466 0.0, -0.2264 0.6575 0.0, -0.335 0.4589 0.0, -0.338 0.4709 0.0, -0.3438 0.4818 0.0, -0.3521 0.4909 0.0, -0.3624 0.4978 0.0, -0.335 0.2497 0.0, -0.2121 0.6516 0.0, -0.1969 0.6496 0.0, -0.1816 0.6516 0.0, -0.1673 0.6575 0.0, -0.1772 -0.0354 0.0, -0.1782 -0.0267 0.0, -0.0295 0.3622 0.0, -0.1811 -0.0184 0.0, -0.1858 -0.0109 0.0, 0.335 0.4466 0.0, 0.338 0.4346 0.0, 0.3438 0.4237 0.0, 0.192 -0.7946 0.0, 0.1995 -0.7993 0.0, 0.335 0.2621 0.0, 0.335 0.2497 0.0, 0.0511 0.3839 0.0, 0.338 0.2378 0.0, 0.3438 0.2269 0.0, -0.1772 -0.7638 0.0, -0.192 -0.0047 0.0, -0.2165 -0.8031 0.0, -0.6102 -0.8031 0.0, -0.6102 -0.7579 0.0, 0.2078 -0.8022 0.0, 0.2165 -0.8031 0.0, 0.6102 -0.8031 0.0, 0.3521 0.2941 0.0, 0.3438 0.2849 0.0, 0.338 0.2741 0.0, -0.192 -0.7946 0.0, -0.1858 -0.7883 0.0, -0.1811 -0.7809 0.0, 0.2165 0.0039 0.0, 0.2078 0.0029 0.0, 0.1995 0.0 0.0, 0.192 -0.0047 0.0, 0.1858 -0.0109 0.0, 0.3521 0.2177 0.0, 0.3624 0.2109 0.0, 0.374 0.2067 0.0, 0.6693 0.2067 0.0, 0.1811 -0.0184 0.0, 0.1782 -0.0267 0.0, 0.1772 -0.0354 0.0, 0.1772 -0.7638 0.0, 0.1782 -0.7725 0.0, 0.1811 -0.7809 0.0, 0.0557 0.8858 0.0709, -0.0557 0.8858 0.0709, 0.1412 0.8858 0.0709, 0.2525 0.8858 0.0709, -0.2525 0.8858 0.0709, -0.1412 0.8858 0.0709, -0.1412 0.8858 0.0709
            ]
        }
        coordIndex [
            0,1,2,-1,3,4,5,-1,6,7,8,-1,9,10,11,-1,12,13,14,-1,15,16,17,-1,18,19,20,-1,20,19,21,-1,22,23,24,-1,24,25,22,-1,22,25,26,-1,22,26,27,-1,27,26,28,-1,29,5,30,-1,30,5,21,-1,30,21,31,-1,31,21,19,-1,32,33,34,-1,34,35,32,-1,32,35,36,-1,32,36,37,-1,38,39,40,-1,36,41,42,-1,43,44,37,-1,45,46,36,-1,36,46,47,-1,42,48,36,-1,36,48,49,-1,36,49,37,-1,37,49,50,-1,37,50,43,-1,38,40,51,-1,45,52,53,-1,47,54,36,-1,36,54,55,-1,36,55,56,-1,57,58,59,-1,59,58,60,-1,59,60,61,-1,53,62,45,-1,45,62,63,-1,45,63,46,-1,56,64,36,-1,36,64,65,-1,36,65,41,-1,39,66,40,-1,40,66,67,-1,40,67,68,-1,52,45,59,-1,59,45,69,-1,59,69,57,-1,70,71,72,-1,72,73,70,-1,70,73,74,-1,70,74,75,-1,68,76,40,-1,40,76,77,-1,40,77,78,-1,79,80,70,-1,70,80,81,-1,70,81,71,-1,77,82,78,-1,78,82,83,-1,78,83,79,-1,79,83,84,-1,79,84,80,-1,85,86,8,-1,8,86,87,-1,88,89,90,-1,8,91,85,-1,85,91,92,-1,85,92,93,-1,93,92,88,-1,93,88,94,-1,94,88,90,-1,95,96,14,-1,95,14,97,-1,96,95,91,-1,91,95,98,-1,91,98,92,-1,14,17,97,-1,97,17,99,-1,97,99,100,-1,16,101,17,-1,17,101,102,-1,17,102,99,-1,103,104,105,-1,106,107,108,-1,108,107,109,-1,108,109,103,-1,103,109,110,-1,103,110,104,-1,111,112,17,-1,17,112,113,-1,17,113,15,-1,114,115,116,-1,114,116,117,-1,115,118,116,-1,116,118,119,-1,116,119,108,-1,108,119,120,-1,108,120,106,-1,121,122,123,-1,14,124,125,-1,126,127,37,-1,37,127,128,-1,37,128,129,-1,130,131,14,-1,14,131,132,-1,14,132,124,-1,129,133,37,-1,37,133,134,-1,37,134,96,-1,122,130,123,-1,123,130,14,-1,123,14,135,-1,135,14,96,-1,135,96,136,-1,136,96,134,-1,125,137,14,-1,14,137,138,-1,14,138,12,-1,139,140,141,-1,141,140,142,-1,141,142,143,-1,141,144,139,-1,139,144,145,-1,139,145,146,-1,146,147,139,-1,139,147,148,-1,139,148,149,-1,149,148,150,-1,149,150,151,-1,151,150,152,-1,151,152,123,-1,123,152,153,-1,123,153,121,-1,154,155,143,-1,143,155,156,-1,143,156,141,-1,157,158,159,-1,160,161,162,-1,162,161,163,-1,164,165,166,-1,166,165,167,-1,166,167,163,-1,168,169,170,-1,171,168,172,-1,172,168,173,-1,158,174,159,-1,159,174,175,-1,159,175,176,-1,176,175,177,-1,178,179,177,-1,177,179,180,-1,177,180,176,-1,171,181,168,-1,168,181,182,-1,168,182,169,-1,183,184,40,-1,185,186,166,-1,166,186,187,-1,166,187,164,-1,157,159,184,-1,184,159,188,-1,184,188,40,-1,40,188,189,-1,40,189,190,-1,191,192,193,-1,194,195,196,-1,197,161,198,-1,190,199,40,-1,40,199,200,-1,40,200,201,-1,202,203,177,-1,177,203,204,-1,177,204,205,-1,191,193,160,-1,196,206,194,-1,194,206,197,-1,194,197,207,-1,207,197,198,-1,44,51,37,-1,37,51,40,-1,37,40,126,-1,126,40,201,-1,126,201,195,-1,195,201,208,-1,195,208,196,-1,193,209,160,-1,160,209,210,-1,160,210,161,-1,161,210,211,-1,161,211,198,-1,205,212,177,-1,177,212,213,-1,177,213,178,-1,214,215,192,-1,192,215,216,-1,192,216,193,-1,214,217,215,-1,215,217,218,-1,215,218,219,-1,219,218,220,-1,219,221,222,-1,220,223,219,-1,219,223,224,-1,219,224,225,-1,225,226,219,-1,219,226,227,-1,219,227,221,-1,222,228,219,-1,219,228,229,-1,219,229,230,-1,9,11,231,-1,231,11,232,-1,231,232,233,-1,233,232,13,-1,13,232,103,-1,13,103,14,-1,14,103,105,-1,14,105,17,-1,17,105,234,-1,17,234,111,-1,235,236,237,-1,237,236,232,-1,237,232,167,-1,167,232,11,-1,167,11,163,-1,163,11,10,-1,163,10,162,-1,238,239,240,-1,240,239,241,-1,240,241,242,-1,243,244,245,-1,245,244,240,-1,245,240,246,-1,246,240,247,-1,242,248,240,-1,240,248,249,-1,240,249,247,-1,250,251,252,-1,252,251,253,-1,253,251,254,-1,253,254,255,-1,250,252,256,-1,256,252,257,-1,256,257,258,-1,257,259,260,-1,260,261,257,-1,257,261,262,-1,257,262,263,-1,257,264,258,-1,258,264,265,-1,258,265,266,-1,266,265,267,-1,266,267,268,-1,263,269,257,-1,257,269,270,-1,257,270,264,-1,271,272,273,-1,273,272,274,-1,273,274,275,-1,275,276,273,-1,273,276,277,-1,273,277,259,-1,259,277,278,-1,259,278,260,-1,279,271,280,-1,280,271,273,-1,280,273,281,-1,281,273,282,-1,283,284,285,-1,284,286,285,-1,285,286,287,-1,285,287,288,-1,288,287,289,-1,288,289,290,-1,290,289,291,-1,290,291,273,-1,273,291,292,-1,273,292,282,-1,293,294,295,-1,294,296,295,-1,295,296,297,-1,295,297,298,-1,299,300,301,-1,302,303,304,-1,304,303,305,-1,299,301,306,-1,307,308,309,-1,310,311,303,-1,303,311,312,-1,303,312,313,-1,243,314,244,-1,244,314,315,-1,244,315,309,-1,309,315,316,-1,309,316,307,-1,300,317,301,-1,301,317,318,-1,301,318,319,-1,320,321,322,-1,322,321,323,-1,322,323,324,-1,325,313,326,-1,326,313,327,-1,326,327,322,-1,322,327,328,-1,322,328,320,-1,325,329,313,-1,313,329,330,-1,313,330,303,-1,303,330,331,-1,303,331,305,-1,308,332,309,-1,309,332,333,-1,309,333,334,-1,335,336,337,-1,337,336,338,-1,337,338,301,-1,301,338,339,-1,301,339,306,-1,340,341,301,-1,301,341,342,-1,301,342,303,-1,303,342,343,-1,303,343,310,-1,344,345,293,-1,345,346,293,-1,293,346,347,-1,293,347,348,-1,348,349,293,-1,293,349,350,-1,293,350,351,-1,351,350,335,-1,351,335,352,-1,352,335,337,-1,319,353,301,-1,301,353,354,-1,301,354,355,-1,355,356,301,-1,301,356,357,-1,301,357,340,-1,358,359,360,-1,359,361,360,-1,360,361,362,-1,360,362,363,-1,312,360,313,-1,313,360,364,-1,313,364,365,-1,366,367,368,-1,368,367,369,-1,368,369,370,-1,366,368,312,-1,312,368,371,-1,312,371,360,-1,360,371,372,-1,360,372,358,-1,373,374,375,-1,375,374,376,-1,375,376,377,-1,363,362,378,-1,378,362,379,-1,378,379,380,-1,380,379,381,-1,380,381,382,-1,365,383,313,-1,313,383,375,-1,313,375,384,-1,384,375,377,-1,385,386,387,-1,387,386,388,-1,389,390,387,-1,387,390,391,-1,388,392,387,-1,387,392,393,-1,387,393,389,-1,394,395,5,-1,5,395,396,-1,5,396,397,-1,28,26,29,-1,29,26,387,-1,29,387,5,-1,5,387,391,-1,5,391,394,-1,398,399,385,-1,385,399,400,-1,385,400,386,-1,7,401,8,-1,8,401,402,-1,8,402,91,-1,91,402,403,-1,91,403,398,-1,398,403,404,-1,398,404,399,-1,405,406,407,-1,407,406,408,-1,409,407,21,-1,5,4,21,-1,21,4,410,-1,21,410,409,-1,411,412,413,-1,413,412,414,-1,413,414,415,-1,416,417,418,-1,418,417,419,-1,418,419,409,-1,409,419,420,-1,409,420,407,-1,407,420,415,-1,407,415,405,-1,405,415,414,-1,406,421,408,-1,408,421,422,-1,408,422,87,-1,87,422,3,-1,87,3,8,-1,8,3,5,-1,8,5,6,-1,6,5,397,-1,423,424,398,-1,398,424,425,-1,426,427,428,-1,428,427,429,-1,428,429,430,-1,430,429,431,-1,432,433,434,-1,434,433,435,-1,434,435,425,-1,425,435,436,-1,425,436,398,-1,436,430,398,-1,398,430,431,-1,398,431,91,-1,91,431,437,-1,91,437,96,-1,96,437,438,-1,96,438,37,-1,37,438,439,-1,37,439,32,-1,32,439,440,-1,32,440,423,-1,423,440,441,-1,423,441,424,-1,442,252,443,-1,443,252,253,-1,443,253,444,-1,444,253,445,-1,444,445,446,-1,446,445,447,-1,446,447,448,-1,448,447,449,-1,448,449,450,-1,450,449,451,-1,450,451,452,-1,452,451,453,-1,452,453,454,-1,454,453,455,-1,454,455,456,-1,456,455,457,-1,456,457,458,-1,458,457,459,-1,458,459,460,-1,460,459,461,-1,462,252,463,-1,463,252,464,-1,465,466,442,-1,442,466,467,-1,442,467,252,-1,252,467,468,-1,252,468,464,-1,469,470,471,-1,471,470,472,-1,471,472,473,-1,473,472,474,-1,473,474,475,-1,462,476,471,-1,476,477,471,-1,471,477,478,-1,471,478,469,-1,475,479,473,-1,473,479,480,-1,473,480,481,-1,481,482,473,-1,473,482,483,-1,473,483,442,-1,442,483,484,-1,442,484,485,-1,485,486,442,-1,442,486,487,-1,442,487,465,-1,488,489,447,-1,447,489,33,-1,447,33,449,-1,449,33,32,-1,449,32,451,-1,451,32,423,-1,451,423,453,-1,453,423,398,-1,453,398,455,-1,455,398,385,-1,455,385,457,-1,457,385,387,-1,457,387,459,-1,459,387,26,-1,459,26,461,-1,461,26,25,-1,255,238,253,-1,253,238,240,-1,253,240,445,-1,445,240,79,-1,445,79,447,-1,447,79,70,-1,447,70,488,-1,488,70,75,-1,490,491,240,-1,240,491,0,-1,240,0,79,-1,79,0,2,-1,79,2,78,-1,78,2,492,-1,78,492,244,-1,244,492,490,-1,244,490,240,-1,493,494,407,-1,495,496,497,-1,498,499,494,-1,21,500,501,-1,497,493,495,-1,495,493,407,-1,495,407,502,-1,502,407,503,-1,502,503,501,-1,501,503,24,-1,501,24,21,-1,21,24,23,-1,21,23,20,-1,499,504,494,-1,494,504,505,-1,494,505,506,-1,507,21,508,-1,508,21,407,-1,508,407,509,-1,509,407,494,-1,509,494,510,-1,510,494,506,-1,498,494,511,-1,511,494,500,-1,511,500,512,-1,513,514,500,-1,500,514,515,-1,500,515,512,-1,507,516,21,-1,21,516,517,-1,21,517,500,-1,500,517,518,-1,500,518,513,-1,78,519,40,-1,40,519,168,-1,40,168,183,-1,183,168,170,-1,78,520,521,-1,522,523,524,-1,524,523,525,-1,524,525,526,-1,520,78,527,-1,527,78,244,-1,527,244,528,-1,528,244,309,-1,528,309,519,-1,529,530,521,-1,521,530,526,-1,521,526,78,-1,78,526,525,-1,78,525,519,-1,519,525,531,-1,519,531,528,-1,86,117,87,-1,87,117,116,-1,87,116,408,-1,408,116,532,-1,408,532,407,-1,407,532,533,-1,407,533,503,-1,503,533,534,-1,235,173,236,-1,236,173,168,-1,236,168,535,-1,535,168,519,-1,535,519,295,-1,295,519,309,-1,295,309,293,-1,293,309,334,-1,293,334,344,-1,298,283,295,-1,295,283,285,-1,295,285,535,-1,535,285,536,-1,535,536,236,-1,236,536,537,-1,236,537,232,-1,232,537,538,-1,232,538,103,-1,103,538,539,-1,103,539,108,-1,108,539,540,-1,108,540,116,-1,116,540,541,-1,116,541,532,-1,532,541,542,-1,532,542,533,-1,533,542,543,-1,533,543,534,-1,534,543,544,-1,462,471,252,-1,252,471,545,-1,252,545,257,-1,257,545,546,-1,257,546,259,-1,259,546,547,-1,259,547,273,-1,273,547,548,-1,273,548,290,-1,290,548,549,-1,290,549,288,-1,550,551,552,-1,553,554,555,-1,552,556,550,-1,550,556,553,-1,550,553,557,-1,557,553,555,-1,558,559,560,-1,561,562,563,-1,560,564,558,-1,558,564,561,-1,558,561,565,-1,565,561,563,-1,566,567,568,-1,569,570,571,-1,568,572,566,-1,566,572,569,-1,566,569,573,-1,573,569,571,-1,574,575,576,-1,577,578,579,-1,580,581,582,-1,582,581,583,-1,584,585,586,-1,587,588,589,-1,589,588,590,-1,589,590,591,-1,592,593,594,-1,595,596,579,-1,597,598,599,-1,600,601,576,-1,576,601,602,-1,576,602,574,-1,603,604,605,-1,596,606,579,-1,579,606,607,-1,579,607,577,-1,608,586,609,-1,609,586,585,-1,609,585,610,-1,610,585,611,-1,579,612,595,-1,595,612,613,-1,595,613,614,-1,614,613,615,-1,614,615,616,-1,617,618,619,-1,620,621,622,-1,622,621,623,-1,622,623,624,-1,625,626,627,-1,628,629,630,-1,631,632,633,-1,633,632,634,-1,633,634,624,-1,624,634,635,-1,624,635,622,-1,625,627,636,-1,636,627,637,-1,636,637,619,-1,619,637,638,-1,619,638,617,-1,639,640,641,-1,642,643,644,-1,644,643,645,-1,644,645,646,-1,646,645,600,-1,646,600,647,-1,647,600,576,-1,648,616,649,-1,650,651,652,-1,652,651,653,-1,652,653,654,-1,654,653,655,-1,654,655,630,-1,630,655,656,-1,630,656,628,-1,657,658,659,-1,659,658,660,-1,659,660,661,-1,605,662,603,-1,603,662,648,-1,603,648,663,-1,663,648,649,-1,599,592,597,-1,597,592,594,-1,597,594,664,-1,664,594,665,-1,664,665,666,-1,667,668,669,-1,669,668,670,-1,669,670,671,-1,660,672,661,-1,661,672,673,-1,661,673,641,-1,641,673,674,-1,641,674,639,-1,615,675,616,-1,616,675,676,-1,616,676,649,-1,649,676,677,-1,649,677,678,-1,679,680,681,-1,666,682,664,-1,664,682,683,-1,664,683,684,-1,684,683,685,-1,684,685,686,-1,685,687,686,-1,686,687,688,-1,686,688,689,-1,689,688,690,-1,689,690,691,-1,691,690,692,-1,691,692,693,-1,693,692,694,-1,693,694,671,-1,626,625,669,-1,669,625,695,-1,669,695,667,-1,696,697,698,-1,698,699,696,-1,696,699,700,-1,696,700,701,-1,702,703,679,-1,679,703,704,-1,679,704,680,-1,705,706,707,-1,707,706,708,-1,707,708,702,-1,702,708,709,-1,702,709,703,-1,710,711,652,-1,652,711,712,-1,713,714,715,-1,714,713,716,-1,716,713,717,-1,716,717,633,-1,633,717,718,-1,633,718,631,-1,719,720,721,-1,721,720,722,-1,721,722,723,-1,723,722,724,-1,723,724,725,-1,726,727,728,-1,681,729,679,-1,679,729,710,-1,679,710,730,-1,730,710,652,-1,730,652,731,-1,732,712,670,-1,670,712,733,-1,670,733,671,-1,671,733,734,-1,671,734,693,-1,735,736,737,-1,737,736,738,-1,737,738,739,-1,739,740,737,-1,737,740,741,-1,737,741,678,-1,678,741,742,-1,678,742,649,-1,715,735,713,-1,713,735,737,-1,713,737,743,-1,743,737,744,-1,743,744,725,-1,725,744,745,-1,725,745,723,-1,723,745,746,-1,723,746,659,-1,659,746,747,-1,659,747,657,-1,748,749,750,-1,750,749,751,-1,750,751,752,-1,732,753,712,-1,712,753,754,-1,712,754,652,-1,652,754,755,-1,652,755,650,-1,728,756,582,-1,582,756,757,-1,758,759,760,-1,760,759,761,-1,760,761,762,-1,697,696,750,-1,750,696,763,-1,750,763,748,-1,719,750,720,-1,720,750,752,-1,720,752,644,-1,644,752,764,-1,644,764,642,-1,726,728,765,-1,765,728,582,-1,765,582,766,-1,766,582,583,-1,766,583,767,-1,757,768,582,-1,582,768,769,-1,582,769,589,-1,589,769,770,-1,589,770,587,-1,731,771,730,-1,730,771,772,-1,730,772,760,-1,760,772,773,-1,760,773,758,-1,727,774,728,-1,728,774,775,-1,728,775,776,-1,777,778,760,-1,760,778,701,-1,778,779,701,-1,701,779,780,-1,701,780,781,-1,762,782,760,-1,760,782,783,-1,760,783,777,-1,777,783,784,-1,777,784,586,-1,586,784,785,-1,586,785,584,-1,781,786,701,-1,701,786,787,-1,701,787,696,-1,696,787,788,-1,788,789,696,-1,696,789,790,-1,696,790,776,-1,776,790,791,-1,776,791,728,-1,792,793,473,-1,794,706,705,-1,705,792,794,-1,794,792,473,-1,794,473,795,-1,795,473,460,-1,795,460,664,-1,664,460,597,-1,612,579,796,-1,796,579,473,-1,796,473,797,-1,797,473,793,-1,797,793,639,-1,639,793,640,-1,
        ]
    }
}
Shape{
    appearance Appearance {
        material  Material 	{
            diffuseColor 0.8274509803921568 0.6666666666666666 0.12941176470588237
            specularColor 0.8274509803921568 0.6666666666666666 0.12941176470588237
            ambientIntensity 0.2
            transparency 0
            shininess 0.5
        }
    }
    geometry IndexedFaceSet {
        ccw TRUE
        solid FALSE
        coord DEF co Coordinate {
            point [
                0.6693 0.7972 0.0, 0.6693 0.7972 -0.0079, 0.6102 0.7972 0.0, 0.6102 0.7972 -0.0079, 0.6102 0.7972 -0.0079
            ]
        }
        coordIndex [
            0,1,2,-1,2,1,3,-1,
        ]
    }
}
Shape{
    appearance Appearance {
        material  Material 	{
            diffuseColor 0.20784313725490197 0.20784313725490197 0.20784313725490197
            specularColor 0.01568627450980392 0.01568627450980392 0.01568627450980392
            ambientIntensity 0.2
            transparency 0
            shininess 0.5
        }
    }
    geometry IndexedFaceSet {
        ccw TRUE
        solid FALSE
        coord DEF co Coordinate {
            point [
                0.689 -0.5569 0.0, 0.689 -0.6636 0.0, 0.6796 -0.6605 0.0, 0.6102 -0.6594 0.0, 0.6102 -0.561 0.0, 0.6693 -0.6594 0.0, 0.6693 -0.561 0.0, 0.6796 -0.5599 0.0, 0.6102 -0.4626 0.0, 0.6102 -0.3642 0.0, 0.6693 -0.4626 0.0, 0.6693 -0.3642 0.0, 0.6796 -0.4637 0.0, 0.6796 -0.3631 0.0, 0.689 -0.4667 0.0, 0.689 -0.3601 0.0, 0.6796 -0.1662 0.0, 0.689 -0.1632 0.0, 0.689 -0.2699 0.0, 0.6693 -0.2657 0.0, 0.6102 -0.2657 0.0, 0.6102 -0.1673 0.0, 0.6796 -0.2668 0.0, 0.6693 -0.1673 0.0, 0.6693 -0.1673 0.0
            ]
        }
        coordIndex [
            0,1,2,-1,3,4,5,-1,5,4,6,-1,5,6,2,-1,2,6,7,-1,2,7,0,-1,8,9,10,-1,10,9,11,-1,10,11,12,-1,12,11,13,-1,12,13,14,-1,14,13,15,-1,16,17,18,-1,19,20,21,-1,18,22,16,-1,16,22,19,-1,16,19,23,-1,23,19,21,-1,
        ]
    }
}
Shape{
    appearance Appearance {
        material  Material 	{
            diffuseColor 0.8274509803921568 0.6666666666666666 0.12941176470588237
            specularColor 0.8274509803921568 0.6666666666666666 0.12941176470588237
            ambientIntensity 0.2
            transparency 0
            shininess 0.5
        }
    }
    geometry IndexedFaceSet {
        ccw TRUE
        solid FALSE
        coord DEF co Coordinate {
            point [
                0.6693 -0.0689 0.0, 0.6693 -0.0689 -0.0079, 0.6102 -0.0689 0.0, 0.6102 -0.0689 -0.0079, 0.6693 -0.1673 -0.0079, 0.6693 -0.1673 0.0, 0.6102 -0.1673 -0.0079, 0.6102 -0.1673 0.0, 0.6693 -0.2657 0.0, 0.6693 -0.2657 -0.0079, 0.6102 -0.2657 0.0, 0.6102 -0.2657 -0.0079, 0.6693 -0.3642 -0.0079, 0.6693 -0.3642 0.0, 0.6102 -0.3642 -0.0079, 0.6102 -0.3642 0.0, 0.6693 -0.4626 0.0, 0.6693 -0.4626 -0.0079, 0.6102 -0.4626 0.0, 0.6102 -0.4626 -0.0079, 0.6693 -0.561 -0.0079, 0.6693 -0.561 0.0, 0.6102 -0.561 -0.0079, 0.6102 -0.561 0.0, 0.6693 -0.6594 0.0, 0.6693 -0.6594 -0.0079, 0.6102 -0.6594 0.0, 0.6102 -0.6594 -0.0079, 0.6693 -0.7579 -0.0079, 0.6693 -0.7579 0.0, 0.6102 -0.7579 -0.0079, 0.6102 -0.7579 0.0, 0.6102 -0.7579 0.0
            ]
        }
        coordIndex [
            0,1,2,-1,2,1,3,-1,4,5,6,-1,6,5,7,-1,8,9,10,-1,10,9,11,-1,12,13,14,-1,14,13,15,-1,16,17,18,-1,18,17,19,-1,20,21,22,-1,22,21,23,-1,24,25,26,-1,26,25,27,-1,28,29,30,-1,30,29,31,-1,
        ]
    }
}
Shape{
    appearance Appearance {
        material  Material 	{
            diffuseColor 0.20784313725490197 0.20784313725490197 0.20784313725490197
            specularColor 0.01568627450980392 0.01568627450980392 0.01568627450980392
            ambientIntensity 0.2
            transparency 0
            shininess 0.5
        }
    }
    geometry IndexedFaceSet {
        ccw TRUE
        solid FALSE
        coord DEF co Coordinate {
            point [
                0.689 0.4979 0.0709, 0.689 0.4979 0.0, 0.689 0.7029 0.0, 0.689 -0.073 0.0709, 0.689 -0.073 0.0, 0.689 0.2108 0.0, 0.689 0.7931 0.0, 0.689 0.8858 0.0, 0.689 0.7931 0.0709, 0.689 0.8858 0.7795, 0.689 0.7029 0.0709, 0.689 -0.6636 0.0709, 0.689 -0.8858 0.7795, 0.689 -0.7538 0.0709, 0.689 -0.8858 0.0, 0.689 -0.7538 0.0, 0.689 0.301 0.0, 0.689 0.4077 0.0, 0.689 0.301 0.0709, 0.689 0.4077 0.0709, 0.689 -0.6636 0.0, 0.689 -0.5569 0.0, 0.689 -0.5569 0.0709, 0.689 -0.4667 0.0709, 0.689 -0.4667 0.0, 0.689 -0.3601 0.0, 0.689 -0.3601 0.0709, 0.689 -0.2699 0.0709, 0.689 0.2108 0.0709, 0.689 -0.1632 0.0709, 0.689 -0.1632 0.0, 0.689 -0.2699 0.0, -0.689 -0.5569 0.0709, -0.689 -0.5569 0.0, -0.689 -0.6636 0.0, -0.689 0.8858 0.0, -0.689 0.7931 0.0, -0.689 0.7931 0.0709, -0.689 0.7029 0.0709, -0.689 -0.8858 0.7795, -0.689 0.8858 0.7795, -0.689 0.4077 0.0709, -0.689 0.4077 0.0, -0.689 0.301 0.0, -0.689 -0.7538 0.0, -0.689 -0.8858 0.0, -0.689 -0.7538 0.0709, -0.689 -0.6636 0.0709, -0.689 0.301 0.0709, -0.689 0.2108 0.0709, -0.689 0.4979 0.0709, -0.689 0.4979 0.0, -0.689 0.7029 0.0, -0.689 -0.1632 0.0709, -0.689 -0.1632 0.0, -0.689 -0.2699 0.0, -0.689 -0.2699 0.0709, -0.689 -0.3601 0.0709, -0.689 -0.073 0.0709, -0.689 -0.073 0.0, -0.689 0.2108 0.0, -0.689 -0.4667 0.0709, -0.689 -0.4667 0.0, -0.689 -0.3601 0.0, -0.689 -0.3601 0.0
            ]
        }
        coordIndex [
            0,1,2,-1,3,4,5,-1,6,7,8,-1,8,7,9,-1,8,9,10,-1,11,12,13,-1,13,12,14,-1,13,14,15,-1,16,17,18,-1,18,17,19,-1,20,21,11,-1,11,21,22,-1,11,22,12,-1,12,22,23,-1,24,25,23,-1,23,25,26,-1,23,26,12,-1,12,26,27,-1,5,28,3,-1,3,28,12,-1,3,12,29,-1,29,12,27,-1,29,27,30,-1,30,27,31,-1,2,10,0,-1,0,10,9,-1,0,9,19,-1,19,9,12,-1,19,12,18,-1,18,12,28,-1,32,33,34,-1,35,36,37,-1,38,39,37,-1,37,39,40,-1,37,40,35,-1,41,42,43,-1,44,45,46,-1,46,45,39,-1,46,39,47,-1,48,49,39,-1,43,48,41,-1,41,48,39,-1,41,39,50,-1,50,39,38,-1,50,38,51,-1,51,38,52,-1,53,54,55,-1,56,57,39,-1,55,56,53,-1,53,56,39,-1,53,39,58,-1,58,39,49,-1,58,49,59,-1,59,49,60,-1,34,47,32,-1,32,47,39,-1,32,39,61,-1,61,39,57,-1,61,57,62,-1,62,57,63,-1,12,39,14,-1,14,39,45,-1,
        ]
    }
}
Shape{
    appearance Appearance {
        material  Material 	{
            diffuseColor 0.34901960784313724 0.34901960784313724 0.34901960784313724
            specularColor 0.023529411764705882 0.023529411764705882 0.023529411764705882
            ambientIntensity 0.2
            transparency 0
            shininess 0.5
        }
    }
    geometry IndexedFaceSet {
        ccw TRUE
        solid FALSE
        coord DEF co Coordinate {
            point [
                -0.5761 0.7479 0.7717, -0.5761 0.7479 0.7795, -0.5745 0.7358 0.7717, -0.5745 0.7358 0.7795, -0.5698 0.7245 0.7717, -0.5698 0.7245 0.7795, -0.5623 0.7147 0.7717, -0.5623 0.7147 0.7795, -0.5526 0.7073 0.7717, -0.5526 0.7073 0.7795, -0.5413 0.7026 0.7717, -0.5413 0.7026 0.7795, -0.5292 0.701 0.7717, -0.5292 0.701 0.7795, -0.517 0.7026 0.7717, -0.517 0.7026 0.7795, -0.5057 0.7073 0.7717, -0.5057 0.7073 0.7795, -0.496 0.7147 0.7717, -0.496 0.7147 0.7795, -0.4886 0.7245 0.7717, -0.4886 0.7245 0.7795, -0.4839 0.7358 0.7717, -0.4839 0.7358 0.7795, -0.4823 0.7479 0.7717, -0.4823 0.7479 0.7795, -0.4839 0.76 0.7717, -0.4839 0.76 0.7795, -0.4886 0.7714 0.7717, -0.4886 0.7714 0.7795, -0.496 0.7811 0.7717, -0.496 0.7811 0.7795, -0.5057 0.7885 0.7717, -0.5057 0.7885 0.7795, -0.517 0.7932 0.7717, -0.517 0.7932 0.7795, -0.5292 0.7948 0.7717, -0.5292 0.7948 0.7795, -0.5413 0.7932 0.7717, -0.5413 0.7932 0.7795, -0.5526 0.7885 0.7717, -0.5526 0.7885 0.7795, -0.5623 0.7811 0.7717, -0.5623 0.7811 0.7795, -0.5698 0.7714 0.7717, -0.5698 0.7714 0.7795, -0.5745 0.76 0.7717, -0.5745 0.76 0.7795, -0.5292 0.7479 0.7717, -0.5292 0.7479 0.7717
            ]
        }
        coordIndex [
            0,1,2,-1,2,1,3,-1,2,3,4,-1,4,3,5,-1,4,5,6,-1,6,5,7,-1,6,7,8,-1,8,7,9,-1,8,9,10,-1,10,9,11,-1,10,11,12,-1,12,11,13,-1,12,13,14,-1,14,13,15,-1,14,15,16,-1,16,15,17,-1,16,17,18,-1,18,17,19,-1,18,19,20,-1,20,19,21,-1,20,21,22,-1,22,21,23,-1,22,23,24,-1,24,23,25,-1,24,25,26,-1,26,25,27,-1,26,27,28,-1,28,27,29,-1,28,29,30,-1,30,29,31,-1,30,31,32,-1,32,31,33,-1,32,33,34,-1,34,33,35,-1,34,35,36,-1,36,35,37,-1,36,37,38,-1,38,37,39,-1,38,39,40,-1,40,39,41,-1,40,41,42,-1,42,41,43,-1,42,43,44,-1,44,43,45,-1,44,45,46,-1,46,45,47,-1,46,47,0,-1,0,47,1,-1,44,46,48,-1,48,46,0,-1,48,0,2,-1,38,40,48,-1,48,40,42,-1,48,42,44,-1,32,34,48,-1,48,34,36,-1,48,36,38,-1,26,28,48,-1,48,28,30,-1,48,30,32,-1,20,22,48,-1,48,22,24,-1,48,24,26,-1,14,16,48,-1,48,16,18,-1,48,18,20,-1,8,10,48,-1,48,10,12,-1,48,12,14,-1,2,4,48,-1,48,4,6,-1,48,6,8,-1,
        ]
    }
}
Shape{
    appearance Appearance {
        material  Material 	{
            diffuseColor 0.8274509803921568 0.6666666666666666 0.12941176470588237
            specularColor 0.8274509803921568 0.6666666666666666 0.12941176470588237
            ambientIntensity 0.2
            transparency 0
            shininess 0.5
        }
    }
    geometry IndexedFaceSet {
        ccw TRUE
        solid FALSE
        coord DEF co Coordinate {
            point [
                0.2525 0.8858 0.0709, 0.2524 0.8862 0.0709, 0.1412 0.8858 0.0709, 0.1413 0.8862 0.0709, 0.2559 0.8661 -0.0079, 0.255 0.8763 -0.0079, 0.2559 0.8661 0.0, 0.255 0.8763 0.0, 0.2525 0.8858 0.0, 0.2524 0.8862 -0.0079, 0.1412 0.8858 0.0, 0.1413 0.8862 -0.0079, 0.1387 0.8763 0.0, 0.1387 0.8763 -0.0079, 0.1378 0.8661 -0.0079, 0.1378 0.8661 0.0, 0.1378 0.7087 0.0, 0.1378 0.7087 -0.0079, 0.1398 0.6934 -0.0079, 0.1398 0.6934 0.0, 0.1457 0.6791 -0.0079, 0.1457 0.6791 0.0, 0.1551 0.6669 -0.0079, 0.1551 0.6669 0.0, 0.1673 0.6575 -0.0079, 0.1673 0.6575 0.0, 0.1816 0.6516 -0.0079, 0.1816 0.6516 0.0, 0.1969 0.6496 -0.0079, 0.1969 0.6496 0.0, 0.2121 0.6516 -0.0079, 0.2121 0.6516 0.0, 0.2264 0.6575 -0.0079, 0.2264 0.6575 0.0, 0.2386 0.6669 -0.0079, 0.2386 0.6669 0.0, 0.248 0.6791 -0.0079, 0.248 0.6791 0.0, 0.2539 0.6934 -0.0079, 0.2539 0.6934 0.0, 0.2559 0.7087 -0.0079, 0.2559 0.7087 0.0, 0.0557 0.8858 0.0709, 0.0555 0.8862 0.0709, -0.0557 0.8858 0.0709, -0.0555 0.8862 0.0709, 0.0591 0.8661 -0.0079, 0.0582 0.8763 -0.0079, 0.0591 0.8661 0.0, 0.0582 0.8763 0.0, 0.0557 0.8858 0.0, 0.0555 0.8862 -0.0079, -0.0557 0.8858 0.0, -0.0555 0.8862 -0.0079, -0.0582 0.8763 0.0, -0.0582 0.8763 -0.0079, -0.0591 0.8661 -0.0079, -0.0591 0.8661 0.0, -0.0591 0.4134 0.0, -0.0591 0.4134 -0.0079, -0.057 0.3981 -0.0079, -0.057 0.3981 0.0, -0.0511 0.3839 -0.0079, -0.0511 0.3839 0.0, -0.0418 0.3716 -0.0079, -0.0418 0.3716 0.0, -0.0295 0.3622 -0.0079, -0.0295 0.3622 0.0, -0.0153 0.3563 -0.0079, -0.0153 0.3563 0.0, -0.0 0.3543 -0.0079, -0.0 0.3543 0.0, 0.0153 0.3563 -0.0079, 0.0153 0.3563 0.0, 0.0295 0.3622 -0.0079, 0.0295 0.3622 0.0, 0.0418 0.3716 -0.0079, 0.0418 0.3716 0.0, 0.0511 0.3839 -0.0079, 0.0511 0.3839 0.0, 0.057 0.3981 -0.0079, 0.057 0.3981 0.0, 0.0591 0.4134 -0.0079, 0.0591 0.4134 0.0, 0.6894 -0.163 0.0709, 0.6894 -0.0732 0.0709, 0.689 -0.1632 0.0709, 0.689 -0.073 0.0709, 0.6693 -0.1673 -0.0079, 0.6796 -0.1662 -0.0079, 0.6693 -0.1673 0.0, 0.6796 -0.1662 0.0, 0.689 -0.1632 0.0, 0.6894 -0.163 -0.0079, 0.689 -0.073 0.0, 0.6894 -0.0732 -0.0079, 0.6796 -0.07 0.0, 0.6796 -0.07 -0.0079, 0.6693 -0.0689 -0.0079, 0.6693 -0.0689 0.0, 0.1772 -0.7638 -0.0079, 0.1772 -0.0354 -0.0079, 0.2165 -0.8031 -0.0079, 0.1782 -0.7725 -0.0079, 0.6102 -0.561 -0.0079, 0.6102 -0.6594 -0.0079, 0.2165 0.0039 -0.0079, 0.6102 0.0039 -0.0079, 0.6102 -0.0689 -0.0079, 0.1995 -0.7993 -0.0079, 0.192 -0.7946 -0.0079, 0.2078 -0.8022 -0.0079, 0.1858 -0.7883 -0.0079, 0.1811 -0.7809 -0.0079, 0.6693 -0.3642 -0.0079, 0.6796 -0.2668 -0.0079, 0.6796 -0.3631 -0.0079, 0.6894 -0.27 -0.0079, 0.6894 -0.3599 -0.0079, 0.6894 -0.6637 -0.0079, 0.6894 -0.7536 -0.0079, 0.6796 -0.6605 -0.0079, 0.6796 -0.7568 -0.0079, 0.6693 -0.6594 -0.0079, 0.6693 -0.7579 -0.0079, 0.6102 -0.7579 -0.0079, 0.6102 -0.8031 -0.0079, 0.6102 -0.1673 -0.0079, 0.6102 -0.2657 -0.0079, 0.1782 -0.0267 -0.0079, 0.1858 -0.0109 -0.0079, 0.192 -0.0047 -0.0079, 0.1995 0.0 -0.0079, 0.6894 -0.4669 -0.0079, 0.6894 -0.5567 -0.0079, 0.6796 -0.4637 -0.0079, 0.6796 -0.5599 -0.0079, 0.6693 -0.4626 -0.0079, 0.6693 -0.561 -0.0079, 0.6102 -0.4626 -0.0079, 0.1811 -0.0184 -0.0079, 0.2078 0.0029 -0.0079, 0.6102 -0.3642 -0.0079, 0.6693 -0.2657 -0.0079, 0.6894 -0.3599 0.0709, 0.6894 -0.27 0.0709, 0.689 -0.3601 0.0709, 0.689 -0.2699 0.0709, 0.6693 -0.3642 0.0, 0.6796 -0.3631 0.0, 0.689 -0.3601 0.0, 0.689 -0.2699 0.0, 0.6796 -0.2668 0.0, 0.6693 -0.2657 0.0, 0.6894 -0.5567 0.0709, 0.6894 -0.4669 0.0709, 0.689 -0.5569 0.0709, 0.689 -0.4667 0.0709, 0.6693 -0.561 0.0, 0.6796 -0.5599 0.0, 0.689 -0.5569 0.0, 0.689 -0.4667 0.0, 0.6796 -0.4637 0.0, 0.6693 -0.4626 0.0, 0.6894 -0.7536 0.0709, 0.6894 -0.6637 0.0709, 0.689 -0.7538 0.0709, 0.689 -0.6636 0.0709, 0.6693 -0.7579 0.0, 0.6796 -0.7568 0.0, 0.689 -0.7538 0.0, 0.689 -0.6636 0.0, 0.6796 -0.6605 0.0, 0.6693 -0.6594 0.0, 0.6894 0.4078 0.0709, 0.6894 0.4977 0.0709, 0.689 0.4077 0.0709, 0.689 0.4979 0.0709, 0.6693 0.4035 -0.0079, 0.6796 0.4046 -0.0079, 0.6693 0.4035 0.0, 0.6796 0.4046 0.0, 0.689 0.4077 0.0, 0.6894 0.4078 -0.0079, 0.689 0.4979 0.0, 0.6894 0.4977 -0.0079, 0.6796 0.5009 0.0, 0.6796 0.5009 -0.0079, 0.6693 0.502 -0.0079, 0.6693 0.502 0.0, 0.374 0.502 -0.0079, 0.374 0.502 0.0, 0.3624 0.4978 -0.0079, 0.3624 0.4978 0.0, 0.3521 0.4909 -0.0079, 0.3521 0.4909 0.0, 0.3438 0.4818 -0.0079, 0.3438 0.4818 0.0, 0.338 0.4709 -0.0079, 0.338 0.4709 0.0, 0.335 0.4589 -0.0079, 0.335 0.4589 0.0, 0.335 0.4466 -0.0079, 0.335 0.4466 0.0, 0.338 0.4346 -0.0079, 0.338 0.4346 0.0, 0.3438 0.4237 -0.0079, 0.3438 0.4237 0.0, 0.3521 0.4146 -0.0079, 0.3521 0.4146 0.0, 0.3624 0.4077 -0.0079, 0.3624 0.4077 0.0, 0.374 0.4035 -0.0079, 0.374 0.4035 0.0, 0.6894 0.211 0.0709, 0.6894 0.3008 0.0709, 0.689 0.2108 0.0709, 0.689 0.301 0.0709, 0.6693 0.2067 -0.0079, 0.6796 0.2078 -0.0079, 0.6693 0.2067 0.0, 0.6796 0.2078 0.0, 0.689 0.2108 0.0, 0.6894 0.211 -0.0079, 0.689 0.301 0.0, 0.6894 0.3008 -0.0079, 0.6796 0.304 0.0, 0.6796 0.304 -0.0079, 0.6693 0.3051 -0.0079, 0.6693 0.3051 0.0, 0.374 0.3051 -0.0079, 0.374 0.3051 0.0, 0.3624 0.301 -0.0079, 0.3624 0.301 0.0, 0.3521 0.2941 -0.0079, 0.3521 0.2941 0.0, 0.3438 0.2849 -0.0079, 0.3438 0.2849 0.0, 0.338 0.2741 -0.0079, 0.338 0.2741 0.0, 0.335 0.2621 -0.0079, 0.335 0.2621 0.0, 0.335 0.2497 -0.0079, 0.335 0.2497 0.0, 0.338 0.2378 -0.0079, 0.338 0.2378 0.0, 0.3438 0.2269 -0.0079, 0.3438 0.2269 0.0, 0.3521 0.2177 -0.0079, 0.3521 0.2177 0.0, 0.3624 0.2109 -0.0079, 0.3624 0.2109 0.0, 0.374 0.2067 -0.0079, 0.374 0.2067 0.0, 0.6894 0.7031 0.0709, 0.6894 0.793 0.0709, 0.689 0.7029 0.0709, 0.689 0.7931 0.0709, 0.6693 0.6988 -0.0079, 0.6796 0.6999 -0.0079, 0.6693 0.6988 0.0, 0.6796 0.6999 0.0, 0.689 0.7029 0.0, 0.6894 0.7031 -0.0079, 0.689 0.7931 0.0, 0.6894 0.793 -0.0079, 0.6796 0.7962 0.0, 0.6796 0.7962 -0.0079, 0.6693 0.7972 -0.0079, 0.6693 0.7972 0.0, 0.3445 0.6988 -0.0079, 0.3445 0.6988 0.0, 0.3248 0.7185 -0.0079, 0.3248 0.8268 -0.0079, 0.6102 0.7972 -0.0079, 0.3255 0.7134 -0.0079, 0.3394 0.6995 -0.0079, 0.3346 0.7015 -0.0079, 0.6102 0.8465 -0.0079, 0.3445 0.8465 -0.0079, 0.3394 0.8458 -0.0079, 0.3255 0.8319 -0.0079, 0.3274 0.8366 -0.0079, 0.3306 0.8407 -0.0079, 0.3346 0.8438 -0.0079, 0.3306 0.7046 -0.0079, 0.3274 0.7087 -0.0079, 0.6102 -0.0689 0.0, 0.6102 0.0039 0.0, 0.6102 -0.1673 0.0, 0.6102 -0.2657 0.0, 0.6102 -0.3642 0.0, 0.6102 -0.4626 0.0, 0.6102 -0.561 0.0, 0.6102 -0.6594 0.0, 0.6102 -0.7579 0.0, 0.6102 -0.8031 0.0, 0.2165 -0.8031 0.0, 0.2078 -0.8022 0.0, 0.1995 -0.7993 0.0, 0.192 -0.7946 0.0, 0.1858 -0.7883 0.0, 0.1811 -0.7809 0.0, 0.1782 -0.7725 0.0, 0.1772 -0.7638 0.0, 0.1772 -0.0354 0.0, 0.1782 -0.0267 0.0, 0.1811 -0.0184 0.0, 0.1858 -0.0109 0.0, 0.192 -0.0047 0.0, 0.1995 0.0 0.0, 0.2078 0.0029 0.0, 0.2165 0.0039 0.0, 0.6102 0.7972 0.0, 0.6102 0.8465 0.0, 0.3248 0.7185 0.0, 0.3248 0.8268 0.0, 0.3445 0.8465 0.0, -0.1412 0.8858 0.0709, -0.1413 0.8862 0.0709, -0.2525 0.8858 0.0709, -0.2524 0.8862 0.0709, -0.2559 0.7087 0.0, -0.2559 0.7087 -0.0079, -0.2539 0.6934 -0.0079, -0.2539 0.6934 0.0, -0.248 0.6791 -0.0079, -0.248 0.6791 0.0, -0.2386 0.6669 -0.0079, -0.2386 0.6669 0.0, -0.2264 0.6575 -0.0079, -0.2264 0.6575 0.0, -0.2121 0.6516 -0.0079, -0.2121 0.6516 0.0, -0.1969 0.6496 -0.0079, -0.1969 0.6496 0.0, -0.1816 0.6516 -0.0079, -0.1816 0.6516 0.0, -0.1673 0.6575 -0.0079, -0.1673 0.6575 0.0, -0.1551 0.6669 -0.0079, -0.1551 0.6669 0.0, -0.1457 0.6791 -0.0079, -0.1457 0.6791 0.0, -0.1398 0.6934 -0.0079, -0.1398 0.6934 0.0, -0.1378 0.7087 -0.0079, -0.1378 0.7087 0.0, -0.1378 0.8661 -0.0079, -0.1378 0.8661 0.0, -0.1387 0.8763 -0.0079, -0.1413 0.8862 -0.0079, -0.1412 0.8858 0.0, -0.1387 0.8763 0.0, -0.2524 0.8862 -0.0079, -0.2525 0.8858 0.0, -0.255 0.8763 0.0, -0.255 0.8763 -0.0079, -0.2559 0.8661 -0.0079, -0.2559 0.8661 0.0, -0.6894 -0.0732 0.0709, -0.6894 -0.163 0.0709, -0.689 -0.073 0.0709, -0.689 -0.1632 0.0709, -0.689 -0.1632 0.0, -0.6894 -0.163 -0.0079, -0.6796 -0.1662 0.0, -0.6796 -0.1662 -0.0079, -0.6693 -0.1673 -0.0079, -0.6693 -0.1673 0.0, -0.6102 -0.1673 0.0, -0.6102 -0.1673 -0.0079, -0.6693 -0.0689 -0.0079, -0.6693 -0.0689 0.0, -0.6102 -0.0689 -0.0079, -0.6102 -0.0689 0.0, -0.6796 -0.07 -0.0079, -0.6796 -0.07 0.0, -0.689 -0.073 0.0, -0.6894 -0.0732 -0.0079, -0.6102 0.0039 -0.0079, -0.2165 0.0039 -0.0079, -0.6693 -0.2657 -0.0079, -0.6102 -0.2657 -0.0079, -0.6102 -0.3642 -0.0079, -0.6102 -0.8031 -0.0079, -0.6102 -0.7579 -0.0079, -0.2165 -0.8031 -0.0079, -0.1772 -0.7638 -0.0079, -0.2078 -0.8022 -0.0079, -0.1995 -0.7993 -0.0079, -0.6693 -0.3642 -0.0079, -0.6796 -0.3631 -0.0079, -0.6796 -0.2668 -0.0079, -0.6894 -0.3599 -0.0079, -0.6894 -0.27 -0.0079, -0.6894 -0.5567 -0.0079, -0.6894 -0.4669 -0.0079, -0.6796 -0.5599 -0.0079, -0.6796 -0.4637 -0.0079, -0.6693 -0.561 -0.0079, -0.6693 -0.4626 -0.0079, -0.6102 -0.561 -0.0079, -0.2078 0.0029 -0.0079, -0.1995 0.0 -0.0079, -0.1782 -0.7725 -0.0079, -0.1811 -0.7809 -0.0079, -0.1858 -0.7883 -0.0079, -0.192 -0.0047 -0.0079, -0.1858 -0.0109 -0.0079, -0.1811 -0.0184 -0.0079, -0.1782 -0.0267 -0.0079, -0.1772 -0.0354 -0.0079, -0.6102 -0.4626 -0.0079, -0.192 -0.7946 -0.0079, -0.6894 -0.7536 -0.0079, -0.6894 -0.6637 -0.0079, -0.6796 -0.7568 -0.0079, -0.6796 -0.6605 -0.0079, -0.6693 -0.7579 -0.0079, -0.6693 -0.6594 -0.0079, -0.6102 -0.6594 -0.0079, -0.6894 -0.27 0.0709, -0.6894 -0.3599 0.0709, -0.689 -0.2699 0.0709, -0.689 -0.3601 0.0709, -0.689 -0.3601 0.0, -0.6796 -0.3631 0.0, -0.6693 -0.3642 0.0, -0.6102 -0.3642 0.0, -0.6693 -0.2657 0.0, -0.6102 -0.2657 0.0, -0.6796 -0.2668 0.0, -0.689 -0.2699 0.0, -0.6894 -0.4669 0.0709, -0.6894 -0.5567 0.0709, -0.689 -0.4667 0.0709, -0.689 -0.5569 0.0709, -0.689 -0.5569 0.0, -0.6796 -0.5599 0.0, -0.6693 -0.561 0.0, -0.6102 -0.561 0.0, -0.6693 -0.4626 0.0, -0.6102 -0.4626 0.0, -0.6796 -0.4637 0.0, -0.689 -0.4667 0.0, -0.6894 -0.6637 0.0709, -0.6894 -0.7536 0.0709, -0.689 -0.6636 0.0709, -0.689 -0.7538 0.0709, -0.689 -0.7538 0.0, -0.6796 -0.7568 0.0, -0.6693 -0.7579 0.0, -0.6102 -0.7579 0.0, -0.6693 -0.6594 0.0, -0.6102 -0.6594 0.0, -0.6796 -0.6605 0.0, -0.689 -0.6636 0.0, -0.6894 0.4977 0.0709, -0.6894 0.4078 0.0709, -0.689 0.4979 0.0709, -0.689 0.4077 0.0709, -0.689 0.4077 0.0, -0.6894 0.4078 -0.0079, -0.6796 0.4046 0.0, -0.6796 0.4046 -0.0079, -0.6693 0.4035 -0.0079, -0.6693 0.4035 0.0, -0.374 0.4035 0.0, -0.374 0.4035 -0.0079, -0.3624 0.4077 -0.0079, -0.3624 0.4077 0.0, -0.3521 0.4146 -0.0079, -0.3521 0.4146 0.0, -0.3438 0.4237 -0.0079, -0.3438 0.4237 0.0, -0.338 0.4346 -0.0079, -0.338 0.4346 0.0, -0.335 0.4466 -0.0079, -0.335 0.4466 0.0, -0.335 0.4589 -0.0079, -0.335 0.4589 0.0, -0.338 0.4709 -0.0079, -0.338 0.4709 0.0, -0.3438 0.4818 -0.0079, -0.3438 0.4818 0.0, -0.3521 0.4909 -0.0079, -0.3521 0.4909 0.0, -0.3624 0.4978 -0.0079, -0.3624 0.4978 0.0, -0.374 0.502 -0.0079, -0.374 0.502 0.0, -0.6693 0.502 0.0, -0.6693 0.502 -0.0079, -0.6796 0.5009 -0.0079, -0.6796 0.5009 0.0, -0.689 0.4979 0.0, -0.6894 0.4977 -0.0079, -0.6894 0.3008 0.0709, -0.6894 0.211 0.0709, -0.689 0.301 0.0709, -0.689 0.2108 0.0709, -0.689 0.2108 0.0, -0.6894 0.211 -0.0079, -0.6796 0.2078 0.0, -0.6796 0.2078 -0.0079, -0.6693 0.2067 -0.0079, -0.6693 0.2067 0.0, -0.374 0.2067 0.0, -0.374 0.2067 -0.0079, -0.3624 0.2109 -0.0079, -0.3624 0.2109 0.0, -0.3521 0.2177 -0.0079, -0.3521 0.2177 0.0, -0.3438 0.2269 -0.0079, -0.3438 0.2269 0.0, -0.338 0.2378 -0.0079, -0.338 0.2378 0.0, -0.335 0.2497 -0.0079, -0.335 0.2497 0.0, -0.335 0.2621 -0.0079, -0.335 0.2621 0.0, -0.338 0.2741 -0.0079, -0.338 0.2741 0.0, -0.3438 0.2849 -0.0079, -0.3438 0.2849 0.0, -0.3521 0.2941 -0.0079, -0.3521 0.2941 0.0, -0.3624 0.301 -0.0079, -0.3624 0.301 0.0, -0.374 0.3051 -0.0079, -0.374 0.3051 0.0, -0.6693 0.3051 0.0, -0.6693 0.3051 -0.0079, -0.6796 0.304 -0.0079, -0.6796 0.304 0.0, -0.689 0.301 0.0, -0.6894 0.3008 -0.0079, -0.6894 0.793 0.0709, -0.6894 0.7031 0.0709, -0.689 0.7931 0.0709, -0.689 0.7029 0.0709, -0.689 0.7029 0.0, -0.6894 0.7031 -0.0079, -0.6796 0.6999 0.0, -0.6796 0.6999 -0.0079, -0.6693 0.6988 -0.0079, -0.6693 0.6988 0.0, -0.3248 0.6988 -0.0079, -0.3248 0.6988 0.0, -0.6693 0.7972 -0.0079, -0.6693 0.7972 0.0, -0.6102 0.7972 -0.0079, -0.6102 0.7972 0.0, -0.6796 0.7962 -0.0079, -0.6796 0.7962 0.0, -0.689 0.7931 0.0, -0.6894 0.793 -0.0079, -0.3839 0.8465 -0.0079, -0.3248 0.7874 -0.0079, -0.6102 0.8465 -0.0079, -0.6102 -0.8031 0.0, -0.6102 0.0039 0.0, -0.2165 0.0039 0.0, -0.2078 0.0029 0.0, -0.1995 0.0 0.0, -0.192 -0.0047 0.0, -0.1858 -0.0109 0.0, -0.1811 -0.0184 0.0, -0.1782 -0.0267 0.0, -0.1772 -0.0354 0.0, -0.1772 -0.7638 0.0, -0.1782 -0.7725 0.0, -0.1811 -0.7809 0.0, -0.1858 -0.7883 0.0, -0.192 -0.7946 0.0, -0.1995 -0.7993 0.0, -0.2078 -0.8022 0.0, -0.2165 -0.8031 0.0, -0.6102 0.8465 0.0, -0.3839 0.8465 0.0, -0.3248 0.7874 0.0, 0.3394 0.6995 0.0, 0.3346 0.7015 0.0, 0.3306 0.7046 0.0, 0.3274 0.7087 0.0, 0.3255 0.7134 0.0, 0.3255 0.8319 0.0, 0.3274 0.8366 0.0, 0.3306 0.8407 0.0, 0.3346 0.8438 0.0, 0.3394 0.8458 0.0, 0.3394 0.8458 0.0
            ]
        }
        coordIndex [
            0,1,2,-1,2,1,3,-1,4,5,6,-1,6,5,7,-1,1,0,8,-1,7,5,8,-1,8,5,9,-1,8,9,1,-1,2,3,10,-1,10,3,11,-1,10,11,12,-1,11,13,12,-1,12,13,14,-1,12,14,15,-1,16,17,18,-1,16,18,19,-1,19,18,20,-1,19,20,21,-1,21,20,22,-1,21,22,23,-1,23,22,24,-1,23,24,25,-1,25,24,26,-1,25,26,27,-1,27,26,28,-1,27,28,29,-1,29,28,30,-1,29,30,31,-1,31,30,32,-1,31,32,33,-1,33,32,34,-1,33,34,35,-1,35,34,36,-1,35,36,37,-1,37,36,38,-1,37,38,39,-1,39,38,40,-1,39,40,41,-1,41,40,6,-1,6,40,4,-1,3,1,11,-1,11,1,9,-1,15,14,16,-1,16,14,17,-1,4,13,5,-1,5,13,11,-1,5,11,9,-1,40,17,4,-1,4,17,14,-1,4,14,13,-1,40,38,17,-1,17,38,36,-1,17,36,34,-1,30,22,20,-1,30,28,22,-1,22,28,26,-1,22,26,24,-1,34,32,17,-1,17,32,30,-1,17,30,18,-1,18,30,20,-1,42,43,44,-1,44,43,45,-1,46,47,48,-1,48,47,49,-1,43,42,50,-1,49,47,50,-1,50,47,51,-1,50,51,43,-1,44,45,52,-1,52,45,53,-1,52,53,54,-1,53,55,54,-1,54,55,56,-1,54,56,57,-1,58,59,60,-1,58,60,61,-1,61,60,62,-1,61,62,63,-1,63,62,64,-1,63,64,65,-1,65,64,66,-1,65,66,67,-1,67,66,68,-1,67,68,69,-1,69,68,70,-1,69,70,71,-1,71,70,72,-1,71,72,73,-1,73,72,74,-1,73,74,75,-1,75,74,76,-1,75,76,77,-1,77,76,78,-1,77,78,79,-1,79,78,80,-1,79,80,81,-1,81,80,82,-1,81,82,83,-1,83,82,48,-1,48,82,46,-1,45,43,53,-1,53,43,51,-1,57,56,58,-1,58,56,59,-1,46,82,59,-1,59,56,46,-1,46,56,55,-1,46,55,47,-1,47,55,53,-1,47,53,51,-1,80,78,70,-1,66,64,82,-1,78,76,70,-1,70,76,74,-1,70,74,72,-1,80,70,82,-1,82,70,68,-1,82,68,66,-1,64,62,82,-1,82,62,60,-1,82,60,59,-1,84,85,86,-1,86,85,87,-1,88,89,90,-1,90,89,91,-1,84,86,92,-1,91,89,92,-1,92,89,93,-1,92,93,84,-1,87,85,94,-1,94,85,95,-1,94,95,96,-1,95,97,96,-1,96,97,98,-1,96,98,99,-1,85,84,95,-1,95,84,93,-1,100,101,102,-1,100,102,103,-1,101,104,105,-1,106,107,108,-1,108,98,88,-1,88,98,97,-1,88,97,89,-1,89,97,95,-1,89,95,93,-1,109,110,111,-1,111,110,112,-1,111,112,102,-1,102,112,113,-1,102,113,103,-1,114,115,116,-1,116,115,117,-1,116,117,118,-1,119,120,121,-1,121,120,122,-1,121,122,123,-1,123,122,124,-1,123,124,105,-1,105,124,125,-1,105,125,101,-1,101,125,126,-1,101,126,102,-1,101,127,128,-1,88,127,108,-1,108,127,101,-1,108,101,106,-1,106,101,129,-1,130,131,132,-1,133,134,135,-1,135,134,136,-1,135,136,137,-1,137,136,138,-1,137,138,139,-1,129,140,106,-1,106,140,130,-1,106,130,141,-1,141,130,132,-1,138,104,139,-1,139,104,101,-1,139,101,142,-1,142,101,128,-1,142,128,114,-1,114,128,143,-1,114,143,115,-1,144,145,146,-1,146,145,147,-1,114,116,148,-1,148,116,149,-1,144,146,150,-1,149,116,150,-1,150,116,118,-1,150,118,144,-1,147,145,151,-1,151,145,117,-1,151,117,152,-1,117,115,152,-1,152,115,143,-1,152,143,153,-1,145,144,117,-1,117,144,118,-1,154,155,156,-1,156,155,157,-1,138,136,158,-1,158,136,159,-1,154,156,160,-1,159,136,160,-1,160,136,134,-1,160,134,154,-1,157,155,161,-1,161,155,133,-1,161,133,162,-1,133,135,162,-1,162,135,137,-1,162,137,163,-1,155,154,133,-1,133,154,134,-1,164,165,166,-1,166,165,167,-1,124,122,168,-1,168,122,169,-1,164,166,170,-1,169,122,170,-1,170,122,120,-1,170,120,164,-1,167,165,171,-1,171,165,119,-1,171,119,172,-1,119,121,172,-1,172,121,123,-1,172,123,173,-1,165,164,119,-1,119,164,120,-1,174,175,176,-1,176,175,177,-1,178,179,180,-1,180,179,181,-1,174,176,182,-1,181,179,182,-1,182,179,183,-1,182,183,174,-1,177,175,184,-1,184,175,185,-1,184,185,186,-1,185,187,186,-1,186,187,188,-1,186,188,189,-1,175,174,185,-1,185,174,183,-1,188,190,189,-1,189,190,191,-1,191,190,192,-1,191,192,193,-1,193,192,194,-1,193,194,195,-1,195,194,196,-1,195,196,197,-1,197,196,198,-1,197,198,199,-1,199,198,200,-1,199,200,201,-1,201,200,202,-1,201,202,203,-1,203,202,204,-1,203,204,205,-1,205,204,206,-1,205,206,207,-1,207,206,208,-1,207,208,209,-1,209,208,210,-1,209,210,211,-1,211,210,212,-1,211,212,213,-1,212,178,213,-1,213,178,180,-1,208,206,194,-1,185,183,187,-1,187,183,179,-1,187,179,188,-1,188,179,178,-1,188,178,190,-1,190,178,212,-1,190,212,192,-1,192,212,194,-1,194,212,210,-1,194,210,208,-1,206,204,194,-1,194,204,202,-1,194,202,196,-1,196,202,200,-1,196,200,198,-1,214,215,216,-1,216,215,217,-1,218,219,220,-1,220,219,221,-1,214,216,222,-1,221,219,222,-1,222,219,223,-1,222,223,214,-1,217,215,224,-1,224,215,225,-1,224,225,226,-1,225,227,226,-1,226,227,228,-1,226,228,229,-1,215,214,225,-1,225,214,223,-1,228,230,229,-1,229,230,231,-1,231,230,232,-1,231,232,233,-1,233,232,234,-1,233,234,235,-1,235,234,236,-1,235,236,237,-1,237,236,238,-1,237,238,239,-1,239,238,240,-1,239,240,241,-1,241,240,242,-1,241,242,243,-1,243,242,244,-1,243,244,245,-1,245,244,246,-1,245,246,247,-1,247,246,248,-1,247,248,249,-1,249,248,250,-1,249,250,251,-1,251,250,252,-1,251,252,253,-1,252,218,253,-1,253,218,220,-1,232,230,228,-1,218,252,250,-1,238,236,218,-1,218,236,234,-1,250,248,218,-1,218,248,246,-1,218,246,244,-1,244,242,218,-1,218,242,240,-1,218,240,238,-1,234,232,218,-1,218,232,228,-1,218,228,219,-1,219,228,227,-1,219,227,223,-1,223,227,225,-1,254,255,256,-1,256,255,257,-1,258,259,260,-1,260,259,261,-1,254,256,262,-1,261,259,262,-1,262,259,263,-1,262,263,254,-1,257,255,264,-1,264,255,265,-1,264,265,266,-1,265,267,266,-1,266,267,268,-1,266,268,269,-1,255,254,265,-1,265,254,263,-1,270,258,271,-1,271,258,260,-1,272,273,274,-1,272,274,275,-1,265,263,267,-1,267,263,259,-1,267,259,268,-1,268,259,258,-1,268,258,274,-1,258,270,274,-1,274,270,276,-1,274,276,277,-1,278,274,279,-1,279,274,273,-1,279,273,280,-1,280,273,281,-1,281,282,280,-1,280,282,283,-1,280,283,284,-1,277,285,274,-1,274,285,286,-1,274,286,275,-1,108,107,287,-1,287,107,288,-1,289,290,127,-1,127,290,128,-1,291,292,142,-1,142,292,139,-1,293,294,104,-1,104,294,105,-1,295,296,125,-1,125,296,126,-1,102,126,297,-1,297,126,296,-1,102,297,298,-1,102,298,111,-1,111,298,299,-1,111,299,109,-1,109,299,300,-1,109,300,110,-1,110,300,301,-1,110,301,112,-1,112,301,302,-1,112,302,113,-1,113,302,303,-1,113,303,103,-1,103,303,304,-1,103,304,100,-1,101,100,305,-1,305,100,304,-1,101,305,306,-1,101,306,129,-1,129,306,307,-1,129,307,140,-1,140,307,308,-1,140,308,130,-1,130,308,309,-1,130,309,131,-1,131,309,310,-1,131,310,132,-1,132,310,311,-1,132,311,141,-1,141,311,312,-1,141,312,106,-1,107,106,288,-1,288,106,312,-1,274,278,313,-1,313,278,314,-1,315,316,272,-1,272,316,273,-1,317,314,279,-1,279,314,278,-1,318,319,320,-1,320,319,321,-1,322,323,324,-1,322,324,325,-1,325,324,326,-1,325,326,327,-1,327,326,328,-1,327,328,329,-1,329,328,330,-1,329,330,331,-1,331,330,332,-1,331,332,333,-1,333,332,334,-1,333,334,335,-1,335,334,336,-1,335,336,337,-1,337,336,338,-1,337,338,339,-1,339,338,340,-1,339,340,341,-1,341,340,342,-1,341,342,343,-1,343,342,344,-1,343,344,345,-1,345,344,346,-1,345,346,347,-1,346,348,347,-1,347,348,349,-1,349,348,350,-1,351,319,352,-1,352,319,318,-1,351,352,350,-1,350,352,353,-1,350,353,349,-1,321,319,354,-1,354,319,351,-1,320,321,355,-1,355,321,354,-1,355,354,356,-1,354,357,356,-1,356,357,358,-1,356,358,359,-1,358,323,359,-1,359,323,322,-1,348,357,350,-1,350,357,354,-1,350,354,351,-1,346,323,348,-1,348,323,358,-1,348,358,357,-1,346,344,323,-1,323,344,342,-1,323,342,340,-1,336,328,326,-1,336,334,328,-1,328,334,332,-1,328,332,330,-1,340,338,323,-1,323,338,336,-1,323,336,324,-1,324,336,326,-1,360,361,362,-1,362,361,363,-1,363,361,364,-1,364,361,365,-1,364,365,366,-1,365,367,366,-1,366,367,368,-1,366,368,369,-1,369,368,370,-1,370,368,371,-1,372,373,374,-1,374,373,375,-1,372,376,373,-1,373,376,377,-1,360,362,378,-1,377,376,378,-1,378,376,379,-1,378,379,360,-1,361,360,365,-1,365,360,379,-1,374,380,381,-1,372,374,371,-1,382,383,384,-1,371,368,372,-1,372,368,367,-1,372,367,376,-1,376,367,365,-1,376,365,379,-1,385,386,387,-1,387,386,388,-1,387,388,389,-1,389,388,390,-1,384,391,382,-1,382,391,392,-1,382,392,393,-1,393,392,394,-1,393,394,395,-1,396,397,398,-1,398,397,399,-1,398,399,400,-1,400,399,401,-1,400,401,402,-1,374,381,371,-1,371,381,403,-1,371,403,404,-1,405,406,407,-1,404,408,371,-1,371,408,409,-1,371,409,410,-1,410,411,371,-1,371,411,412,-1,371,412,383,-1,383,412,388,-1,383,388,384,-1,384,388,413,-1,405,407,388,-1,388,407,414,-1,388,414,390,-1,415,416,417,-1,417,416,418,-1,417,418,419,-1,419,418,420,-1,419,420,386,-1,386,420,421,-1,386,421,388,-1,388,421,402,-1,388,402,413,-1,413,402,401,-1,422,423,424,-1,424,423,425,-1,425,423,426,-1,426,423,394,-1,426,394,427,-1,394,392,427,-1,427,392,391,-1,427,391,428,-1,428,391,429,-1,429,391,384,-1,382,430,383,-1,383,430,431,-1,382,393,430,-1,430,393,432,-1,422,424,433,-1,432,393,433,-1,433,393,395,-1,433,395,422,-1,423,422,394,-1,394,422,395,-1,434,435,436,-1,436,435,437,-1,437,435,438,-1,438,435,396,-1,438,396,439,-1,396,398,439,-1,439,398,400,-1,439,400,440,-1,440,400,441,-1,441,400,402,-1,401,442,413,-1,413,442,443,-1,401,399,442,-1,442,399,444,-1,434,436,445,-1,444,399,445,-1,445,399,397,-1,445,397,434,-1,435,434,396,-1,396,434,397,-1,446,447,448,-1,448,447,449,-1,449,447,450,-1,450,447,415,-1,450,415,451,-1,415,417,451,-1,451,417,419,-1,451,419,452,-1,452,419,453,-1,453,419,386,-1,420,454,421,-1,421,454,455,-1,420,418,454,-1,454,418,456,-1,446,448,457,-1,456,418,457,-1,457,418,416,-1,457,416,446,-1,447,446,415,-1,415,446,416,-1,458,459,460,-1,460,459,461,-1,461,459,462,-1,462,459,463,-1,462,463,464,-1,463,465,464,-1,464,465,466,-1,464,466,467,-1,467,466,468,-1,468,466,469,-1,468,469,470,-1,468,470,471,-1,471,470,472,-1,471,472,473,-1,473,472,474,-1,473,474,475,-1,475,474,476,-1,475,476,477,-1,477,476,478,-1,477,478,479,-1,479,478,480,-1,479,480,481,-1,481,480,482,-1,481,482,483,-1,483,482,484,-1,483,484,485,-1,485,484,486,-1,485,486,487,-1,487,486,488,-1,487,488,489,-1,489,488,490,-1,489,490,491,-1,491,490,492,-1,492,490,493,-1,493,494,492,-1,492,494,495,-1,458,460,496,-1,495,494,496,-1,496,494,497,-1,496,497,458,-1,459,458,463,-1,463,458,497,-1,486,484,470,-1,463,497,465,-1,465,497,494,-1,465,494,466,-1,466,494,493,-1,466,493,469,-1,469,493,490,-1,469,490,470,-1,470,490,488,-1,470,488,486,-1,484,482,470,-1,470,482,480,-1,470,480,478,-1,478,476,470,-1,470,476,474,-1,470,474,472,-1,498,499,500,-1,500,499,501,-1,501,499,502,-1,502,499,503,-1,502,503,504,-1,503,505,504,-1,504,505,506,-1,504,506,507,-1,507,506,508,-1,508,506,509,-1,508,509,510,-1,508,510,511,-1,511,510,512,-1,511,512,513,-1,513,512,514,-1,513,514,515,-1,515,514,516,-1,515,516,517,-1,517,516,518,-1,517,518,519,-1,519,518,520,-1,519,520,521,-1,521,520,522,-1,521,522,523,-1,523,522,524,-1,523,524,525,-1,525,524,526,-1,525,526,527,-1,527,526,528,-1,527,528,529,-1,529,528,530,-1,529,530,531,-1,531,530,532,-1,532,530,533,-1,533,534,532,-1,532,534,535,-1,498,500,536,-1,535,534,536,-1,536,534,537,-1,536,537,498,-1,499,498,503,-1,503,498,537,-1,503,537,534,-1,528,526,506,-1,503,534,505,-1,505,534,533,-1,505,533,506,-1,506,533,530,-1,506,530,528,-1,526,524,506,-1,506,524,522,-1,506,522,520,-1,520,518,506,-1,506,518,516,-1,506,516,514,-1,514,512,506,-1,506,512,510,-1,506,510,509,-1,538,539,540,-1,540,539,541,-1,541,539,542,-1,542,539,543,-1,542,543,544,-1,543,545,544,-1,544,545,546,-1,544,546,547,-1,548,549,546,-1,546,549,547,-1,550,551,552,-1,552,551,553,-1,550,554,551,-1,551,554,555,-1,538,540,556,-1,555,554,556,-1,556,554,557,-1,556,557,538,-1,539,538,543,-1,543,538,557,-1,558,559,548,-1,543,557,545,-1,545,557,554,-1,545,554,546,-1,546,554,550,-1,546,550,548,-1,548,550,552,-1,548,552,558,-1,558,552,560,-1,371,383,370,-1,370,383,431,-1,384,413,429,-1,429,413,443,-1,402,421,441,-1,441,421,455,-1,386,385,453,-1,453,385,561,-1,375,562,374,-1,374,562,380,-1,381,380,563,-1,563,380,562,-1,381,563,564,-1,381,564,403,-1,403,564,565,-1,403,565,404,-1,404,565,566,-1,404,566,408,-1,408,566,567,-1,408,567,409,-1,409,567,568,-1,409,568,410,-1,410,568,569,-1,410,569,411,-1,411,569,570,-1,411,570,412,-1,388,412,571,-1,571,412,570,-1,388,571,572,-1,388,572,405,-1,405,572,573,-1,405,573,406,-1,406,573,574,-1,406,574,407,-1,407,574,575,-1,407,575,414,-1,414,575,576,-1,414,576,390,-1,390,576,577,-1,390,577,389,-1,389,577,578,-1,389,578,387,-1,385,387,561,-1,561,387,578,-1,553,579,552,-1,552,579,560,-1,558,560,580,-1,580,560,579,-1,581,549,559,-1,559,549,548,-1,580,581,558,-1,558,581,559,-1,270,271,582,-1,270,582,276,-1,276,582,583,-1,276,583,277,-1,277,583,584,-1,277,584,285,-1,285,584,585,-1,285,585,286,-1,286,585,586,-1,286,586,275,-1,275,586,315,-1,275,315,272,-1,273,316,587,-1,273,587,281,-1,281,587,588,-1,281,588,282,-1,282,588,589,-1,282,589,283,-1,283,589,590,-1,283,590,284,-1,284,590,591,-1,284,591,280,-1,280,591,317,-1,280,317,279,-1,
        ]
    }
}
Shape{
    appearance Appearance {
        material  Material 	{
            diffuseColor 1.0 1.0 1.0
            specularColor 0.5019607843137255 0.5019607843137255 0.5019607843137255
            ambientIntensity 0.2
            transparency 0
            shininess 0.5
        }
    }
    geometry IndexedFaceSet {
        ccw TRUE
        solid FALSE
        coord DEF co Coordinate {
            point [
                0.5683 -0.7681 0.7835, 0.5665 -0.7703 0.7835, 0.5697 -0.7729 0.7835, 0.5661 -0.7707 0.7835, 0.5661 -0.7755 0.7835, 0.5639 -0.7722 0.7835, 0.5622 -0.777 0.7835, 0.5611 -0.7733 0.7835, 0.5565 -0.7777 0.7835, 0.5564 -0.7738 0.7835, 0.5471 -0.7777 0.7835, 0.5515 -0.7738 0.7835, 0.5471 -0.7437 0.7835, 0.5515 -0.7476 0.7835, 0.5568 -0.7437 0.7835, 0.5566 -0.7476 0.7835, 0.562 -0.7442 0.7835, 0.5611 -0.7481 0.7835, 0.5661 -0.7457 0.7835, 0.5641 -0.7492 0.7835, 0.5697 -0.7482 0.7835, 0.5664 -0.7508 0.7835, 0.5709 -0.7494 0.7835, 0.5677 -0.7521 0.7835, 0.573 -0.7523 0.7835, 0.5689 -0.7541 0.7835, 0.5742 -0.7556 0.7835, 0.5698 -0.7567 0.7835, 0.5748 -0.7602 0.7835, 0.5702 -0.7604 0.7835, 0.5746 -0.763 0.7835, 0.5701 -0.7625 0.7835, 0.5737 -0.7669 0.7835, 0.5694 -0.7656 0.7835, 0.5719 -0.7704 0.7835, 0.5697 -0.7729 0.7795, 0.5719 -0.7704 0.7795, 0.5737 -0.7669 0.7795, 0.5746 -0.763 0.7795, 0.5748 -0.7602 0.7795, 0.5742 -0.7556 0.7795, 0.573 -0.7523 0.7795, 0.5709 -0.7494 0.7795, 0.5697 -0.7482 0.7795, 0.5661 -0.7457 0.7795, 0.562 -0.7442 0.7795, 0.5568 -0.7437 0.7795, 0.5471 -0.7437 0.7795, 0.5471 -0.7777 0.7795, 0.5565 -0.7777 0.7795, 0.5622 -0.777 0.7795, 0.5661 -0.7755 0.7795, 0.5664 -0.7508 0.7795, 0.5677 -0.7521 0.7795, 0.5689 -0.7541 0.7795, 0.5698 -0.7567 0.7795, 0.5702 -0.7604 0.7795, 0.5566 -0.7476 0.7795, 0.5611 -0.7481 0.7795, 0.5641 -0.7492 0.7795, 0.5515 -0.7476 0.7795, 0.5515 -0.7738 0.7795, 0.5564 -0.7738 0.7795, 0.5665 -0.7703 0.7795, 0.5661 -0.7707 0.7795, 0.5639 -0.7722 0.7795, 0.5611 -0.7733 0.7795, 0.5701 -0.7625 0.7795, 0.5694 -0.7656 0.7795, 0.5683 -0.7681 0.7795, 0.5683 -0.7681 0.7795
            ]
        }
        coordIndex [
            0,1,2,-1,2,1,3,-1,2,3,4,-1,4,3,5,-1,4,5,6,-1,6,5,7,-1,6,7,8,-1,8,7,9,-1,8,9,10,-1,10,9,11,-1,10,11,12,-1,12,11,13,-1,12,13,14,-1,14,13,15,-1,14,15,16,-1,16,15,17,-1,16,17,18,-1,18,17,19,-1,18,19,20,-1,20,19,21,-1,20,21,22,-1,22,21,23,-1,22,23,24,-1,24,23,25,-1,24,25,26,-1,26,25,27,-1,26,27,28,-1,28,27,29,-1,28,29,30,-1,30,29,31,-1,30,31,32,-1,32,31,33,-1,32,33,34,-1,34,33,0,-1,34,0,2,-1,2,35,36,-1,2,36,34,-1,34,36,37,-1,34,37,32,-1,32,37,38,-1,32,38,30,-1,30,38,39,-1,30,39,28,-1,28,39,40,-1,28,40,26,-1,26,40,41,-1,26,41,24,-1,24,41,42,-1,24,42,22,-1,22,42,43,-1,22,43,20,-1,20,43,44,-1,20,44,18,-1,18,44,45,-1,18,45,16,-1,16,45,46,-1,16,46,14,-1,12,14,47,-1,47,14,46,-1,10,12,48,-1,48,12,47,-1,8,10,49,-1,49,10,48,-1,8,49,50,-1,8,50,6,-1,6,50,51,-1,6,51,4,-1,4,51,35,-1,4,35,2,-1,21,52,53,-1,21,53,23,-1,23,53,54,-1,23,54,25,-1,25,54,55,-1,25,55,27,-1,27,55,56,-1,27,56,29,-1,15,57,58,-1,15,58,17,-1,17,58,59,-1,17,59,19,-1,19,59,52,-1,19,52,21,-1,15,13,57,-1,57,13,60,-1,13,11,60,-1,60,11,61,-1,11,9,61,-1,61,9,62,-1,1,63,64,-1,1,64,3,-1,3,64,65,-1,3,65,5,-1,5,65,66,-1,5,66,7,-1,7,66,62,-1,7,62,9,-1,29,56,67,-1,29,67,31,-1,31,67,68,-1,31,68,33,-1,33,68,69,-1,33,69,0,-1,0,69,63,-1,0,63,1,-1,
        ]
    }
}
Shape{
    appearance Appearance {
        material  Material 	{
            diffuseColor 0.20784313725490197 0.20784313725490197 0.20784313725490197
            specularColor 0.01568627450980392 0.01568627450980392 0.01568627450980392
            ambientIntensity 0.2
            transparency 0
            shininess 0.5
        }
    }
    geometry IndexedFaceSet {
        ccw TRUE
        solid FALSE
        coord DEF co Coordinate {
            point [
                0.5515 -0.7476 0.7795, 0.5515 -0.7738 0.7795, 0.5566 -0.7476 0.7795, 0.5564 -0.7738 0.7795, 0.5611 -0.7733 0.7795, 0.5639 -0.7722 0.7795, 0.5661 -0.7707 0.7795, 0.5702 -0.7604 0.7795, 0.5664 -0.7508 0.7795, 0.5641 -0.7492 0.7795, 0.5665 -0.7703 0.7795, 0.5683 -0.7681 0.7795, 0.5694 -0.7656 0.7795, 0.5677 -0.7521 0.7795, 0.5698 -0.7567 0.7795, 0.5689 -0.7541 0.7795, 0.5701 -0.7625 0.7795, 0.5611 -0.7481 0.7795, 0.5611 -0.7481 0.7795
            ]
        }
        coordIndex [
            0,1,2,-1,2,1,3,-1,3,4,2,-1,2,4,5,-1,2,5,6,-1,7,8,9,-1,6,10,2,-1,2,10,11,-1,2,11,12,-1,8,7,13,-1,13,7,14,-1,13,14,15,-1,12,16,2,-1,2,16,7,-1,2,7,17,-1,17,7,9,-1,
        ]
    }
}
Shape{
    appearance Appearance {
        material  Material 	{
            diffuseColor 1.0 1.0 1.0
            specularColor 0.5019607843137255 0.5019607843137255 0.5019607843137255
            ambientIntensity 0.2
            transparency 0
            shininess 0.5
        }
    }
    geometry IndexedFaceSet {
        ccw TRUE
        solid FALSE
        coord DEF co Coordinate {
            point [
                0.5067 -0.7717 0.7835, 0.5067 -0.7717 0.7795, 0.5064 -0.7728 0.7795, 0.5064 -0.7728 0.7835, 0.5062 -0.7737 0.7795, 0.5062 -0.7737 0.7835, 0.5061 -0.7737 0.7835, 0.5061 -0.7737 0.7795, 0.5055 -0.7717 0.7835, 0.5055 -0.7717 0.7795, 0.4992 -0.7534 0.7835, 0.5012 -0.7593 0.7795, 0.4992 -0.7534 0.7795, 0.4944 -0.7534 0.7835, 0.4944 -0.7534 0.7795, 0.5039 -0.7777 0.7835, 0.5012 -0.7708 0.7795, 0.5039 -0.7777 0.7795, 0.5021 -0.7821 0.7795, 0.5021 -0.7821 0.7835, 0.5038 -0.778 0.7795, 0.5012 -0.7836 0.7795, 0.5012 -0.7836 0.7795, 0.5004 -0.7845 0.7835, 0.5012 -0.7836 0.7835, 0.5004 -0.7845 0.7795, 0.4997 -0.785 0.7795, 0.4997 -0.785 0.7835, 0.4987 -0.7854 0.7795, 0.4987 -0.7854 0.7835, 0.4977 -0.7855 0.7795, 0.4977 -0.7855 0.7835, 0.4962 -0.7853 0.7795, 0.4962 -0.7853 0.7835, 0.4953 -0.785 0.7795, 0.4953 -0.785 0.7835, 0.4953 -0.7888 0.7835, 0.4953 -0.7888 0.7795, 0.4971 -0.7891 0.7795, 0.4971 -0.7891 0.7835, 0.498 -0.7892 0.7795, 0.498 -0.7892 0.7835, 0.4998 -0.789 0.7795, 0.4998 -0.789 0.7835, 0.5012 -0.7884 0.7795, 0.5014 -0.7883 0.7835, 0.5014 -0.7883 0.7795, 0.5029 -0.7873 0.7795, 0.5029 -0.7873 0.7835, 0.5032 -0.787 0.7795, 0.5032 -0.787 0.7835, 0.5048 -0.7851 0.7795, 0.5048 -0.7851 0.7835, 0.5067 -0.7814 0.7795, 0.5067 -0.7814 0.7835, 0.5177 -0.7534 0.7795, 0.5177 -0.7534 0.7835, 0.508 -0.778 0.7795, 0.5133 -0.7534 0.7835, 0.5133 -0.7534 0.7795, 0.4824 -0.7783 0.7795, 0.4851 -0.778 0.7795, 0.4824 -0.7783 0.7835, 0.4858 -0.7779 0.7835, 0.4858 -0.7779 0.7795, 0.4881 -0.7771 0.7795, 0.4881 -0.7771 0.7835, 0.4894 -0.7763 0.7795, 0.4894 -0.7763 0.7835, 0.4907 -0.7753 0.7795, 0.4907 -0.7753 0.7835, 0.4915 -0.7742 0.7795, 0.4915 -0.7742 0.7835, 0.492 -0.7728 0.7795, 0.492 -0.7728 0.7835, 0.4922 -0.7711 0.7795, 0.4922 -0.7711 0.7835, 0.492 -0.7695 0.7795, 0.492 -0.7695 0.7835, 0.4916 -0.7682 0.7795, 0.4916 -0.7682 0.7835, 0.4908 -0.7671 0.7795, 0.4908 -0.7671 0.7835, 0.4897 -0.7662 0.7795, 0.4897 -0.7662 0.7835, 0.4869 -0.7646 0.7795, 0.4869 -0.7646 0.7835, 0.4853 -0.7639 0.7795, 0.4853 -0.7639 0.7835, 0.4826 -0.7628 0.7795, 0.4826 -0.7628 0.7835, 0.4811 -0.7618 0.7795, 0.4811 -0.7618 0.7835, 0.4807 -0.7614 0.7795, 0.4807 -0.7614 0.7835, 0.4804 -0.7608 0.7795, 0.4804 -0.7608 0.7835, 0.4802 -0.7601 0.7795, 0.4802 -0.7601 0.7835, 0.4802 -0.7596 0.7795, 0.4802 -0.7596 0.7835, 0.4803 -0.7589 0.7795, 0.4803 -0.7589 0.7835, 0.4805 -0.7583 0.7795, 0.4805 -0.7583 0.7835, 0.4808 -0.7578 0.7795, 0.4808 -0.7578 0.7835, 0.4815 -0.7572 0.7795, 0.4815 -0.7572 0.7835, 0.4824 -0.7567 0.7795, 0.4824 -0.7567 0.7835, 0.4836 -0.7564 0.7795, 0.4836 -0.7564 0.7835, 0.4848 -0.7563 0.7795, 0.4848 -0.7563 0.7835, 0.4878 -0.7566 0.7795, 0.4878 -0.7566 0.7835, 0.4902 -0.7576 0.7795, 0.4902 -0.7576 0.7835, 0.491 -0.7581 0.7795, 0.491 -0.7581 0.7835, 0.491 -0.7539 0.7835, 0.491 -0.7539 0.7795, 0.4881 -0.7531 0.7795, 0.4881 -0.7531 0.7835, 0.4853 -0.7528 0.7795, 0.4853 -0.7528 0.7835, 0.4821 -0.7532 0.7795, 0.4821 -0.7532 0.7835, 0.4798 -0.754 0.7795, 0.4798 -0.754 0.7835, 0.4785 -0.7548 0.7795, 0.4785 -0.7548 0.7835, 0.4777 -0.7555 0.7795, 0.4773 -0.7559 0.7835, 0.4773 -0.7559 0.7795, 0.4765 -0.7571 0.7795, 0.4765 -0.7571 0.7835, 0.476 -0.7584 0.7795, 0.476 -0.7584 0.7835, 0.4758 -0.76 0.7795, 0.4758 -0.76 0.7835, 0.476 -0.7616 0.7795, 0.476 -0.7616 0.7835, 0.4764 -0.7629 0.7795, 0.4764 -0.7629 0.7835, 0.477 -0.7638 0.7795, 0.477 -0.7638 0.7835, 0.4822 -0.767 0.7795, 0.4822 -0.767 0.7835, 0.4797 -0.7659 0.7835, 0.4777 -0.7645 0.7795, 0.4777 -0.7645 0.7835, 0.4777 -0.7646 0.7795, 0.4797 -0.7659 0.7795, 0.485 -0.7682 0.7795, 0.485 -0.7682 0.7835, 0.4867 -0.7692 0.7795, 0.4867 -0.7692 0.7835, 0.4872 -0.7697 0.7795, 0.4872 -0.7697 0.7835, 0.4876 -0.7703 0.7795, 0.4876 -0.7703 0.7835, 0.4878 -0.771 0.7795, 0.4878 -0.771 0.7835, 0.4878 -0.7715 0.7795, 0.4878 -0.7715 0.7835, 0.4877 -0.7723 0.7795, 0.4877 -0.7723 0.7835, 0.4875 -0.7729 0.7795, 0.4875 -0.7729 0.7835, 0.4871 -0.7735 0.7795, 0.4871 -0.7735 0.7835, 0.4866 -0.7739 0.7795, 0.4866 -0.7739 0.7835, 0.4863 -0.7742 0.7795, 0.4863 -0.7742 0.7835, 0.4852 -0.7746 0.7795, 0.4852 -0.7746 0.7835, 0.483 -0.7748 0.7795, 0.483 -0.7748 0.7835, 0.4828 -0.7748 0.7795, 0.4828 -0.7748 0.7835, 0.4758 -0.7725 0.7795, 0.4758 -0.7725 0.7835, 0.4773 -0.7734 0.7835, 0.48 -0.7745 0.7795, 0.48 -0.7745 0.7835, 0.4777 -0.7736 0.7795, 0.4773 -0.7734 0.7795, 0.4758 -0.7769 0.7835, 0.4758 -0.7769 0.7795, 0.4777 -0.7776 0.7795, 0.4786 -0.7779 0.7835, 0.4798 -0.778 0.7795, 0.4786 -0.7779 0.7795, 0.4657 -0.7777 0.7835, 0.47 -0.7777 0.7835, 0.4657 -0.7739 0.7835, 0.47 -0.7621 0.7835, 0.4657 -0.7623 0.7835, 0.4565 -0.7673 0.7835, 0.4575 -0.7669 0.7835, 0.4656 -0.7739 0.7835, 0.4634 -0.7733 0.7835, 0.4649 -0.775 0.7835, 0.4622 -0.7741 0.7835, 0.46 -0.7663 0.7835, 0.4657 -0.7655 0.7835, 0.4657 -0.7678 0.7835, 0.4657 -0.7681 0.7835, 0.4654 -0.77 0.7835, 0.4648 -0.7715 0.7835, 0.4639 -0.7728 0.7835, 0.4656 -0.7604 0.7835, 0.4696 -0.7587 0.7835, 0.4651 -0.7588 0.7835, 0.469 -0.7568 0.7835, 0.4646 -0.758 0.7835, 0.4681 -0.7555 0.7835, 0.464 -0.7573 0.7835, 0.4669 -0.7544 0.7835, 0.4632 -0.7568 0.7835, 0.4655 -0.7536 0.7835, 0.4622 -0.7565 0.7835, 0.4637 -0.7531 0.7835, 0.4608 -0.7563 0.7835, 0.4612 -0.7528 0.7835, 0.4582 -0.7566 0.7835, 0.4569 -0.7534 0.7835, 0.4555 -0.7575 0.7835, 0.4537 -0.7546 0.7835, 0.4528 -0.7592 0.7835, 0.4528 -0.7551 0.7835, 0.4556 -0.7733 0.7835, 0.4525 -0.7764 0.7835, 0.456 -0.7737 0.7835, 0.454 -0.7774 0.7835, 0.4569 -0.7743 0.7835, 0.4556 -0.778 0.7835, 0.4578 -0.7746 0.7835, 0.4582 -0.7783 0.7835, 0.4593 -0.7748 0.7835, 0.4604 -0.778 0.7835, 0.4609 -0.7746 0.7835, 0.4621 -0.7774 0.7835, 0.4636 -0.7764 0.7835, 0.4585 -0.7633 0.7835, 0.4552 -0.7641 0.7835, 0.4559 -0.7678 0.7835, 0.4534 -0.765 0.7835, 0.4554 -0.7684 0.7835, 0.4521 -0.7661 0.7835, 0.455 -0.7692 0.7835, 0.4513 -0.7674 0.7835, 0.4548 -0.7702 0.7835, 0.4507 -0.7689 0.7835, 0.4548 -0.7708 0.7835, 0.4504 -0.7712 0.7835, 0.4549 -0.7718 0.7835, 0.4507 -0.7731 0.7835, 0.4552 -0.7726 0.7835, 0.4512 -0.7746 0.7835, 0.4521 -0.7759 0.7835, 0.4608 -0.7563 0.7795, 0.4622 -0.7565 0.7795, 0.4632 -0.7568 0.7795, 0.464 -0.7573 0.7795, 0.4646 -0.758 0.7795, 0.4651 -0.7588 0.7795, 0.4656 -0.7604 0.7795, 0.4657 -0.7623 0.7795, 0.4585 -0.7633 0.7795, 0.4552 -0.7641 0.7795, 0.4534 -0.765 0.7795, 0.4521 -0.7661 0.7795, 0.4513 -0.7674 0.7795, 0.4507 -0.7689 0.7795, 0.4504 -0.7712 0.7795, 0.4507 -0.7731 0.7795, 0.4512 -0.7746 0.7795, 0.4521 -0.7759 0.7795, 0.4525 -0.7764 0.7795, 0.4582 -0.7783 0.7795, 0.4557 -0.778 0.7795, 0.4556 -0.778 0.7795, 0.454 -0.7774 0.7795, 0.4604 -0.778 0.7795, 0.4605 -0.778 0.7795, 0.4621 -0.7774 0.7795, 0.4636 -0.7764 0.7795, 0.4649 -0.775 0.7795, 0.4656 -0.7739 0.7795, 0.4657 -0.7739 0.7795, 0.4657 -0.7777 0.7795, 0.47 -0.7777 0.7795, 0.47 -0.7621 0.7795, 0.4696 -0.7587 0.7795, 0.469 -0.7568 0.7795, 0.4681 -0.7555 0.7795, 0.4669 -0.7544 0.7795, 0.4655 -0.7536 0.7795, 0.4637 -0.7531 0.7795, 0.4612 -0.7528 0.7795, 0.4569 -0.7534 0.7795, 0.4537 -0.7546 0.7795, 0.4528 -0.7551 0.7795, 0.4528 -0.7592 0.7795, 0.4555 -0.7575 0.7795, 0.4582 -0.7566 0.7795, 0.4639 -0.7728 0.7795, 0.4634 -0.7733 0.7795, 0.4622 -0.7741 0.7795, 0.4609 -0.7746 0.7795, 0.4593 -0.7748 0.7795, 0.4657 -0.7678 0.7795, 0.4657 -0.7681 0.7795, 0.4654 -0.77 0.7795, 0.4648 -0.7715 0.7795, 0.4657 -0.7655 0.7795, 0.46 -0.7663 0.7795, 0.4559 -0.7678 0.7795, 0.4565 -0.7673 0.7795, 0.4575 -0.7669 0.7795, 0.4548 -0.7708 0.7795, 0.4548 -0.7702 0.7795, 0.455 -0.7692 0.7795, 0.4554 -0.7684 0.7795, 0.456 -0.7737 0.7795, 0.4556 -0.7733 0.7795, 0.4552 -0.7726 0.7795, 0.4549 -0.7718 0.7795, 0.4578 -0.7746 0.7795, 0.4569 -0.7743 0.7795, 0.4569 -0.7743 0.7795
            ]
        }
        coordIndex [
            0,1,2,-1,0,2,3,-1,3,2,4,-1,3,4,5,-1,6,5,7,-1,7,5,4,-1,8,6,9,-1,9,6,7,-1,8,9,10,-1,10,9,11,-1,10,11,12,-1,13,10,14,-1,14,10,12,-1,13,14,15,-1,15,14,16,-1,15,16,17,-1,18,19,20,-1,20,19,15,-1,20,15,17,-1,19,18,21,-1,22,23,21,-1,21,23,24,-1,21,24,19,-1,22,25,23,-1,23,25,26,-1,23,26,27,-1,27,26,28,-1,27,28,29,-1,29,28,30,-1,29,30,31,-1,31,30,32,-1,31,32,33,-1,33,32,34,-1,33,34,35,-1,36,35,37,-1,37,35,34,-1,36,37,38,-1,36,38,39,-1,39,38,40,-1,39,40,41,-1,41,40,42,-1,41,42,43,-1,43,42,44,-1,43,44,45,-1,44,46,45,-1,45,46,47,-1,45,47,48,-1,48,47,49,-1,48,49,50,-1,50,49,51,-1,50,51,52,-1,52,51,53,-1,52,53,54,-1,55,56,57,-1,57,56,54,-1,57,54,53,-1,58,56,59,-1,59,56,55,-1,0,58,1,-1,1,58,59,-1,3,5,54,-1,56,58,54,-1,54,58,0,-1,54,0,3,-1,10,13,8,-1,8,13,15,-1,8,15,6,-1,35,36,33,-1,33,36,39,-1,33,39,31,-1,31,39,41,-1,31,41,29,-1,29,41,43,-1,29,43,27,-1,27,43,45,-1,27,45,23,-1,52,24,50,-1,50,24,23,-1,50,23,48,-1,48,23,45,-1,5,6,54,-1,54,6,15,-1,54,15,52,-1,52,15,19,-1,52,19,24,-1,60,61,62,-1,62,61,63,-1,61,64,63,-1,63,64,65,-1,63,65,66,-1,66,65,67,-1,66,67,68,-1,68,67,69,-1,68,69,70,-1,70,69,71,-1,70,71,72,-1,72,71,73,-1,72,73,74,-1,74,73,75,-1,74,75,76,-1,76,75,77,-1,76,77,78,-1,78,77,79,-1,78,79,80,-1,80,79,81,-1,80,81,82,-1,82,81,83,-1,82,83,84,-1,84,83,85,-1,84,85,86,-1,86,85,87,-1,86,87,88,-1,88,87,89,-1,88,89,90,-1,90,89,91,-1,90,91,92,-1,92,91,93,-1,92,93,94,-1,94,93,95,-1,94,95,96,-1,96,95,97,-1,96,97,98,-1,98,97,99,-1,98,99,100,-1,100,99,101,-1,100,101,102,-1,102,101,103,-1,102,103,104,-1,104,103,105,-1,104,105,106,-1,106,105,107,-1,106,107,108,-1,108,107,109,-1,108,109,110,-1,110,109,111,-1,110,111,112,-1,112,111,113,-1,112,113,114,-1,114,113,115,-1,114,115,116,-1,116,115,117,-1,116,117,118,-1,118,117,119,-1,118,119,120,-1,121,120,122,-1,122,120,119,-1,121,122,123,-1,121,123,124,-1,124,123,125,-1,124,125,126,-1,126,125,127,-1,126,127,128,-1,128,127,129,-1,128,129,130,-1,130,129,131,-1,130,131,132,-1,131,133,132,-1,132,133,134,-1,133,135,134,-1,134,135,136,-1,134,136,137,-1,137,136,138,-1,137,138,139,-1,139,138,140,-1,139,140,141,-1,141,140,142,-1,141,142,143,-1,143,142,144,-1,143,144,145,-1,145,144,146,-1,145,146,147,-1,148,149,150,-1,147,146,151,-1,147,151,152,-1,152,151,153,-1,152,153,150,-1,150,153,154,-1,150,154,148,-1,149,148,155,-1,149,155,156,-1,156,155,157,-1,156,157,158,-1,158,157,159,-1,158,159,160,-1,160,159,161,-1,160,161,162,-1,162,161,163,-1,162,163,164,-1,164,163,165,-1,164,165,166,-1,166,165,167,-1,166,167,168,-1,168,167,169,-1,168,169,170,-1,170,169,171,-1,170,171,172,-1,172,171,173,-1,172,173,174,-1,174,173,175,-1,174,175,176,-1,176,175,177,-1,176,177,178,-1,178,177,179,-1,178,179,180,-1,180,179,181,-1,180,181,182,-1,183,184,185,-1,182,181,186,-1,182,186,187,-1,187,186,188,-1,187,188,185,-1,185,188,189,-1,185,189,183,-1,190,184,191,-1,191,184,183,-1,191,192,190,-1,190,192,193,-1,60,62,194,-1,194,62,193,-1,194,193,195,-1,195,193,192,-1,106,108,130,-1,130,108,128,-1,156,88,149,-1,149,88,90,-1,66,68,172,-1,172,68,70,-1,172,70,170,-1,170,70,72,-1,170,72,168,-1,168,72,74,-1,168,74,166,-1,166,74,76,-1,166,76,164,-1,164,76,78,-1,164,78,162,-1,162,78,80,-1,162,80,160,-1,160,80,82,-1,160,82,158,-1,158,82,84,-1,158,84,156,-1,156,84,86,-1,156,86,88,-1,62,182,193,-1,193,182,187,-1,193,187,190,-1,190,187,185,-1,190,185,184,-1,108,110,128,-1,128,110,112,-1,128,112,126,-1,126,112,114,-1,126,114,124,-1,124,114,116,-1,124,116,121,-1,121,116,118,-1,121,118,120,-1,172,174,66,-1,66,174,176,-1,66,176,63,-1,63,176,178,-1,63,178,62,-1,62,178,180,-1,62,180,182,-1,130,132,106,-1,106,132,134,-1,106,134,104,-1,104,134,137,-1,104,137,102,-1,102,137,139,-1,102,139,100,-1,100,139,141,-1,100,141,98,-1,98,141,143,-1,98,143,96,-1,96,143,145,-1,96,145,94,-1,94,145,147,-1,94,147,92,-1,92,147,152,-1,92,152,90,-1,90,152,150,-1,90,150,149,-1,196,197,198,-1,198,197,199,-1,200,201,202,-1,203,204,205,-1,205,204,206,-1,207,208,199,-1,199,208,209,-1,209,210,199,-1,199,210,211,-1,199,211,198,-1,198,211,212,-1,198,212,203,-1,203,212,213,-1,203,213,204,-1,202,207,200,-1,200,207,199,-1,200,199,214,-1,214,199,215,-1,214,215,216,-1,216,215,217,-1,216,217,218,-1,218,217,219,-1,218,219,220,-1,220,219,221,-1,220,221,222,-1,222,221,223,-1,222,223,224,-1,224,223,225,-1,224,225,226,-1,226,225,227,-1,226,227,228,-1,228,227,229,-1,228,229,230,-1,230,229,231,-1,230,231,232,-1,232,231,233,-1,234,235,236,-1,236,235,237,-1,236,237,238,-1,238,237,239,-1,238,239,240,-1,240,239,241,-1,240,241,242,-1,242,241,243,-1,242,243,244,-1,244,243,245,-1,244,245,206,-1,206,245,246,-1,206,246,205,-1,200,247,201,-1,201,247,248,-1,201,248,249,-1,249,248,250,-1,249,250,251,-1,251,250,252,-1,251,252,253,-1,253,252,254,-1,253,254,255,-1,255,254,256,-1,255,256,257,-1,257,256,258,-1,257,258,259,-1,259,258,260,-1,259,260,261,-1,261,260,262,-1,261,262,234,-1,234,262,263,-1,234,263,235,-1,226,264,265,-1,226,265,224,-1,224,265,266,-1,224,266,222,-1,222,266,267,-1,222,267,220,-1,220,267,268,-1,220,268,218,-1,218,268,269,-1,218,269,216,-1,216,269,270,-1,216,270,214,-1,214,270,271,-1,214,271,200,-1,247,200,272,-1,272,200,271,-1,247,272,273,-1,247,273,248,-1,248,273,274,-1,248,274,250,-1,250,274,275,-1,250,275,252,-1,252,275,276,-1,252,276,254,-1,254,276,277,-1,254,277,256,-1,256,277,278,-1,256,278,258,-1,258,278,279,-1,258,279,260,-1,260,279,280,-1,260,280,262,-1,262,280,281,-1,262,281,263,-1,263,281,282,-1,263,282,235,-1,283,241,284,-1,284,241,239,-1,284,239,285,-1,285,239,237,-1,285,237,286,-1,286,237,235,-1,286,235,282,-1,241,283,287,-1,241,287,243,-1,243,287,288,-1,243,288,245,-1,288,289,245,-1,245,289,290,-1,245,290,246,-1,246,290,291,-1,246,291,205,-1,205,291,292,-1,205,292,203,-1,198,203,293,-1,293,203,292,-1,196,198,294,-1,294,198,293,-1,197,196,295,-1,295,196,294,-1,199,197,296,-1,296,197,295,-1,199,296,297,-1,199,297,215,-1,215,297,298,-1,215,298,217,-1,217,298,299,-1,217,299,219,-1,219,299,300,-1,219,300,221,-1,221,300,301,-1,221,301,223,-1,223,301,302,-1,223,302,225,-1,225,302,303,-1,225,303,227,-1,227,303,304,-1,227,304,229,-1,229,304,305,-1,229,305,231,-1,231,305,306,-1,231,306,233,-1,232,233,307,-1,307,233,306,-1,232,307,308,-1,232,308,230,-1,230,308,309,-1,230,309,228,-1,228,309,264,-1,228,264,226,-1,213,310,311,-1,213,311,204,-1,204,311,312,-1,204,312,206,-1,206,312,313,-1,206,313,244,-1,244,313,314,-1,244,314,242,-1,209,315,316,-1,209,316,210,-1,210,316,317,-1,210,317,211,-1,211,317,318,-1,211,318,212,-1,212,318,310,-1,212,310,213,-1,209,208,315,-1,315,208,319,-1,208,207,319,-1,319,207,320,-1,249,321,322,-1,249,322,201,-1,201,322,323,-1,201,323,202,-1,202,323,320,-1,202,320,207,-1,257,324,325,-1,257,325,255,-1,255,325,326,-1,255,326,253,-1,253,326,327,-1,253,327,251,-1,251,327,321,-1,251,321,249,-1,236,328,329,-1,236,329,234,-1,234,329,330,-1,234,330,261,-1,261,330,331,-1,261,331,259,-1,259,331,324,-1,259,324,257,-1,242,314,332,-1,242,332,240,-1,240,332,333,-1,240,333,238,-1,238,333,328,-1,238,328,236,-1,
        ]
    }
}
Shape{
    appearance Appearance {
        material  Material 	{
            diffuseColor 0.20784313725490197 0.20784313725490197 0.20784313725490197
            specularColor 0.01568627450980392 0.01568627450980392 0.01568627450980392
            ambientIntensity 0.2
            transparency 0
            shininess 0.5
        }
    }
    geometry IndexedFaceSet {
        ccw TRUE
        solid FALSE
        coord DEF co Coordinate {
            point [
                0.4657 -0.7681 0.7795, 0.4657 -0.7678 0.7795, 0.4559 -0.7678 0.7795, 0.4657 -0.7655 0.7795, 0.46 -0.7663 0.7795, 0.4575 -0.7669 0.7795, 0.4565 -0.7673 0.7795, 0.4654 -0.77 0.7795, 0.4554 -0.7684 0.7795, 0.4648 -0.7715 0.7795, 0.4556 -0.7733 0.7795, 0.456 -0.7737 0.7795, 0.4634 -0.7733 0.7795, 0.4552 -0.7726 0.7795, 0.4622 -0.7741 0.7795, 0.4609 -0.7746 0.7795, 0.4593 -0.7748 0.7795, 0.455 -0.7692 0.7795, 0.4548 -0.7702 0.7795, 0.4639 -0.7728 0.7795, 0.4548 -0.7708 0.7795, 0.4549 -0.7718 0.7795, 0.4569 -0.7743 0.7795, 0.4578 -0.7746 0.7795, 0.4578 -0.7746 0.7795
            ]
        }
        coordIndex [
            0,1,2,-1,1,3,4,-1,4,5,1,-1,1,5,6,-1,1,6,2,-1,0,2,7,-1,7,2,8,-1,7,8,9,-1,10,11,12,-1,10,12,13,-1,14,12,15,-1,15,12,16,-1,8,17,9,-1,9,17,18,-1,9,18,19,-1,19,18,20,-1,19,20,12,-1,12,20,21,-1,12,21,13,-1,11,22,12,-1,12,22,23,-1,12,23,16,-1,
        ]
    }
}
Shape{
    appearance Appearance {
        material  Material 	{
            diffuseColor 1.0 1.0 1.0
            specularColor 0.5019607843137255 0.5019607843137255 0.5019607843137255
            ambientIntensity 0.2
            transparency 0
            shininess 0.5
        }
    }
    geometry IndexedFaceSet {
        ccw TRUE
        solid FALSE
        coord DEF co Coordinate {
            point [
                0.2777 -0.7825 0.7835, 0.2813 -0.787 0.7835, 0.2755 -0.7611 0.7835, 0.3225 -0.7672 0.7835, 0.3564 -0.7493 0.7835, 0.3074 -0.7687 0.7835, 0.3068 -0.7665 0.7835, 0.2713 -0.7191 0.7835, 0.2767 -0.7162 0.7835, 0.2754 -0.7013 0.7835, 0.3164 -0.7534 0.7835, 0.298 -0.7604 0.7835, 0.3 -0.7606 0.7835, 0.2905 -0.7006 0.7835, 0.298 -0.7183 0.7835, 0.3017 -0.7106 0.7835, 0.3023 -0.7614 0.7835, 0.3042 -0.7627 0.7835, 0.3058 -0.7645 0.7835, 0.2702 -0.7579 0.7835, 0.2722 -0.7764 0.7835, 0.2753 -0.7773 0.7835, 0.285 -0.7001 0.7835, 0.3489 -0.7364 0.7835, 0.3225 -0.7696 0.7835, 0.3074 -0.7709 0.7835, 0.3223 -0.7721 0.7835, 0.2957 -0.7607 0.7835, 0.2925 -0.7459 0.7835, 0.2935 -0.7615 0.7835, 0.2871 -0.7479 0.7835, 0.2917 -0.7629 0.7835, 0.2822 -0.7513 0.7835, 0.2907 -0.7639 0.7835, 0.2782 -0.7559 0.7835, 0.2894 -0.7659 0.7835, 0.2887 -0.7682 0.7835, 0.2886 -0.7705 0.7835, 0.3071 -0.7468 0.7835, 0.3012 -0.7453 0.7835, 0.2983 -0.7451 0.7835, 0.3644 -0.7253 0.7835, 0.3663 -0.7253 0.7835, 0.3762 -0.7122 0.7835, 0.3709 -0.7259 0.7835, 0.3774 -0.7126 0.7835, 0.3751 -0.7275 0.7835, 0.3846 -0.7162 0.7835, 0.3912 -0.7218 0.7835, 0.2955 -0.6948 0.7835, 0.3072 -0.7041 0.7835, 0.3012 -0.69 0.7835, 0.3136 -0.6994 0.7835, 0.3073 -0.6862 0.7835, 0.2827 -0.7148 0.7835, 0.2852 -0.7146 0.7835, 0.2877 -0.7003 0.7835, 0.2909 -0.7154 0.7835, 0.2963 -0.7173 0.7835, 0.3912 -0.7669 0.7835, 0.3799 -0.7573 0.7835, 0.3846 -0.7725 0.7835, 0.3764 -0.7602 0.7835, 0.3772 -0.7761 0.7835, 0.3721 -0.7622 0.7835, 0.3692 -0.7778 0.7835, 0.3677 -0.7631 0.7835, 0.3549 -0.7778 0.7835, 0.3568 -0.7631 0.7835, 0.3535 -0.7776 0.7835, 0.3122 -0.7495 0.7835, 0.3789 -0.7301 0.7835, 0.3817 -0.7332 0.7835, 0.3961 -0.7286 0.7835, 0.3839 -0.7374 0.7835, 0.3991 -0.736 0.7835, 0.385 -0.742 0.7835, 0.4002 -0.7439 0.7835, 0.3852 -0.7442 0.7835, 0.3991 -0.7526 0.7835, 0.3846 -0.7489 0.7835, 0.396 -0.7602 0.7835, 0.3829 -0.7532 0.7835, 0.3803 -0.757 0.7835, 0.3631 -0.6931 0.7835, 0.3537 -0.7042 0.7835, 0.3712 -0.7024 0.7835, 0.3591 -0.7107 0.7835, 0.3629 -0.7185 0.7835, 0.2617 -0.733 0.7835, 0.2458 -0.737 0.7835, 0.261 -0.7389 0.7835, 0.2457 -0.7393 0.7835, 0.2613 -0.7426 0.7835, 0.2469 -0.7488 0.7835, 0.263 -0.7485 0.7835, 0.2504 -0.7578 0.7835, 0.2659 -0.7534 0.7835, 0.2559 -0.7657 0.7835, 0.2635 -0.7722 0.7835, 0.2891 -0.7728 0.7835, 0.29 -0.7748 0.7835, 0.3185 -0.6819 0.7835, 0.3215 -0.6962 0.7835, 0.3302 -0.6805 0.7835, 0.3305 -0.695 0.7835, 0.3409 -0.6817 0.7835, 0.3387 -0.6961 0.7835, 0.353 -0.6862 0.7835, 0.3463 -0.699 0.7835, 0.3531 -0.7037 0.7835, 0.2665 -0.7048 0.7835, 0.2588 -0.7102 0.7835, 0.2671 -0.7228 0.7835, 0.2571 -0.7117 0.7835, 0.2638 -0.7276 0.7835, 0.2513 -0.7192 0.7835, 0.2474 -0.7279 0.7835, 0.3209 -0.7781 0.7835, 0.3068 -0.7732 0.7835, 0.3181 -0.7835 0.7835, 0.3057 -0.7753 0.7835, 0.3144 -0.7876 0.7835, 0.3044 -0.7768 0.7835, 0.3095 -0.791 0.7835, 0.3025 -0.7781 0.7835, 0.3041 -0.7931 0.7835, 0.3005 -0.779 0.7835, 0.2983 -0.7938 0.7835, 0.298 -0.7793 0.7835, 0.2973 -0.7938 0.7835, 0.2976 -0.7793 0.7835, 0.2916 -0.7929 0.7835, 0.2954 -0.7789 0.7835, 0.286 -0.7906 0.7835, 0.2933 -0.778 0.7835, 0.2914 -0.7766 0.7835, 0.3556 -0.7628 0.7835, 0.3498 -0.7753 0.7835, 0.3504 -0.7759 0.7835, 0.3564 -0.763 0.7835, 0.3519 -0.777 0.7835, 0.3479 -0.7703 0.7835, 0.3481 -0.7721 0.7835, 0.3488 -0.7738 0.7835, 0.3535 -0.7631 0.7835, 0.3519 -0.7637 0.7835, 0.348 -0.7694 0.7835, 0.3504 -0.7648 0.7835, 0.3494 -0.7659 0.7835, 0.3484 -0.7675 0.7835, 0.3554 -0.7628 0.7835, 0.4002 -0.7439 0.7795, 0.3991 -0.736 0.7795, 0.3982 -0.734 0.7795, 0.3961 -0.7286 0.7795, 0.3912 -0.7218 0.7795, 0.3846 -0.7162 0.7795, 0.3774 -0.7126 0.7795, 0.3762 -0.7122 0.7795, 0.3712 -0.7024 0.7795, 0.3631 -0.6931 0.7795, 0.3577 -0.6894 0.7795, 0.353 -0.6862 0.7795, 0.3409 -0.6817 0.7795, 0.3302 -0.6805 0.7795, 0.3012 -0.69 0.7795, 0.3021 -0.6894 0.7795, 0.3073 -0.6862 0.7795, 0.3185 -0.6819 0.7795, 0.2955 -0.6948 0.7795, 0.2905 -0.7006 0.7795, 0.2877 -0.7003 0.7795, 0.285 -0.7001 0.7795, 0.2754 -0.7013 0.7795, 0.2665 -0.7048 0.7795, 0.2588 -0.7102 0.7795, 0.2571 -0.7117 0.7795, 0.2474 -0.7279 0.7795, 0.2513 -0.7192 0.7795, 0.2464 -0.734 0.7795, 0.2458 -0.737 0.7795, 0.2457 -0.7393 0.7795, 0.2469 -0.7488 0.7795, 0.2504 -0.7578 0.7795, 0.2559 -0.7657 0.7795, 0.2635 -0.7722 0.7795, 0.2722 -0.7764 0.7795, 0.2753 -0.7773 0.7795, 0.2756 -0.778 0.7795, 0.2777 -0.7825 0.7795, 0.2813 -0.787 0.7795, 0.286 -0.7906 0.7795, 0.2883 -0.7915 0.7795, 0.2916 -0.7929 0.7795, 0.2973 -0.7938 0.7795, 0.2983 -0.7938 0.7795, 0.3225 -0.7696 0.7795, 0.3041 -0.7931 0.7795, 0.3083 -0.7915 0.7795, 0.3095 -0.791 0.7795, 0.3144 -0.7876 0.7795, 0.3181 -0.7835 0.7795, 0.3209 -0.7781 0.7795, 0.3209 -0.778 0.7795, 0.3223 -0.7721 0.7795, 0.3225 -0.7672 0.7795, 0.3564 -0.7493 0.7795, 0.3489 -0.7364 0.7795, 0.3164 -0.7534 0.7795, 0.3122 -0.7495 0.7795, 0.3071 -0.7468 0.7795, 0.3012 -0.7453 0.7795, 0.2983 -0.7451 0.7795, 0.2925 -0.7459 0.7795, 0.2871 -0.7479 0.7795, 0.2822 -0.7513 0.7795, 0.2782 -0.7559 0.7795, 0.2755 -0.7611 0.7795, 0.2702 -0.7579 0.7795, 0.2659 -0.7534 0.7795, 0.263 -0.7485 0.7795, 0.2613 -0.7426 0.7795, 0.261 -0.7389 0.7795, 0.2616 -0.734 0.7795, 0.2617 -0.733 0.7795, 0.2638 -0.7276 0.7795, 0.2671 -0.7228 0.7795, 0.2713 -0.7191 0.7795, 0.2767 -0.7162 0.7795, 0.2827 -0.7148 0.7795, 0.2852 -0.7146 0.7795, 0.2909 -0.7154 0.7795, 0.2963 -0.7173 0.7795, 0.298 -0.7183 0.7795, 0.3017 -0.7106 0.7795, 0.3072 -0.7041 0.7795, 0.3136 -0.6994 0.7795, 0.3215 -0.6962 0.7795, 0.3305 -0.695 0.7795, 0.3387 -0.6961 0.7795, 0.3463 -0.699 0.7795, 0.3531 -0.7037 0.7795, 0.3537 -0.7042 0.7795, 0.3591 -0.7107 0.7795, 0.3629 -0.7185 0.7795, 0.3644 -0.7253 0.7795, 0.3663 -0.7253 0.7795, 0.3709 -0.7259 0.7795, 0.3751 -0.7275 0.7795, 0.3789 -0.7301 0.7795, 0.3817 -0.7332 0.7795, 0.3821 -0.734 0.7795, 0.3839 -0.7374 0.7795, 0.385 -0.742 0.7795, 0.3852 -0.7442 0.7795, 0.3846 -0.7489 0.7795, 0.3829 -0.7532 0.7795, 0.3803 -0.757 0.7795, 0.3799 -0.7573 0.7795, 0.3764 -0.7602 0.7795, 0.3721 -0.7622 0.7795, 0.3677 -0.7631 0.7795, 0.3568 -0.7631 0.7795, 0.3564 -0.763 0.7795, 0.3556 -0.7628 0.7795, 0.3554 -0.7628 0.7795, 0.3535 -0.7631 0.7795, 0.3519 -0.7637 0.7795, 0.3504 -0.7648 0.7795, 0.3494 -0.7659 0.7795, 0.3484 -0.7675 0.7795, 0.348 -0.7694 0.7795, 0.3479 -0.7703 0.7795, 0.3481 -0.7721 0.7795, 0.3488 -0.7738 0.7795, 0.3498 -0.7753 0.7795, 0.3504 -0.7759 0.7795, 0.3519 -0.777 0.7795, 0.3535 -0.7776 0.7795, 0.3549 -0.7778 0.7795, 0.3692 -0.7778 0.7795, 0.3772 -0.7761 0.7795, 0.3846 -0.7725 0.7795, 0.3912 -0.7669 0.7795, 0.396 -0.7602 0.7795, 0.3991 -0.7526 0.7795, 0.298 -0.7604 0.7795, 0.3 -0.7606 0.7795, 0.3023 -0.7614 0.7795, 0.3042 -0.7627 0.7795, 0.3058 -0.7645 0.7795, 0.3068 -0.7665 0.7795, 0.3074 -0.7687 0.7795, 0.3074 -0.7709 0.7795, 0.3068 -0.7732 0.7795, 0.3057 -0.7753 0.7795, 0.3044 -0.7768 0.7795, 0.3025 -0.7781 0.7795, 0.3005 -0.779 0.7795, 0.298 -0.7793 0.7795, 0.2976 -0.7793 0.7795, 0.2954 -0.7789 0.7795, 0.2933 -0.778 0.7795, 0.2914 -0.7766 0.7795, 0.29 -0.7748 0.7795, 0.2891 -0.7728 0.7795, 0.2886 -0.7705 0.7795, 0.2887 -0.7682 0.7795, 0.2894 -0.7659 0.7795, 0.2907 -0.7639 0.7795, 0.2917 -0.7629 0.7795, 0.2935 -0.7615 0.7795, 0.2957 -0.7607 0.7795, 0.2957 -0.7607 0.7795
            ]
        }
        coordIndex [
            0,1,2,-1,3,4,5,-1,5,4,6,-1,7,8,9,-1,10,11,12,-1,13,14,15,-1,12,16,10,-1,10,16,17,-1,10,17,18,-1,19,20,2,-1,2,20,21,-1,2,21,0,-1,9,8,22,-1,6,4,18,-1,18,4,23,-1,18,23,10,-1,3,5,24,-1,24,5,25,-1,24,25,26,-1,27,28,29,-1,29,28,30,-1,29,30,31,-1,31,30,32,-1,31,32,33,-1,33,32,34,-1,33,34,35,-1,35,34,2,-1,35,2,36,-1,36,2,37,-1,38,39,27,-1,27,39,40,-1,27,40,28,-1,41,42,43,-1,43,42,44,-1,43,44,45,-1,45,44,46,-1,45,46,47,-1,47,46,48,-1,13,15,49,-1,49,15,50,-1,49,50,51,-1,51,50,52,-1,51,52,53,-1,8,54,22,-1,22,54,55,-1,22,55,56,-1,56,55,57,-1,56,57,13,-1,13,57,58,-1,13,58,14,-1,59,60,61,-1,61,60,62,-1,61,62,63,-1,63,62,64,-1,63,64,65,-1,65,64,66,-1,65,66,67,-1,67,66,68,-1,67,68,69,-1,11,10,27,-1,27,10,70,-1,27,70,38,-1,46,71,48,-1,48,71,72,-1,48,72,73,-1,73,72,74,-1,73,74,75,-1,75,74,76,-1,75,76,77,-1,77,76,78,-1,77,78,79,-1,79,78,80,-1,79,80,81,-1,81,80,82,-1,81,82,59,-1,59,82,83,-1,59,83,60,-1,84,85,86,-1,86,85,87,-1,86,87,43,-1,43,87,88,-1,43,88,41,-1,89,90,91,-1,91,90,92,-1,91,92,93,-1,93,92,94,-1,93,94,95,-1,95,94,96,-1,95,96,97,-1,97,96,98,-1,97,98,19,-1,19,98,99,-1,19,99,20,-1,37,2,100,-1,100,2,1,-1,100,1,101,-1,53,52,102,-1,102,52,103,-1,102,103,104,-1,104,103,105,-1,104,105,106,-1,106,105,107,-1,106,107,108,-1,108,107,109,-1,108,109,84,-1,84,109,110,-1,84,110,85,-1,9,111,7,-1,7,111,112,-1,7,112,113,-1,113,112,114,-1,113,114,115,-1,115,114,116,-1,115,116,89,-1,89,116,117,-1,89,117,90,-1,26,25,118,-1,118,25,119,-1,118,119,120,-1,120,119,121,-1,120,121,122,-1,122,121,123,-1,122,123,124,-1,124,123,125,-1,124,125,126,-1,126,125,127,-1,126,127,128,-1,128,127,129,-1,128,129,130,-1,130,129,131,-1,130,131,132,-1,132,131,133,-1,132,133,134,-1,134,133,135,-1,134,135,1,-1,1,135,136,-1,1,136,101,-1,137,138,139,-1,68,140,69,-1,69,140,137,-1,69,137,141,-1,141,137,139,-1,142,143,137,-1,137,143,144,-1,137,144,138,-1,145,146,147,-1,146,148,147,-1,147,148,149,-1,147,149,150,-1,142,137,147,-1,147,137,151,-1,147,151,145,-1,77,152,153,-1,77,153,75,-1,75,153,154,-1,75,154,73,-1,154,155,73,-1,73,155,156,-1,73,156,48,-1,48,156,157,-1,48,157,47,-1,47,157,158,-1,47,158,45,-1,45,158,159,-1,45,159,43,-1,43,159,160,-1,43,160,86,-1,86,160,161,-1,86,161,84,-1,84,161,108,-1,108,161,162,-1,162,163,108,-1,108,163,164,-1,108,164,106,-1,106,164,165,-1,106,165,104,-1,166,51,167,-1,167,51,53,-1,167,53,168,-1,168,53,102,-1,168,102,169,-1,169,102,104,-1,169,104,165,-1,51,166,170,-1,51,170,49,-1,49,170,171,-1,49,171,13,-1,13,171,172,-1,13,172,56,-1,56,172,173,-1,56,173,22,-1,22,173,174,-1,22,174,9,-1,9,174,175,-1,9,175,111,-1,111,175,176,-1,111,176,112,-1,112,176,177,-1,112,177,114,-1,178,116,179,-1,179,116,114,-1,179,114,177,-1,180,90,178,-1,178,90,117,-1,178,117,116,-1,180,181,90,-1,90,181,182,-1,90,182,92,-1,92,182,183,-1,92,183,94,-1,94,183,184,-1,94,184,96,-1,96,184,185,-1,96,185,98,-1,98,185,186,-1,98,186,99,-1,99,186,187,-1,99,187,20,-1,20,187,188,-1,20,188,21,-1,21,188,189,-1,21,189,0,-1,189,190,0,-1,0,190,191,-1,0,191,1,-1,1,191,192,-1,1,192,134,-1,134,192,193,-1,134,193,132,-1,193,194,132,-1,132,194,195,-1,132,195,130,-1,130,195,196,-1,130,196,128,-1,197,24,26,-1,128,196,198,-1,128,198,126,-1,126,198,199,-1,126,199,124,-1,199,200,124,-1,124,200,201,-1,124,201,122,-1,122,201,202,-1,122,202,120,-1,120,202,203,-1,120,203,118,-1,118,203,204,-1,118,204,26,-1,26,204,205,-1,26,205,197,-1,3,24,206,-1,206,24,197,-1,4,3,207,-1,207,3,206,-1,23,4,208,-1,208,4,207,-1,10,23,209,-1,209,23,208,-1,10,209,210,-1,10,210,70,-1,70,210,211,-1,70,211,38,-1,38,211,212,-1,38,212,39,-1,39,212,213,-1,39,213,40,-1,40,213,214,-1,40,214,28,-1,28,214,215,-1,28,215,30,-1,30,215,216,-1,30,216,32,-1,32,216,217,-1,32,217,34,-1,34,217,218,-1,34,218,2,-1,2,218,219,-1,2,219,19,-1,19,219,220,-1,19,220,97,-1,97,220,221,-1,97,221,95,-1,95,221,222,-1,95,222,93,-1,93,222,223,-1,93,223,91,-1,223,224,91,-1,91,224,89,-1,224,225,89,-1,89,225,226,-1,89,226,115,-1,115,226,227,-1,115,227,113,-1,113,227,228,-1,113,228,7,-1,7,228,229,-1,7,229,8,-1,8,229,230,-1,8,230,54,-1,54,230,231,-1,54,231,55,-1,55,231,232,-1,55,232,57,-1,57,232,233,-1,57,233,58,-1,58,233,234,-1,58,234,14,-1,14,234,235,-1,14,235,15,-1,15,235,236,-1,15,236,50,-1,50,236,237,-1,50,237,52,-1,52,237,238,-1,52,238,103,-1,103,238,239,-1,103,239,105,-1,105,239,240,-1,105,240,107,-1,107,240,241,-1,107,241,109,-1,109,241,242,-1,109,242,110,-1,110,242,243,-1,110,243,85,-1,85,243,244,-1,85,244,87,-1,87,244,245,-1,87,245,88,-1,88,245,246,-1,88,246,41,-1,42,41,247,-1,247,41,246,-1,42,247,248,-1,42,248,44,-1,44,248,249,-1,44,249,46,-1,46,249,250,-1,46,250,71,-1,71,250,251,-1,71,251,72,-1,72,251,252,-1,72,252,74,-1,252,253,74,-1,74,253,254,-1,74,254,76,-1,76,254,255,-1,76,255,78,-1,78,255,256,-1,78,256,80,-1,80,256,257,-1,80,257,82,-1,82,257,258,-1,82,258,83,-1,83,258,259,-1,83,259,60,-1,60,259,260,-1,60,260,62,-1,62,260,261,-1,62,261,64,-1,64,261,262,-1,64,262,66,-1,68,66,263,-1,263,66,262,-1,68,263,264,-1,68,264,140,-1,140,264,265,-1,140,265,137,-1,137,265,266,-1,137,266,151,-1,151,266,267,-1,151,267,145,-1,145,267,268,-1,145,268,146,-1,146,268,269,-1,146,269,148,-1,148,269,270,-1,148,270,149,-1,149,270,271,-1,149,271,150,-1,150,271,272,-1,150,272,147,-1,147,272,273,-1,147,273,142,-1,142,273,274,-1,142,274,143,-1,143,274,275,-1,143,275,144,-1,144,275,276,-1,144,276,138,-1,138,276,277,-1,138,277,139,-1,139,277,278,-1,139,278,141,-1,141,278,279,-1,141,279,69,-1,69,279,280,-1,69,280,67,-1,65,67,281,-1,281,67,280,-1,65,281,282,-1,65,282,63,-1,63,282,283,-1,63,283,61,-1,61,283,284,-1,61,284,59,-1,59,284,285,-1,59,285,81,-1,81,285,286,-1,81,286,79,-1,79,286,152,-1,79,152,77,-1,11,287,288,-1,11,288,12,-1,12,288,289,-1,12,289,16,-1,16,289,290,-1,16,290,17,-1,17,290,291,-1,17,291,18,-1,18,291,292,-1,18,292,6,-1,6,292,293,-1,6,293,5,-1,5,293,294,-1,5,294,25,-1,25,294,295,-1,25,295,119,-1,119,295,296,-1,119,296,121,-1,121,296,297,-1,121,297,123,-1,123,297,298,-1,123,298,125,-1,125,298,299,-1,125,299,127,-1,127,299,300,-1,127,300,129,-1,129,300,301,-1,129,301,131,-1,131,301,302,-1,131,302,133,-1,133,302,303,-1,133,303,135,-1,135,303,304,-1,135,304,136,-1,136,304,305,-1,136,305,101,-1,101,305,306,-1,101,306,100,-1,100,306,307,-1,100,307,37,-1,37,307,308,-1,37,308,36,-1,36,308,309,-1,36,309,35,-1,35,309,310,-1,35,310,33,-1,33,310,311,-1,33,311,31,-1,31,311,312,-1,31,312,29,-1,29,312,313,-1,29,313,27,-1,27,313,287,-1,27,287,11,-1,
        ]
    }
}
Shape{
    appearance Appearance {
        material  Material 	{
            diffuseColor 0.20784313725490197 0.20784313725490197 0.20784313725490197
            specularColor 0.01568627450980392 0.01568627450980392 0.01568627450980392
            ambientIntensity 0.2
            transparency 0
            shininess 0.5
        }
    }
    geometry IndexedFaceSet {
        ccw TRUE
        solid FALSE
        coord DEF co Coordinate {
            point [
                0.2976 -0.7793 0.7795, 0.2917 -0.7629 0.7795, 0.2907 -0.7639 0.7795, 0.3005 -0.779 0.7795, 0.3025 -0.7781 0.7795, 0.3 -0.7606 0.7795, 0.298 -0.7604 0.7795, 0.2957 -0.7607 0.7795, 0.2935 -0.7615 0.7795, 0.2891 -0.7728 0.7795, 0.29 -0.7748 0.7795, 0.2914 -0.7766 0.7795, 0.298 -0.7793 0.7795, 0.2894 -0.7659 0.7795, 0.2887 -0.7682 0.7795, 0.2886 -0.7705 0.7795, 0.2933 -0.778 0.7795, 0.2954 -0.7789 0.7795, 0.3044 -0.7768 0.7795, 0.3057 -0.7753 0.7795, 0.3068 -0.7732 0.7795, 0.3074 -0.7709 0.7795, 0.3074 -0.7687 0.7795, 0.3068 -0.7665 0.7795, 0.3058 -0.7645 0.7795, 0.3042 -0.7627 0.7795, 0.3023 -0.7614 0.7795, 0.3023 -0.7614 0.7795
            ]
        }
        coordIndex [
            0,1,2,-1,3,4,5,-1,6,7,0,-1,0,7,8,-1,0,8,1,-1,9,10,2,-1,2,10,11,-1,6,0,5,-1,5,0,12,-1,5,12,3,-1,13,14,2,-1,2,14,15,-1,2,15,9,-1,11,16,2,-1,2,16,17,-1,2,17,0,-1,4,18,5,-1,5,18,19,-1,5,19,20,-1,20,21,5,-1,5,21,22,-1,5,22,23,-1,23,24,5,-1,5,24,25,-1,5,25,26,-1,
        ]
    }
}
Shape{
    appearance Appearance {
        material  Material 	{
            diffuseColor 1.0 1.0 1.0
            specularColor 0.5019607843137255 0.5019607843137255 0.5019607843137255
            ambientIntensity 0.2
            transparency 0
            shininess 0.5
        }
    }
    geometry IndexedFaceSet {
        ccw TRUE
        solid FALSE
        coord DEF co Coordinate {
            point [
                0.5256 -0.7141 0.7835, 0.5239 -0.7163 0.7835, 0.527 -0.7189 0.7835, 0.5235 -0.7167 0.7835, 0.5234 -0.7215 0.7835, 0.5213 -0.7182 0.7835, 0.5196 -0.723 0.7835, 0.5185 -0.7193 0.7835, 0.5138 -0.7237 0.7835, 0.5138 -0.7198 0.7835, 0.5045 -0.7237 0.7835, 0.5088 -0.7198 0.7835, 0.5045 -0.6897 0.7835, 0.5088 -0.6936 0.7835, 0.5142 -0.6897 0.7835, 0.514 -0.6936 0.7835, 0.5194 -0.6902 0.7835, 0.5185 -0.6941 0.7835, 0.5235 -0.6917 0.7835, 0.5214 -0.6952 0.7835, 0.527 -0.6942 0.7835, 0.5238 -0.6968 0.7835, 0.5283 -0.6954 0.7835, 0.5251 -0.6981 0.7835, 0.5304 -0.6983 0.7835, 0.5263 -0.7001 0.7835, 0.5316 -0.7016 0.7835, 0.5272 -0.7027 0.7835, 0.5322 -0.7062 0.7835, 0.5275 -0.7064 0.7835, 0.532 -0.709 0.7835, 0.5274 -0.7085 0.7835, 0.5311 -0.7129 0.7835, 0.5268 -0.7116 0.7835, 0.5293 -0.7164 0.7835, 0.527 -0.7189 0.7795, 0.5293 -0.7164 0.7795, 0.5311 -0.7129 0.7795, 0.532 -0.709 0.7795, 0.5322 -0.7062 0.7795, 0.5316 -0.7016 0.7795, 0.5304 -0.6983 0.7795, 0.5283 -0.6954 0.7795, 0.527 -0.6942 0.7795, 0.5142 -0.6897 0.7795, 0.5235 -0.6917 0.7795, 0.52 -0.6905 0.7795, 0.5194 -0.6902 0.7795, 0.5045 -0.6897 0.7795, 0.5045 -0.7237 0.7795, 0.5138 -0.7237 0.7795, 0.5196 -0.723 0.7795, 0.52 -0.7228 0.7795, 0.5234 -0.7215 0.7795, 0.5238 -0.6968 0.7795, 0.5251 -0.6981 0.7795, 0.5263 -0.7001 0.7795, 0.5272 -0.7027 0.7795, 0.5275 -0.7064 0.7795, 0.514 -0.6936 0.7795, 0.5185 -0.6941 0.7795, 0.5214 -0.6952 0.7795, 0.5088 -0.6936 0.7795, 0.5088 -0.7198 0.7795, 0.5138 -0.7198 0.7795, 0.5239 -0.7163 0.7795, 0.5235 -0.7167 0.7795, 0.5213 -0.7182 0.7795, 0.5185 -0.7193 0.7795, 0.5274 -0.7085 0.7795, 0.5268 -0.7116 0.7795, 0.5256 -0.7141 0.7795, 0.5256 -0.7141 0.7795
            ]
        }
        coordIndex [
            0,1,2,-1,2,1,3,-1,2,3,4,-1,4,3,5,-1,4,5,6,-1,6,5,7,-1,6,7,8,-1,8,7,9,-1,8,9,10,-1,10,9,11,-1,10,11,12,-1,12,11,13,-1,12,13,14,-1,14,13,15,-1,14,15,16,-1,16,15,17,-1,16,17,18,-1,18,17,19,-1,18,19,20,-1,20,19,21,-1,20,21,22,-1,22,21,23,-1,22,23,24,-1,24,23,25,-1,24,25,26,-1,26,25,27,-1,26,27,28,-1,28,27,29,-1,28,29,30,-1,30,29,31,-1,30,31,32,-1,32,31,33,-1,32,33,34,-1,34,33,0,-1,34,0,2,-1,2,35,36,-1,2,36,34,-1,34,36,37,-1,34,37,32,-1,32,37,38,-1,32,38,30,-1,30,38,39,-1,30,39,28,-1,28,39,40,-1,28,40,26,-1,26,40,41,-1,26,41,24,-1,24,41,42,-1,24,42,22,-1,22,42,43,-1,22,43,20,-1,44,14,16,-1,20,43,45,-1,20,45,18,-1,18,45,46,-1,18,46,16,-1,16,46,47,-1,16,47,44,-1,12,14,48,-1,48,14,44,-1,10,12,49,-1,49,12,48,-1,8,10,50,-1,50,10,49,-1,35,2,4,-1,8,50,51,-1,8,51,6,-1,6,51,52,-1,6,52,4,-1,4,52,53,-1,4,53,35,-1,21,54,55,-1,21,55,23,-1,23,55,56,-1,23,56,25,-1,25,56,57,-1,25,57,27,-1,27,57,58,-1,27,58,29,-1,15,59,60,-1,15,60,17,-1,17,60,61,-1,17,61,19,-1,19,61,54,-1,19,54,21,-1,15,13,59,-1,59,13,62,-1,13,11,62,-1,62,11,63,-1,11,9,63,-1,63,9,64,-1,1,65,66,-1,1,66,3,-1,3,66,67,-1,3,67,5,-1,5,67,68,-1,5,68,7,-1,7,68,64,-1,7,64,9,-1,29,58,69,-1,29,69,31,-1,31,69,70,-1,31,70,33,-1,33,70,71,-1,33,71,0,-1,0,71,65,-1,0,65,1,-1,
        ]
    }
}
Shape{
    appearance Appearance {
        material  Material 	{
            diffuseColor 0.20784313725490197 0.20784313725490197 0.20784313725490197
            specularColor 0.01568627450980392 0.01568627450980392 0.01568627450980392
            ambientIntensity 0.2
            transparency 0
            shininess 0.5
        }
    }
    geometry IndexedFaceSet {
        ccw TRUE
        solid FALSE
        coord DEF co Coordinate {
            point [
                0.5088 -0.6936 0.7795, 0.5088 -0.7198 0.7795, 0.514 -0.6936 0.7795, 0.5138 -0.7198 0.7795, 0.5185 -0.7193 0.7795, 0.5213 -0.7182 0.7795, 0.5235 -0.7167 0.7795, 0.5275 -0.7064 0.7795, 0.5238 -0.6968 0.7795, 0.5214 -0.6952 0.7795, 0.5239 -0.7163 0.7795, 0.5256 -0.7141 0.7795, 0.5268 -0.7116 0.7795, 0.5251 -0.6981 0.7795, 0.5272 -0.7027 0.7795, 0.5263 -0.7001 0.7795, 0.5274 -0.7085 0.7795, 0.5185 -0.6941 0.7795, 0.5185 -0.6941 0.7795
            ]
        }
        coordIndex [
            0,1,2,-1,2,1,3,-1,3,4,2,-1,2,4,5,-1,2,5,6,-1,7,8,9,-1,6,10,2,-1,2,10,11,-1,2,11,12,-1,8,7,13,-1,13,7,14,-1,13,14,15,-1,12,16,2,-1,2,16,7,-1,2,7,17,-1,17,7,9,-1,
        ]
    }
}
Shape{
    appearance Appearance {
        material  Material 	{
            diffuseColor 1.0 1.0 1.0
            specularColor 0.5019607843137255 0.5019607843137255 0.5019607843137255
            ambientIntensity 0.2
            transparency 0
            shininess 0.5
        }
    }
    geometry IndexedFaceSet {
        ccw TRUE
        solid FALSE
        coord DEF co Coordinate {
            point [
                0.4641 -0.7204 0.7835, 0.4641 -0.7204 0.7795, 0.4609 -0.72 0.7795, 0.4609 -0.72 0.7835, 0.4585 -0.7191 0.7795, 0.4585 -0.7191 0.7835, 0.4562 -0.7176 0.7795, 0.4562 -0.7176 0.7835, 0.4554 -0.7168 0.7795, 0.4554 -0.7168 0.7835, 0.4537 -0.7145 0.7795, 0.4537 -0.7145 0.7835, 0.4526 -0.7117 0.7795, 0.4526 -0.7117 0.7835, 0.4521 -0.7084 0.7795, 0.4521 -0.7084 0.7835, 0.452 -0.7071 0.7795, 0.452 -0.7071 0.7835, 0.4526 -0.7024 0.7795, 0.4526 -0.7024 0.7835, 0.4537 -0.6995 0.7795, 0.4537 -0.6995 0.7835, 0.4553 -0.6971 0.7795, 0.4553 -0.6971 0.7835, 0.4556 -0.6968 0.7795, 0.4556 -0.6968 0.7835, 0.4578 -0.695 0.7795, 0.4578 -0.695 0.7835, 0.4605 -0.6937 0.7795, 0.4605 -0.6937 0.7835, 0.4635 -0.6931 0.7795, 0.4635 -0.6931 0.7835, 0.4649 -0.693 0.7795, 0.4649 -0.693 0.7835, 0.4691 -0.6935 0.7795, 0.4691 -0.6935 0.7835, 0.4725 -0.6949 0.7795, 0.4725 -0.6949 0.7835, 0.4729 -0.6951 0.7795, 0.4729 -0.6951 0.7835, 0.4729 -0.6905 0.7835, 0.4729 -0.6905 0.7795, 0.4648 -0.6891 0.7795, 0.4648 -0.6891 0.7835, 0.4685 -0.6894 0.7795, 0.4693 -0.6894 0.7835, 0.4693 -0.6894 0.7795, 0.4624 -0.6894 0.7795, 0.4599 -0.6897 0.7835, 0.4599 -0.6897 0.7795, 0.4564 -0.691 0.7795, 0.4564 -0.691 0.7835, 0.4531 -0.6934 0.7795, 0.4531 -0.6934 0.7835, 0.4523 -0.6941 0.7795, 0.4523 -0.6941 0.7835, 0.4499 -0.6973 0.7795, 0.4499 -0.6973 0.7835, 0.4489 -0.6995 0.7795, 0.4482 -0.7011 0.7835, 0.4482 -0.7011 0.7795, 0.4475 -0.7055 0.7795, 0.4475 -0.7055 0.7835, 0.4474 -0.7073 0.7795, 0.4474 -0.7073 0.7835, 0.4481 -0.7128 0.7795, 0.4481 -0.7128 0.7835, 0.4489 -0.715 0.7795, 0.4494 -0.7164 0.7835, 0.4494 -0.7164 0.7795, 0.4515 -0.7193 0.7795, 0.4515 -0.7193 0.7835, 0.4518 -0.7196 0.7795, 0.4518 -0.7196 0.7835, 0.4542 -0.7217 0.7795, 0.4542 -0.7217 0.7835, 0.4574 -0.7233 0.7795, 0.4574 -0.7233 0.7835, 0.461 -0.7241 0.7795, 0.461 -0.7241 0.7835, 0.4635 -0.7243 0.7795, 0.4635 -0.7243 0.7835, 0.4687 -0.7238 0.7795, 0.4687 -0.7238 0.7835, 0.4723 -0.7226 0.7795, 0.4723 -0.7226 0.7835, 0.4729 -0.7223 0.7795, 0.4729 -0.7223 0.7835, 0.4729 -0.7181 0.7835, 0.4729 -0.7181 0.7795, 0.47 -0.7194 0.7795, 0.47 -0.7194 0.7835, 0.4662 -0.7202 0.7795, 0.4662 -0.7202 0.7835, 0.5862 -0.7645 0.7835, 0.5848 -0.7684 0.7835, 0.5976 -0.7645 0.7835, 0.599 -0.7684 0.7835, 0.5913 -0.7504 0.7835, 0.5897 -0.7437 0.7835, 0.5767 -0.7777 0.7835, 0.5815 -0.7777 0.7835, 0.5916 -0.7494 0.7835, 0.5919 -0.748 0.7835, 0.5944 -0.7437 0.7835, 0.592 -0.748 0.7835, 0.5922 -0.7495 0.7835, 0.5925 -0.7504 0.7835, 0.6073 -0.7777 0.7835, 0.6025 -0.7777 0.7835, 0.5897 -0.7437 0.7795, 0.5944 -0.7437 0.7795, 0.5767 -0.7777 0.7795, 0.5815 -0.7777 0.7795, 0.5848 -0.7684 0.7795, 0.599 -0.7684 0.7795, 0.6025 -0.7777 0.7795, 0.6073 -0.7777 0.7795, 0.5913 -0.7504 0.7795, 0.5916 -0.7494 0.7795, 0.5919 -0.748 0.7795, 0.5862 -0.7645 0.7795, 0.5976 -0.7645 0.7795, 0.5925 -0.7504 0.7795, 0.592 -0.748 0.7795, 0.5922 -0.7495 0.7795, 0.5922 -0.7495 0.7795
            ]
        }
        coordIndex [
            0,1,2,-1,0,2,3,-1,3,2,4,-1,3,4,5,-1,5,4,6,-1,5,6,7,-1,7,6,8,-1,7,8,9,-1,9,8,10,-1,9,10,11,-1,11,10,12,-1,11,12,13,-1,13,12,14,-1,13,14,15,-1,15,14,16,-1,15,16,17,-1,17,16,18,-1,17,18,19,-1,19,18,20,-1,19,20,21,-1,21,20,22,-1,21,22,23,-1,23,22,24,-1,23,24,25,-1,25,24,26,-1,25,26,27,-1,27,26,28,-1,27,28,29,-1,29,28,30,-1,29,30,31,-1,31,30,32,-1,31,32,33,-1,33,32,34,-1,33,34,35,-1,35,34,36,-1,35,36,37,-1,37,36,38,-1,37,38,39,-1,40,39,41,-1,41,39,38,-1,42,43,44,-1,44,43,45,-1,44,45,46,-1,46,45,40,-1,46,40,41,-1,43,42,47,-1,43,47,48,-1,47,49,48,-1,48,49,50,-1,48,50,51,-1,51,50,52,-1,51,52,53,-1,53,52,54,-1,53,54,55,-1,55,54,56,-1,55,56,57,-1,57,56,58,-1,57,58,59,-1,58,60,59,-1,59,60,61,-1,59,61,62,-1,62,61,63,-1,62,63,64,-1,64,63,65,-1,64,65,66,-1,66,65,67,-1,66,67,68,-1,67,69,68,-1,68,69,70,-1,68,70,71,-1,71,70,72,-1,71,72,73,-1,73,72,74,-1,73,74,75,-1,75,74,76,-1,75,76,77,-1,77,76,78,-1,77,78,79,-1,79,78,80,-1,79,80,81,-1,81,80,82,-1,81,82,83,-1,83,82,84,-1,83,84,85,-1,85,84,86,-1,85,86,87,-1,88,87,89,-1,89,87,86,-1,88,89,90,-1,88,90,91,-1,91,90,92,-1,91,92,93,-1,93,92,1,-1,93,1,0,-1,19,21,57,-1,27,29,48,-1,57,21,55,-1,48,29,43,-1,48,51,27,-1,27,51,53,-1,27,53,25,-1,25,53,55,-1,25,55,23,-1,23,55,21,-1,29,31,43,-1,43,31,33,-1,43,33,45,-1,45,33,35,-1,45,35,40,-1,40,35,37,-1,40,37,39,-1,64,17,62,-1,62,17,19,-1,62,19,59,-1,59,19,57,-1,87,88,85,-1,85,88,91,-1,85,91,83,-1,83,91,93,-1,83,93,81,-1,81,93,0,-1,81,0,79,-1,79,0,3,-1,79,3,77,-1,77,3,5,-1,77,5,75,-1,75,5,7,-1,75,7,73,-1,73,7,9,-1,73,9,71,-1,71,9,11,-1,71,11,68,-1,68,11,66,-1,66,11,13,-1,66,13,64,-1,64,13,15,-1,64,15,17,-1,94,95,96,-1,96,95,97,-1,98,99,94,-1,94,99,100,-1,94,100,95,-1,95,100,101,-1,98,102,99,-1,99,102,103,-1,99,103,104,-1,104,103,105,-1,104,105,106,-1,106,107,104,-1,104,107,96,-1,104,96,108,-1,108,96,97,-1,108,97,109,-1,99,104,110,-1,110,104,111,-1,100,99,112,-1,112,99,110,-1,101,100,113,-1,113,100,112,-1,95,101,114,-1,114,101,113,-1,97,95,115,-1,115,95,114,-1,109,97,116,-1,116,97,115,-1,108,109,117,-1,117,109,116,-1,104,108,111,-1,111,108,117,-1,98,118,119,-1,98,119,102,-1,102,119,120,-1,102,120,103,-1,98,94,118,-1,118,94,121,-1,94,96,121,-1,121,96,122,-1,96,107,122,-1,122,107,123,-1,105,124,125,-1,105,125,106,-1,106,125,123,-1,106,123,107,-1,105,103,124,-1,124,103,120,-1,
        ]
    }
}
Shape{
    appearance Appearance {
        material  Material 	{
            diffuseColor 0.20784313725490197 0.20784313725490197 0.20784313725490197
            specularColor 0.01568627450980392 0.01568627450980392 0.01568627450980392
            ambientIntensity 0.2
            transparency 0
            shininess 0.5
        }
    }
    geometry IndexedFaceSet {
        ccw TRUE
        solid FALSE
        coord DEF co Coordinate {
            point [
                0.592 -0.748 0.7795, 0.5919 -0.748 0.7795, 0.5922 -0.7495 0.7795, 0.5916 -0.7494 0.7795, 0.5925 -0.7504 0.7795, 0.5913 -0.7504 0.7795, 0.5976 -0.7645 0.7795, 0.5862 -0.7645 0.7795, 0.5862 -0.7645 0.7795
            ]
        }
        coordIndex [
            0,1,2,-1,2,1,3,-1,2,3,4,-1,4,3,5,-1,4,5,6,-1,6,5,7,-1,
        ]
    }
}
Shape{
    appearance Appearance {
        material  Material 	{
            diffuseColor 1.0 1.0 1.0
            specularColor 0.5019607843137255 0.5019607843137255 0.5019607843137255
            ambientIntensity 0.2
            transparency 0
            shininess 0.5
        }
    }
    geometry IndexedFaceSet {
        ccw TRUE
        solid FALSE
        coord DEF co Coordinate {
            point [
                0.5407 -0.7738 0.7835, 0.5407 -0.7738 0.7795, 0.5267 -0.7738 0.7835, 0.5331 -0.7738 0.7795, 0.5267 -0.7738 0.7795, 0.5267 -0.7624 0.7835, 0.5267 -0.7624 0.7795, 0.5389 -0.7624 0.7835, 0.5331 -0.7624 0.7795, 0.5389 -0.7624 0.7795, 0.5389 -0.7585 0.7835, 0.5389 -0.7585 0.7795, 0.5267 -0.7585 0.7795, 0.5267 -0.7585 0.7835, 0.5331 -0.7585 0.7795, 0.5267 -0.7476 0.7835, 0.5267 -0.7476 0.7795, 0.5399 -0.7476 0.7795, 0.5399 -0.7476 0.7835, 0.5331 -0.7476 0.7795, 0.5399 -0.7437 0.7835, 0.5399 -0.7437 0.7795, 0.5223 -0.7437 0.7795, 0.5223 -0.7437 0.7835, 0.5331 -0.7437 0.7795, 0.5223 -0.7777 0.7835, 0.5223 -0.7777 0.7795, 0.5407 -0.7777 0.7835, 0.5331 -0.7777 0.7795, 0.5407 -0.7777 0.7795, 0.4325 -0.7738 0.7835, 0.4464 -0.7738 0.7835, 0.4325 -0.7738 0.7795, 0.4464 -0.7738 0.7795, 0.4325 -0.7624 0.7835, 0.4325 -0.7624 0.7795, 0.4446 -0.7624 0.7835, 0.4446 -0.7624 0.7795, 0.4446 -0.7585 0.7835, 0.4446 -0.7585 0.7795, 0.4325 -0.7585 0.7835, 0.4325 -0.7585 0.7795, 0.4325 -0.7476 0.7835, 0.4325 -0.7476 0.7795, 0.4456 -0.7476 0.7835, 0.4456 -0.7476 0.7795, 0.4456 -0.7437 0.7835, 0.4456 -0.7437 0.7795, 0.4281 -0.7437 0.7835, 0.4281 -0.7437 0.7795, 0.4281 -0.7777 0.7835, 0.4281 -0.7777 0.7795, 0.4464 -0.7777 0.7835, 0.4464 -0.7777 0.7795, 0.5436 -0.7105 0.7835, 0.5422 -0.7144 0.7835, 0.555 -0.7105 0.7835, 0.5564 -0.7144 0.7835, 0.5487 -0.6964 0.7835, 0.547 -0.6897 0.7835, 0.5341 -0.7237 0.7835, 0.5389 -0.7237 0.7835, 0.549 -0.6954 0.7835, 0.5492 -0.694 0.7835, 0.5517 -0.6897 0.7835, 0.5493 -0.694 0.7835, 0.5496 -0.6954 0.7835, 0.5499 -0.6964 0.7835, 0.5647 -0.7237 0.7835, 0.5598 -0.7237 0.7835, 0.547 -0.6897 0.7795, 0.5517 -0.6897 0.7795, 0.5341 -0.7237 0.7795, 0.5439 -0.6979 0.7795, 0.5389 -0.7237 0.7795, 0.5422 -0.7144 0.7795, 0.5564 -0.7144 0.7795, 0.5439 -0.7144 0.7795, 0.5598 -0.7237 0.7795, 0.5647 -0.7237 0.7795, 0.5487 -0.6964 0.7795, 0.549 -0.6954 0.7795, 0.5492 -0.694 0.7795, 0.5436 -0.7105 0.7795, 0.555 -0.7105 0.7795, 0.5499 -0.6964 0.7795, 0.5493 -0.694 0.7795, 0.5496 -0.6954 0.7795, 0.5496 -0.6954 0.7795
            ]
        }
        coordIndex [
            0,1,2,-1,2,1,3,-1,2,3,4,-1,5,2,6,-1,6,2,4,-1,5,6,7,-1,7,6,8,-1,7,8,9,-1,10,7,11,-1,11,7,9,-1,12,13,14,-1,14,13,10,-1,14,10,11,-1,15,13,16,-1,16,13,12,-1,17,18,19,-1,19,18,15,-1,19,15,16,-1,20,18,21,-1,21,18,17,-1,22,23,24,-1,24,23,20,-1,24,20,21,-1,25,23,26,-1,26,23,22,-1,25,26,27,-1,27,26,28,-1,27,28,29,-1,0,27,1,-1,1,27,29,-1,25,27,0,-1,0,2,25,-1,25,2,5,-1,25,5,23,-1,18,20,15,-1,15,20,23,-1,15,23,13,-1,13,23,5,-1,13,5,10,-1,10,5,7,-1,30,31,32,-1,32,31,33,-1,34,30,35,-1,35,30,32,-1,36,34,37,-1,37,34,35,-1,38,36,39,-1,39,36,37,-1,40,38,41,-1,41,38,39,-1,42,40,43,-1,43,40,41,-1,44,42,45,-1,45,42,43,-1,46,44,47,-1,47,44,45,-1,48,46,49,-1,49,46,47,-1,50,48,51,-1,51,48,49,-1,52,50,53,-1,53,50,51,-1,31,52,33,-1,33,52,53,-1,50,52,31,-1,31,30,50,-1,50,30,34,-1,50,34,48,-1,44,46,42,-1,42,46,48,-1,42,48,40,-1,40,48,34,-1,40,34,38,-1,38,34,36,-1,54,55,56,-1,56,55,57,-1,58,59,54,-1,54,59,60,-1,54,60,55,-1,55,60,61,-1,58,62,59,-1,59,62,63,-1,59,63,64,-1,64,63,65,-1,64,65,66,-1,66,67,64,-1,64,67,56,-1,64,56,68,-1,68,56,57,-1,68,57,69,-1,59,64,70,-1,70,64,71,-1,72,60,73,-1,73,60,59,-1,73,59,70,-1,61,60,74,-1,74,60,72,-1,55,61,75,-1,75,61,74,-1,76,57,77,-1,77,57,55,-1,77,55,75,-1,69,57,78,-1,78,57,76,-1,68,69,79,-1,79,69,78,-1,64,68,71,-1,71,68,79,-1,58,80,81,-1,58,81,62,-1,62,81,82,-1,62,82,63,-1,58,54,80,-1,80,54,83,-1,54,56,83,-1,83,56,84,-1,56,67,84,-1,84,67,85,-1,65,86,87,-1,65,87,66,-1,66,87,85,-1,66,85,67,-1,65,63,86,-1,86,63,82,-1,
        ]
    }
}
Shape{
    appearance Appearance {
        material  Material 	{
            diffuseColor 0.20784313725490197 0.20784313725490197 0.20784313725490197
            specularColor 0.01568627450980392 0.01568627450980392 0.01568627450980392
            ambientIntensity 0.2
            transparency 0
            shininess 0.5
        }
    }
    geometry IndexedFaceSet {
        ccw TRUE
        solid FALSE
        coord DEF co Coordinate {
            point [
                0.5493 -0.694 0.7795, 0.5492 -0.694 0.7795, 0.5496 -0.6954 0.7795, 0.549 -0.6954 0.7795, 0.5499 -0.6964 0.7795, 0.5487 -0.6964 0.7795, 0.555 -0.7105 0.7795, 0.5436 -0.7105 0.7795, 0.5436 -0.7105 0.7795
            ]
        }
        coordIndex [
            0,1,2,-1,2,1,3,-1,2,3,4,-1,4,3,5,-1,4,5,6,-1,6,5,7,-1,
        ]
    }
}
Shape{
    appearance Appearance {
        material  Material 	{
            diffuseColor 1.0 1.0 1.0
            specularColor 0.5019607843137255 0.5019607843137255 0.5019607843137255
            ambientIntensity 0.2
            transparency 0
            shininess 0.5
        }
    }
    geometry IndexedFaceSet {
        ccw TRUE
        solid FALSE
        coord DEF co Coordinate {
            point [
                0.4841 -0.7198 0.7795, 0.4841 -0.7198 0.7835, 0.4933 -0.7198 0.7795, 0.498 -0.7198 0.7835, 0.498 -0.7198 0.7795, 0.4841 -0.7084 0.7835, 0.4841 -0.7084 0.7795, 0.4963 -0.7084 0.7835, 0.4933 -0.7084 0.7795, 0.4963 -0.7084 0.7795, 0.4963 -0.7045 0.7835, 0.4963 -0.7045 0.7795, 0.4841 -0.7045 0.7795, 0.4841 -0.7045 0.7835, 0.4933 -0.7045 0.7795, 0.4841 -0.6936 0.7835, 0.4841 -0.6936 0.7795, 0.4972 -0.6936 0.7835, 0.4933 -0.6936 0.7795, 0.4972 -0.6936 0.7795, 0.4972 -0.6897 0.7835, 0.4972 -0.6897 0.7795, 0.4797 -0.6897 0.7795, 0.4797 -0.6897 0.7835, 0.4933 -0.6897 0.7795, 0.4797 -0.7237 0.7835, 0.4797 -0.7237 0.7795, 0.498 -0.7237 0.7835, 0.4933 -0.7237 0.7795, 0.498 -0.7237 0.7795, 0.4325 -0.7198 0.7835, 0.446 -0.7198 0.7835, 0.4325 -0.7198 0.7795, 0.446 -0.7198 0.7795, 0.4325 -0.6897 0.7835, 0.4325 -0.6897 0.7795, 0.4281 -0.6897 0.7835, 0.4281 -0.6897 0.7795, 0.4281 -0.7237 0.7835, 0.4281 -0.7237 0.7795, 0.446 -0.7237 0.7835, 0.446 -0.7237 0.7795, 0.446 -0.7237 0.7795
            ]
        }
        coordIndex [
            0,1,2,-1,2,1,3,-1,2,3,4,-1,5,1,6,-1,6,1,0,-1,5,6,7,-1,7,6,8,-1,7,8,9,-1,10,7,11,-1,11,7,9,-1,12,13,14,-1,14,13,10,-1,14,10,11,-1,15,13,16,-1,16,13,12,-1,15,16,17,-1,17,16,18,-1,17,18,19,-1,20,17,21,-1,21,17,19,-1,22,23,24,-1,24,23,20,-1,24,20,21,-1,25,23,26,-1,26,23,22,-1,25,26,27,-1,27,26,28,-1,27,28,29,-1,3,27,4,-1,4,27,29,-1,25,27,3,-1,3,1,25,-1,25,1,5,-1,25,5,23,-1,17,20,15,-1,15,20,23,-1,15,23,13,-1,13,23,5,-1,13,5,10,-1,10,5,7,-1,30,31,32,-1,32,31,33,-1,34,30,35,-1,35,30,32,-1,36,34,37,-1,37,34,35,-1,38,36,39,-1,39,36,37,-1,40,38,41,-1,41,38,39,-1,31,40,33,-1,33,40,41,-1,34,36,30,-1,30,36,38,-1,30,38,31,-1,31,38,40,-1,
        ]
    }
}