#VRML V2.0 utf8
# 3D model generated by easyeda2kicad.py (https://github.com/uPesy/easyeda2kicad.py)

Shape{
    appearance Appearance {
        material  Material 	{
            diffuseColor 0.8392156862745098 0.45098039215686275 0.38823529411764707
            specularColor 0.6705882352941176 0.3607843137254902 0.30980392156862746
            ambientIntensity 0.2
            transparency 0
            shininess 0.5
        }
    }
    geometry IndexedFaceSet {
        ccw TRUE
        solid FALSE
        coord DEF co Coordinate {
            point [
                0.1515 -0.1156 1.1811, 0.1497 -0.1158 1.1811, 0.169 -0.1158 1.1811, 0.0905 0.092 1.1811, 0.0964 0.0927 1.1811, 0.0646 0.0927 1.1811, 0.111 0.0117 1.1811, 0.1059 0.0112 1.1811, 0.1324 0.0112 1.1811, -0.0867 0.0296 1.1811, -0.0712 0.0165 1.1811, -0.0172 0.0927 1.1811, -0.0172 0.0112 1.1811, -0.1617 0.1005 1.1811, -0.1501 0.0927 1.1811, -0.1371 0.0839 1.1811, -0.1182 0.062 1.1811, -0.1064 0.0389 1.1811, -0.1036 0.038 1.1811, -0.2689 0.0999 1.1811, -0.2427 0.11 1.1811, -0.6217 1.2598 1.1811, -0.0172 1.2598 1.1811, -0.2146 0.1135 1.1811, -0.1902 0.1108 1.1811, -0.2806 0.0927 1.1811, -0.6217 0.0927 1.1811, -0.2829 0.0913 1.1811, -0.6217 0.0112 1.1811, -0.4052 0.0112 1.1811, -0.4002 0.0225 1.1811, -0.3865 0.04 1.1811, -0.3434 0.0646 1.1811, -0.321 0.0674 1.1811, -0.2962 0.0798 1.1811, -0.3145 0.067 1.1811, -0.3079 0.0662 1.1811, -0.3826 0.0437 1.1811, -0.3645 0.0564 1.1811, -0.3716 -0.1021 1.1811, -0.3893 -0.0869 1.1811, -0.6217 -0.1158 1.1811, -0.351 -0.1121 1.1811, -0.4023 -0.0684 1.1811, -0.4105 -0.0472 1.1811, -0.6217 -0.0122 1.1811, -0.4132 -0.0249 1.1811, -0.4131 -0.0194 1.1811, -0.4118 -0.0122 1.1811, -0.4093 0.002 1.1811, -0.3438 -0.1142 1.1811, -0.3431 -0.1158 1.1811, -0.3381 -0.1265 1.1811, -0.6217 -0.1475 1.1811, -0.3296 -0.1369 1.1811, -0.3184 -0.1453 1.1811, -0.6217 -1.2598 1.1811, -0.3053 -0.1508 1.1811, -0.3132 -0.1475 1.1811, -0.2661 -0.1475 1.1811, -0.2759 -0.1512 1.1811, -0.0172 -1.2598 1.1811, -0.2897 -0.153 1.1811, -0.2919 -0.1529 1.1811, -0.2364 -0.1158 1.1811, -0.2364 -0.1161 1.1811, -0.0172 -0.1475 1.1811, -0.2432 -0.1287 1.1811, -0.2519 -0.1385 1.1811, -0.2632 -0.1464 1.1811, -0.0526 -0.0171 1.1811, -0.05 -0.0357 1.1811, -0.0172 -0.0122 1.1811, -0.1637 -0.0822 1.1811, -0.1598 -0.0806 1.1811, -0.1531 -0.0482 1.1811, -0.0711 -0.0898 1.1811, -0.0866 -0.1029 1.1811, -0.0172 -0.1158 1.1811, -0.247 -0.0579 1.1811, -0.1707 -0.018 1.1811, -0.257 -0.0488 1.1811, -0.269 -0.0423 1.1811, -0.1672 -0.0847 1.1811, -0.0598 -0.074 1.1811, -0.0856 -0.0312 1.1811, -0.0883 -0.0203 1.1811, -0.0926 -0.0122 1.1811, -0.376 -0.0122 1.1811, -0.0526 -0.056 1.1811, -0.1553 -0.0801 1.1811, -0.1548 -0.0801 1.1811, -0.1531 -0.0805 1.1811, -0.3726 -0.0465 1.1811, -0.3658 -0.058 1.1811, -0.3369 -0.0639 1.1811, -0.3556 -0.0684 1.1811, -0.3432 -0.0761 1.1811, -0.3159 -0.045 1.1811, -0.3275 -0.0531 1.1811, -0.3774 -0.0237 1.1811, -0.3767 -0.0326 1.1811, -0.3033 -0.0402 1.1811, -0.2897 -0.0385 1.1811, -0.2828 -0.0389 1.1811, -0.173 -0.0977 1.1811, -0.1729 -0.0955 1.1811, -0.2328 -0.0903 1.1811, -0.1717 -0.0912 1.1811, -0.1695 -0.0873 1.1811, -0.0969 -0.0664 1.1811, -0.0906 -0.0575 1.1811, -0.0867 -0.0473 1.1811, -0.0853 -0.0362 1.1811, -0.1597 -0.1149 1.1811, -0.1635 -0.1134 1.1811, -0.1672 -0.1108 1.1811, -0.1685 -0.1094 1.1811, -0.171 -0.1058 1.1811, -0.1725 -0.102 1.1811, -0.2331 -0.102 1.1811, -0.2328 -0.096 1.1811, -0.1039 -0.1114 1.1811, -0.1229 -0.1154 1.1811, -0.1565 -0.1154 1.1811, -0.1519 -0.0807 1.1811, -0.1263 -0.0807 1.1811, -0.1161 -0.0787 1.1811, -0.106 -0.074 1.1811, -0.0976 -0.0671 1.1811, -0.1343 0.0082 1.1811, -0.3708 0.0028 1.1811, -0.3757 -0.0099 1.1811, -0.1297 0.0082 1.1811, -0.0936 -0.0105 1.1811, -0.1001 -0.0032 1.1811, -0.109 0.003 1.1811, -0.1189 0.0068 1.1811, -0.1466 0.0424 1.1811, -0.1594 0.0577 1.1811, -0.2903 0.0247 1.1811, -0.1608 0.059 1.1811, -0.1768 0.0701 1.1811, -0.2816 0.0427 1.1811, -0.3649 0.0112 1.1811, -0.2943 0.0269 1.1811, -0.135 0.0112 1.1811, -0.1378 0.0241 1.1811, -0.307 0.0315 1.1811, -0.3204 0.0332 1.1811, -0.3264 0.0329 1.1811, -0.2688 0.0579 1.1811, -0.1947 0.0769 1.1811, -0.2536 0.0691 1.1811, -0.214 0.0793 1.1811, -0.235 0.0766 1.1811, -0.3405 0.0295 1.1811, -0.3532 0.0228 1.1811, -0.3629 0.0141 1.1811, -0.0675 0.0112 1.1811, -0.0596 0.0003 1.1811, -0.0546 -0.0122 1.1811, 0.3173 0.0338 1.1811, 0.2879 0.0338 1.1811, 0.3255 0.0119 1.1811, 0.2879 0.0112 1.1811, 0.3369 0.0119 1.1811, 0.8302 0.0112 1.1811, 0.8302 0.0927 1.1811, 0.3064 0.092 1.1811, 0.2879 0.0927 1.1811, 0.284 0.0338 1.1811, 0.2763 0.0119 1.1811, 0.2626 0.0112 1.1811, 0.2648 0.0119 1.1811, 0.2626 0.0927 1.1811, 0.2879 0.0725 1.1811, 0.2953 0.092 1.1811, 0.169 0.048 1.1811, 0.1474 0.048 1.1811, 0.169 0.0211 1.1811, 0.1474 0.0211 1.1811, 0.1876 0.0927 1.1811, 0.169 0.0927 1.1811, 0.1783 0.092 1.1811, 0.169 0.092 1.1811, 0.1783 0.0828 1.1811, 0.1801 0.0211 1.1811, 0.1876 0.0112 1.1811, 0.1801 0.0119 1.1811, 0.169 0.0112 1.1811, 0.176 0.048 1.1811, 0.176 0.0572 1.1811, 0.169 0.0572 1.1811, 0.169 0.0828 1.1811, 0.1474 0.0828 1.1811, 0.1474 0.0572 1.1811, 0.137 0.092 1.1811, 0.1324 0.0927 1.1811, 0.137 0.0119 1.1811, 0.121 0.0901 1.1811, 0.1137 0.0923 1.1811, 0.11 0.0927 1.1811, 0.169 0.0119 1.1811, 0.121 0.0793 1.1811, 0.1003 0.0198 1.1811, 0.1051 0.02 1.1811, 0.1196 0.0146 1.1811, 0.114 0.0219 1.1811, 0.121 0.0251 1.1811, 0.121 0.0152 1.1811, 0.1107 0.0831 1.1811, 0.1021 0.084 1.1811, 0.0803 0.0751 1.1811, 0.0797 0.0745 1.1811, 0.0758 0.0689 1.1811, 0.0732 0.0619 1.1811, 0.0719 0.0511 1.1811, 0.0719 0.0499 1.1811, 0.0732 0.0402 1.1811, 0.0816 0.0264 1.1811, 0.0869 0.0228 1.1811, 0.0927 0.0206 1.1811, 0.1189 0.0803 1.1811, 0.099 0.0839 1.1811, 0.092 0.0825 1.1811, 0.0857 0.0796 1.1811, 0.0758 0.0337 1.1811, 0.0798 0.0282 1.1811, 0.0646 1.2598 1.1811, 0.102 0.0933 1.1811, 0.1324 1.2598 1.1811, 0.1035 0.0933 1.1811, 0.0821 0.0887 1.1811, 0.0675 0.0751 1.1811, 0.0726 0.0816 1.1811, 0.0744 0.0833 1.1811, 0.0646 0.0323 1.1811, 0.0626 0.0375 1.1811, 0.0598 0.0112 1.1811, 0.061 0.0504 1.1811, 0.0613 0.0563 1.1811, 0.0598 0.0927 1.1811, 0.0634 0.0664 1.1811, 0.0646 0.069 1.1811, 0.0846 0.0128 1.1811, 0.0772 0.0165 1.1811, 0.0646 0.0112 1.1811, 0.0713 0.0215 1.1811, 0.0706 0.0223 1.1811, 0.0658 0.0291 1.1811, 0.0916 0.0112 1.1811, 0.0646 -0.0122 1.1811, 0.0932 0.0109 1.1811, 0.0988 0.0106 1.1811, 0.1324 -0.0122 1.1811, 0.2319 0.0927 1.1811, 0.2319 0.0901 1.1811, 0.2399 0.0871 1.1811, 0.2578 0.0374 1.1811, 0.2536 0.0293 1.1811, 0.2483 0.0814 1.1811, 0.2512 0.0786 1.1811, 0.2561 0.0716 1.1811, 0.2319 0.014 1.1811, 0.2319 0.0112 1.1811, 0.2399 0.0171 1.1811, 0.2483 0.0231 1.1811, 0.2591 0.0639 1.1811, 0.2604 0.053 1.1811, 0.26 0.0466 1.1811, 0.2181 0.092 1.1811, 0.2303 0.0906 1.1811, 0.2307 0.0135 1.1811, 0.2172 0.0119 1.1811, 0.1952 0.0119 1.1811, 0.1952 0.092 1.1811, 0.0956 -0.1144 1.1811, 0.0918 -0.1158 1.1811, 0.1041 -0.1151 1.1811, 0.0721 -0.088 1.1811, 0.0738 -0.0717 1.1811, 0.07 -0.0912 1.1811, 0.0687 -0.0949 1.1811, 0.0991 -0.1121 1.1811, 0.0803 -0.1158 1.1811, 0.0765 -0.1143 1.1811, 0.0646 -0.1158 1.1811, 0.1036 -0.0583 1.1811, 0.1294 -0.0665 1.1811, 0.1313 -0.0638 1.1811, 0.0752 -0.0853 1.1811, 0.0793 -0.0831 1.1811, 0.0803 -0.0675 1.1811, 0.0872 -0.0811 1.1811, 0.0959 -0.0651 1.1811, 0.0925 -0.0648 1.1811, 0.0865 -0.0654 1.1811, 0.0731 -0.1119 1.1811, 0.072 -0.1108 1.1811, 0.0699 -0.1077 1.1811, 0.1069 -0.0602 1.1811, 0.1096 -0.0627 1.1811, 0.1282 -0.0698 1.1811, 0.1117 -0.0659 1.1811, 0.1133 -0.0703 1.1811, 0.0738 -0.0619 1.1811, 0.0771 -0.0601 1.1811, 0.1041 -0.1063 1.1811, 0.1039 -0.1063 1.1811, 0.1023 -0.1087 1.1811, 0.0687 -0.1043 1.1811, 0.0682 -0.0998 1.1811, 0.0849 -0.0575 1.1811, 0.0935 -0.0566 1.1811, 0.0993 -0.0571 1.1811, 0.1307 -0.0824 1.1811, 0.1293 -0.0803 1.1811, 0.1142 -0.0783 1.1811, 0.1282 -0.0772 1.1811, 0.1278 -0.0733 1.1811, 0.1041 -0.0787 1.1811, 0.1038 -0.0743 1.1811, 0.1027 -0.0707 1.1811, 0.1016 -0.0687 1.1811, 0.1323 -0.0841 1.1811, 0.1277 -0.1027 1.1811, 0.1324 -0.0842 1.1811, 0.1312 -0.1049 1.1811, 0.1324 -0.1054 1.1811, 0.1 -0.0671 1.1811, 0.0983 -0.0659 1.1811, 0.0915 -0.1159 1.1811, 0.1324 -0.1475 1.1811, 0.0646 -0.1475 1.1811, 0.0863 -0.1165 1.1811, 0.0805 -0.1158 1.1811, 0.1277 -0.1131 1.1811, 0.1142 -0.1151 1.1811, 0.1324 -0.1148 1.1811, 0.1324 -0.1158 1.1811, 0.1345 -0.1155 1.1811, 0.137 -0.1158 1.1811, 0.1433 -0.1165 1.1811, 0.169 -0.1475 1.1811, 0.1636 -0.0591 1.1811, 0.1636 -0.0689 1.1811, 0.1342 -0.0611 1.1811, 0.137 -0.0595 1.1811, 0.1659 -0.1036 1.1811, 0.1647 -0.1068 1.1811, 0.1628 -0.1094 1.1811, 0.1324 -0.0628 1.1811, 0.1425 -0.0575 1.1811, 0.1501 -0.0566 1.1811, 0.169 -0.0122 1.1811, 0.1565 -0.0571 1.1811, 0.163 -0.0901 1.1811, 0.1649 -0.0929 1.1811, 0.166 -0.0958 1.1811, 0.1664 -0.0995 1.1811, 0.1599 -0.1119 1.1811, 0.157 -0.1137 1.1811, 0.1491 -0.0648 1.1811, 0.1461 -0.065 1.1811, 0.1381 -0.0724 1.1811, 0.1434 -0.0657 1.1811, 0.1412 -0.0669 1.1811, 0.1382 -0.0738 1.1811, 0.1386 -0.0753 1.1811, 0.1394 -0.0767 1.1811, 0.1403 -0.0778 1.1811, 0.1439 -0.08 1.1811, 0.1561 -0.0656 1.1811, 0.1501 -0.0827 1.1811, 0.1618 -0.0678 1.1811, 0.154 -0.0843 1.1811, 0.1606 -0.088 1.1811, 0.1397 -0.0682 1.1811, 0.1388 -0.0695 1.1811, 0.1383 -0.0708 1.1811, 0.1375 -0.1074 1.1811, 0.143 -0.09 1.1811, 0.137 -0.0872 1.1811, 0.1442 -0.1083 1.1811, 0.1447 -0.1083 1.1811, 0.1496 -0.0927 1.1811, 0.1498 -0.1077 1.1811, 0.1561 -0.1005 1.1811, 0.156 -0.0993 1.1811, 0.1524 -0.1067 1.1811, 0.1533 -0.1062 1.1811, 0.1545 -0.1052 1.1811, 0.1554 -0.1039 1.1811, 0.1559 -0.1024 1.1811, 0.1555 -0.0977 1.1811, 0.1547 -0.0964 1.1811, 0.1535 -0.0951 1.1811, 0.2161 -0.0579 1.1811, 0.2265 -0.0579 1.1811, 0.2319 -0.0122 1.1811, 0.1977 -0.1009 1.1811, 0.199 -0.1056 1.1811, 0.1992 -0.1056 1.1811, 0.1876 -0.0122 1.1811, 0.1876 -0.0718 1.1811, 0.2005 -0.101 1.1811, 0.1997 -0.1036 1.1811, 0.1876 -0.0988 1.1811, 0.1716 -0.0579 1.1811, 0.1828 -0.0579 1.1811, 0.1937 -0.1158 1.1811, 0.194 -0.115 1.1811, 0.1876 -0.129 1.1811, 0.1877 -0.129 1.1811, 0.1876 -0.1158 1.1811, 0.1896 -0.1254 1.1811, 0.1737 -0.1323 1.1811, 0.1737 -0.1412 1.1811, 0.1757 -0.133 1.1811, 0.1793 -0.1334 1.1811, 0.1818 -0.1332 1.1811, 0.1876 -0.1402 1.1811, 0.1842 -0.1416 1.1811, 0.1876 -0.1475 1.1811, 0.1801 -0.142 1.1811, 0.1779 -0.142 1.1811, 0.184 -0.1323 1.1811, 0.1858 -0.1311 1.1811, 0.2005 -0.1237 1.1811, 0.196 -0.1326 1.1811, 0.2319 -0.1475 1.1811, 0.2037 -0.1158 1.1811, 0.1923 -0.137 1.1811, 0.1916 -0.1376 1.1811, 0.1881 -0.1401 1.1811, 0.2626 -0.079 1.1811, 0.2476 -0.079 1.1811, 0.2626 -0.106 1.1811, 0.2476 -0.106 1.1811, 0.2785 -0.035 1.1811, 0.2785 -0.0442 1.1811, 0.2879 -0.0122 1.1811, 0.2804 -0.106 1.1811, 0.2879 -0.1158 1.1811, 0.2804 -0.1151 1.1811, 0.2626 -0.1158 1.1811, 0.2763 -0.079 1.1811, 0.2763 -0.0699 1.1811, 0.2626 -0.0699 1.1811, 0.2626 -0.0442 1.1811, 0.2476 -0.0442 1.1811, 0.2476 -0.0699 1.1811, 0.2626 -0.1151 1.1811, 0.2373 -0.1151 1.1811, 0.2319 -0.1158 1.1811, 0.2373 -0.035 1.1811, 0.2626 -0.035 1.1811, 0.2626 -0.0122 1.1811, 0.169 1.2598 1.1811, 0.1876 1.2598 1.1811, 0.2319 1.2598 1.1811, 0.2626 1.2598 1.1811, 0.2879 1.2598 1.1811, 0.8302 1.2598 1.1811, 0.0598 1.2598 1.1811, 0.0578 0.0211 1.1811, 0.0578 0.0119 1.1811, 0.0155 0.0119 1.1811, 0.0155 0.092 1.1811, 0.0259 0.092 1.1811, 0.0259 0.0211 1.1811, 0.0598 -0.0122 1.1811, 0.3765 -0.1151 1.1811, 0.3651 -0.1151 1.1811, 0.4257 -0.1151 1.1811, 0.4176 -0.0932 1.1811, 0.3842 -0.0932 1.1811, 0.4372 -0.1151 1.1811, 0.8302 -0.1158 1.1811, 0.4067 -0.035 1.1811, 0.8302 -0.0122 1.1811, 0.3581 -0.0896 1.1811, 0.3603 -0.0804 1.1811, 0.3956 -0.035 1.1811, 0.3607 -0.074 1.1811, 0.3594 -0.0631 1.1811, 0.3539 -0.0978 1.1811, 0.3486 -0.1039 1.1811, 0.3401 -0.1099 1.1811, 0.2955 -0.035 1.1811, 0.2955 -0.1151 1.1811, 0.3175 -0.1151 1.1811, 0.331 -0.1135 1.1811, 0.3486 -0.0456 1.1811, 0.3515 -0.0484 1.1811, 0.3564 -0.0554 1.1811, 0.3183 -0.035 1.1811, 0.3305 -0.0364 1.1811, 0.3402 -0.0399 1.1811, 0.0598 -0.1158 1.1811, 0.0155 -0.1151 1.1811, 0.0586 -0.1151 1.1811, 0.0586 -0.106 1.1811, 0.0568 -0.0442 1.1811, 0.0155 -0.035 1.1811, 0.0568 -0.035 1.1811, 0.0259 -0.079 1.1811, 0.0259 -0.106 1.1811, 0.0545 -0.079 1.1811, 0.0545 -0.0699 1.1811, 0.0259 -0.0699 1.1811, 0.0259 -0.0442 1.1811, 0.2626 -0.1475 1.1811, 0.2879 -0.1475 1.1811, 0.8302 -0.1475 1.1811, 0.0598 -0.1475 1.1811, 0.0598 -1.2598 1.1811, 0.0646 -1.2598 1.1811, 0.1324 -1.2598 1.1811, 0.169 -1.2598 1.1811, 0.1876 -1.2598 1.1811, 0.2319 -1.2598 1.1811, 0.2626 -1.2598 1.1811, 0.2879 -1.2598 1.1811, 0.8302 -1.2598 1.1811, -0.8302 1.2598 1.1811, -0.8302 0.0927 1.1811, -0.8302 0.0112 1.1811, -0.8302 -0.0122 1.1811, -0.8302 -0.1158 1.1811, -0.8302 -0.1475 1.1811, -0.8302 -1.2598 1.1811, -1.6929 -0.5512 0.0, -2.5197 -0.5118 0.0, -1.6929 1.2598 0.0, -2.5197 1.2205 0.0, -2.5082 -0.5396 0.0, -2.5144 -0.5315 0.0, -2.5 -0.5459 0.0, -2.4905 -0.5498 0.0, -2.4803 -0.5512 0.0, -2.5183 -0.522 0.0, -2.5 1.2546 0.0, -2.4905 1.2585 0.0, -2.4803 1.2598 0.0, -2.5183 1.2307 0.0, -2.5144 1.2402 0.0, -2.5082 1.2483 0.0, -2.5591 -0.5118 0.0394, -2.5591 -0.5118 0.378, -2.5591 1.2205 0.0394, -2.5591 1.2205 0.378, -1.6929 1.2598 0.4173, -2.5197 1.2205 0.4173, -1.6929 -0.5512 0.4173, -2.5197 -0.5118 0.4173, -2.4803 -0.5512 0.4173, -2.4905 -0.5498 0.4173, -2.4803 1.2598 0.4173, -2.4905 1.2585 0.4173, -2.5 1.2546 0.4173, -2.5082 1.2483 0.4173, -2.5144 1.2402 0.4173, -2.5183 1.2307 0.4173, -2.5183 -0.522 0.4173, -2.5144 -0.5315 0.4173, -2.5 -0.5459 0.4173, -2.5082 -0.5396 0.4173, -1.6526 -0.5512 0.4253, -1.6439 -0.5521 0.4296, -1.6438 1.2598 0.4293, -1.6314 -0.555 0.4369, -1.6229 -0.56 0.4438, -1.6228 1.2598 0.4437, -1.6067 -0.5794 0.4614, -1.6058 -0.5813 0.4627, -1.6058 1.2598 0.4627, -1.6145 -0.5675 0.4519, -1.6207 -0.5614 0.4456, -1.6391 -0.5526 0.432, -1.6678 -0.5512 0.4207, -1.6676 1.2598 0.4204, -1.6724 -0.5512 0.4193, 1.6724 -0.5512 0.4193, 1.6929 -0.5512 0.4173, 1.6929 1.2598 0.4173, 1.6678 -0.5512 0.4207, 1.6676 1.2598 0.4204, 1.6526 -0.5512 0.4253, 1.6438 1.2598 0.4293, 1.6439 -0.5521 0.4296, 1.6391 -0.5526 0.432, 1.6228 1.2598 0.4437, 1.6314 -0.555 0.4369, 1.6058 1.2598 0.4627, 1.6058 -0.5813 0.4627, 1.6067 -0.5794 0.4614, 1.6145 -0.5675 0.4519, 1.6207 -0.5614 0.4456, 1.6229 -0.56 0.4438, 2.5197 -0.5118 0.4173, 2.5197 1.2205 0.4173, 2.5082 -0.5396 0.4173, 2.5144 -0.5315 0.4173, 2.5 -0.5459 0.4173, 2.4905 -0.5498 0.4173, 2.4803 -0.5512 0.4173, 2.5183 -0.522 0.4173, 2.5 1.2546 0.4173, 2.4905 1.2585 0.4173, 2.4803 1.2598 0.4173, 2.5183 1.2307 0.4173, 2.5144 1.2402 0.4173, 2.5082 1.2483 0.4173, 2.5591 1.2205 0.0394, 2.5591 1.2205 0.378, 2.5591 -0.5118 0.0394, 2.5591 -0.5118 0.378, 2.4905 -0.5498 0.0, 2.4803 -0.5512 0.0, 2.5197 -0.5118 0.0, 1.6929 -0.5512 0.0, 2.5197 1.2205 0.0, 1.6929 1.2598 0.0, 2.4803 1.2598 0.0, 2.4905 1.2585 0.0, 2.5 1.2546 0.0, 2.5183 -0.522 0.0, 2.5144 -0.5315 0.0, 2.5 -0.5459 0.0, 2.5082 -0.5396 0.0, 2.5082 1.2483 0.0, 2.5144 1.2402 0.0, 2.5183 1.2307 0.0, 1.2907 -0.5575 0.1884, 1.2768 -0.5668 0.2057, 1.264 1.2598 0.2233, 1.268 -0.576 0.2177, 1.264 -0.5813 0.2233, 1.6095 1.2598 0.0067, 1.6098 -0.5512 0.0066, 1.5933 1.2598 0.0107, 1.5933 -0.5512 0.0107, 1.5282 1.2598 0.0266, 1.5289 -0.5512 0.0264, 1.4974 1.2598 0.0396, 1.4974 -0.5512 0.0396, 1.4511 1.2598 0.0592, 1.4521 -0.5512 0.0587, 1.4086 1.2598 0.0858, 1.4086 -0.5512 0.0858, 1.3802 1.2598 0.1036, 1.3814 -0.5512 0.1028, 1.3299 1.2598 0.1478, 1.3298 -0.5512 0.1477, 1.3173 1.2598 0.1588, 1.3185 -0.5512 0.1575, 1.3019 -0.5533 0.1753, -1.6098 -0.5512 0.0066, -1.6095 1.2598 0.0067, -1.5933 -0.5512 0.0107, -1.5933 1.2598 0.0107, -1.5289 -0.5512 0.0264, -1.5282 1.2598 0.0266, -1.4974 -0.5512 0.0396, -1.4974 1.2598 0.0396, -1.4521 -0.5512 0.0587, -1.4511 1.2598 0.0592, -1.4086 -0.5512 0.0858, -1.4086 1.2598 0.0858, -1.3814 -0.5512 0.1028, -1.3802 1.2598 0.1036, -1.3298 -0.5512 0.1477, -1.264 -0.5813 0.2233, -1.268 -0.576 0.2177, -1.264 1.2598 0.2233, -1.2768 -0.5668 0.2057, -1.2907 -0.5575 0.1884, -1.3019 -0.5533 0.1753, -1.3185 -0.5512 0.1575, -1.3173 1.2598 0.1588, -1.3299 1.2598 0.1478, -2.5144 -1.2402 0.0, -2.5183 -1.2307 0.0, -2.5197 -1.2205 0.0, -2.4905 -0.9856 0.0, -2.4803 -0.9843 0.0, -2.5197 -1.0236 0.0, -1.6929 -0.9843 0.0, -1.6929 -1.2598 0.0, -2.4803 -1.2598 0.0, -2.4905 -1.2585 0.0, -2.5 -1.2546 0.0, -2.5082 -1.2483 0.0, -2.5183 -1.0134 0.0, -2.5144 -1.0039 0.0, -2.5 -0.9895 0.0, -2.5082 -0.9958 0.0, -2.5591 -1.2205 0.0394, -2.5591 -1.2205 0.378, -2.5591 -1.0236 0.0394, -2.5591 -1.0236 0.378, -1.6929 -0.9843 0.4173, -2.5197 -1.0236 0.4173, -1.6929 -1.2598 0.4173, -2.5197 -1.2205 0.4173, -2.4803 -1.2598 0.4173, -2.5082 -0.9958 0.4173, -2.5144 -1.0039 0.4173, -2.5 -0.9895 0.4173, -2.4905 -0.9856 0.4173, -2.4803 -0.9843 0.4173, -2.5183 -1.0134 0.4173, -2.5082 -1.2483 0.4173, -2.5144 -1.2402 0.4173, -2.5183 -1.2307 0.4173, -2.5 -1.2546 0.4173, -2.4905 -1.2585 0.4173, -1.6724 -0.9843 0.4193, -1.6676 -1.2598 0.4204, -1.6678 -0.9843 0.4207, -1.6526 -0.9843 0.4253, -1.6438 -1.2598 0.4293, -1.6439 -0.9834 0.4296, -1.6391 -0.9828 0.432, -1.6228 -1.2598 0.4437, -1.6314 -0.9805 0.4369, -1.6058 -1.2598 0.4627, -1.6058 -0.9542 0.4627, -1.6067 -0.956 0.4614, -1.6145 -0.968 0.4519, -1.6207 -0.9741 0.4456, -1.6229 -0.9754 0.4438, -1.2591 1.2598 0.9578, -1.5963 -0.9358 0.4763, -1.2591 -1.2598 0.9578, -1.5892 -0.9144 0.4865, -1.5963 -0.5996 0.4763, -1.5892 -0.6211 0.4865, -1.5847 -0.6446 0.4928, -1.5833 -0.6693 0.4949, -1.5833 -0.8661 0.4949, -1.5847 -0.8908 0.4928, -0.9136 -1.2598 1.1744, -0.9136 1.2598 1.1744, -0.9299 -1.2598 1.1704, -0.9299 1.2598 1.1704, -0.9949 -1.2598 1.1545, -0.9949 1.2598 1.1545, -1.0257 -1.2598 1.1415, -1.0257 1.2598 1.1415, -1.072 -1.2598 1.1219, -1.072 1.2598 1.1219, -1.1145 -1.2598 1.0953, -1.1145 1.2598 1.0953, -1.1429 -1.2598 1.0775, -1.1429 1.2598 1.0775, -1.1932 -1.2598 1.0333, -1.1932 1.2598 1.0333, -1.2058 -1.2598 1.0223, -1.2058 1.2598 1.0223, 1.2591 -1.2598 0.9578, 1.2591 1.2598 0.9578, 1.2058 -1.2598 1.0223, 1.2058 1.2598 1.0223, 1.1932 -1.2598 1.0333, 1.1932 1.2598 1.0333, 1.1429 -1.2598 1.0775, 1.1429 1.2598 1.0775, 1.1145 -1.2598 1.0953, 1.1145 1.2598 1.0953, 1.072 -1.2598 1.1219, 1.072 1.2598 1.1219, 1.0257 -1.2598 1.1415, 1.0257 1.2598 1.1415, 0.9949 -1.2598 1.1545, 0.9949 1.2598 1.1545, 0.9299 -1.2598 1.1704, 0.9299 1.2598 1.1704, 0.9136 -1.2598 1.1744, 0.9136 1.2598 1.1744, 1.6058 -1.2598 0.4627, 1.6058 -0.9542 0.4627, 1.5963 -0.9358 0.4763, 1.5892 -0.9144 0.4865, 1.5847 -0.8908 0.4928, 1.5833 -0.8661 0.4949, 1.5963 -0.5996 0.4763, 1.5833 -0.6693 0.4949, 1.5847 -0.6446 0.4928, 1.5892 -0.6211 0.4865, 1.6526 -0.9843 0.4253, 1.6439 -0.9834 0.4296, 1.6438 -1.2598 0.4293, 1.6207 -0.9741 0.4456, 1.6229 -0.9754 0.4438, 1.6228 -1.2598 0.4437, 1.6314 -0.9805 0.4369, 1.6145 -0.968 0.4519, 1.6067 -0.956 0.4614, 1.6391 -0.9828 0.432, 1.6678 -0.9843 0.4207, 1.6676 -1.2598 0.4204, 1.6724 -0.9843 0.4193, 1.6929 -1.2598 0.4173, 1.6929 -0.9843 0.4173, 2.5144 -1.2402 0.4173, 2.5183 -1.2307 0.4173, 2.5197 -1.2205 0.4173, 2.4905 -0.9856 0.4173, 2.4803 -0.9843 0.4173, 2.5197 -1.0236 0.4173, 2.4803 -1.2598 0.4173, 2.4905 -1.2585 0.4173, 2.5 -1.2546 0.4173, 2.5082 -1.2483 0.4173, 2.5183 -1.0134 0.4173, 2.5144 -1.0039 0.4173, 2.5 -0.9895 0.4173, 2.5082 -0.9958 0.4173, 2.5591 -1.0236 0.0394, 2.5591 -1.0236 0.378, 2.5591 -1.2205 0.0394, 2.5591 -1.2205 0.378, 1.6929 -0.9843 0.0, 2.5197 -1.0236 0.0, 1.6929 -1.2598 0.0, 2.5197 -1.2205 0.0, 2.4803 -1.2598 0.0, 2.5082 -0.9958 0.0, 2.5144 -1.0039 0.0, 2.5 -0.9895 0.0, 2.4905 -0.9856 0.0, 2.4803 -0.9843 0.0, 2.5183 -1.0134 0.0, 2.5082 -1.2483 0.0, 2.5144 -1.2402 0.0, 2.5183 -1.2307 0.0, 2.5 -1.2546 0.0, 2.4905 -1.2585 0.0, 1.2768 -0.9687 0.2057, 1.264 -1.2598 0.2233, 1.268 -0.9595 0.2177, 1.264 -0.9542 0.2233, 1.6098 -0.9843 0.0066, 1.6095 -1.2598 0.0067, 1.5933 -0.9843 0.0107, 1.5933 -1.2598 0.0107, 1.5289 -0.9843 0.0264, 1.5282 -1.2598 0.0266, 1.4974 -0.9843 0.0396, 1.4974 -1.2598 0.0396, 1.4521 -0.9843 0.0587, 1.4511 -1.2598 0.0592, 1.4086 -0.9843 0.0858, 1.4086 -1.2598 0.0858, 1.3814 -0.9843 0.1028, 1.3802 -1.2598 0.1036, 1.3298 -0.9843 0.1477, 1.3299 -1.2598 0.1478, 1.3185 -0.9843 0.1575, 1.3173 -1.2598 0.1588, 1.3019 -0.9821 0.1753, 1.2907 -0.9779 0.1884, 0.9173 1.2598 0.7185, 1.2414 -0.8661 0.2555, 1.2429 -0.8908 0.2534, 0.9173 -1.2598 0.7185, 1.2414 -0.6693 0.2555, 1.2544 -0.9358 0.2369, 1.2473 -0.9144 0.2471, 1.2544 -0.5996 0.2369, 1.2473 -0.6211 0.2471, 1.2429 -0.6446 0.2534, 0.9003 1.2598 0.7374, 0.9003 -1.2598 0.7374, 0.8793 1.2598 0.7518, 0.8793 -1.2598 0.7518, 0.8555 1.2598 0.7607, 0.8555 -1.2598 0.7607, 0.8302 1.2598 0.7638, 0.8302 -1.2598 0.7638, -0.8302 1.2598 0.7638, -0.8302 -1.2598 0.7638, -0.8555 1.2598 0.7607, -0.8555 -1.2598 0.7607, -0.8793 1.2598 0.7518, -0.8793 -1.2598 0.7518, -0.9003 1.2598 0.7374, -0.9003 -1.2598 0.7374, -0.9173 1.2598 0.7185, -0.9173 -1.2598 0.7185, -1.264 -1.2598 0.2233, -1.264 -0.9542 0.2233, -1.2544 -0.9358 0.2369, -1.2473 -0.9144 0.2471, -1.2429 -0.8908 0.2534, -1.2414 -0.8661 0.2555, -1.2544 -0.5996 0.2369, -1.2414 -0.6693 0.2555, -1.2429 -0.6446 0.2534, -1.2473 -0.6211 0.2471, -1.2907 -0.9779 0.1884, -1.2768 -0.9687 0.2057, -1.268 -0.9595 0.2177, -1.6095 -1.2598 0.0067, -1.6098 -0.9843 0.0066, -1.5933 -1.2598 0.0107, -1.5933 -0.9843 0.0107, -1.5282 -1.2598 0.0266, -1.5289 -0.9843 0.0264, -1.4974 -1.2598 0.0396, -1.4974 -0.9843 0.0396, -1.4511 -1.2598 0.0592, -1.4521 -0.9843 0.0587, -1.4086 -1.2598 0.0858, -1.4086 -0.9843 0.0858, -1.3802 -1.2598 0.1036, -1.3814 -0.9843 0.1028, -1.3299 -1.2598 0.1478, -1.3298 -0.9843 0.1477, -1.3173 -1.2598 0.1588, -1.3185 -0.9843 0.1575, -1.3019 -0.9821 0.1753, -0.8975 1.2992 0.7867, -0.9262 1.2992 0.767, -1.1194 1.2992 1.0459, 2.4803 1.2992 0.378, 2.4803 1.2992 0.0394, 1.6929 1.2992 0.378, 1.6929 1.2992 0.0394, 1.6583 1.2992 0.3821, 0.8648 1.2992 0.799, 0.9825 1.2992 1.1172, 0.8975 1.2992 0.7867, 1.0538 1.2992 1.087, 0.9262 1.2992 0.767, 1.6158 1.2992 0.0456, 1.5406 1.2992 0.0639, 1.6257 1.2992 0.3944, -1.6257 1.2992 0.3944, -1.5406 1.2992 0.0639, -1.6583 1.2992 0.3821, -1.6158 1.2992 0.0456, -1.6929 1.2992 0.378, -1.6929 1.2992 0.0394, -2.4803 1.2992 0.378, -2.4803 1.2992 0.0394, 1.4693 1.2992 0.0941, 1.4037 1.2992 0.1352, 1.5969 1.2992 0.4141, 1.3456 1.2992 0.1862, 1.5736 1.2992 0.4401, 1.2962 1.2992 0.2459, 1.2269 1.2992 0.9352, 0.9495 1.2992 0.741, 1.1776 1.2992 0.9949, 1.1194 1.2992 1.0459, -1.5969 1.2992 0.4141, -1.4037 1.2992 0.1352, -1.4693 1.2992 0.0941, -1.1776 1.2992 0.9949, -0.9495 1.2992 0.741, -1.2269 1.2992 0.9352, -1.0538 1.2992 1.087, -0.9825 1.2992 1.1172, -0.8648 1.2992 0.799, -0.9073 1.2992 1.1355, -0.8302 1.2992 0.8031, -0.8302 1.2992 1.1417, 0.8302 1.2992 0.8031, 0.8302 1.2992 1.1417, 0.9073 1.2992 1.1355, -1.5736 1.2992 0.4401, -1.2962 1.2992 0.2459, -1.3456 1.2992 0.1862, -1.6929 -1.2992 0.378, -2.4803 -1.2992 0.378, -2.4803 -1.2992 0.0394, -1.6929 -1.2992 0.0394, -1.6158 -1.2992 0.0456, -1.6583 -1.2992 0.3821, -1.5406 -1.2992 0.0639, -1.6257 -1.2992 0.3944, -1.4693 -1.2992 0.0941, -1.5969 -1.2992 0.4141, -0.8648 -1.2992 0.799, -0.9825 -1.2992 1.1172, -0.8975 -1.2992 0.7867, -1.0538 -1.2992 1.087, -0.9262 -1.2992 0.767, 0.8975 -1.2992 0.7867, 0.9825 -1.2992 1.1172, 0.8648 -1.2992 0.799, 0.9073 -1.2992 1.1355, 0.8302 -1.2992 0.8031, 0.8302 -1.2992 1.1417, -0.8302 -1.2992 0.8031, -0.8302 -1.2992 1.1417, -0.9073 -1.2992 1.1355, 0.9262 -1.2992 0.767, 1.1194 -1.2992 1.0459, 1.0538 -1.2992 1.087, 2.4803 -1.2992 0.0394, 2.4803 -1.2992 0.378, 1.6929 -1.2992 0.0394, 1.6929 -1.2992 0.378, 1.6158 -1.2992 0.0456, 1.6583 -1.2992 0.3821, 1.5406 -1.2992 0.0639, 1.6257 -1.2992 0.3944, 1.4693 -1.2992 0.0941, 1.4037 -1.2992 0.1352, 1.5969 -1.2992 0.4141, 1.3456 -1.2992 0.1862, 1.5736 -1.2992 0.4401, 1.2962 -1.2992 0.2459, 0.9495 -1.2992 0.741, 1.2269 -1.2992 0.9352, 1.1776 -1.2992 0.9949, -1.4037 -1.2992 0.1352, -1.3456 -1.2992 0.1862, -1.5736 -1.2992 0.4401, -1.2962 -1.2992 0.2459, -1.2269 -1.2992 0.9352, -0.9495 -1.2992 0.741, -1.1776 -1.2992 0.9949, -1.1194 -1.2992 1.0459, -1.2962 -0.8661 0.2459, -1.5736 -0.8661 0.4401, -1.2962 -0.6693 0.2459, -1.5736 -0.6693 0.4401, -1.5412 -0.5906 0.0637, -1.6377 -0.5906 0.3888, -1.6648 -0.5906 0.3807, -1.4702 -0.5906 0.0936, -1.4048 -0.5906 0.1344, -1.3467 -0.5906 0.1851, -2.4803 -0.5906 0.378, -2.4803 -0.5906 0.0394, -1.6929 -0.5906 0.378, -1.6929 -0.5906 0.0394, -1.6161 -0.5906 0.0455, -1.6377 -0.9449 0.3888, -1.3467 -0.9449 0.1851, -1.4048 -0.9449 0.1344, -2.4803 -0.9449 0.0394, -2.4803 -0.9449 0.378, -1.6929 -0.9449 0.0394, -1.6929 -0.9449 0.378, -1.6161 -0.9449 0.0455, -1.6648 -0.9449 0.3807, -1.5412 -0.9449 0.0637, -1.4702 -0.9449 0.0936, 1.2962 -0.6693 0.2459, 1.5736 -0.6693 0.4401, 1.2962 -0.8661 0.2459, 1.5736 -0.8661 0.4401, 1.6377 -0.5906 0.3888, 1.3467 -0.5906 0.1851, 1.4048 -0.5906 0.1344, 2.4803 -0.5906 0.0394, 2.4803 -0.5906 0.378, 1.6929 -0.5906 0.0394, 1.6929 -0.5906 0.378, 1.6161 -0.5906 0.0455, 1.6648 -0.5906 0.3807, 1.5412 -0.5906 0.0637, 1.4702 -0.5906 0.0936, 1.5412 -0.9449 0.0637, 1.6377 -0.9449 0.3888, 1.6648 -0.9449 0.3807, 1.4702 -0.9449 0.0936, 1.4048 -0.9449 0.1344, 1.3467 -0.9449 0.1851, 2.4803 -0.9449 0.378, 2.4803 -0.9449 0.0394, 1.6929 -0.9449 0.378, 1.6929 -0.9449 0.0394, 1.6161 -0.9449 0.0455, -2.5007 -1.2965 0.378, -2.5007 -1.2965 0.0394, -2.5197 -1.2887 0.378, -2.5197 -1.2887 0.0394, -2.536 -1.2761 0.378, -2.536 -1.2761 0.0394, -2.5485 -1.2598 0.378, -2.5485 -1.2598 0.0394, -2.5564 -1.2409 0.378, -2.5564 -1.2409 0.0394, -2.5564 -1.0032 0.378, -2.5564 -1.0032 0.0394, -2.5485 -0.9843 0.378, -2.5485 -0.9843 0.0394, -2.536 -0.9679 0.378, -2.536 -0.9679 0.0394, -2.5197 -0.9554 0.378, -2.5197 -0.9554 0.0394, -2.5007 -0.9476 0.378, -2.5007 -0.9476 0.0394, -2.5564 -0.5322 0.0394, -2.5564 -0.5322 0.378, -2.5485 -0.5512 0.0394, -2.5485 -0.5512 0.378, -2.536 -0.5675 0.0394, -2.536 -0.5675 0.378, -2.5197 -0.58 0.0394, -2.5197 -0.58 0.378, -2.5007 -0.5879 0.0394, -2.5007 -0.5879 0.378, -2.5007 1.2965 0.0394, -2.5007 1.2965 0.378, -2.5197 1.2887 0.0394, -2.5197 1.2887 0.378, -2.536 1.2761 0.0394, -2.536 1.2761 0.378, -2.5485 1.2598 0.0394, -2.5485 1.2598 0.378, -2.5564 1.2409 0.0394, -2.5564 1.2409 0.378, 2.5007 1.2965 0.378, 2.5007 1.2965 0.0394, 2.5197 1.2887 0.378, 2.5197 1.2887 0.0394, 2.536 1.2761 0.378, 2.536 1.2761 0.0394, 2.5485 1.2598 0.378, 2.5485 1.2598 0.0394, 2.5564 1.2409 0.378, 2.5564 1.2409 0.0394, 2.5564 -0.5322 0.378, 2.5564 -0.5322 0.0394, 2.5485 -0.5512 0.378, 2.5485 -0.5512 0.0394, 2.536 -0.5675 0.378, 2.536 -0.5675 0.0394, 2.5197 -0.58 0.378, 2.5197 -0.58 0.0394, 2.5007 -0.5879 0.378, 2.5007 -0.5879 0.0394, 2.5007 -1.2965 0.0394, 2.5007 -1.2965 0.378, 2.5197 -1.2887 0.0394, 2.5197 -1.2887 0.378, 2.536 -1.2761 0.0394, 2.536 -1.2761 0.378, 2.5485 -1.2598 0.0394, 2.5485 -1.2598 0.378, 2.5564 -1.2409 0.0394, 2.5564 -1.2409 0.378, 2.5564 -1.0032 0.0394, 2.5564 -1.0032 0.378, 2.5485 -0.9843 0.0394, 2.5485 -0.9843 0.378, 2.536 -0.9679 0.0394, 2.536 -0.9679 0.378, 2.5197 -0.9554 0.0394, 2.5197 -0.9554 0.378, 2.5007 -0.9476 0.0394, 2.5007 -0.9476 0.378, 1.3193 -0.9345 0.2136, 1.3192 -0.9343 0.2138, 1.5973 -0.9343 0.4086, 1.3282 -0.9407 0.2032, 1.6031 -0.9381 0.4037, 1.3318 -0.942 0.1994, 1.6138 -0.9422 0.397, 1.3356 -0.9435 0.1954, 1.6144 -0.9423 0.3967, 1.6226 -0.9439 0.3931, 1.2972 -0.8826 0.2444, 1.5746 -0.8826 0.4386, 1.298 -0.8864 0.2434, 1.5753 -0.8864 0.4376, 1.3002 -0.8983 0.2402, 1.5775 -0.8983 0.4344, 1.3025 -0.9053 0.2369, 1.5799 -0.9053 0.4311, 1.3049 -0.9126 0.2335, 1.5823 -0.9126 0.4277, 1.3096 -0.9216 0.2268, 1.587 -0.9216 0.421, 1.3113 -0.9248 0.2244, 1.5886 -0.9248 0.4186, 1.3138 -0.9284 0.2209, 1.5895 -0.9261 0.4174, 1.5969 -0.934 0.409, 1.5746 -0.6529 0.4386, 1.2972 -0.6529 0.2444, 1.5748 -0.6518 0.4384, 1.2974 -0.6518 0.2442, 1.5775 -0.6371 0.4344, 1.3002 -0.6371 0.2402, 1.5782 -0.6352 0.4335, 1.3008 -0.6352 0.2393, 1.5823 -0.6229 0.4277, 1.3049 -0.6229 0.2335, 1.5836 -0.6204 0.4258, 1.3062 -0.6204 0.2316, 1.5886 -0.6106 0.4186, 1.3113 -0.6106 0.2244, 1.5895 -0.6094 0.4174, 1.3133 -0.6078 0.2216, 1.5909 -0.6079 0.4158, 1.3338 -0.5927 0.1974, 1.6031 -0.5973 0.4037, 1.3282 -0.5948 0.2032, 1.6014 -0.5984 0.4051, 1.3226 -0.5987 0.2098, 1.5969 -0.6014 0.409, 1.3193 -0.6009 0.2136, 1.3138 -0.6071 0.2209, 1.6226 -0.5915 0.3931, 1.3356 -0.592 0.1954, 1.6168 -0.5926 0.3956, 1.6144 -0.5931 0.3967, -1.3192 -0.9343 0.2138, -1.5973 -0.9343 0.4086, -1.3138 -0.9284 0.2209, -1.5969 -0.934 0.409, -1.5895 -0.9261 0.4174, -1.3096 -0.9216 0.2268, -1.3113 -0.9248 0.2244, -1.5746 -0.8826 0.4386, -1.2972 -0.8826 0.2444, -1.5753 -0.8864 0.4376, -1.298 -0.8864 0.2434, -1.5775 -0.8983 0.4344, -1.3002 -0.8983 0.2402, -1.5799 -0.9053 0.4311, -1.3025 -0.9053 0.2369, -1.5823 -0.9126 0.4277, -1.3049 -0.9126 0.2335, -1.587 -0.9216 0.421, -1.5886 -0.9248 0.4186, -1.6226 -0.9439 0.3931, -1.6144 -0.9423 0.3967, -1.3356 -0.9435 0.1954, -1.6138 -0.9422 0.397, -1.3318 -0.942 0.1994, -1.6031 -0.9381 0.4037, -1.3282 -0.9407 0.2032, -1.3193 -0.9345 0.2136, -1.3193 -0.6009 0.2136, -1.3192 -0.6011 0.2138, -1.5973 -0.6011 0.4086, -1.3282 -0.5948 0.2032, -1.6031 -0.5973 0.4037, -1.3318 -0.5934 0.1994, -1.6138 -0.5933 0.397, -1.3356 -0.592 0.1954, -1.6144 -0.5931 0.3967, -1.6226 -0.5915 0.3931, -1.2972 -0.6529 0.2444, -1.5746 -0.6529 0.4386, -1.298 -0.649 0.2434, -1.5753 -0.649 0.4376, -1.3002 -0.6371 0.2402, -1.5775 -0.6371 0.4344, -1.3025 -0.6301 0.2369, -1.5799 -0.6301 0.4311, -1.3049 -0.6229 0.2335, -1.5823 -0.6229 0.4277, -1.3096 -0.6138 0.2268, -1.587 -0.6138 0.421, -1.3113 -0.6106 0.2244, -1.5886 -0.6106 0.4186, -1.3138 -0.6071 0.2209, -1.5895 -0.6094 0.4174, -1.5969 -0.6014 0.409, -1.2691 -0.9466 0.2186, -1.2681 -0.9476 0.2191, -1.2719 -0.9526 0.2139, -1.2772 -0.946 0.2115, -1.2737 -0.9414 0.2162, -1.2879 -0.9312 0.215, -1.2842 -0.9336 0.2149, -1.2836 -0.9402 0.2105, -1.2804 -0.9359 0.2148, -1.2759 -0.9396 0.2157, -1.3024 -0.9259 0.2194, -1.2958 -0.9277 0.2167, -1.2986 -0.9315 0.213, -1.2932 -0.9289 0.2161, -1.3063 -0.9292 0.2164, -1.3037 -0.9256 0.2199, -1.3121 -0.9355 0.2088, -1.3214 -0.9418 0.198, -1.2802 -0.9612 0.2029, -1.2849 -0.954 0.2014, -1.2932 -0.9698 0.1869, -1.297 -0.962 0.1866, -1.3037 -0.9736 0.1748, -1.3069 -0.9656 0.1755, -1.2909 -0.9352 0.211, -1.2908 -0.9476 0.2013, -1.2975 -0.9422 0.2025, -1.3021 -0.955 0.1877, -1.308 -0.9491 0.19, -1.3112 -0.9583 0.1775, -1.3165 -0.9522 0.1807, -1.3047 -0.9381 0.2051, -1.3145 -0.9447 0.1935, -1.3225 -0.9476 0.1849, -1.329 -0.9446 0.1899, -1.3192 -0.9755 0.1582, -1.3196 -0.9741 0.1586, -1.3213 -0.9672 0.1603, -1.3224 -0.9647 0.1614, -1.3247 -0.9597 0.1635, -1.3269 -0.9566 0.1657, -1.3291 -0.9535 0.1679, -1.3327 -0.9503 0.1714, -1.3404 -0.9459 0.1789, -1.3394 -0.9464 0.178, -1.3345 -0.9488 0.1731, -1.2911 -0.8988 0.2354, -1.2881 -0.8829 0.2397, -1.2603 -0.9298 0.2309, -1.2679 -0.9242 0.2269, -1.2768 -0.9194 0.2251, -1.2864 -0.9157 0.2257, -1.2537 -0.9102 0.2403, -1.2619 -0.9063 0.2354, -1.2713 -0.903 0.2329, -1.2813 -0.9004 0.2329, -1.296 -0.9134 0.2285, -1.2483 -0.8661 0.248, -1.2497 -0.8887 0.246, -1.257 -0.8661 0.2424, -1.2583 -0.8867 0.2407, -1.2668 -0.8661 0.2393, -1.268 -0.885 0.2377, -1.2771 -0.8661 0.2389, -1.2781 -0.8837 0.2374, -1.2871 -0.8661 0.2411, -1.6101 -0.9741 0.008, -1.4527 -0.9741 0.0599, -1.3821 -0.9741 0.1039, -1.3845 -0.9646 0.107, -1.3882 -0.9564 0.112, -1.3931 -0.9502 0.1186, -1.3987 -0.9462 0.1262, -1.4545 -0.9646 0.0634, -1.4574 -0.9564 0.0689, -1.4611 -0.9502 0.0762, -1.4655 -0.9462 0.0846, -1.5293 -0.9741 0.0276, -1.5305 -0.9646 0.0314, -1.5325 -0.9564 0.0373, -1.535 -0.9502 0.0451, -1.538 -0.9462 0.0541, -1.6107 -0.9646 0.0118, -1.6117 -0.9564 0.018, -1.613 -0.9502 0.0261, -1.6145 -0.9462 0.0354, -1.6929 -0.9741 0.0013, -1.6929 -0.9646 0.0053, -1.6929 -0.9564 0.0115, -1.6929 -0.9502 0.0197, -1.6929 -0.9462 0.0292, -1.2871 -0.6693 0.2411, -1.2771 -0.6693 0.2389, -1.2668 -0.6693 0.2393, -1.257 -0.6693 0.2424, -1.2483 -0.6693 0.248, -2.4803 -0.9462 0.0292, -2.4803 -0.9502 0.0197, -2.4803 -0.9564 0.0115, -2.4803 -0.9646 0.0053, -2.4803 -0.9741 0.0013, -1.2911 -0.6366 0.2354, -1.296 -0.6221 0.2285, -1.3024 -0.6096 0.2193, -1.2864 -0.6197 0.2257, -1.2932 -0.6067 0.216, -1.2768 -0.616 0.2251, -1.2841 -0.602 0.2147, -1.2679 -0.6112 0.2269, -1.2758 -0.5959 0.2156, -1.2603 -0.6056 0.2309, -1.269 -0.5889 0.2185, -1.2813 -0.635 0.2329, -1.2713 -0.6324 0.2329, -1.2619 -0.6291 0.2354, -1.2537 -0.6252 0.2403, -1.2881 -0.6526 0.2397, -1.2781 -0.6518 0.2374, -1.268 -0.6504 0.2377, -1.2583 -0.6487 0.2407, -1.2497 -0.6468 0.246, -2.5577 -1.0236 0.0292, -2.5551 -1.0036 0.0292, -2.5538 -1.0236 0.0197, -2.5513 -1.0046 0.0197, -2.5475 -1.0236 0.0115, -2.5452 -1.0062 0.0115, -2.5394 -1.0236 0.0053, -2.5374 -1.0083 0.0053, -2.5299 -1.0236 0.0013, -2.5282 -1.0108 0.0013, -2.5473 -0.9849 0.0292, -2.5439 -0.9869 0.0197, -2.5385 -0.99 0.0115, -2.5315 -0.9941 0.0053, -2.5232 -0.9988 0.0013, -2.535 -0.9689 0.0292, -2.5323 -0.9717 0.0197, -2.5278 -0.9761 0.0115, -2.5221 -0.9819 0.0053, -2.5154 -0.9886 0.0013, -2.519 -0.9566 0.0292, -2.517 -0.96 0.0197, -2.5139 -0.9654 0.0115, -2.5098 -0.9725 0.0053, -2.5051 -0.9807 0.0013, -2.5003 -0.9489 0.0292, -2.4993 -0.9527 0.0197, -2.4977 -0.9587 0.0115, -2.4956 -0.9666 0.0053, -2.4931 -0.9758 0.0013, -1.3279 -0.5905 0.189, -1.3109 -0.5996 0.2081, -1.2727 -0.584 0.2134, -1.2792 -0.5914 0.211, -1.2872 -0.5979 0.2106, -1.296 -0.6028 0.2122, -1.305 -0.606 0.2157, -1.2809 -0.5755 0.2026, -1.2868 -0.5837 0.2012, -1.2941 -0.5907 0.2017, -1.3023 -0.5961 0.2041, -1.2937 -0.567 0.1867, -1.2986 -0.5759 0.1868, -1.3049 -0.5835 0.1887, -1.3123 -0.5894 0.1922, -1.3202 -0.5933 0.1972, -1.3042 -0.5632 0.1748, -1.3082 -0.5724 0.176, -1.3137 -0.5803 0.1789, -1.3205 -0.5865 0.1834, -1.3195 -0.5614 0.1585, -1.3223 -0.5709 0.1612, -1.3268 -0.579 0.1656, -1.3326 -0.5853 0.1713, -1.3394 -0.5892 0.1779, -2.5577 -1.2205 0.0292, -2.5538 -1.2205 0.0197, -2.5475 -1.2205 0.0115, -2.5394 -1.2205 0.0053, -2.5299 -1.2205 0.0013, -1.5293 -0.5614 0.0276, -1.4527 -0.5614 0.0599, -1.3821 -0.5614 0.1039, -1.3987 -0.5892 0.1262, -1.3931 -0.5853 0.1186, -1.3882 -0.579 0.112, -1.3845 -0.5709 0.107, -1.4655 -0.5892 0.0846, -1.4611 -0.5853 0.0762, -1.4574 -0.579 0.0689, -1.4545 -0.5709 0.0634, -1.5305 -0.5709 0.0314, -1.5325 -0.579 0.0373, -1.535 -0.5853 0.0451, -1.538 -0.5892 0.0541, -1.6101 -0.5614 0.008, -1.6107 -0.5709 0.0118, -1.6117 -0.579 0.018, -1.613 -0.5853 0.0261, -1.6145 -0.5892 0.0354, -1.6929 -0.5892 0.0292, -1.6929 -0.5853 0.0197, -1.6929 -0.579 0.0115, -1.6929 -0.5709 0.0053, -1.6929 -0.5614 0.0013, -2.4803 -1.2979 0.0292, -2.5003 -1.2952 0.0292, -2.4803 -1.2939 0.0197, -2.4993 -1.2914 0.0197, -2.4803 -1.2877 0.0115, -2.4977 -1.2854 0.0115, -2.4803 -1.2795 0.0053, -2.4956 -1.2775 0.0053, -2.4803 -1.27 0.0013, -2.4931 -1.2683 0.0013, -2.519 -1.2875 0.0292, -2.517 -1.2841 0.0197, -2.5139 -1.2787 0.0115, -2.5098 -1.2716 0.0053, -2.5051 -1.2634 0.0013, -2.535 -1.2752 0.0292, -2.5323 -1.2724 0.0197, -2.5278 -1.268 0.0115, -2.5221 -1.2622 0.0053, -2.5154 -1.2555 0.0013, -2.5473 -1.2592 0.0292, -2.5439 -1.2572 0.0197, -2.5385 -1.2541 0.0115, -2.5315 -1.25 0.0053, -2.5232 -1.2453 0.0013, -2.5551 -1.2405 0.0292, -2.5513 -1.2395 0.0197, -2.5452 -1.2379 0.0115, -2.5374 -1.2358 0.0053, -2.5282 -1.2333 0.0013, -2.4803 -0.5892 0.0292, -2.4803 -0.5853 0.0197, -2.4803 -0.579 0.0115, -2.4803 -0.5709 0.0053, -2.4803 -0.5614 0.0013, -1.6929 -1.2979 0.0292, -1.6929 -1.2939 0.0197, -1.6929 -1.2877 0.0115, -1.6929 -1.2795 0.0053, -1.6929 -1.27 0.0013, -2.5003 -0.5866 0.0292, -2.4993 -0.5828 0.0197, -2.4977 -0.5767 0.0115, -2.4956 -0.5689 0.0053, -2.4931 -0.5597 0.0013, -2.519 -0.5788 0.0292, -2.517 -0.5754 0.0197, -2.5139 -0.57 0.0115, -2.5098 -0.563 0.0053, -2.5051 -0.5547 0.0013, -2.535 -0.5665 0.0292, -2.5323 -0.5638 0.0197, -2.5278 -0.5593 0.0115, -2.5221 -0.5536 0.0053, -2.5154 -0.5469 0.0013, -2.5473 -0.5505 0.0292, -2.5439 -0.5485 0.0197, -2.5385 -0.5454 0.0115, -2.5315 -0.5413 0.0053, -2.5232 -0.5366 0.0013, -2.5551 -0.5318 0.0292, -2.5513 -0.5308 0.0197, -2.5452 -0.5292 0.0115, -2.5374 -0.5271 0.0053, -2.5282 -0.5246 0.0013, -2.5577 -0.5118 0.0292, -2.5538 -0.5118 0.0197, -2.5475 -0.5118 0.0115, -2.5394 -0.5118 0.0053, -2.5299 -0.5118 0.0013, -1.3183 -1.27 0.1597, -1.4518 -1.27 0.0604, -1.5286 -1.27 0.0279, -1.6097 -1.27 0.008, -1.6103 -1.2795 0.0119, -1.6113 -1.2877 0.0181, -1.6126 -1.2939 0.0261, -1.6141 -1.2979 0.0355, -1.5299 -1.2795 0.0316, -1.5318 -1.2877 0.0375, -1.5344 -1.2939 0.0453, -1.5374 -1.2979 0.0543, -1.4536 -1.2795 0.0638, -1.4565 -1.2877 0.0694, -1.4602 -1.2939 0.0766, -1.4646 -1.2979 0.085, -1.381 -1.27 0.1047, -1.3834 -1.2795 0.1078, -1.3871 -1.2877 0.1129, -1.392 -1.2939 0.1194, -1.3977 -1.2979 0.127, -1.3211 -1.2795 0.1625, -1.3256 -1.2877 0.1668, -1.3314 -1.2939 0.1725, -1.3382 -1.2979 0.1791, -1.2651 -1.27 0.2241, -1.2683 -1.2795 0.2263, -1.2734 -1.2877 0.2299, -1.2801 -1.2939 0.2346, -1.2879 -1.2979 0.24, -2.5577 1.2205 0.0292, -2.5538 1.2205 0.0197, -2.5475 1.2205 0.0115, -2.5394 1.2205 0.0053, -2.5299 1.2205 0.0013, -0.9412 -1.2979 0.7352, -0.9334 -1.2939 0.7297, -0.9267 -1.2877 0.7251, -0.9216 -1.2795 0.7215, -0.9184 -1.27 0.7192, -2.5551 1.2405 0.0292, -2.5513 1.2395 0.0197, -2.5452 1.2379 0.0115, -2.5374 1.2358 0.0053, -2.5282 1.2333 0.0013, -2.5473 1.2592 0.0292, -2.5439 1.2572 0.0197, -2.5385 1.2541 0.0115, -2.5315 1.25 0.0053, -2.5232 1.2453 0.0013, -2.535 1.2752 0.0292, -2.5323 1.2724 0.0197, -2.5278 1.268 0.0115, -2.5221 1.2622 0.0053, -2.5154 1.2555 0.0013, -2.519 1.2875 0.0292, -2.517 1.2841 0.0197, -2.5139 1.2787 0.0115, -2.5098 1.2716 0.0053, -2.5051 1.2634 0.0013, -2.5003 1.2952 0.0292, -2.4993 1.2914 0.0197, -2.4977 1.2854 0.0115, -2.4956 1.2775 0.0053, -2.4931 1.2683 0.0013, -2.4803 1.2979 0.0292, -2.4803 1.2939 0.0197, -2.4803 1.2877 0.0115, -2.4803 1.2795 0.0053, -2.4803 1.27 0.0013, -0.8302 -1.2979 0.793, -0.8624 -1.2979 0.7891, -0.8302 -1.2939 0.7835, -0.8601 -1.2939 0.7799, -0.8302 -1.2877 0.7753, -0.8582 -1.2877 0.7719, -0.8302 -1.2795 0.7691, -0.8567 -1.2795 0.7659, -0.8302 -1.27 0.7651, -0.8558 -1.27 0.762, -0.8928 -1.2979 0.7777, -0.8884 -1.2939 0.7692, -0.8846 -1.2877 0.762, -0.8817 -1.2795 0.7564, -0.8799 -1.27 0.753, -0.9195 -1.2979 0.7593, -0.9133 -1.2939 0.7522, -0.9079 -1.2877 0.7461, -0.9038 -1.2795 0.7414, -0.9012 -1.27 0.7384, -1.6929 1.2979 0.0292, -1.6929 1.2939 0.0197, -1.6929 1.2877 0.0115, -1.6929 1.2795 0.0053, -1.6929 1.27 0.0013, 0.8302 -1.2979 0.793, 0.8302 -1.2939 0.7835, 0.8302 -1.2877 0.7753, 0.8302 -1.2795 0.7691, 0.8302 -1.27 0.7651, -1.381 1.27 0.1047, -1.4518 1.27 0.0604, -1.5286 1.27 0.0279, -1.6141 1.2979 0.0355, -1.5374 1.2979 0.0543, -1.6126 1.2939 0.0261, -1.5344 1.2939 0.0453, -1.6113 1.2877 0.0181, -1.5318 1.2877 0.0375, -1.6103 1.2795 0.0119, -1.5299 1.2795 0.0316, -1.6097 1.27 0.008, -1.4646 1.2979 0.085, -1.4602 1.2939 0.0766, -1.4565 1.2877 0.0694, -1.4536 1.2795 0.0638, -1.3834 1.2795 0.1078, -1.3871 1.2877 0.1129, -1.392 1.2939 0.1194, -1.3977 1.2979 0.127, -1.3183 1.27 0.1597, -1.3211 1.2795 0.1625, -1.3256 1.2877 0.1668, -1.3314 1.2939 0.1725, -1.3382 1.2979 0.1791, -1.2879 1.2979 0.24, -1.2801 1.2939 0.2346, -1.2734 1.2877 0.2299, -1.2683 1.2795 0.2263, -1.2651 1.27 0.2241, 0.9412 -1.2979 0.7352, 0.9195 -1.2979 0.7593, 0.9334 -1.2939 0.7297, 0.9133 -1.2939 0.7522, 0.9267 -1.2877 0.7251, 0.9079 -1.2877 0.7461, 0.9216 -1.2795 0.7215, 0.9038 -1.2795 0.7414, 0.9184 -1.27 0.7192, 0.9012 -1.27 0.7384, 0.8928 -1.2979 0.7777, 0.8884 -1.2939 0.7692, 0.8846 -1.2877 0.762, 0.8817 -1.2795 0.7564, 0.8799 -1.27 0.753, 0.8624 -1.2979 0.7891, 0.8601 -1.2939 0.7799, 0.8582 -1.2877 0.7719, 0.8567 -1.2795 0.7659, 0.8558 -1.27 0.762, -0.9412 1.2979 0.7352, -0.9334 1.2939 0.7297, -0.9267 1.2877 0.7251, -0.9216 1.2795 0.7215, -0.9184 1.27 0.7192, 1.2879 -1.2979 0.24, 1.2801 -1.2939 0.2346, 1.2734 -1.2877 0.2299, 1.2683 -1.2795 0.2263, 1.2651 -1.27 0.2241, -0.8302 1.27 0.7651, -0.8558 1.27 0.762, -0.8302 1.2795 0.7691, -0.8567 1.2795 0.7659, -0.8302 1.2877 0.7753, -0.8582 1.2877 0.7719, -0.8302 1.2939 0.7835, -0.8601 1.2939 0.7799, -0.8302 1.2979 0.793, -0.8624 1.2979 0.7891, -0.8799 1.27 0.753, -0.8817 1.2795 0.7564, -0.8846 1.2877 0.762, -0.8884 1.2939 0.7692, -0.8928 1.2979 0.7777, -0.9012 1.27 0.7384, -0.9038 1.2795 0.7414, -0.9079 1.2877 0.7461, -0.9133 1.2939 0.7522, -0.9195 1.2979 0.7593, 1.6097 -1.27 0.008, 1.4518 -1.27 0.0604, 1.381 -1.27 0.1047, 1.3183 -1.27 0.1597, 1.3211 -1.2795 0.1625, 1.3256 -1.2877 0.1668, 1.3314 -1.2939 0.1725, 1.3382 -1.2979 0.1791, 1.3834 -1.2795 0.1078, 1.3871 -1.2877 0.1129, 1.392 -1.2939 0.1194, 1.3977 -1.2979 0.127, 1.4536 -1.2795 0.0638, 1.4565 -1.2877 0.0694, 1.4602 -1.2939 0.0766, 1.4646 -1.2979 0.085, 1.5286 -1.27 0.0279, 1.5299 -1.2795 0.0316, 1.5318 -1.2877 0.0375, 1.5344 -1.2939 0.0453, 1.5374 -1.2979 0.0543, 1.6103 -1.2795 0.0119, 1.6113 -1.2877 0.0181, 1.6126 -1.2939 0.0261, 1.6141 -1.2979 0.0355, 1.6929 -1.27 0.0013, 1.6929 -1.2795 0.0053, 1.6929 -1.2877 0.0115, 1.6929 -1.2939 0.0197, 1.6929 -1.2979 0.0292, 0.8302 1.2979 0.793, 0.8302 1.2939 0.7835, 0.8302 1.2877 0.7753, 0.8302 1.2795 0.7691, 0.8302 1.27 0.7651, 2.4803 -1.2979 0.0292, 2.4803 -1.2939 0.0197, 2.4803 -1.2877 0.0115, 2.4803 -1.2795 0.0053, 2.4803 -1.27 0.0013, 0.9184 1.27 0.7192, 0.9012 1.27 0.7384, 0.9216 1.2795 0.7215, 0.9038 1.2795 0.7414, 0.9267 1.2877 0.7251, 0.9079 1.2877 0.7461, 0.9334 1.2939 0.7297, 0.9133 1.2939 0.7522, 0.9412 1.2979 0.7352, 0.9195 1.2979 0.7593, 0.8799 1.27 0.753, 0.8817 1.2795 0.7564, 0.8846 1.2877 0.762, 0.8884 1.2939 0.7692, 0.8928 1.2979 0.7777, 0.8558 1.27 0.762, 0.8567 1.2795 0.7659, 0.8582 1.2877 0.7719, 0.8601 1.2939 0.7799, 0.8624 1.2979 0.7891, 2.5577 -1.2205 0.0292, 2.5551 -1.2405 0.0292, 2.5538 -1.2205 0.0197, 2.5513 -1.2395 0.0197, 2.5475 -1.2205 0.0115, 2.5452 -1.2379 0.0115, 2.5394 -1.2205 0.0053, 2.5374 -1.2358 0.0053, 2.5299 -1.2205 0.0013, 2.5282 -1.2333 0.0013, 2.5473 -1.2592 0.0292, 2.5439 -1.2572 0.0197, 2.5385 -1.2541 0.0115, 2.5315 -1.25 0.0053, 2.5232 -1.2453 0.0013, 2.535 -1.2752 0.0292, 2.5323 -1.2724 0.0197, 2.5278 -1.268 0.0115, 2.5221 -1.2622 0.0053, 2.5154 -1.2555 0.0013, 2.519 -1.2875 0.0292, 2.517 -1.2841 0.0197, 2.5139 -1.2787 0.0115, 2.5098 -1.2716 0.0053, 2.5051 -1.2634 0.0013, 2.5003 -1.2952 0.0292, 2.4993 -1.2914 0.0197, 2.4977 -1.2854 0.0115, 2.4956 -1.2775 0.0053, 2.4931 -1.2683 0.0013, 1.2879 1.2979 0.24, 1.2801 1.2939 0.2346, 1.2734 1.2877 0.2299, 1.2683 1.2795 0.2263, 1.2651 1.27 0.2241, 2.5299 -1.0236 0.0013, 2.5394 -1.0236 0.0053, 2.5475 -1.0236 0.0115, 2.5538 -1.0236 0.0197, 2.5577 -1.0236 0.0292, 1.5286 1.27 0.0279, 1.4518 1.27 0.0604, 1.381 1.27 0.1047, 1.3382 1.2979 0.1791, 1.3977 1.2979 0.127, 1.3314 1.2939 0.1725, 1.392 1.2939 0.1194, 1.3256 1.2877 0.1668, 1.3871 1.2877 0.1129, 1.3211 1.2795 0.1625, 1.3834 1.2795 0.1078, 1.3183 1.27 0.1597, 1.4646 1.2979 0.085, 1.4602 1.2939 0.0766, 1.4565 1.2877 0.0694, 1.4536 1.2795 0.0638, 1.5299 1.2795 0.0316, 1.5318 1.2877 0.0375, 1.5344 1.2939 0.0453, 1.5374 1.2979 0.0543, 1.6097 1.27 0.008, 1.6103 1.2795 0.0119, 1.6113 1.2877 0.0181, 1.6126 1.2939 0.0261, 1.6141 1.2979 0.0355, 1.6929 1.2979 0.0292, 1.6929 1.2939 0.0197, 1.6929 1.2877 0.0115, 1.6929 1.2795 0.0053, 1.6929 1.27 0.0013, 2.4803 -0.9462 0.0292, 2.5003 -0.9489 0.0292, 2.4803 -0.9502 0.0197, 2.4993 -0.9527 0.0197, 2.4803 -0.9564 0.0115, 2.4977 -0.9587 0.0115, 2.4803 -0.9646 0.0053, 2.4956 -0.9666 0.0053, 2.4803 -0.9741 0.0013, 2.4931 -0.9758 0.0013, 2.519 -0.9566 0.0292, 2.517 -0.96 0.0197, 2.5139 -0.9654 0.0115, 2.5098 -0.9725 0.0053, 2.5051 -0.9807 0.0013, 2.535 -0.9689 0.0292, 2.5323 -0.9717 0.0197, 2.5278 -0.9761 0.0115, 2.5221 -0.9819 0.0053, 2.5154 -0.9886 0.0013, 2.5473 -0.9849 0.0292, 2.5439 -0.9869 0.0197, 2.5385 -0.99 0.0115, 2.5315 -0.9941 0.0053, 2.5232 -0.9988 0.0013, 2.5551 -1.0036 0.0292, 2.5513 -1.0046 0.0197, 2.5452 -1.0062 0.0115, 2.5374 -1.0083 0.0053, 2.5282 -1.0108 0.0013, 2.4803 1.2979 0.0292, 2.4803 1.2939 0.0197, 2.4803 1.2877 0.0115, 2.4803 1.2795 0.0053, 2.4803 1.27 0.0013, 1.6929 -0.9462 0.0292, 1.6929 -0.9502 0.0197, 1.6929 -0.9564 0.0115, 1.6929 -0.9646 0.0053, 1.6929 -0.9741 0.0013, 2.5003 1.2952 0.0292, 2.4993 1.2914 0.0197, 2.4977 1.2854 0.0115, 2.4956 1.2775 0.0053, 2.4931 1.2683 0.0013, 2.519 1.2875 0.0292, 2.517 1.2841 0.0197, 2.5139 1.2787 0.0115, 2.5098 1.2716 0.0053, 2.5051 1.2634 0.0013, 2.535 1.2752 0.0292, 2.5323 1.2724 0.0197, 2.5278 1.268 0.0115, 2.5221 1.2622 0.0053, 2.5154 1.2555 0.0013, 2.5473 1.2592 0.0292, 2.5439 1.2572 0.0197, 2.5385 1.2541 0.0115, 2.5315 1.25 0.0053, 2.5232 1.2453 0.0013, 2.5551 1.2405 0.0292, 2.5513 1.2395 0.0197, 2.5452 1.2379 0.0115, 2.5374 1.2358 0.0053, 2.5282 1.2333 0.0013, 2.5577 1.2205 0.0292, 2.5538 1.2205 0.0197, 2.5475 1.2205 0.0115, 2.5394 1.2205 0.0053, 2.5299 1.2205 0.0013, 1.3195 -0.9741 0.1585, 1.4527 -0.9741 0.0599, 1.5293 -0.9741 0.0276, 1.6101 -0.9741 0.008, 1.6107 -0.9646 0.0118, 1.6117 -0.9564 0.018, 1.613 -0.9502 0.0261, 1.6145 -0.9462 0.0354, 1.5305 -0.9646 0.0314, 1.5325 -0.9564 0.0373, 1.535 -0.9502 0.0451, 1.538 -0.9462 0.0541, 1.4545 -0.9646 0.0634, 1.4574 -0.9564 0.0689, 1.4611 -0.9502 0.0762, 1.4655 -0.9462 0.0846, 1.3821 -0.9741 0.1039, 1.3845 -0.9646 0.107, 1.3882 -0.9564 0.112, 1.3931 -0.9502 0.1186, 1.3987 -0.9462 0.1262, 1.3223 -0.9646 0.1612, 1.3268 -0.9564 0.1656, 1.3326 -0.9502 0.1713, 1.3394 -0.9462 0.1779, 2.5299 -0.5118 0.0013, 2.5394 -0.5118 0.0053, 2.5475 -0.5118 0.0115, 2.5538 -0.5118 0.0197, 2.5577 -0.5118 0.0292, 1.3279 -0.945 0.189, 1.3109 -0.9358 0.2081, 1.3037 -0.9257 0.22, 1.305 -0.9295 0.2157, 1.296 -0.9326 0.2122, 1.2958 -0.9279 0.2169, 1.3024 -0.9258 0.2193, 1.2805 -0.936 0.2151, 1.2841 -0.9334 0.2147, 1.2872 -0.9376 0.2106, 1.288 -0.9314 0.2152, 1.2932 -0.9288 0.216, 1.2758 -0.9395 0.2156, 1.2792 -0.944 0.211, 1.2739 -0.9415 0.2164, 1.2727 -0.9515 0.2134, 1.269 -0.9466 0.2185, 1.2683 -0.9477 0.2192, 1.2809 -0.9599 0.2026, 1.2868 -0.9518 0.2012, 1.2941 -0.9447 0.2017, 1.3023 -0.9393 0.2041, 1.2937 -0.9684 0.1867, 1.2986 -0.9596 0.1868, 1.3049 -0.9519 0.1887, 1.3123 -0.946 0.1922, 1.3202 -0.9421 0.1972, 1.3042 -0.9723 0.1748, 1.3082 -0.963 0.176, 1.3137 -0.9551 0.1789, 1.3205 -0.9489 0.1834, 2.5551 -0.5318 0.0292, 2.5513 -0.5308 0.0197, 2.5452 -0.5292 0.0115, 2.5374 -0.5271 0.0053, 2.5282 -0.5246 0.0013, 2.5473 -0.5505 0.0292, 2.5439 -0.5485 0.0197, 2.5385 -0.5454 0.0115, 2.5315 -0.5413 0.0053, 2.5232 -0.5366 0.0013, 2.535 -0.5665 0.0292, 2.5323 -0.5638 0.0197, 2.5278 -0.5593 0.0115, 2.5221 -0.5536 0.0053, 2.5154 -0.5469 0.0013, 2.519 -0.5788 0.0292, 2.517 -0.5754 0.0197, 2.5139 -0.57 0.0115, 2.5098 -0.563 0.0053, 2.5051 -0.5547 0.0013, 2.5003 -0.5866 0.0292, 2.4993 -0.5828 0.0197, 2.4977 -0.5767 0.0115, 2.4956 -0.5689 0.0053, 2.4931 -0.5597 0.0013, 2.4803 -0.5892 0.0292, 2.4803 -0.5853 0.0197, 2.4803 -0.579 0.0115, 2.4803 -0.5709 0.0053, 2.4803 -0.5614 0.0013, 1.2925 -0.8987 0.236, 1.2728 -0.9213 0.2256, 1.2593 -0.9306 0.2317, 1.2655 -0.9257 0.2279, 1.2808 -0.9176 0.2251, 1.2891 -0.9149 0.2262, 1.2973 -0.9132 0.2291, 1.2841 -0.8999 0.2334, 1.2756 -0.9018 0.2326, 1.2672 -0.9043 0.2337, 1.2594 -0.9074 0.2366, 1.2527 -0.9108 0.2411, 1.2895 -0.8828 0.2402, 1.2811 -0.8834 0.2378, 1.2723 -0.8844 0.2372, 1.2637 -0.8857 0.2387, 1.2557 -0.8872 0.242, 1.2486 -0.889 0.247, 1.2472 -0.8661 0.2489, 1.2544 -0.8661 0.2438, 1.2625 -0.8661 0.2404, 1.2712 -0.8661 0.2388, 1.28 -0.8661 0.2393, 1.2885 -0.8661 0.2417, 1.6929 -0.5892 0.0292, 1.6929 -0.5853 0.0197, 1.6929 -0.579 0.0115, 1.6929 -0.5709 0.0053, 1.6929 -0.5614 0.0013, 1.2885 -0.6693 0.2417, 1.28 -0.6693 0.2393, 1.2712 -0.6693 0.2388, 1.2625 -0.6693 0.2404, 1.2544 -0.6693 0.2438, 1.2472 -0.6693 0.2489, 1.3821 -0.5614 0.1039, 1.4527 -0.5614 0.0599, 1.5293 -0.5614 0.0276, 1.3404 -0.5896 0.1789, 1.3987 -0.5892 0.1262, 1.3394 -0.5891 0.178, 1.3345 -0.5867 0.1731, 1.3931 -0.5853 0.1186, 1.3327 -0.5851 0.1714, 1.3291 -0.582 0.1679, 1.3882 -0.579 0.112, 1.3269 -0.5788 0.1657, 1.3247 -0.5757 0.1635, 1.3845 -0.5709 0.107, 1.6145 -0.5892 0.0354, 1.538 -0.5892 0.0541, 1.613 -0.5853 0.0261, 1.535 -0.5853 0.0451, 1.6117 -0.579 0.018, 1.5325 -0.579 0.0373, 1.6107 -0.5709 0.0118, 1.5305 -0.5709 0.0314, 1.6101 -0.5614 0.008, 1.4655 -0.5892 0.0846, 1.4611 -0.5853 0.0762, 1.4574 -0.579 0.0689, 1.4545 -0.5709 0.0634, 1.3224 -0.5707 0.1614, 1.3213 -0.5683 0.1603, 1.3196 -0.5613 0.1586, 1.3192 -0.5599 0.1582, 1.2973 -0.6223 0.2291, 1.2925 -0.6367 0.236, 1.2895 -0.6527 0.2402, 1.2486 -0.6465 0.247, 1.2557 -0.6482 0.242, 1.2637 -0.6498 0.2387, 1.2723 -0.6511 0.2372, 1.2811 -0.652 0.2378, 1.2841 -0.6356 0.2334, 1.2756 -0.6336 0.2326, 1.2672 -0.6311 0.2337, 1.2594 -0.628 0.2366, 1.2527 -0.6246 0.2411, 1.2891 -0.6206 0.2262, 1.2808 -0.6178 0.2251, 1.2728 -0.6141 0.2256, 1.2655 -0.6097 0.2279, 1.2593 -0.6048 0.2317, 1.3037 -0.6099 0.2199, 1.2958 -0.6077 0.2167, 1.2879 -0.6042 0.215, 1.2804 -0.5996 0.2148, 1.2737 -0.594 0.2162, 1.2681 -0.5878 0.2191, 1.2772 -0.5894 0.2115, 1.2909 -0.6002 0.211, 1.2986 -0.6039 0.213, 1.3063 -0.6062 0.2164, 1.3121 -0.6 0.2088, 1.2719 -0.5828 0.2139, 1.2802 -0.5743 0.2029, 1.2932 -0.5657 0.1869, 1.3037 -0.5618 0.1748, 1.2836 -0.5953 0.2105, 1.2849 -0.5814 0.2014, 1.2908 -0.5878 0.2013, 1.297 -0.5734 0.1866, 1.3021 -0.5804 0.1877, 1.3069 -0.5699 0.1755, 1.3112 -0.5771 0.1775, 1.2975 -0.5932 0.2025, 1.3047 -0.5973 0.2051, 1.308 -0.5863 0.19, 1.3145 -0.5908 0.1935, 1.3165 -0.5832 0.1807, 1.3225 -0.5879 0.1849, 1.3214 -0.5936 0.198, 1.329 -0.5908 0.1899, -1.0714 1.27 1.1207, -0.9945 1.27 1.1533, -1.234 1.2981 0.9402, -1.1849 1.2979 1.002, -1.2352 1.2979 0.9411, -1.2408 1.2951 0.945, -1.1917 1.2939 1.0086, -1.243 1.2939 0.9465, -1.2468 1.2904 0.9492, -1.1975 1.2877 1.0143, -1.2497 1.2877 0.9512, -1.2519 1.2842 0.9527, -1.202 1.2795 1.0186, -0.909 1.2979 1.1456, -0.9857 1.2979 1.1268, -0.9105 1.2939 1.155, -0.9887 1.2939 1.1358, -0.9118 1.2877 1.163, -0.9913 1.2877 1.1436, -0.9128 1.2795 1.1692, -0.9932 1.2795 1.1495, -0.9134 1.27 1.1731, -1.1255 1.2979 1.0541, -1.1311 1.2939 1.0617, -1.136 1.2877 1.0682, -1.1397 1.2795 1.0733, -1.1421 1.27 1.0764, -1.2048 1.27 1.0214, -0.8302 1.2979 1.1519, -0.8302 1.2939 1.1614, -0.8302 1.2877 1.1696, -0.8302 1.2795 1.1758, -0.8302 1.27 1.1798, -1.0585 1.2979 1.0961, -1.0629 1.2939 1.1045, -1.0666 1.2877 1.1117, -1.0695 1.2795 1.1173, -1.2548 1.2795 0.9548, -1.2557 1.2768 0.9554, -1.258 1.27 0.957, -1.2582 1.2686 0.9572, 0.8302 1.2982 1.1505, 0.8302 1.2977 1.1519, 0.8302 1.2953 1.1588, 0.8302 1.2938 1.1613, 0.8302 1.2906 1.1663, 0.8302 1.2875 1.1694, 0.8302 1.2844 1.1725, 0.8302 1.2794 1.1756, 0.8302 1.2769 1.1772, 0.8302 1.27 1.1796, 0.8302 1.2686 1.1801, -1.5807 1.2981 0.4451, -1.5819 1.2979 0.4459, -1.5875 1.2951 0.4498, -1.5897 1.2939 0.4514, -1.5935 1.2904 0.454, -1.5964 1.2877 0.456, -1.5986 1.2842 0.4576, -1.6015 1.2795 0.4596, -1.6024 1.2768 0.4603, -1.6047 1.27 0.4619, -1.6049 1.2686 0.462, 0.9946 1.2686 1.1536, 1.0715 1.2686 1.1211, 1.1423 1.2686 1.0767, 0.9087 1.2982 1.1442, 0.9101 1.2953 1.1524, 0.9112 1.2906 1.1598, 0.9122 1.2844 1.1659, 0.913 1.2769 1.1706, 1.1838 1.2982 1.001, 1.1246 1.2982 1.0529, 1.1898 1.2953 1.0068, 1.1296 1.2953 1.0596, 1.1952 1.2906 1.012, 1.134 1.2906 1.0656, 1.1996 1.2844 1.0163, 1.1377 1.2844 1.0706, 1.203 1.2769 1.0196, 1.1405 1.2769 1.0744, 1.2051 1.2686 1.0216, 1.234 1.2982 0.9403, 1.2409 1.2953 0.945, 1.247 1.2906 0.9493, 1.2521 1.2844 0.9529, 1.2559 1.2769 0.9556, 1.2583 1.2686 0.9573, 1.0578 1.2982 1.0948, 1.0617 1.2953 1.1022, 1.0651 1.2906 1.1088, 1.068 1.2844 1.1143, 1.0702 1.2769 1.1185, 0.9937 1.2769 1.1508, 0.9922 1.2844 1.1464, 0.9902 1.2906 1.1405, 0.9879 1.2953 1.1334, 0.9853 1.2982 1.1255, 0.9135 1.2686 1.1734, -1.6219 1.27 0.4427, -1.6193 1.2795 0.4397, -1.6152 1.2877 0.435, -1.6098 1.2939 0.4289, -1.6929 1.27 0.416, -1.6673 1.27 0.4191, -1.6929 1.2795 0.412, -1.6664 1.2795 0.4152, -1.6929 1.2877 0.4058, -1.6649 1.2877 0.4092, -1.6929 1.2939 0.3976, -1.663 1.2939 0.4012, -1.6929 1.2979 0.3881, -1.6607 1.2979 0.392, -1.6432 1.27 0.4281, -1.6414 1.2795 0.4247, -1.6385 1.2877 0.4191, -1.6347 1.2939 0.4119, -1.6304 1.2979 0.4035, -1.6036 1.2979 0.4218, 1.5807 1.2981 0.4451, 1.5819 1.2979 0.4459, 1.5875 1.2951 0.4498, 1.5897 1.2939 0.4514, 1.5935 1.2904 0.454, 1.5964 1.2877 0.456, 1.5986 1.2842 0.4576, 1.6049 1.2686 0.462, 1.6047 1.27 0.4619, 1.6024 1.2768 0.4603, 1.6015 1.2795 0.4596, -2.4803 1.2979 0.3881, -2.4803 1.2939 0.3976, -2.4803 1.2877 0.4058, -2.4803 1.2795 0.412, -2.4803 1.27 0.416, 1.6219 1.27 0.4427, 1.6193 1.2795 0.4397, 1.6152 1.2877 0.435, 1.6098 1.2939 0.4289, 1.6036 1.2979 0.4218, 1.6432 1.27 0.4281, 1.6414 1.2795 0.4247, 1.6385 1.2877 0.4191, 1.6347 1.2939 0.4119, 1.6304 1.2979 0.4035, 1.6673 1.27 0.4191, 1.6664 1.2795 0.4152, 1.6649 1.2877 0.4092, 1.663 1.2939 0.4012, 1.6607 1.2979 0.392, 1.6929 1.27 0.416, 1.6929 1.2795 0.412, 1.6929 1.2877 0.4058, 1.6929 1.2939 0.3976, 1.6929 1.2979 0.3881, -2.5299 1.2205 0.416, -2.5282 1.2333 0.416, -2.5394 1.2205 0.412, -2.5374 1.2358 0.412, -2.5475 1.2205 0.4058, -2.5452 1.2379 0.4058, -2.5538 1.2205 0.3976, -2.5513 1.2395 0.3976, -2.5577 1.2205 0.3881, -2.5551 1.2405 0.3881, -2.5232 1.2453 0.416, -2.5315 1.25 0.412, -2.5385 1.2541 0.4058, -2.5439 1.2572 0.3976, -2.5473 1.2592 0.3881, -2.5154 1.2555 0.416, -2.5221 1.2622 0.412, -2.5278 1.268 0.4058, -2.5323 1.2724 0.3976, -2.535 1.2752 0.3881, -2.5051 1.2634 0.416, -2.5098 1.2716 0.412, -2.5139 1.2787 0.4058, -2.517 1.2841 0.3976, -2.519 1.2875 0.3881, -2.4931 1.2683 0.416, -2.4956 1.2775 0.412, -2.4977 1.2854 0.4058, -2.4993 1.2914 0.3976, -2.5003 1.2952 0.3881, 2.4803 1.2979 0.3881, 2.4803 1.2939 0.3976, 2.4803 1.2877 0.4058, 2.4803 1.2795 0.412, 2.4803 1.27 0.416, -2.5577 -0.5118 0.3881, -2.5538 -0.5118 0.3976, -2.5475 -0.5118 0.4058, -2.5394 -0.5118 0.412, -2.5299 -0.5118 0.416, 2.4931 1.2683 0.416, 2.4956 1.2775 0.412, 2.4977 1.2854 0.4058, 2.4993 1.2914 0.3976, 2.5003 1.2952 0.3881, 2.5051 1.2634 0.416, 2.5098 1.2716 0.412, 2.5139 1.2787 0.4058, 2.517 1.2841 0.3976, 2.519 1.2875 0.3881, 2.5154 1.2555 0.416, 2.5221 1.2622 0.412, 2.5278 1.268 0.4058, 2.5323 1.2724 0.3976, 2.535 1.2752 0.3881, 2.5232 1.2453 0.416, 2.5315 1.25 0.412, 2.5385 1.2541 0.4058, 2.5439 1.2572 0.3976, 2.5473 1.2592 0.3881, 2.5282 1.2333 0.416, 2.5374 1.2358 0.412, 2.5452 1.2379 0.4058, 2.5513 1.2395 0.3976, 2.5551 1.2405 0.3881, 2.5299 1.2205 0.416, 2.5394 1.2205 0.412, 2.5475 1.2205 0.4058, 2.5538 1.2205 0.3976, 2.5577 1.2205 0.3881, -2.4803 -0.5614 0.416, -2.4931 -0.5597 0.416, -2.4803 -0.5709 0.412, -2.4956 -0.5689 0.412, -2.4803 -0.579 0.4058, -2.4977 -0.5767 0.4058, -2.4803 -0.5853 0.3976, -2.4993 -0.5828 0.3976, -2.4803 -0.5892 0.3881, -2.5003 -0.5866 0.3881, -2.5051 -0.5547 0.416, -2.5098 -0.563 0.412, -2.5139 -0.57 0.4058, -2.517 -0.5754 0.3976, -2.519 -0.5788 0.3881, -2.5154 -0.5469 0.416, -2.5221 -0.5536 0.412, -2.5278 -0.5593 0.4058, -2.5323 -0.5638 0.3976, -2.535 -0.5665 0.3881, -2.5232 -0.5366 0.416, -2.5315 -0.5413 0.412, -2.5385 -0.5454 0.4058, -2.5439 -0.5485 0.3976, -2.5473 -0.5505 0.3881, -2.5282 -0.5246 0.416, -2.5374 -0.5271 0.412, -2.5452 -0.5292 0.4058, -2.5513 -0.5308 0.3976, -2.5551 -0.5318 0.3881, 2.5299 -0.5118 0.416, 2.5394 -0.5118 0.412, 2.5475 -0.5118 0.4058, 2.5538 -0.5118 0.3976, 2.5577 -0.5118 0.3881, -1.6929 -0.5614 0.416, -1.6929 -0.5709 0.412, -1.6929 -0.579 0.4058, -1.6929 -0.5853 0.3976, -1.6929 -0.5892 0.3881, 2.5282 -0.5246 0.416, 2.5374 -0.5271 0.412, 2.5452 -0.5292 0.4058, 2.5513 -0.5308 0.3976, 2.5551 -0.5318 0.3881, 2.5232 -0.5366 0.416, 2.5315 -0.5413 0.412, 2.5385 -0.5454 0.4058, 2.5439 -0.5485 0.3976, 2.5473 -0.5505 0.3881, 2.5154 -0.5469 0.416, 2.5221 -0.5536 0.412, 2.5278 -0.5593 0.4058, 2.5323 -0.5638 0.3976, 2.535 -0.5665 0.3881, 2.5051 -0.5547 0.416, 2.5098 -0.563 0.412, 2.5139 -0.57 0.4058, 2.517 -0.5754 0.3976, 2.519 -0.5788 0.3881, 2.4931 -0.5597 0.416, 2.4956 -0.5689 0.412, 2.4977 -0.5767 0.4058, 2.4993 -0.5828 0.3976, 2.5003 -0.5866 0.3881, 2.4803 -0.5614 0.416, 2.4803 -0.5709 0.412, 2.4803 -0.579 0.4058, 2.4803 -0.5853 0.3976, 2.4803 -0.5892 0.3881, -1.6721 -0.5614 0.418, -1.6522 -0.5599 0.4243, -1.6521 -0.5613 0.4239, -1.6511 -0.5683 0.4217, -1.6714 -0.5709 0.4142, -1.6505 -0.5707 0.4202, -1.6494 -0.5757 0.4173, -1.6701 -0.579 0.408, -1.6482 -0.5788 0.4144, -1.647 -0.582 0.4115, -1.6686 -0.5853 0.4, -1.6451 -0.5851 0.4069, -1.6442 -0.5867 0.4046, -1.6667 -0.5892 0.3907, -1.6415 -0.5891 0.3982, -1.641 -0.5896 0.3969, 1.6929 -0.5614 0.416, 1.6929 -0.5709 0.412, 1.6929 -0.579 0.4058, 1.6929 -0.5853 0.3976, 1.6929 -0.5892 0.3881, -1.6088 -0.5958 0.4488, -1.6092 -0.594 0.4511, -1.6101 -0.5925 0.45, -1.6085 -0.5888 0.4563, -1.6084 -0.5878 0.4573, -1.6093 -0.5861 0.4562, -1.6082 -0.5996 0.4443, -1.6026 -0.6065 0.4328, -1.6055 -0.6042 0.4373, -1.6063 -0.6029 0.4363, -1.6068 -0.6019 0.4408, -1.5964 -0.6095 0.4252, -1.6011 -0.6077 0.4305, -1.602 -0.6065 0.4295, -1.5963 -0.6087 0.4231, -1.5954 -0.6099 0.4241, -1.6035 -0.601 0.4153, -1.6093 -0.5971 0.4106, -1.6168 -0.5753 0.4478, -1.6226 -0.5698 0.4423, -1.6326 -0.5639 0.4347, -1.6091 -0.5982 0.4433, -1.6174 -0.5828 0.4424, -1.6163 -0.5894 0.4362, -1.623 -0.5778 0.4376, -1.6217 -0.5849 0.4317, -1.6324 -0.5724 0.4309, -1.6309 -0.5799 0.4256, -1.6391 -0.5701 0.4271, -1.6374 -0.5777 0.4222, -1.6135 -0.5948 0.4293, -1.6091 -0.5988 0.4222, -1.6189 -0.5907 0.425, -1.6147 -0.5948 0.4178, -1.6282 -0.586 0.4192, -1.6244 -0.5904 0.4119, -1.6348 -0.5839 0.4159, -1.6313 -0.5884 0.4088, -1.6396 -0.5616 0.4304, -1.6197 -0.5928 0.4043, -1.6272 -0.591 0.401, 1.6522 -0.5599 0.4243, 1.6721 -0.5614 0.418, 1.6521 -0.5613 0.4239, 1.6714 -0.5709 0.4142, 1.6511 -0.5683 0.4217, 1.6505 -0.5707 0.4202, 1.6701 -0.579 0.408, 1.6494 -0.5757 0.4173, 1.6482 -0.5788 0.4144, 1.6686 -0.5853 0.4, 1.647 -0.582 0.4115, 1.6451 -0.5851 0.4069, 1.6667 -0.5892 0.3907, 1.6442 -0.5867 0.4046, 1.641 -0.5896 0.3969, 1.6415 -0.5891 0.3982, -1.5822 -0.6526 0.4456, -1.5852 -0.6366 0.4413, -1.59 -0.6221 0.4344, -1.596 -0.6197 0.4424, -1.5997 -0.616 0.4513, -1.6011 -0.6112 0.4602, -1.5999 -0.6056 0.4688, -1.5909 -0.635 0.4497, -1.5943 -0.6324 0.459, -1.5951 -0.6291 0.4687, -1.5934 -0.6252 0.4781, -1.5877 -0.6518 0.4542, -1.5909 -0.6504 0.4639, -1.5915 -0.6487 0.474, -1.5894 -0.6468 0.4838, -1.5812 -0.6693 0.447, -1.5867 -0.6693 0.4557, -1.5898 -0.6693 0.4655, -1.5902 -0.6693 0.4758, -1.588 -0.6693 0.4858, 1.6068 -0.6019 0.4408, 1.6055 -0.6042 0.4373, 1.6063 -0.6029 0.4363, 1.6026 -0.6065 0.4328, 1.6011 -0.6077 0.4305, 1.602 -0.6065 0.4295, 1.5964 -0.6095 0.4252, 1.5954 -0.6099 0.4241, 1.5963 -0.6087 0.4231, 1.6082 -0.5996 0.4443, 1.6085 -0.5888 0.4563, 1.6092 -0.594 0.4511, 1.6101 -0.5925 0.45, 1.6088 -0.5958 0.4488, 1.6093 -0.5861 0.4562, 1.6084 -0.5878 0.4573, 1.6035 -0.601 0.4153, 1.6093 -0.5971 0.4106, 1.6226 -0.5698 0.4423, 1.6168 -0.5753 0.4478, 1.6091 -0.5988 0.4222, 1.6147 -0.5948 0.4178, 1.6197 -0.5928 0.4043, 1.6244 -0.5904 0.4119, 1.6272 -0.591 0.401, 1.6313 -0.5884 0.4088, 1.6091 -0.5982 0.4433, 1.6135 -0.5948 0.4293, 1.6163 -0.5894 0.4362, 1.6189 -0.5907 0.425, 1.6217 -0.5849 0.4317, 1.6282 -0.586 0.4192, 1.6309 -0.5799 0.4256, 1.6348 -0.5839 0.4159, 1.6374 -0.5777 0.4222, 1.6174 -0.5828 0.4424, 1.623 -0.5778 0.4376, 1.6324 -0.5724 0.4309, 1.6326 -0.5639 0.4347, 1.6391 -0.5701 0.4271, 1.6396 -0.5616 0.4304, -1.5802 -0.8661 0.4459, -1.5811 -0.8661 0.4471, -1.5853 -0.8661 0.4531, -1.5865 -0.8661 0.4558, -1.5888 -0.8661 0.4612, -1.5895 -0.8661 0.4655, -1.5903 -0.8661 0.4699, -1.59 -0.8661 0.4757, -1.5899 -0.8661 0.4787, -1.5875 -0.8661 0.4872, -1.5879 -0.8661 0.4857, 1.588 -0.6693 0.4858, 1.5894 -0.6468 0.4838, 1.6011 -0.6112 0.4602, 1.5902 -0.6693 0.4758, 1.5898 -0.6693 0.4655, 1.5909 -0.6504 0.4639, 1.5997 -0.616 0.4513, 1.5867 -0.6693 0.4557, 1.5877 -0.6518 0.4542, 1.596 -0.6197 0.4424, 1.5812 -0.6693 0.447, 1.5822 -0.6526 0.4456, 1.59 -0.6221 0.4344, 1.5852 -0.6366 0.4413, 1.5909 -0.635 0.4497, 1.5943 -0.6324 0.459, 1.5915 -0.6487 0.474, 1.5951 -0.6291 0.4687, 1.5999 -0.6056 0.4688, 1.5934 -0.6252 0.4781, -1.5954 -0.9256 0.4241, -1.589 -0.9132 0.4333, -1.5842 -0.8987 0.4402, -1.5812 -0.8828 0.4445, -1.5864 -0.8834 0.4516, -1.5899 -0.8844 0.4596, -1.5915 -0.8857 0.4682, -1.5911 -0.8872 0.4768, -1.5889 -0.889 0.4852, -1.5895 -0.8999 0.4472, -1.5931 -0.9018 0.455, -1.595 -0.9043 0.4632, -1.5949 -0.9074 0.4715, -1.5929 -0.9108 0.4794, -1.5945 -0.9149 0.44, -1.5984 -0.9176 0.4474, -1.6006 -0.9213 0.4551, -1.601 -0.9257 0.4627, -1.5995 -0.9306 0.4699, -1.6011 -0.9277 0.4305, -1.6055 -0.9312 0.4373, -1.6082 -0.9359 0.4443, -1.6092 -0.9414 0.4511, -1.6084 -0.9476 0.4573, 1.5812 -0.8661 0.447, 1.5867 -0.8661 0.4557, 1.5898 -0.8661 0.4655, 1.5902 -0.8661 0.4758, 1.588 -0.8661 0.4858, -1.5963 -0.9268 0.4231, -1.6063 -0.9325 0.4363, -1.6101 -0.943 0.45, -1.6035 -0.9344 0.4153, -1.6093 -0.9384 0.4106, -1.6226 -0.9656 0.4423, -1.6168 -0.9601 0.4478, -1.6093 -0.9493 0.4562, -1.6197 -0.9427 0.4043, -1.602 -0.929 0.4295, -1.6091 -0.9367 0.4222, -1.6147 -0.9406 0.4178, -1.6244 -0.9451 0.4119, -1.6272 -0.9444 0.401, -1.6313 -0.947 0.4088, -1.6091 -0.9373 0.4433, -1.6135 -0.9406 0.4293, -1.6163 -0.946 0.4362, -1.6189 -0.9448 0.425, -1.6217 -0.9505 0.4317, -1.6282 -0.9494 0.4192, -1.6309 -0.9555 0.4256, -1.6348 -0.9515 0.4159, -1.6374 -0.9577 0.4222, -1.6174 -0.9526 0.4424, -1.623 -0.9576 0.4376, -1.6324 -0.963 0.4309, -1.6326 -0.9715 0.4347, -1.6391 -0.9653 0.4271, -1.6396 -0.9738 0.4304, -1.641 -0.9459 0.3969, -1.6415 -0.9464 0.3982, -1.6442 -0.9488 0.4046, -1.6451 -0.9503 0.4069, -1.647 -0.9535 0.4115, -1.6482 -0.9566 0.4144, -1.6494 -0.9597 0.4173, -1.6505 -0.9647 0.4202, -1.6522 -0.9755 0.4243, -1.6521 -0.9741 0.4239, -1.6511 -0.9672 0.4217, 1.5822 -0.8829 0.4456, 1.5852 -0.8988 0.4413, 1.5954 -0.9256 0.4241, 1.59 -0.9134 0.4344, 1.5964 -0.9259 0.4252, 1.6011 -0.9277 0.4305, 1.596 -0.9157 0.4424, 1.6026 -0.9289 0.4328, 1.6055 -0.9312 0.4373, 1.5997 -0.9194 0.4513, 1.6068 -0.9336 0.4408, 1.6082 -0.9359 0.4443, 1.6011 -0.9242 0.4602, 1.6088 -0.9396 0.4488, 1.6092 -0.9414 0.4511, 1.5999 -0.9298 0.4688, 1.6085 -0.9466 0.4563, 1.6084 -0.9476 0.4573, 1.5909 -0.9004 0.4497, 1.5943 -0.903 0.459, 1.5951 -0.9063 0.4687, 1.5934 -0.9102 0.4781, 1.5877 -0.8837 0.4542, 1.5909 -0.885 0.4639, 1.5915 -0.8867 0.474, 1.5894 -0.8887 0.4838, -1.6714 -0.9646 0.4142, -1.6667 -0.9462 0.3907, -1.6686 -0.9502 0.4, -1.6701 -0.9564 0.408, -1.6721 -0.9741 0.418, -1.6929 -0.9462 0.3881, -1.6929 -0.9502 0.3976, -1.6929 -0.9564 0.4058, -1.6929 -0.9646 0.412, -1.6929 -0.9741 0.416, 1.6101 -0.943 0.45, 1.6093 -0.9493 0.4562, 1.6063 -0.9325 0.4363, 1.602 -0.929 0.4295, 1.5963 -0.9268 0.4231, 1.6035 -0.9344 0.4153, 1.6093 -0.9384 0.4106, 1.6168 -0.9601 0.4478, 1.6226 -0.9656 0.4423, 1.6326 -0.9715 0.4347, 1.6091 -0.9373 0.4433, 1.6174 -0.9526 0.4424, 1.6163 -0.946 0.4362, 1.623 -0.9576 0.4376, 1.6217 -0.9505 0.4317, 1.6324 -0.963 0.4309, 1.6309 -0.9555 0.4256, 1.6391 -0.9653 0.4271, 1.6374 -0.9577 0.4222, 1.6135 -0.9406 0.4293, 1.6091 -0.9367 0.4222, 1.6189 -0.9448 0.425, 1.6147 -0.9406 0.4178, 1.6282 -0.9494 0.4192, 1.6244 -0.9451 0.4119, 1.6348 -0.9515 0.4159, 1.6313 -0.947 0.4088, 1.6396 -0.9738 0.4304, 1.6521 -0.9741 0.4239, 1.6522 -0.9755 0.4243, 1.6511 -0.9672 0.4217, 1.6505 -0.9647 0.4202, 1.6494 -0.9597 0.4173, 1.6482 -0.9566 0.4144, 1.647 -0.9535 0.4115, 1.6451 -0.9503 0.4069, 1.6442 -0.9488 0.4046, 1.6415 -0.9464 0.3982, 1.6197 -0.9427 0.4043, 1.6272 -0.9444 0.401, 1.641 -0.9459 0.3969, -2.4803 -0.9741 0.416, -2.4803 -0.9646 0.412, -2.4803 -0.9564 0.4058, -2.4803 -0.9502 0.3976, -2.4803 -0.9462 0.3881, 1.6721 -0.9741 0.418, 1.6667 -0.9462 0.3907, 1.6686 -0.9502 0.4, 1.6701 -0.9564 0.408, 1.6714 -0.9646 0.4142, 1.6929 -0.9462 0.3881, 1.6929 -0.9502 0.3976, 1.6929 -0.9564 0.4058, 1.6929 -0.9646 0.412, 1.6929 -0.9741 0.416, -2.5299 -1.0236 0.416, -2.5282 -1.0108 0.416, -2.5394 -1.0236 0.412, -2.5374 -1.0083 0.412, -2.5475 -1.0236 0.4058, -2.5452 -1.0062 0.4058, -2.5538 -1.0236 0.3976, -2.5513 -1.0046 0.3976, -2.5577 -1.0236 0.3881, -2.5551 -1.0036 0.3881, -2.5232 -0.9988 0.416, -2.5315 -0.9941 0.412, -2.5385 -0.99 0.4058, -2.5439 -0.9869 0.3976, -2.5473 -0.9849 0.3881, -2.5154 -0.9886 0.416, -2.5221 -0.9819 0.412, -2.5278 -0.9761 0.4058, -2.5323 -0.9717 0.3976, -2.535 -0.9689 0.3881, -2.5051 -0.9807 0.416, -2.5098 -0.9725 0.412, -2.5139 -0.9654 0.4058, -2.517 -0.96 0.3976, -2.519 -0.9566 0.3881, -2.4931 -0.9758 0.416, -2.4956 -0.9666 0.412, -2.4977 -0.9587 0.4058, -2.4993 -0.9527 0.3976, -2.5003 -0.9489 0.3881, 2.4803 -0.9741 0.416, 2.4803 -0.9646 0.412, 2.4803 -0.9564 0.4058, 2.4803 -0.9502 0.3976, 2.4803 -0.9462 0.3881, -2.5577 -1.2205 0.3881, -2.5538 -1.2205 0.3976, -2.5475 -1.2205 0.4058, -2.5394 -1.2205 0.412, -2.5299 -1.2205 0.416, 2.4931 -0.9758 0.416, 2.4956 -0.9666 0.412, 2.4977 -0.9587 0.4058, 2.4993 -0.9527 0.3976, 2.5003 -0.9489 0.3881, 2.5051 -0.9807 0.416, 2.5098 -0.9725 0.412, 2.5139 -0.9654 0.4058, 2.517 -0.96 0.3976, 2.519 -0.9566 0.3881, 2.5154 -0.9886 0.416, 2.5221 -0.9819 0.412, 2.5278 -0.9761 0.4058, 2.5323 -0.9717 0.3976, 2.535 -0.9689 0.3881, 2.5232 -0.9988 0.416, 2.5315 -0.9941 0.412, 2.5385 -0.99 0.4058, 2.5439 -0.9869 0.3976, 2.5473 -0.9849 0.3881, 2.5282 -1.0108 0.416, 2.5374 -1.0083 0.412, 2.5452 -1.0062 0.4058, 2.5513 -1.0046 0.3976, 2.5551 -1.0036 0.3881, 2.5299 -1.0236 0.416, 2.5394 -1.0236 0.412, 2.5475 -1.0236 0.4058, 2.5538 -1.0236 0.3976, 2.5577 -1.0236 0.3881, -2.4803 -1.27 0.416, -2.4931 -1.2683 0.416, -2.4803 -1.2795 0.412, -2.4956 -1.2775 0.412, -2.4803 -1.2877 0.4058, -2.4977 -1.2854 0.4058, -2.4803 -1.2939 0.3976, -2.4993 -1.2914 0.3976, -2.4803 -1.2979 0.3881, -2.5003 -1.2952 0.3881, -2.5051 -1.2634 0.416, -2.5098 -1.2716 0.412, -2.5139 -1.2787 0.4058, -2.517 -1.2841 0.3976, -2.519 -1.2875 0.3881, -2.5154 -1.2555 0.416, -2.5221 -1.2622 0.412, -2.5278 -1.268 0.4058, -2.5323 -1.2724 0.3976, -2.535 -1.2752 0.3881, -2.5232 -1.2453 0.416, -2.5315 -1.25 0.412, -2.5385 -1.2541 0.4058, -2.5439 -1.2572 0.3976, -2.5473 -1.2592 0.3881, -2.5282 -1.2333 0.416, -2.5374 -1.2358 0.412, -2.5452 -1.2379 0.4058, -2.5513 -1.2395 0.3976, -2.5551 -1.2405 0.3881, 2.5299 -1.2205 0.416, 2.5394 -1.2205 0.412, 2.5475 -1.2205 0.4058, 2.5538 -1.2205 0.3976, 2.5577 -1.2205 0.3881, -1.6929 -1.2979 0.3881, -1.6929 -1.2939 0.3976, -1.6929 -1.2877 0.4058, -1.6929 -1.2795 0.412, -1.6929 -1.27 0.416, 2.5282 -1.2333 0.416, 2.5374 -1.2358 0.412, 2.5452 -1.2379 0.4058, 2.5513 -1.2395 0.3976, 2.5551 -1.2405 0.3881, 2.5232 -1.2453 0.416, 2.5315 -1.25 0.412, 2.5385 -1.2541 0.4058, 2.5439 -1.2572 0.3976, 2.5473 -1.2592 0.3881, 2.5154 -1.2555 0.416, 2.5221 -1.2622 0.412, 2.5278 -1.268 0.4058, 2.5323 -1.2724 0.3976, 2.535 -1.2752 0.3881, 2.5051 -1.2634 0.416, 2.5098 -1.2716 0.412, 2.5139 -1.2787 0.4058, 2.517 -1.2841 0.3976, 2.519 -1.2875 0.3881, 2.4931 -1.2683 0.416, 2.4956 -1.2775 0.412, 2.4977 -1.2854 0.4058, 2.4993 -1.2914 0.3976, 2.5003 -1.2952 0.3881, 2.4803 -1.27 0.416, 2.4803 -1.2795 0.412, 2.4803 -1.2877 0.4058, 2.4803 -1.2939 0.3976, 2.4803 -1.2979 0.3881, -1.6607 -1.2979 0.392, -1.663 -1.2939 0.4012, -1.6649 -1.2877 0.4092, -1.6664 -1.2795 0.4152, -1.6673 -1.27 0.4191, -1.6304 -1.2979 0.4035, -1.6347 -1.2939 0.4119, -1.6385 -1.2877 0.4191, -1.6414 -1.2795 0.4247, -1.6432 -1.27 0.4281, -1.6036 -1.2979 0.4218, -1.6098 -1.2939 0.4289, -1.6152 -1.2877 0.435, -1.6193 -1.2795 0.4397, -1.6219 -1.27 0.4427, -1.5819 -1.2979 0.4459, -1.5897 -1.2939 0.4514, -1.5964 -1.2877 0.456, -1.6015 -1.2795 0.4596, -1.6047 -1.27 0.4619, 1.6929 -1.2979 0.3881, 1.6929 -1.2939 0.3976, 1.6929 -1.2877 0.4058, 1.6929 -1.2795 0.412, 1.6929 -1.27 0.416, -1.2352 -1.2979 0.9411, -1.243 -1.2939 0.9465, -1.2497 -1.2877 0.9512, -1.2548 -1.2795 0.9548, -1.258 -1.27 0.957, 1.5807 -1.2981 0.4451, 1.6036 -1.2979 0.4218, 1.5819 -1.2979 0.4459, 1.5875 -1.2951 0.4498, 1.6098 -1.2939 0.4289, 1.5897 -1.2939 0.4514, 1.5935 -1.2904 0.454, 1.6152 -1.2877 0.435, 1.5964 -1.2877 0.456, 1.5986 -1.2842 0.4576, 1.6193 -1.2795 0.4397, 1.6015 -1.2795 0.4596, 1.6024 -1.2768 0.4603, 1.6219 -1.27 0.4427, 1.6047 -1.27 0.4619, 1.6049 -1.2686 0.462, 1.6304 -1.2979 0.4035, 1.6347 -1.2939 0.4119, 1.6385 -1.2877 0.4191, 1.6414 -1.2795 0.4247, 1.6432 -1.27 0.4281, 1.6607 -1.2979 0.392, 1.663 -1.2939 0.4012, 1.6649 -1.2877 0.4092, 1.6664 -1.2795 0.4152, 1.6673 -1.27 0.4191, -1.2048 -1.27 1.0214, -1.0714 -1.27 1.1207, -0.9945 -1.27 1.1533, -0.8302 -1.27 1.1798, -0.9134 -1.27 1.1731, -0.8302 -1.2795 1.1758, -0.9128 -1.2795 1.1692, -0.8302 -1.2877 1.1696, -0.9118 -1.2877 1.163, -0.8302 -1.2939 1.1614, -0.9105 -1.2939 1.155, -0.8302 -1.2979 1.1519, -0.909 -1.2979 1.1456, -0.9932 -1.2795 1.1495, -0.9913 -1.2877 1.1436, -0.9887 -1.2939 1.1358, -0.9857 -1.2979 1.1268, -1.0695 -1.2795 1.1173, -1.0666 -1.2877 1.1117, -1.0629 -1.2939 1.1045, -1.0585 -1.2979 1.0961, -1.1421 -1.27 1.0764, -1.1397 -1.2795 1.0733, -1.136 -1.2877 1.0682, -1.1311 -1.2939 1.0617, -1.1255 -1.2979 1.0541, -1.202 -1.2795 1.0186, -1.1975 -1.2877 1.0143, -1.1917 -1.2939 1.0086, -1.1849 -1.2979 1.002, 1.2409 -1.2953 0.945, 1.234 -1.2982 0.9403, 1.247 -1.2906 0.9493, 1.2521 -1.2844 0.9529, 1.2559 -1.2769 0.9556, 1.2583 -1.2686 0.9573, 0.8302 -1.2982 1.1505, 0.8302 -1.2977 1.1519, 0.8302 -1.2953 1.1588, 0.8302 -1.2938 1.1613, 0.8302 -1.2906 1.1663, 0.8302 -1.2875 1.1694, 0.8302 -1.2844 1.1725, 0.8302 -1.2794 1.1756, 0.8302 -1.2769 1.1772, 0.8302 -1.27 1.1796, 0.8302 -1.2686 1.1801, 1.1838 -1.2982 1.001, 1.0715 -1.2686 1.1211, 1.1423 -1.2686 1.0767, 0.9135 -1.2686 1.1734, 0.913 -1.2769 1.1706, 0.9122 -1.2844 1.1659, 0.9112 -1.2906 1.1598, 1.2051 -1.2686 1.0216, 1.203 -1.2769 1.0196, 1.1996 -1.2844 1.0163, 1.1952 -1.2906 1.012, 1.1898 -1.2953 1.0068, 1.1405 -1.2769 1.0744, 1.1377 -1.2844 1.0706, 1.134 -1.2906 1.0656, 1.1296 -1.2953 1.0596, 1.0702 -1.2769 1.1185, 1.068 -1.2844 1.1143, 1.0651 -1.2906 1.1088, 1.0617 -1.2953 1.1022, 0.9946 -1.2686 1.1536, 0.9937 -1.2769 1.1508, 0.9922 -1.2844 1.1464, 0.9902 -1.2906 1.1405, 0.9879 -1.2953 1.1334, 0.9101 -1.2953 1.1524, 1.1246 -1.2982 1.0529, 1.0578 -1.2982 1.0948, 0.9853 -1.2982 1.1255, 0.9087 -1.2982 1.1442, 0.9087 -1.2982 1.1442
            ]
        }
        coordIndex [
            0,1,2,-1,3,4,5,-1,6,7,8,-1,9,10,11,-1,11,10,12,-1,13,14,11,-1,11,14,15,-1,11,15,16,-1,16,17,11,-1,11,17,18,-1,11,18,9,-1,19,20,21,-1,21,20,22,-1,22,20,23,-1,22,23,24,-1,19,21,25,-1,25,21,26,-1,25,26,27,-1,28,29,26,-1,26,29,30,-1,26,30,31,-1,26,32,27,-1,27,32,33,-1,27,33,34,-1,34,33,35,-1,34,35,36,-1,31,37,26,-1,26,37,38,-1,26,38,32,-1,39,40,41,-1,39,41,42,-1,40,43,41,-1,41,43,44,-1,41,44,45,-1,45,44,46,-1,46,47,45,-1,45,47,48,-1,45,48,28,-1,28,48,49,-1,28,49,29,-1,50,42,51,-1,51,42,41,-1,51,41,52,-1,52,41,53,-1,52,53,54,-1,54,53,55,-1,56,57,53,-1,53,57,58,-1,53,58,55,-1,59,60,61,-1,61,60,62,-1,61,62,56,-1,56,62,63,-1,56,63,57,-1,64,65,66,-1,66,65,67,-1,67,68,66,-1,66,68,69,-1,66,69,59,-1,70,71,72,-1,73,74,75,-1,76,77,78,-1,79,80,81,-1,81,80,82,-1,73,75,83,-1,76,78,84,-1,85,86,80,-1,80,86,87,-1,80,87,88,-1,72,71,78,-1,78,71,89,-1,78,89,84,-1,74,90,75,-1,75,90,91,-1,75,91,92,-1,93,94,95,-1,95,94,96,-1,95,96,97,-1,98,88,99,-1,99,88,100,-1,99,100,95,-1,95,100,101,-1,95,101,93,-1,98,102,88,-1,88,102,103,-1,88,103,80,-1,80,103,104,-1,80,104,82,-1,105,106,107,-1,107,106,108,-1,107,108,75,-1,75,108,109,-1,75,109,83,-1,110,111,75,-1,75,111,112,-1,75,112,80,-1,80,112,113,-1,80,113,85,-1,114,115,64,-1,64,115,116,-1,64,116,117,-1,117,118,64,-1,64,118,119,-1,64,119,120,-1,120,119,105,-1,120,105,121,-1,121,105,107,-1,77,122,78,-1,78,122,123,-1,78,123,64,-1,64,123,124,-1,64,124,114,-1,92,125,75,-1,75,125,126,-1,75,126,127,-1,127,128,75,-1,75,128,129,-1,75,129,110,-1,130,131,132,-1,132,88,130,-1,130,88,87,-1,130,87,133,-1,133,87,134,-1,134,135,133,-1,133,135,136,-1,133,136,137,-1,138,139,140,-1,139,141,140,-1,140,141,142,-1,140,142,143,-1,144,140,145,-1,131,130,144,-1,144,130,146,-1,144,146,140,-1,140,146,147,-1,140,147,138,-1,145,148,144,-1,144,148,149,-1,144,149,150,-1,143,142,151,-1,151,142,152,-1,151,152,153,-1,153,152,154,-1,153,154,155,-1,156,157,150,-1,150,157,158,-1,150,158,144,-1,10,159,12,-1,12,159,160,-1,12,160,72,-1,72,160,161,-1,72,161,70,-1,162,163,164,-1,164,163,165,-1,164,165,166,-1,167,168,169,-1,169,168,170,-1,163,171,165,-1,165,171,172,-1,165,172,173,-1,173,172,174,-1,173,174,175,-1,175,174,176,-1,175,176,170,-1,170,176,177,-1,170,177,169,-1,178,179,180,-1,180,179,181,-1,182,183,184,-1,184,183,185,-1,184,186,182,-1,182,186,187,-1,182,187,188,-1,188,187,189,-1,188,189,190,-1,178,180,191,-1,191,180,187,-1,191,187,192,-1,192,187,186,-1,192,186,193,-1,186,194,193,-1,193,194,195,-1,193,195,196,-1,185,183,197,-1,197,183,198,-1,197,198,199,-1,200,198,201,-1,201,198,202,-1,189,203,190,-1,190,203,199,-1,190,199,8,-1,8,199,198,-1,8,198,204,-1,204,198,200,-1,205,206,204,-1,6,8,207,-1,206,208,204,-1,204,208,209,-1,204,209,8,-1,8,209,210,-1,8,210,207,-1,211,212,213,-1,214,215,204,-1,204,215,216,-1,216,217,204,-1,204,217,218,-1,204,218,219,-1,220,221,204,-1,204,221,222,-1,204,222,205,-1,214,204,213,-1,213,204,223,-1,213,223,211,-1,212,224,213,-1,213,224,225,-1,213,225,226,-1,219,227,204,-1,204,227,228,-1,204,228,220,-1,229,230,231,-1,231,230,232,-1,231,232,202,-1,3,5,233,-1,234,235,5,-1,5,235,236,-1,5,236,233,-1,237,238,239,-1,239,238,240,-1,240,241,242,-1,242,241,243,-1,242,243,5,-1,5,243,244,-1,5,244,234,-1,245,246,247,-1,246,248,247,-1,247,248,249,-1,247,249,250,-1,245,247,251,-1,251,247,252,-1,251,252,253,-1,253,252,254,-1,254,252,255,-1,254,255,7,-1,256,257,175,-1,175,257,258,-1,173,259,260,-1,258,261,175,-1,175,261,262,-1,175,262,263,-1,264,265,266,-1,266,265,173,-1,266,173,267,-1,267,173,260,-1,263,268,175,-1,175,268,269,-1,175,269,173,-1,173,269,270,-1,173,270,259,-1,182,271,256,-1,256,271,272,-1,256,272,257,-1,264,273,265,-1,265,273,274,-1,265,274,188,-1,188,274,275,-1,188,275,182,-1,182,275,276,-1,182,276,271,-1,277,278,279,-1,280,281,282,-1,282,281,283,-1,277,279,284,-1,285,286,287,-1,288,289,290,-1,280,291,281,-1,281,291,292,-1,281,292,293,-1,293,292,294,-1,295,296,294,-1,294,296,297,-1,294,297,293,-1,286,298,287,-1,287,298,299,-1,287,299,300,-1,288,301,289,-1,289,301,302,-1,289,302,303,-1,303,302,304,-1,303,304,305,-1,252,306,307,-1,308,309,279,-1,279,309,310,-1,279,310,284,-1,300,311,287,-1,287,311,312,-1,287,312,252,-1,252,312,283,-1,252,283,306,-1,306,283,281,-1,307,313,252,-1,252,313,314,-1,252,314,315,-1,316,317,318,-1,318,317,319,-1,318,319,305,-1,305,319,320,-1,305,320,303,-1,321,322,294,-1,294,322,323,-1,294,323,324,-1,325,326,327,-1,327,326,328,-1,327,328,329,-1,324,330,294,-1,294,330,331,-1,294,331,295,-1,278,332,333,-1,333,332,334,-1,334,332,335,-1,334,335,336,-1,325,316,326,-1,326,316,318,-1,326,318,337,-1,337,318,338,-1,337,338,339,-1,339,338,340,-1,339,340,341,-1,341,340,342,-1,343,342,333,-1,333,342,340,-1,333,340,278,-1,278,340,338,-1,278,338,279,-1,343,333,1,-1,1,333,344,-1,1,344,2,-1,345,346,2,-1,347,348,255,-1,349,350,2,-1,2,350,351,-1,315,288,252,-1,252,288,290,-1,252,290,255,-1,255,290,352,-1,255,352,347,-1,348,353,255,-1,255,353,354,-1,255,354,355,-1,355,354,356,-1,355,356,345,-1,357,358,346,-1,346,358,359,-1,346,359,2,-1,2,359,360,-1,2,360,349,-1,351,361,2,-1,2,361,362,-1,2,362,0,-1,363,364,365,-1,365,364,366,-1,365,366,367,-1,365,368,363,-1,363,368,369,-1,363,369,370,-1,370,371,363,-1,363,371,372,-1,363,372,373,-1,373,372,374,-1,373,374,375,-1,375,374,376,-1,375,376,346,-1,346,376,377,-1,346,377,357,-1,378,379,367,-1,367,379,380,-1,367,380,365,-1,381,382,329,-1,329,382,383,-1,329,383,327,-1,381,384,382,-1,382,384,385,-1,382,385,386,-1,386,385,387,-1,386,388,389,-1,387,390,386,-1,386,390,391,-1,386,391,392,-1,392,393,386,-1,386,393,394,-1,386,394,388,-1,389,395,386,-1,386,395,396,-1,386,396,397,-1,398,399,400,-1,401,402,403,-1,400,404,398,-1,398,404,405,-1,398,405,406,-1,406,405,401,-1,406,401,407,-1,407,401,403,-1,408,409,2,-1,345,2,355,-1,355,2,409,-1,355,409,404,-1,404,409,410,-1,404,410,405,-1,411,412,408,-1,413,414,415,-1,415,414,416,-1,415,416,411,-1,411,408,415,-1,415,408,2,-1,415,2,417,-1,417,2,344,-1,417,344,418,-1,417,419,415,-1,415,419,420,-1,415,420,421,-1,422,423,424,-1,424,423,425,-1,424,425,344,-1,344,425,426,-1,344,426,418,-1,421,427,415,-1,415,427,428,-1,415,428,413,-1,429,430,431,-1,429,431,432,-1,430,433,431,-1,431,433,434,-1,431,434,424,-1,424,434,435,-1,424,435,422,-1,436,437,438,-1,438,437,439,-1,440,441,442,-1,442,441,443,-1,442,443,444,-1,444,443,445,-1,444,445,446,-1,436,438,447,-1,447,438,443,-1,447,443,448,-1,448,443,441,-1,448,441,449,-1,441,450,449,-1,449,450,451,-1,449,451,452,-1,445,453,446,-1,446,453,454,-1,446,454,455,-1,455,454,456,-1,440,442,457,-1,457,442,458,-1,457,458,456,-1,456,458,400,-1,456,400,455,-1,455,400,399,-1,455,399,432,-1,202,198,231,-1,231,198,183,-1,231,183,459,-1,459,183,182,-1,459,182,460,-1,460,182,256,-1,460,256,461,-1,461,256,175,-1,461,175,462,-1,462,175,170,-1,462,170,463,-1,463,170,168,-1,463,168,464,-1,22,242,465,-1,465,242,5,-1,465,5,229,-1,229,5,4,-1,229,4,230,-1,240,242,239,-1,239,242,466,-1,239,466,467,-1,12,468,11,-1,11,468,469,-1,11,469,470,-1,471,466,470,-1,470,466,242,-1,470,242,11,-1,11,242,22,-1,11,22,13,-1,13,22,24,-1,7,255,8,-1,8,255,355,-1,8,355,190,-1,190,355,404,-1,190,404,188,-1,188,404,400,-1,188,400,265,-1,265,400,458,-1,265,458,173,-1,173,458,442,-1,173,442,165,-1,467,468,239,-1,239,468,12,-1,239,12,472,-1,472,12,72,-1,473,474,444,-1,475,476,477,-1,477,473,475,-1,475,473,444,-1,475,444,478,-1,478,444,479,-1,478,479,480,-1,480,479,481,-1,482,474,483,-1,483,474,484,-1,483,484,485,-1,485,484,486,-1,482,487,474,-1,474,487,488,-1,474,488,489,-1,490,442,491,-1,491,442,444,-1,491,444,492,-1,492,444,474,-1,492,474,493,-1,493,474,489,-1,169,166,167,-1,167,166,165,-1,167,165,481,-1,481,165,442,-1,481,442,480,-1,480,442,484,-1,494,495,484,-1,484,495,496,-1,484,496,486,-1,490,497,442,-1,442,497,498,-1,442,498,484,-1,484,498,499,-1,484,499,494,-1,250,237,247,-1,247,237,239,-1,247,239,252,-1,252,239,472,-1,252,472,287,-1,287,472,500,-1,78,500,501,-1,501,500,502,-1,502,500,503,-1,503,500,472,-1,503,472,504,-1,78,501,72,-1,72,501,505,-1,72,505,472,-1,472,505,506,-1,472,506,504,-1,507,508,509,-1,509,508,503,-1,509,503,510,-1,510,503,504,-1,510,504,511,-1,511,504,512,-1,432,431,455,-1,455,431,513,-1,455,513,446,-1,446,513,514,-1,446,514,444,-1,444,514,515,-1,444,515,479,-1,64,66,78,-1,78,66,516,-1,78,516,500,-1,500,516,334,-1,500,334,287,-1,287,334,336,-1,287,336,285,-1,59,61,66,-1,66,61,517,-1,66,517,516,-1,516,517,518,-1,516,518,334,-1,334,518,519,-1,334,519,333,-1,333,519,520,-1,333,520,344,-1,344,520,521,-1,344,521,424,-1,424,521,522,-1,424,522,431,-1,431,522,523,-1,431,523,513,-1,513,523,524,-1,513,524,514,-1,514,524,525,-1,514,525,515,-1,21,526,26,-1,26,526,527,-1,26,527,28,-1,28,527,528,-1,28,528,45,-1,45,528,529,-1,45,529,41,-1,41,529,530,-1,41,530,53,-1,53,530,531,-1,53,531,56,-1,56,531,532,-1,533,534,535,-1,535,534,536,-1,537,538,539,-1,539,538,540,-1,533,541,534,-1,534,541,540,-1,534,540,542,-1,542,540,538,-1,543,544,536,-1,536,544,545,-1,536,545,535,-1,546,547,536,-1,536,547,548,-1,536,548,543,-1,549,550,551,-1,551,550,552,-1,553,554,555,-1,555,554,556,-1,555,556,557,-1,557,556,558,-1,553,559,554,-1,554,559,560,-1,554,560,561,-1,561,562,554,-1,554,562,563,-1,554,563,564,-1,556,565,558,-1,558,565,566,-1,558,566,567,-1,567,566,568,-1,569,570,571,-1,572,573,574,-1,575,576,577,-1,575,577,578,-1,574,573,577,-1,577,573,579,-1,577,579,578,-1,571,570,574,-1,574,570,580,-1,574,580,572,-1,569,571,581,-1,581,571,582,-1,581,582,583,-1,583,582,553,-1,583,553,555,-1,584,585,586,-1,584,586,587,-1,587,586,588,-1,587,588,589,-1,589,588,590,-1,589,590,591,-1,591,590,592,-1,592,590,593,-1,592,593,594,-1,595,596,597,-1,597,598,595,-1,595,598,599,-1,595,599,593,-1,593,599,600,-1,593,600,594,-1,585,601,586,-1,586,601,602,-1,603,604,605,-1,605,604,606,-1,585,607,601,-1,601,607,606,-1,601,606,608,-1,608,606,604,-1,609,610,602,-1,602,610,611,-1,602,611,586,-1,612,613,602,-1,602,613,614,-1,602,614,609,-1,615,616,617,-1,617,616,618,-1,619,620,621,-1,621,620,622,-1,621,622,623,-1,623,622,624,-1,624,625,623,-1,623,625,626,-1,623,626,627,-1,621,628,619,-1,619,628,629,-1,619,629,630,-1,630,629,631,-1,627,632,623,-1,623,632,633,-1,623,633,634,-1,635,636,637,-1,637,636,638,-1,637,638,639,-1,624,622,640,-1,640,622,641,-1,640,641,642,-1,642,641,643,-1,642,643,644,-1,644,643,645,-1,644,645,646,-1,646,645,647,-1,646,647,648,-1,648,647,649,-1,648,649,650,-1,650,649,651,-1,650,651,652,-1,652,651,653,-1,652,653,654,-1,654,653,655,-1,654,655,656,-1,656,655,657,-1,656,657,637,-1,637,657,658,-1,637,658,635,-1,533,535,659,-1,659,535,660,-1,659,660,661,-1,661,660,662,-1,661,662,663,-1,663,662,664,-1,663,664,665,-1,665,664,666,-1,665,666,667,-1,667,666,668,-1,667,668,669,-1,669,668,670,-1,669,670,671,-1,671,670,672,-1,671,672,673,-1,674,675,676,-1,676,675,677,-1,676,677,678,-1,678,679,676,-1,676,679,680,-1,676,680,681,-1,681,680,673,-1,681,673,682,-1,682,673,672,-1,683,684,685,-1,686,687,688,-1,688,687,689,-1,688,689,685,-1,689,690,685,-1,685,690,691,-1,685,691,692,-1,692,693,685,-1,685,693,694,-1,685,694,683,-1,688,695,686,-1,686,695,696,-1,686,696,697,-1,697,696,698,-1,699,700,701,-1,701,700,702,-1,703,704,705,-1,705,704,706,-1,705,706,707,-1,708,709,710,-1,710,709,711,-1,703,712,704,-1,704,712,711,-1,704,711,713,-1,713,711,709,-1,714,706,715,-1,715,706,716,-1,714,717,706,-1,706,717,718,-1,706,718,707,-1,703,705,719,-1,719,705,720,-1,719,720,721,-1,721,720,722,-1,722,720,723,-1,722,723,724,-1,724,723,725,-1,725,723,726,-1,725,726,727,-1,728,729,730,-1,730,731,728,-1,728,731,732,-1,728,732,726,-1,726,732,733,-1,726,733,727,-1,734,577,576,-1,729,728,735,-1,735,728,736,-1,735,736,737,-1,576,738,734,-1,734,738,739,-1,734,739,736,-1,736,739,740,-1,736,740,741,-1,741,742,736,-1,736,742,743,-1,736,743,737,-1,532,526,744,-1,744,526,745,-1,744,745,746,-1,746,745,747,-1,746,747,748,-1,748,747,749,-1,748,749,750,-1,750,749,751,-1,750,751,752,-1,752,751,753,-1,752,753,754,-1,754,753,755,-1,754,755,756,-1,756,755,757,-1,756,757,758,-1,758,757,759,-1,758,759,760,-1,760,759,761,-1,760,761,736,-1,736,761,734,-1,762,763,764,-1,764,763,765,-1,764,765,766,-1,766,765,767,-1,766,767,768,-1,768,767,769,-1,768,769,770,-1,770,769,771,-1,770,771,772,-1,772,771,773,-1,772,773,774,-1,774,773,775,-1,774,775,776,-1,776,775,777,-1,776,777,778,-1,778,777,779,-1,778,779,780,-1,780,779,781,-1,780,781,525,-1,525,781,464,-1,782,783,762,-1,762,783,784,-1,784,785,762,-1,762,785,786,-1,762,786,787,-1,596,595,788,-1,788,595,763,-1,787,789,762,-1,762,789,790,-1,762,790,763,-1,763,790,791,-1,763,791,788,-1,792,793,794,-1,795,782,796,-1,796,782,797,-1,796,797,798,-1,795,799,782,-1,782,799,800,-1,782,800,783,-1,794,793,797,-1,797,793,801,-1,797,801,798,-1,792,794,802,-1,802,794,803,-1,802,803,804,-1,804,803,805,-1,804,805,806,-1,807,808,809,-1,810,811,812,-1,812,811,806,-1,812,806,809,-1,806,805,809,-1,809,805,813,-1,809,813,814,-1,814,815,809,-1,809,815,816,-1,809,816,807,-1,812,817,810,-1,810,817,818,-1,810,818,819,-1,819,818,820,-1,821,822,823,-1,823,822,824,-1,825,826,827,-1,827,826,828,-1,827,828,829,-1,830,831,832,-1,832,831,833,-1,825,834,826,-1,826,834,833,-1,826,833,835,-1,835,833,831,-1,836,828,837,-1,837,828,838,-1,836,839,828,-1,828,839,840,-1,828,840,829,-1,841,842,843,-1,843,842,844,-1,825,827,845,-1,845,827,846,-1,845,846,847,-1,847,846,848,-1,847,848,849,-1,849,848,850,-1,849,850,851,-1,851,850,852,-1,851,852,853,-1,853,852,854,-1,853,854,855,-1,855,854,856,-1,855,856,857,-1,857,856,858,-1,857,858,859,-1,859,858,860,-1,859,860,861,-1,861,860,862,-1,861,862,863,-1,863,862,842,-1,863,842,864,-1,864,842,841,-1,865,637,639,-1,866,867,868,-1,866,868,869,-1,844,842,870,-1,870,842,868,-1,870,868,871,-1,871,868,867,-1,639,872,865,-1,865,872,873,-1,865,873,868,-1,868,873,874,-1,868,874,869,-1,865,868,875,-1,875,868,876,-1,875,876,877,-1,877,876,878,-1,877,878,879,-1,879,878,880,-1,879,880,881,-1,881,880,882,-1,881,882,883,-1,883,882,884,-1,883,884,885,-1,885,884,886,-1,885,886,887,-1,887,886,888,-1,887,888,889,-1,889,888,890,-1,889,890,891,-1,891,890,892,-1,893,894,892,-1,892,894,895,-1,895,896,892,-1,892,896,897,-1,892,897,898,-1,674,676,899,-1,899,676,891,-1,898,900,892,-1,892,900,901,-1,892,901,891,-1,891,901,902,-1,891,902,899,-1,903,904,893,-1,893,904,905,-1,893,905,894,-1,690,689,906,-1,906,689,907,-1,906,907,908,-1,908,907,909,-1,908,909,910,-1,910,909,911,-1,910,911,912,-1,912,911,913,-1,912,913,914,-1,914,913,915,-1,914,915,916,-1,916,915,917,-1,916,917,918,-1,918,917,919,-1,918,919,920,-1,920,919,921,-1,920,921,922,-1,922,921,923,-1,922,923,893,-1,893,923,924,-1,893,924,903,-1,925,926,927,-1,928,929,930,-1,930,929,931,-1,930,931,932,-1,933,934,935,-1,935,934,936,-1,935,936,937,-1,931,938,932,-1,932,938,939,-1,932,939,940,-1,941,942,943,-1,943,942,944,-1,943,944,945,-1,945,944,946,-1,945,946,947,-1,947,946,948,-1,939,949,940,-1,940,949,950,-1,940,950,951,-1,951,950,952,-1,951,952,953,-1,953,952,954,-1,953,954,955,-1,955,954,956,-1,955,956,957,-1,957,956,937,-1,957,937,958,-1,958,937,936,-1,959,960,941,-1,941,960,961,-1,941,961,942,-1,927,926,962,-1,962,926,963,-1,962,963,964,-1,927,965,925,-1,925,965,966,-1,925,966,967,-1,967,966,968,-1,967,968,969,-1,969,968,970,-1,969,970,971,-1,971,970,972,-1,971,972,933,-1,933,972,973,-1,933,973,934,-1,964,963,974,-1,974,963,975,-1,974,975,959,-1,959,975,976,-1,959,976,960,-1,977,978,979,-1,979,980,977,-1,977,980,981,-1,977,981,982,-1,982,981,983,-1,982,983,984,-1,984,983,985,-1,984,985,986,-1,987,988,989,-1,989,988,990,-1,989,990,991,-1,992,993,994,-1,994,993,995,-1,994,995,996,-1,996,995,997,-1,996,997,998,-1,998,997,999,-1,998,999,987,-1,987,999,1000,-1,987,1000,988,-1,1001,1002,992,-1,992,1002,1003,-1,992,1003,993,-1,1004,1005,1006,-1,1006,1005,1007,-1,1006,1007,1008,-1,1008,1007,1009,-1,1008,1009,1010,-1,1010,1009,1011,-1,1010,1011,1012,-1,1012,1011,1013,-1,1013,1011,1014,-1,1013,1014,1015,-1,1015,1014,1016,-1,1015,1016,1017,-1,1017,1016,1018,-1,1018,1016,1019,-1,1018,1019,1001,-1,1001,1019,1020,-1,1001,1020,1002,-1,985,1021,986,-1,986,1021,1022,-1,986,1022,1023,-1,1023,1022,1024,-1,1023,1024,1025,-1,1025,1024,1026,-1,1025,1026,1027,-1,1027,1026,991,-1,1027,991,1028,-1,1028,991,990,-1,1029,1030,1031,-1,1031,1030,1032,-1,1033,1034,1035,-1,1033,1036,1034,-1,1034,1036,1037,-1,1034,1037,1038,-1,1039,1040,1041,-1,1041,1040,1042,-1,1041,1042,1035,-1,1035,1042,1043,-1,1035,1043,1033,-1,1044,1045,1046,-1,1047,1048,1049,-1,1049,1048,1050,-1,1049,1050,1051,-1,1051,1050,1052,-1,1051,1052,1053,-1,1053,1052,1044,-1,1053,1044,1054,-1,1054,1044,1046,-1,1055,1056,1057,-1,1057,1056,1058,-1,1059,1060,1061,-1,1062,1063,1064,-1,1064,1063,1065,-1,1064,1065,1066,-1,1066,1065,1067,-1,1066,1067,1068,-1,1068,1067,1059,-1,1068,1059,1069,-1,1069,1059,1061,-1,1070,1071,1072,-1,1070,1073,1071,-1,1071,1073,1074,-1,1071,1074,1075,-1,1076,1077,1078,-1,1078,1077,1079,-1,1078,1079,1072,-1,1072,1079,1080,-1,1072,1080,1070,-1,979,978,1081,-1,979,1081,1082,-1,1082,1081,1083,-1,1082,1083,1084,-1,1084,1083,1085,-1,1084,1085,1086,-1,1086,1085,1087,-1,1086,1087,1088,-1,1088,1087,1089,-1,1088,1089,1090,-1,1090,1089,700,-1,1090,700,699,-1,701,702,1091,-1,701,1091,1092,-1,1092,1091,1093,-1,1092,1093,1094,-1,1094,1093,1095,-1,1094,1095,1096,-1,1096,1095,1097,-1,1096,1097,1098,-1,1098,1097,1099,-1,1098,1099,1100,-1,1100,1099,1048,-1,1100,1048,1047,-1,550,549,1101,-1,550,1101,1102,-1,1102,1101,1103,-1,1102,1103,1104,-1,1104,1103,1105,-1,1104,1105,1106,-1,1106,1105,1107,-1,1106,1107,1108,-1,1108,1107,1109,-1,1108,1109,1110,-1,1110,1109,1040,-1,1110,1040,1039,-1,947,948,1111,-1,947,1111,1112,-1,1112,1111,1113,-1,1112,1113,1114,-1,1114,1113,1115,-1,1114,1115,1116,-1,1116,1115,1117,-1,1116,1117,1118,-1,1118,1117,1119,-1,1118,1119,1120,-1,1120,1119,551,-1,1120,551,552,-1,929,928,1121,-1,929,1121,1122,-1,1122,1121,1123,-1,1122,1123,1124,-1,1124,1123,1125,-1,1124,1125,1126,-1,1126,1125,1127,-1,1126,1127,1128,-1,1128,1127,1129,-1,1128,1129,1130,-1,1130,1129,616,-1,1130,616,615,-1,617,618,1131,-1,617,1131,1132,-1,1132,1131,1133,-1,1132,1133,1134,-1,1134,1133,1135,-1,1134,1135,1136,-1,1136,1135,1137,-1,1136,1137,1138,-1,1138,1137,1139,-1,1138,1139,1140,-1,1140,1139,1063,-1,1140,1063,1062,-1,1005,1004,1141,-1,1005,1141,1142,-1,1142,1141,1143,-1,1142,1143,1144,-1,1144,1143,1145,-1,1144,1145,1146,-1,1146,1145,1147,-1,1146,1147,1148,-1,1148,1147,1149,-1,1148,1149,1150,-1,1150,1149,823,-1,1150,823,824,-1,822,821,1151,-1,822,1151,1152,-1,1152,1151,1153,-1,1152,1153,1154,-1,1154,1153,1155,-1,1154,1155,1156,-1,1156,1155,1157,-1,1156,1157,1158,-1,1158,1157,1159,-1,1158,1159,1160,-1,1160,1159,1077,-1,1160,1077,1076,-1,1161,1162,1163,-1,1161,1163,1164,-1,1164,1163,1165,-1,1164,1165,1166,-1,1166,1165,1167,-1,1166,1167,1168,-1,1168,1167,1169,-1,1168,1169,1075,-1,1075,1169,1170,-1,1075,1170,1071,-1,1057,1058,1171,-1,1171,1058,1172,-1,1171,1172,1173,-1,1173,1172,1174,-1,1173,1174,1175,-1,1175,1174,1176,-1,1175,1176,1177,-1,1177,1176,1178,-1,1177,1178,1179,-1,1179,1178,1180,-1,1179,1180,1181,-1,1181,1180,1182,-1,1181,1182,1183,-1,1183,1182,1184,-1,1183,1184,1185,-1,1185,1184,1186,-1,1185,1186,1162,-1,1162,1186,1187,-1,1162,1187,1163,-1,1056,1055,1188,-1,1188,1055,1189,-1,1188,1189,1190,-1,1190,1189,1191,-1,1190,1191,1192,-1,1192,1191,1193,-1,1192,1193,1194,-1,1194,1193,1195,-1,1194,1195,1196,-1,1196,1195,1197,-1,1196,1197,1198,-1,1198,1197,1199,-1,1198,1199,1200,-1,1200,1199,1201,-1,1200,1201,1202,-1,1202,1201,1203,-1,1202,1203,1204,-1,1205,1206,1207,-1,1207,1206,1208,-1,1207,1208,1209,-1,1209,1208,1210,-1,1209,1210,1211,-1,1211,1210,1204,-1,1211,1204,1212,-1,1212,1204,1203,-1,1060,1059,1213,-1,1060,1213,1214,-1,1214,1213,1215,-1,1214,1215,1205,-1,1205,1215,1216,-1,1205,1216,1206,-1,1217,1218,1219,-1,1219,1218,1220,-1,1221,1222,1220,-1,1220,1222,1223,-1,1220,1223,1219,-1,1030,1029,1224,-1,1224,1029,1225,-1,1224,1225,1226,-1,1226,1225,1227,-1,1226,1227,1228,-1,1228,1227,1229,-1,1228,1229,1230,-1,1230,1229,1231,-1,1230,1231,1232,-1,1232,1231,1233,-1,1232,1233,1234,-1,1234,1233,1222,-1,1234,1222,1235,-1,1235,1222,1221,-1,1044,1236,1045,-1,1045,1236,1237,-1,1045,1237,1238,-1,1238,1237,1239,-1,1238,1239,1240,-1,1240,1239,1241,-1,1240,1241,1242,-1,1242,1241,1218,-1,1242,1218,1243,-1,1243,1218,1217,-1,1244,1245,1246,-1,1244,1246,1247,-1,1247,1246,1248,-1,1247,1248,1249,-1,1249,1248,1250,-1,1249,1250,1251,-1,1251,1250,1252,-1,1251,1252,1038,-1,1038,1252,1253,-1,1038,1253,1034,-1,1031,1032,1254,-1,1254,1032,1255,-1,1254,1255,1256,-1,1256,1255,1257,-1,1256,1257,1258,-1,1258,1257,1259,-1,1258,1259,1260,-1,1260,1259,1261,-1,1260,1261,1262,-1,1262,1261,1263,-1,1262,1263,1264,-1,1264,1263,1265,-1,1264,1265,1266,-1,1266,1265,1267,-1,1266,1267,1268,-1,1268,1267,1269,-1,1268,1269,1245,-1,1245,1269,1270,-1,1245,1270,1246,-1,1271,1272,1273,-1,1274,1275,1271,-1,1276,1277,1278,-1,1278,1277,1279,-1,1278,1279,1280,-1,1281,1282,1283,-1,1283,1282,1284,-1,1219,1223,1285,-1,1285,1223,1286,-1,1285,1286,1281,-1,1219,1285,1217,-1,1217,1285,1287,-1,1217,1287,1243,-1,1243,1287,1288,-1,1243,1288,1242,-1,1271,1273,1274,-1,1274,1273,1289,-1,1274,1289,1290,-1,1290,1289,1291,-1,1290,1291,1292,-1,1292,1291,1293,-1,1292,1293,1294,-1,1276,1278,1295,-1,1295,1278,1296,-1,1295,1296,1297,-1,1297,1296,1298,-1,1297,1298,1299,-1,1299,1298,1300,-1,1299,1300,1301,-1,1281,1283,1285,-1,1285,1283,1302,-1,1285,1302,1287,-1,1287,1302,1303,-1,1287,1303,1288,-1,1288,1303,1304,-1,1288,1304,1305,-1,1242,1288,1240,-1,1240,1288,1305,-1,1240,1305,1238,-1,923,1293,924,-1,924,1293,1291,-1,924,1291,903,-1,903,1291,1289,-1,903,1289,904,-1,904,1289,1273,-1,904,1273,905,-1,905,1273,1272,-1,905,1272,894,-1,923,1306,1293,-1,1293,1306,1307,-1,1293,1307,1294,-1,1294,1307,1308,-1,1294,1308,1309,-1,1309,1300,1294,-1,1294,1300,1298,-1,1294,1298,1292,-1,1292,1298,1296,-1,1292,1296,1290,-1,1290,1296,1278,-1,1290,1278,1274,-1,1274,1278,1280,-1,1274,1280,1275,-1,1309,1310,1300,-1,1300,1310,1311,-1,1300,1311,1301,-1,1301,1311,1312,-1,1301,1312,1313,-1,1313,1304,1301,-1,1301,1304,1303,-1,1301,1303,1299,-1,1299,1303,1302,-1,1299,1302,1297,-1,1297,1302,1283,-1,1297,1283,1295,-1,1295,1283,1284,-1,1295,1284,1276,-1,1045,1238,1314,-1,1314,1238,1305,-1,1314,1305,1315,-1,1315,1305,1304,-1,1315,1304,1316,-1,1316,1304,1313,-1,1231,1229,1317,-1,1227,1225,1318,-1,895,894,1319,-1,1319,894,1272,-1,1272,1271,1319,-1,1319,1271,1275,-1,1319,1275,1320,-1,1275,1280,1320,-1,1320,1280,1279,-1,1320,1279,1321,-1,1279,1277,1321,-1,1321,1277,1276,-1,1321,1276,1322,-1,896,895,1323,-1,1323,895,1319,-1,1323,1319,1324,-1,1324,1319,1320,-1,1324,1320,1325,-1,1325,1320,1321,-1,1325,1321,1326,-1,1326,1321,1322,-1,1326,1322,1317,-1,1317,1322,1327,-1,898,897,1328,-1,1328,897,1329,-1,1328,1329,1330,-1,1330,1329,1331,-1,1330,1331,1332,-1,1332,1331,1333,-1,1332,1333,1334,-1,1334,1333,1335,-1,1334,1335,1336,-1,1336,1335,1318,-1,1336,1318,1029,-1,1029,1318,1225,-1,1229,1227,1317,-1,1317,1227,1318,-1,1317,1318,1326,-1,1326,1318,1335,-1,1326,1335,1325,-1,1325,1335,1333,-1,1325,1333,1324,-1,1324,1333,1331,-1,1324,1331,1323,-1,1323,1331,1329,-1,1323,1329,896,-1,896,1329,897,-1,1276,1284,1322,-1,1322,1284,1282,-1,1322,1282,1327,-1,1327,1282,1281,-1,1327,1281,1286,-1,1231,1317,1233,-1,1233,1317,1327,-1,1233,1327,1222,-1,1222,1327,1286,-1,1222,1286,1223,-1,909,907,1337,-1,917,915,1338,-1,921,919,1339,-1,1306,923,921,-1,909,1337,911,-1,1306,921,1307,-1,1307,921,1339,-1,1307,1339,1308,-1,1308,1339,1340,-1,1308,1340,1309,-1,1309,1340,1310,-1,1310,1340,1341,-1,1310,1341,1311,-1,1311,1341,1312,-1,1312,1341,1342,-1,1312,1342,1313,-1,1313,1342,1316,-1,1316,1342,1343,-1,1316,1343,1315,-1,1315,1343,1314,-1,1314,1343,1046,-1,1314,1046,1045,-1,919,917,1339,-1,1339,917,1338,-1,1339,1338,1340,-1,1340,1338,1344,-1,1340,1344,1341,-1,1341,1344,1345,-1,1341,1345,1342,-1,1342,1345,1346,-1,1342,1346,1343,-1,1343,1346,1347,-1,1343,1347,1046,-1,1046,1347,1054,-1,915,913,1338,-1,1338,913,1348,-1,1338,1348,1344,-1,1344,1348,1349,-1,1344,1349,1345,-1,1345,1349,1350,-1,1345,1350,1346,-1,1346,1350,1351,-1,1346,1351,1347,-1,1347,1351,1352,-1,1347,1352,1054,-1,1054,1352,1053,-1,913,911,1348,-1,1348,911,1337,-1,1348,1337,1349,-1,1349,1337,1353,-1,1349,1353,1350,-1,1350,1353,1354,-1,1350,1354,1351,-1,1351,1354,1355,-1,1351,1355,1352,-1,1352,1355,1356,-1,1352,1356,1053,-1,1053,1356,1051,-1,907,689,1337,-1,1337,689,1357,-1,1337,1357,1353,-1,1353,1357,1358,-1,1353,1358,1354,-1,1354,1358,1359,-1,1354,1359,1355,-1,1355,1359,1360,-1,1355,1360,1356,-1,1356,1360,1361,-1,1356,1361,1051,-1,1051,1361,1049,-1,1029,1031,1362,-1,1029,1362,1336,-1,1336,1362,1363,-1,1336,1363,1334,-1,1334,1363,1364,-1,1334,1364,1332,-1,1332,1364,1365,-1,1332,1365,1330,-1,1330,1365,1366,-1,1330,1366,1328,-1,1328,1366,900,-1,1328,900,898,-1,1047,1049,1361,-1,1047,1361,1367,-1,1367,1361,1360,-1,1367,1360,1368,-1,1368,1360,1359,-1,1368,1359,1369,-1,1369,1359,1358,-1,1369,1358,1370,-1,1370,1358,1357,-1,1370,1357,1371,-1,1371,1357,689,-1,1371,689,687,-1,1256,1258,1372,-1,1260,1262,1373,-1,1264,1266,1374,-1,1262,1264,1373,-1,1373,1264,1374,-1,1373,1374,1375,-1,1375,1374,1376,-1,1375,1376,1377,-1,1377,1376,1378,-1,1377,1378,1379,-1,1379,1378,1380,-1,1379,1380,1381,-1,1381,1380,1382,-1,1381,1382,899,-1,899,1382,674,-1,1258,1260,1372,-1,1372,1260,1373,-1,1372,1373,1383,-1,1383,1373,1375,-1,1383,1375,1384,-1,1384,1375,1377,-1,1384,1377,1385,-1,1385,1377,1379,-1,1385,1379,1386,-1,1386,1379,1381,-1,1386,1381,902,-1,902,1381,899,-1,1254,1256,1387,-1,1387,1256,1372,-1,1387,1372,1388,-1,1388,1372,1383,-1,1388,1383,1389,-1,1389,1383,1384,-1,1389,1384,1390,-1,1390,1384,1385,-1,1390,1385,1391,-1,1391,1385,1386,-1,1391,1386,901,-1,901,1386,902,-1,901,900,1391,-1,1391,900,1366,-1,1391,1366,1390,-1,1390,1366,1365,-1,1390,1365,1389,-1,1389,1365,1364,-1,1389,1364,1388,-1,1388,1364,1363,-1,1388,1363,1387,-1,1387,1363,1362,-1,1387,1362,1254,-1,1254,1362,1031,-1,701,1092,1392,-1,1392,1092,1393,-1,1392,1393,1394,-1,1394,1393,1395,-1,1394,1395,1396,-1,1396,1395,1397,-1,1396,1397,1398,-1,1398,1397,1399,-1,1398,1399,1400,-1,1400,1399,1401,-1,1400,1401,688,-1,688,1401,695,-1,1092,1094,1393,-1,1393,1094,1402,-1,1393,1402,1395,-1,1395,1402,1403,-1,1395,1403,1397,-1,1397,1403,1404,-1,1397,1404,1399,-1,1399,1404,1405,-1,1399,1405,1401,-1,1401,1405,1406,-1,1401,1406,695,-1,695,1406,696,-1,1094,1096,1402,-1,1402,1096,1407,-1,1402,1407,1403,-1,1403,1407,1408,-1,1403,1408,1404,-1,1404,1408,1409,-1,1404,1409,1405,-1,1405,1409,1410,-1,1405,1410,1406,-1,1406,1410,1411,-1,1406,1411,696,-1,696,1411,698,-1,1096,1098,1407,-1,1407,1098,1412,-1,1407,1412,1408,-1,1408,1412,1413,-1,1408,1413,1409,-1,1409,1413,1414,-1,1409,1414,1410,-1,1410,1414,1415,-1,1410,1415,1411,-1,1411,1415,1416,-1,1411,1416,698,-1,698,1416,697,-1,1098,1100,1412,-1,1412,1100,1417,-1,1412,1417,1413,-1,1413,1417,1418,-1,1413,1418,1414,-1,1414,1418,1419,-1,1414,1419,1415,-1,1415,1419,1420,-1,1415,1420,1416,-1,1416,1420,1421,-1,1416,1421,697,-1,697,1421,686,-1,1100,1047,1417,-1,1417,1047,1367,-1,1417,1367,1418,-1,1418,1367,1368,-1,1418,1368,1419,-1,1419,1368,1369,-1,1419,1369,1420,-1,1420,1369,1370,-1,1420,1370,1421,-1,1421,1370,1371,-1,1421,1371,686,-1,686,1371,687,-1,1249,1251,1422,-1,1245,1244,1423,-1,675,674,1424,-1,1424,674,1382,-1,1424,1382,1425,-1,1425,1382,1380,-1,1425,1380,1426,-1,1426,1380,1378,-1,1426,1378,1427,-1,1427,1378,1376,-1,1427,1376,1428,-1,1428,1376,1374,-1,1428,1374,1268,-1,1268,1374,1266,-1,677,675,1429,-1,1429,675,1424,-1,1429,1424,1430,-1,1430,1424,1425,-1,1430,1425,1431,-1,1431,1425,1426,-1,1431,1426,1432,-1,1432,1426,1427,-1,1432,1427,1423,-1,1423,1427,1428,-1,1423,1428,1245,-1,1245,1428,1268,-1,678,677,1433,-1,1433,677,1429,-1,1433,1429,1434,-1,1434,1429,1430,-1,1434,1430,1435,-1,1435,1430,1431,-1,1435,1431,1436,-1,1436,1431,1432,-1,1436,1432,1437,-1,1437,1432,1423,-1,1437,1423,1247,-1,1247,1423,1244,-1,679,678,1438,-1,1438,678,1433,-1,1438,1433,1439,-1,1439,1433,1434,-1,1439,1434,1440,-1,1440,1434,1435,-1,1440,1435,1441,-1,1441,1435,1436,-1,1441,1436,1422,-1,1422,1436,1437,-1,1422,1437,1249,-1,1249,1437,1247,-1,680,679,1442,-1,1442,679,1438,-1,1442,1438,1443,-1,1443,1438,1439,-1,1443,1439,1444,-1,1444,1439,1440,-1,1444,1440,1445,-1,1445,1440,1441,-1,1445,1441,1446,-1,1446,1441,1422,-1,1446,1422,1038,-1,1038,1422,1251,-1,699,701,1392,-1,699,1392,1447,-1,1447,1392,1394,-1,1447,1394,1448,-1,1448,1394,1396,-1,1448,1396,1449,-1,1449,1396,1398,-1,1449,1398,1450,-1,1450,1398,1400,-1,1450,1400,1451,-1,1451,1400,688,-1,1451,688,685,-1,661,663,1452,-1,665,667,1453,-1,669,671,1454,-1,1038,1037,1446,-1,1446,1037,1455,-1,1446,1455,1445,-1,1445,1455,1456,-1,1445,1456,1444,-1,1444,1456,1457,-1,1444,1457,1443,-1,1443,1457,1458,-1,1443,1458,1442,-1,1442,1458,1454,-1,1454,671,1442,-1,1442,671,673,-1,1442,673,680,-1,1037,1036,1455,-1,1455,1036,1459,-1,1455,1459,1456,-1,1456,1459,1460,-1,1456,1460,1457,-1,1457,1460,1461,-1,1457,1461,1458,-1,1458,1461,1462,-1,1458,1462,1454,-1,1454,1462,1453,-1,1454,1453,669,-1,669,1453,667,-1,663,665,1452,-1,1452,665,1453,-1,1452,1453,1463,-1,1463,1453,1462,-1,1463,1462,1464,-1,1464,1462,1461,-1,1464,1461,1465,-1,1465,1461,1460,-1,1465,1460,1466,-1,1466,1460,1459,-1,1466,1459,1033,-1,1033,1459,1036,-1,659,661,1467,-1,1467,661,1452,-1,1467,1452,1468,-1,1468,1452,1463,-1,1468,1463,1469,-1,1469,1463,1464,-1,1469,1464,1470,-1,1470,1464,1465,-1,1470,1465,1471,-1,1471,1465,1466,-1,1471,1466,1043,-1,1043,1466,1033,-1,1043,1042,1471,-1,1471,1042,1472,-1,1471,1472,1470,-1,1470,1472,1473,-1,1470,1473,1469,-1,1469,1473,1474,-1,1469,1474,1468,-1,1468,1474,1475,-1,1468,1475,1467,-1,1467,1475,1476,-1,1467,1476,659,-1,659,1476,533,-1,979,1082,1477,-1,1477,1082,1478,-1,1477,1478,1479,-1,1479,1478,1480,-1,1479,1480,1481,-1,1481,1480,1482,-1,1481,1482,1483,-1,1483,1482,1484,-1,1483,1484,1485,-1,1485,1484,1486,-1,1485,1486,691,-1,691,1486,692,-1,1082,1084,1478,-1,1478,1084,1487,-1,1478,1487,1480,-1,1480,1487,1488,-1,1480,1488,1482,-1,1482,1488,1489,-1,1482,1489,1484,-1,1484,1489,1490,-1,1484,1490,1486,-1,1486,1490,1491,-1,1486,1491,692,-1,692,1491,693,-1,1084,1086,1487,-1,1487,1086,1492,-1,1487,1492,1488,-1,1488,1492,1493,-1,1488,1493,1489,-1,1489,1493,1494,-1,1489,1494,1490,-1,1490,1494,1495,-1,1490,1495,1491,-1,1491,1495,1496,-1,1491,1496,693,-1,693,1496,694,-1,1086,1088,1492,-1,1492,1088,1497,-1,1492,1497,1493,-1,1493,1497,1498,-1,1493,1498,1494,-1,1494,1498,1499,-1,1494,1499,1495,-1,1495,1499,1500,-1,1495,1500,1496,-1,1496,1500,1501,-1,1496,1501,694,-1,694,1501,683,-1,1088,1090,1497,-1,1497,1090,1502,-1,1497,1502,1498,-1,1498,1502,1503,-1,1498,1503,1499,-1,1499,1503,1504,-1,1499,1504,1500,-1,1500,1504,1505,-1,1500,1505,1501,-1,1501,1505,1506,-1,1501,1506,683,-1,683,1506,684,-1,1090,699,1502,-1,1502,699,1447,-1,1502,1447,1503,-1,1503,1447,1448,-1,1503,1448,1504,-1,1504,1448,1449,-1,1504,1449,1505,-1,1505,1449,1450,-1,1505,1450,1506,-1,1506,1450,1451,-1,1506,1451,684,-1,684,1451,685,-1,1042,1040,1507,-1,1042,1507,1472,-1,1472,1507,1508,-1,1472,1508,1473,-1,1473,1508,1509,-1,1473,1509,1474,-1,1474,1509,1510,-1,1474,1510,1475,-1,1475,1510,1511,-1,1475,1511,1476,-1,1476,1511,541,-1,1476,541,533,-1,980,979,1477,-1,980,1477,1512,-1,1512,1477,1479,-1,1512,1479,1513,-1,1513,1479,1481,-1,1513,1481,1514,-1,1514,1481,1483,-1,1514,1483,1515,-1,1515,1483,1485,-1,1515,1485,1516,-1,1516,1485,691,-1,1516,691,690,-1,1040,1109,1507,-1,1507,1109,1517,-1,1507,1517,1508,-1,1508,1517,1518,-1,1508,1518,1509,-1,1509,1518,1519,-1,1509,1519,1510,-1,1510,1519,1520,-1,1510,1520,1511,-1,1511,1520,1521,-1,1511,1521,541,-1,541,1521,540,-1,1109,1107,1517,-1,1517,1107,1522,-1,1517,1522,1518,-1,1518,1522,1523,-1,1518,1523,1519,-1,1519,1523,1524,-1,1519,1524,1520,-1,1520,1524,1525,-1,1520,1525,1521,-1,1521,1525,1526,-1,1521,1526,540,-1,540,1526,539,-1,1107,1105,1522,-1,1522,1105,1527,-1,1522,1527,1523,-1,1523,1527,1528,-1,1523,1528,1524,-1,1524,1528,1529,-1,1524,1529,1525,-1,1525,1529,1530,-1,1525,1530,1526,-1,1526,1530,1531,-1,1526,1531,539,-1,539,1531,537,-1,1105,1103,1527,-1,1527,1103,1532,-1,1527,1532,1528,-1,1528,1532,1533,-1,1528,1533,1529,-1,1529,1533,1534,-1,1529,1534,1530,-1,1530,1534,1535,-1,1530,1535,1531,-1,1531,1535,1536,-1,1531,1536,537,-1,537,1536,538,-1,1103,1101,1532,-1,1532,1101,1537,-1,1532,1537,1533,-1,1533,1537,1538,-1,1533,1538,1534,-1,1534,1538,1539,-1,1534,1539,1535,-1,1535,1539,1540,-1,1535,1540,1536,-1,1536,1540,1541,-1,1536,1541,538,-1,538,1541,542,-1,1101,549,1537,-1,1537,549,1542,-1,1537,1542,1538,-1,1538,1542,1543,-1,1538,1543,1539,-1,1539,1543,1544,-1,1539,1544,1540,-1,1540,1544,1545,-1,1540,1545,1541,-1,1541,1545,1546,-1,1541,1546,542,-1,542,1546,534,-1,920,922,1547,-1,912,914,1548,-1,908,910,1549,-1,920,1547,918,-1,690,906,1516,-1,1516,906,1550,-1,1516,1550,1515,-1,1515,1550,1551,-1,1515,1551,1514,-1,1514,1551,1552,-1,1514,1552,1513,-1,1513,1552,1553,-1,1513,1553,1512,-1,1512,1553,1554,-1,1512,1554,980,-1,980,1554,981,-1,906,908,1550,-1,1550,908,1549,-1,1550,1549,1551,-1,1551,1549,1555,-1,1551,1555,1552,-1,1552,1555,1556,-1,1552,1556,1553,-1,1553,1556,1557,-1,1553,1557,1554,-1,1554,1557,1558,-1,1554,1558,981,-1,981,1558,983,-1,910,912,1549,-1,1549,912,1548,-1,1549,1548,1555,-1,1555,1548,1559,-1,1555,1559,1556,-1,1556,1559,1560,-1,1556,1560,1557,-1,1557,1560,1561,-1,1557,1561,1558,-1,1558,1561,1562,-1,1558,1562,983,-1,983,1562,985,-1,914,916,1548,-1,1548,916,1563,-1,1548,1563,1559,-1,1559,1563,1564,-1,1559,1564,1560,-1,1560,1564,1565,-1,1560,1565,1561,-1,1561,1565,1566,-1,1561,1566,1562,-1,1562,1566,1567,-1,1562,1567,985,-1,985,1567,1021,-1,916,918,1563,-1,1563,918,1547,-1,1563,1547,1564,-1,1564,1547,1568,-1,1564,1568,1565,-1,1565,1568,1569,-1,1565,1569,1566,-1,1566,1569,1570,-1,1566,1570,1567,-1,1567,1570,1571,-1,1567,1571,1021,-1,1021,1571,1022,-1,922,893,1547,-1,1547,893,1572,-1,1547,1572,1568,-1,1568,1572,1573,-1,1568,1573,1569,-1,1569,1573,1574,-1,1569,1574,1570,-1,1570,1574,1575,-1,1570,1575,1571,-1,1571,1575,1576,-1,1571,1576,1022,-1,1022,1576,1024,-1,549,551,1577,-1,549,1577,1542,-1,1542,1577,1578,-1,1542,1578,1543,-1,1543,1578,1579,-1,1543,1579,1544,-1,1544,1579,1580,-1,1544,1580,1545,-1,1545,1580,1581,-1,1545,1581,1546,-1,1546,1581,536,-1,1546,536,534,-1,1026,1024,1576,-1,1026,1576,1582,-1,1582,1576,1575,-1,1582,1575,1583,-1,1583,1575,1574,-1,1583,1574,1584,-1,1584,1574,1573,-1,1584,1573,1585,-1,1585,1573,1572,-1,1585,1572,1586,-1,1586,1572,893,-1,1586,893,892,-1,551,1119,1577,-1,1577,1119,1587,-1,1577,1587,1578,-1,1578,1587,1588,-1,1578,1588,1579,-1,1579,1588,1589,-1,1579,1589,1580,-1,1580,1589,1590,-1,1580,1590,1581,-1,1581,1590,1591,-1,1581,1591,536,-1,536,1591,546,-1,1119,1117,1587,-1,1587,1117,1592,-1,1587,1592,1588,-1,1588,1592,1593,-1,1588,1593,1589,-1,1589,1593,1594,-1,1589,1594,1590,-1,1590,1594,1595,-1,1590,1595,1591,-1,1591,1595,1596,-1,1591,1596,546,-1,546,1596,547,-1,1117,1115,1592,-1,1592,1115,1597,-1,1592,1597,1593,-1,1593,1597,1598,-1,1593,1598,1594,-1,1594,1598,1599,-1,1594,1599,1595,-1,1595,1599,1600,-1,1595,1600,1596,-1,1596,1600,1601,-1,1596,1601,547,-1,547,1601,548,-1,1115,1113,1597,-1,1597,1113,1602,-1,1597,1602,1598,-1,1598,1602,1603,-1,1598,1603,1599,-1,1599,1603,1604,-1,1599,1604,1600,-1,1600,1604,1605,-1,1600,1605,1601,-1,1601,1605,1606,-1,1601,1606,548,-1,548,1606,543,-1,1113,1111,1602,-1,1602,1111,1607,-1,1602,1607,1603,-1,1603,1607,1608,-1,1603,1608,1604,-1,1604,1608,1609,-1,1604,1609,1605,-1,1605,1609,1610,-1,1605,1610,1606,-1,1606,1610,1611,-1,1606,1611,543,-1,543,1611,544,-1,1111,948,1607,-1,1607,948,1612,-1,1607,1612,1608,-1,1608,1612,1613,-1,1608,1613,1609,-1,1609,1613,1614,-1,1609,1614,1610,-1,1610,1614,1615,-1,1610,1615,1611,-1,1611,1615,1616,-1,1611,1616,544,-1,544,1616,545,-1,998,987,1617,-1,1617,987,1618,-1,1617,1618,1619,-1,1619,1618,1620,-1,1619,1620,1621,-1,1621,1620,1622,-1,1621,1622,1623,-1,1623,1622,1624,-1,1623,1624,1625,-1,1625,1624,1626,-1,1625,1626,884,-1,884,1626,886,-1,987,989,1618,-1,1618,989,1627,-1,1618,1627,1620,-1,1620,1627,1628,-1,1620,1628,1622,-1,1622,1628,1629,-1,1622,1629,1624,-1,1624,1629,1630,-1,1624,1630,1626,-1,1626,1630,1631,-1,1626,1631,886,-1,886,1631,888,-1,989,991,1627,-1,1627,991,1632,-1,1627,1632,1628,-1,1628,1632,1633,-1,1628,1633,1629,-1,1629,1633,1634,-1,1629,1634,1630,-1,1630,1634,1635,-1,1630,1635,1631,-1,1631,1635,1636,-1,1631,1636,888,-1,888,1636,890,-1,991,1026,1632,-1,1632,1026,1582,-1,1632,1582,1633,-1,1633,1582,1583,-1,1633,1583,1634,-1,1634,1583,1584,-1,1634,1584,1635,-1,1635,1584,1585,-1,1635,1585,1636,-1,1636,1585,1586,-1,1636,1586,890,-1,890,1586,892,-1,948,946,1637,-1,948,1637,1612,-1,1612,1637,1638,-1,1612,1638,1613,-1,1613,1638,1639,-1,1613,1639,1614,-1,1614,1639,1640,-1,1614,1640,1615,-1,1615,1640,1641,-1,1615,1641,1616,-1,1616,1641,535,-1,1616,535,545,-1,996,998,1617,-1,996,1617,1642,-1,1642,1617,1619,-1,1642,1619,1643,-1,1643,1619,1621,-1,1643,1621,1644,-1,1644,1621,1623,-1,1644,1623,1645,-1,1645,1623,1625,-1,1645,1625,1646,-1,1646,1625,884,-1,1646,884,882,-1,682,672,1647,-1,670,668,1648,-1,666,664,1649,-1,944,942,1650,-1,1650,942,1651,-1,1650,1651,1652,-1,1652,1651,1653,-1,1652,1653,1654,-1,1654,1653,1655,-1,1654,1655,1656,-1,1656,1655,1657,-1,1656,1657,1658,-1,1658,1657,1649,-1,946,944,1637,-1,1637,944,1650,-1,1637,1650,1638,-1,1638,1650,1652,-1,1638,1652,1639,-1,1639,1652,1654,-1,1639,1654,1640,-1,1640,1654,1656,-1,1640,1656,1641,-1,1641,1656,1658,-1,1641,1658,535,-1,535,1658,660,-1,1649,664,1658,-1,1658,664,662,-1,1658,662,660,-1,942,961,1651,-1,1651,961,1659,-1,1651,1659,1653,-1,1653,1659,1660,-1,1653,1660,1655,-1,1655,1660,1661,-1,1655,1661,1657,-1,1657,1661,1662,-1,1657,1662,1649,-1,1649,1662,1648,-1,1649,1648,666,-1,666,1648,668,-1,672,670,1647,-1,1647,670,1648,-1,1647,1648,1663,-1,1663,1648,1662,-1,1663,1662,1664,-1,1664,1662,1661,-1,1664,1661,1665,-1,1665,1661,1660,-1,1665,1660,1666,-1,1666,1660,1659,-1,1666,1659,960,-1,960,1659,961,-1,681,682,1667,-1,1667,682,1647,-1,1667,1647,1668,-1,1668,1647,1663,-1,1668,1663,1669,-1,1669,1663,1664,-1,1669,1664,1670,-1,1670,1664,1665,-1,1670,1665,1671,-1,1671,1665,1666,-1,1671,1666,976,-1,976,1666,960,-1,976,975,1671,-1,1671,975,1672,-1,1671,1672,1670,-1,1670,1672,1673,-1,1670,1673,1669,-1,1669,1673,1674,-1,1669,1674,1668,-1,1668,1674,1675,-1,1668,1675,1667,-1,1667,1675,1676,-1,1667,1676,681,-1,681,1676,676,-1,1018,1001,1677,-1,1677,1001,1678,-1,1677,1678,1679,-1,1679,1678,1680,-1,1679,1680,1681,-1,1681,1680,1682,-1,1681,1682,1683,-1,1683,1682,1684,-1,1683,1684,1685,-1,1685,1684,1686,-1,1685,1686,868,-1,868,1686,876,-1,1001,992,1678,-1,1678,992,1687,-1,1678,1687,1680,-1,1680,1687,1688,-1,1680,1688,1682,-1,1682,1688,1689,-1,1682,1689,1684,-1,1684,1689,1690,-1,1684,1690,1686,-1,1686,1690,1691,-1,1686,1691,876,-1,876,1691,878,-1,992,994,1687,-1,1687,994,1692,-1,1687,1692,1688,-1,1688,1692,1693,-1,1688,1693,1689,-1,1689,1693,1694,-1,1689,1694,1690,-1,1690,1694,1695,-1,1690,1695,1691,-1,1691,1695,1696,-1,1691,1696,878,-1,878,1696,880,-1,994,996,1692,-1,1692,996,1642,-1,1692,1642,1693,-1,1693,1642,1643,-1,1693,1643,1694,-1,1694,1643,1644,-1,1694,1644,1695,-1,1695,1644,1645,-1,1695,1645,1696,-1,1696,1645,1646,-1,1696,1646,880,-1,880,1646,882,-1,975,963,1697,-1,975,1697,1672,-1,1672,1697,1698,-1,1672,1698,1673,-1,1673,1698,1699,-1,1673,1699,1674,-1,1674,1699,1700,-1,1674,1700,1675,-1,1675,1700,1701,-1,1675,1701,1676,-1,1676,1701,891,-1,1676,891,676,-1,1017,1018,1677,-1,1017,1677,1702,-1,1702,1677,1679,-1,1702,1679,1703,-1,1703,1679,1681,-1,1703,1681,1704,-1,1704,1681,1683,-1,1704,1683,1705,-1,1705,1683,1685,-1,1705,1685,1706,-1,1706,1685,868,-1,1706,868,842,-1,883,885,1707,-1,1707,885,1708,-1,1707,1708,1709,-1,1709,1708,1710,-1,1709,1710,1711,-1,1711,1710,1712,-1,1711,1712,1713,-1,1713,1712,1714,-1,1713,1714,1715,-1,1715,1714,1716,-1,1715,1716,969,-1,969,1716,967,-1,885,887,1708,-1,1708,887,1717,-1,1708,1717,1710,-1,1710,1717,1718,-1,1710,1718,1712,-1,1712,1718,1719,-1,1712,1719,1714,-1,1714,1719,1720,-1,1714,1720,1716,-1,1716,1720,1721,-1,1716,1721,967,-1,967,1721,925,-1,887,889,1717,-1,1717,889,1722,-1,1717,1722,1718,-1,1718,1722,1723,-1,1718,1723,1719,-1,1719,1723,1724,-1,1719,1724,1720,-1,1720,1724,1725,-1,1720,1725,1721,-1,1721,1725,1726,-1,1721,1726,925,-1,925,1726,926,-1,889,891,1722,-1,1722,891,1701,-1,1722,1701,1723,-1,1723,1701,1700,-1,1723,1700,1724,-1,1724,1700,1699,-1,1724,1699,1725,-1,1725,1699,1698,-1,1725,1698,1726,-1,1726,1698,1697,-1,1726,1697,926,-1,926,1697,963,-1,848,846,1727,-1,856,854,1728,-1,860,858,1729,-1,848,1727,850,-1,842,862,1706,-1,1706,862,1730,-1,1706,1730,1705,-1,1705,1730,1731,-1,1705,1731,1704,-1,1704,1731,1732,-1,1704,1732,1703,-1,1703,1732,1733,-1,1703,1733,1702,-1,1702,1733,1734,-1,1702,1734,1017,-1,1017,1734,1015,-1,862,860,1730,-1,1730,860,1729,-1,1730,1729,1731,-1,1731,1729,1735,-1,1731,1735,1732,-1,1732,1735,1736,-1,1732,1736,1733,-1,1733,1736,1737,-1,1733,1737,1734,-1,1734,1737,1738,-1,1734,1738,1015,-1,1015,1738,1013,-1,858,856,1729,-1,1729,856,1728,-1,1729,1728,1735,-1,1735,1728,1739,-1,1735,1739,1736,-1,1736,1739,1740,-1,1736,1740,1737,-1,1737,1740,1741,-1,1737,1741,1738,-1,1738,1741,1742,-1,1738,1742,1013,-1,1013,1742,1012,-1,854,852,1728,-1,1728,852,1743,-1,1728,1743,1739,-1,1739,1743,1744,-1,1739,1744,1740,-1,1740,1744,1745,-1,1740,1745,1741,-1,1741,1745,1746,-1,1741,1746,1742,-1,1742,1746,1747,-1,1742,1747,1012,-1,1012,1747,1010,-1,852,850,1743,-1,1743,850,1727,-1,1743,1727,1744,-1,1744,1727,1748,-1,1744,1748,1745,-1,1745,1748,1749,-1,1745,1749,1746,-1,1746,1749,1750,-1,1746,1750,1747,-1,1747,1750,1751,-1,1747,1751,1010,-1,1010,1751,1008,-1,846,827,1727,-1,1727,827,1752,-1,1727,1752,1748,-1,1748,1752,1753,-1,1748,1753,1749,-1,1749,1753,1754,-1,1749,1754,1750,-1,1750,1754,1755,-1,1750,1755,1751,-1,1751,1755,1756,-1,1751,1756,1008,-1,1008,1756,1006,-1,969,971,1757,-1,969,1757,1715,-1,1715,1757,1758,-1,1715,1758,1713,-1,1713,1758,1759,-1,1713,1759,1711,-1,1711,1759,1760,-1,1711,1760,1709,-1,1709,1760,1761,-1,1709,1761,1707,-1,1707,1761,881,-1,1707,881,883,-1,1004,1006,1756,-1,1004,1756,1762,-1,1762,1756,1755,-1,1762,1755,1763,-1,1763,1755,1754,-1,1763,1754,1764,-1,1764,1754,1753,-1,1764,1753,1765,-1,1765,1753,1752,-1,1765,1752,1766,-1,1766,1752,827,-1,1766,827,829,-1,865,875,1767,-1,1767,875,1768,-1,1767,1768,1769,-1,1769,1768,1770,-1,1769,1770,1771,-1,1771,1770,1772,-1,1771,1772,1773,-1,1773,1772,1774,-1,1773,1774,1775,-1,1775,1774,1776,-1,1775,1776,956,-1,956,1776,937,-1,875,877,1768,-1,1768,877,1777,-1,1768,1777,1770,-1,1770,1777,1778,-1,1770,1778,1772,-1,1772,1778,1779,-1,1772,1779,1774,-1,1774,1779,1780,-1,1774,1780,1776,-1,1776,1780,1781,-1,1776,1781,937,-1,937,1781,935,-1,877,879,1777,-1,1777,879,1782,-1,1777,1782,1778,-1,1778,1782,1783,-1,1778,1783,1779,-1,1779,1783,1784,-1,1779,1784,1780,-1,1780,1784,1785,-1,1780,1785,1781,-1,1781,1785,1786,-1,1781,1786,935,-1,935,1786,933,-1,879,881,1782,-1,1782,881,1761,-1,1782,1761,1783,-1,1783,1761,1760,-1,1783,1760,1784,-1,1784,1760,1759,-1,1784,1759,1785,-1,1785,1759,1758,-1,1785,1758,1786,-1,1786,1758,1757,-1,1786,1757,933,-1,933,1757,971,-1,823,1149,1787,-1,1787,1149,1788,-1,1787,1788,1789,-1,1789,1788,1790,-1,1789,1790,1791,-1,1791,1790,1792,-1,1791,1792,1793,-1,1793,1792,1794,-1,1793,1794,1795,-1,1795,1794,1796,-1,1795,1796,828,-1,828,1796,838,-1,1149,1147,1788,-1,1788,1147,1797,-1,1788,1797,1790,-1,1790,1797,1798,-1,1790,1798,1792,-1,1792,1798,1799,-1,1792,1799,1794,-1,1794,1799,1800,-1,1794,1800,1796,-1,1796,1800,1801,-1,1796,1801,838,-1,838,1801,837,-1,1147,1145,1797,-1,1797,1145,1802,-1,1797,1802,1798,-1,1798,1802,1803,-1,1798,1803,1799,-1,1799,1803,1804,-1,1799,1804,1800,-1,1800,1804,1805,-1,1800,1805,1801,-1,1801,1805,1806,-1,1801,1806,837,-1,837,1806,836,-1,1145,1143,1802,-1,1802,1143,1807,-1,1802,1807,1803,-1,1803,1807,1808,-1,1803,1808,1804,-1,1804,1808,1809,-1,1804,1809,1805,-1,1805,1809,1810,-1,1805,1810,1806,-1,1806,1810,1811,-1,1806,1811,836,-1,836,1811,839,-1,1143,1141,1807,-1,1807,1141,1812,-1,1807,1812,1808,-1,1808,1812,1813,-1,1808,1813,1809,-1,1809,1813,1814,-1,1809,1814,1810,-1,1810,1814,1815,-1,1810,1815,1811,-1,1811,1815,1816,-1,1811,1816,839,-1,839,1816,840,-1,1141,1004,1812,-1,1812,1004,1762,-1,1812,1762,1813,-1,1813,1762,1763,-1,1813,1763,1814,-1,1814,1763,1764,-1,1814,1764,1815,-1,1815,1764,1765,-1,1815,1765,1816,-1,1816,1765,1766,-1,1816,1766,840,-1,840,1766,829,-1,956,954,1817,-1,956,1817,1775,-1,1775,1817,1818,-1,1775,1818,1773,-1,1773,1818,1819,-1,1773,1819,1771,-1,1771,1819,1820,-1,1771,1820,1769,-1,1769,1820,1821,-1,1769,1821,1767,-1,1767,1821,637,-1,1767,637,865,-1,828,826,1822,-1,828,1822,1795,-1,1795,1822,1823,-1,1795,1823,1793,-1,1793,1823,1824,-1,1793,1824,1791,-1,1791,1824,1825,-1,1791,1825,1789,-1,1789,1825,1826,-1,1789,1826,1787,-1,1787,1826,821,-1,1787,821,823,-1,642,644,1827,-1,646,648,1828,-1,650,652,1829,-1,952,950,1830,-1,1830,950,1831,-1,1830,1831,1832,-1,1832,1831,1833,-1,1832,1833,1834,-1,1834,1833,1835,-1,1834,1835,1836,-1,1836,1835,1837,-1,1836,1837,1838,-1,1838,1837,1829,-1,954,952,1817,-1,1817,952,1830,-1,1817,1830,1818,-1,1818,1830,1832,-1,1818,1832,1819,-1,1819,1832,1834,-1,1819,1834,1820,-1,1820,1834,1836,-1,1820,1836,1821,-1,1821,1836,1838,-1,1821,1838,637,-1,637,1838,656,-1,1829,652,1838,-1,1838,652,654,-1,1838,654,656,-1,950,949,1831,-1,1831,949,1839,-1,1831,1839,1833,-1,1833,1839,1840,-1,1833,1840,1835,-1,1835,1840,1841,-1,1835,1841,1837,-1,1837,1841,1842,-1,1837,1842,1829,-1,1829,1842,1828,-1,1829,1828,650,-1,650,1828,648,-1,644,646,1827,-1,1827,646,1828,-1,1827,1828,1843,-1,1843,1828,1842,-1,1843,1842,1844,-1,1844,1842,1841,-1,1844,1841,1845,-1,1845,1841,1840,-1,1845,1840,1846,-1,1846,1840,1839,-1,1846,1839,939,-1,939,1839,949,-1,640,642,1847,-1,1847,642,1827,-1,1847,1827,1848,-1,1848,1827,1843,-1,1848,1843,1849,-1,1849,1843,1844,-1,1849,1844,1850,-1,1850,1844,1845,-1,1850,1845,1851,-1,1851,1845,1846,-1,1851,1846,938,-1,938,1846,939,-1,938,931,1851,-1,1851,931,1852,-1,1851,1852,1850,-1,1850,1852,1853,-1,1850,1853,1849,-1,1849,1853,1854,-1,1849,1854,1848,-1,1848,1854,1855,-1,1848,1855,1847,-1,1847,1855,1856,-1,1847,1856,640,-1,640,1856,624,-1,1077,1159,1857,-1,1857,1159,1858,-1,1857,1858,1859,-1,1859,1858,1860,-1,1859,1860,1861,-1,1861,1860,1862,-1,1861,1862,1863,-1,1863,1862,1864,-1,1863,1864,1865,-1,1865,1864,1866,-1,1865,1866,834,-1,834,1866,833,-1,1159,1157,1858,-1,1858,1157,1867,-1,1858,1867,1860,-1,1860,1867,1868,-1,1860,1868,1862,-1,1862,1868,1869,-1,1862,1869,1864,-1,1864,1869,1870,-1,1864,1870,1866,-1,1866,1870,1871,-1,1866,1871,833,-1,833,1871,832,-1,1157,1155,1867,-1,1867,1155,1872,-1,1867,1872,1868,-1,1868,1872,1873,-1,1868,1873,1869,-1,1869,1873,1874,-1,1869,1874,1870,-1,1870,1874,1875,-1,1870,1875,1871,-1,1871,1875,1876,-1,1871,1876,832,-1,832,1876,830,-1,1155,1153,1872,-1,1872,1153,1877,-1,1872,1877,1873,-1,1873,1877,1878,-1,1873,1878,1874,-1,1874,1878,1879,-1,1874,1879,1875,-1,1875,1879,1880,-1,1875,1880,1876,-1,1876,1880,1881,-1,1876,1881,830,-1,830,1881,831,-1,1153,1151,1877,-1,1877,1151,1882,-1,1877,1882,1878,-1,1878,1882,1883,-1,1878,1883,1879,-1,1879,1883,1884,-1,1879,1884,1880,-1,1880,1884,1885,-1,1880,1885,1881,-1,1881,1885,1886,-1,1881,1886,831,-1,831,1886,835,-1,1151,821,1882,-1,1882,821,1826,-1,1882,1826,1883,-1,1883,1826,1825,-1,1883,1825,1884,-1,1884,1825,1824,-1,1884,1824,1885,-1,1885,1824,1823,-1,1885,1823,1886,-1,1886,1823,1822,-1,1886,1822,835,-1,835,1822,826,-1,931,929,1887,-1,931,1887,1852,-1,1852,1887,1888,-1,1852,1888,1853,-1,1853,1888,1889,-1,1853,1889,1854,-1,1854,1889,1890,-1,1854,1890,1855,-1,1855,1890,1891,-1,1855,1891,1856,-1,1856,1891,625,-1,1856,625,624,-1,1079,1077,1857,-1,1079,1857,1892,-1,1892,1857,1859,-1,1892,1859,1893,-1,1893,1859,1861,-1,1893,1861,1894,-1,1894,1861,1863,-1,1894,1863,1895,-1,1895,1863,1865,-1,1895,1865,1896,-1,1896,1865,834,-1,1896,834,825,-1,929,1122,1887,-1,1887,1122,1897,-1,1887,1897,1888,-1,1888,1897,1898,-1,1888,1898,1889,-1,1889,1898,1899,-1,1889,1899,1890,-1,1890,1899,1900,-1,1890,1900,1891,-1,1891,1900,1901,-1,1891,1901,625,-1,625,1901,626,-1,1122,1124,1897,-1,1897,1124,1902,-1,1897,1902,1898,-1,1898,1902,1903,-1,1898,1903,1899,-1,1899,1903,1904,-1,1899,1904,1900,-1,1900,1904,1905,-1,1900,1905,1901,-1,1901,1905,1906,-1,1901,1906,626,-1,626,1906,627,-1,1124,1126,1902,-1,1902,1126,1907,-1,1902,1907,1903,-1,1903,1907,1908,-1,1903,1908,1904,-1,1904,1908,1909,-1,1904,1909,1905,-1,1905,1909,1910,-1,1905,1910,1906,-1,1906,1910,1911,-1,1906,1911,627,-1,627,1911,632,-1,1126,1128,1907,-1,1907,1128,1912,-1,1907,1912,1908,-1,1908,1912,1913,-1,1908,1913,1909,-1,1909,1913,1914,-1,1909,1914,1910,-1,1910,1914,1915,-1,1910,1915,1911,-1,1911,1915,1916,-1,1911,1916,632,-1,632,1916,633,-1,1128,1130,1912,-1,1912,1130,1917,-1,1912,1917,1913,-1,1913,1917,1918,-1,1913,1918,1914,-1,1914,1918,1919,-1,1914,1919,1915,-1,1915,1919,1920,-1,1915,1920,1916,-1,1916,1920,1921,-1,1916,1921,633,-1,633,1921,634,-1,1130,615,1917,-1,1917,615,1922,-1,1917,1922,1918,-1,1918,1922,1923,-1,1918,1923,1919,-1,1919,1923,1924,-1,1919,1924,1920,-1,1920,1924,1925,-1,1920,1925,1921,-1,1921,1925,1926,-1,1921,1926,634,-1,634,1926,623,-1,859,861,1927,-1,851,853,1928,-1,847,849,1929,-1,859,1927,857,-1,825,845,1896,-1,1896,845,1930,-1,1896,1930,1895,-1,1895,1930,1931,-1,1895,1931,1894,-1,1894,1931,1932,-1,1894,1932,1893,-1,1893,1932,1933,-1,1893,1933,1892,-1,1892,1933,1934,-1,1892,1934,1079,-1,1079,1934,1080,-1,845,847,1930,-1,1930,847,1929,-1,1930,1929,1931,-1,1931,1929,1935,-1,1931,1935,1932,-1,1932,1935,1936,-1,1932,1936,1933,-1,1933,1936,1937,-1,1933,1937,1934,-1,1934,1937,1938,-1,1934,1938,1080,-1,1080,1938,1070,-1,849,851,1929,-1,1929,851,1928,-1,1929,1928,1935,-1,1935,1928,1939,-1,1935,1939,1936,-1,1936,1939,1940,-1,1936,1940,1937,-1,1937,1940,1941,-1,1937,1941,1938,-1,1938,1941,1942,-1,1938,1942,1070,-1,1070,1942,1073,-1,853,855,1928,-1,1928,855,1943,-1,1928,1943,1939,-1,1939,1943,1944,-1,1939,1944,1940,-1,1940,1944,1945,-1,1940,1945,1941,-1,1941,1945,1946,-1,1941,1946,1942,-1,1942,1946,1947,-1,1942,1947,1073,-1,1073,1947,1074,-1,855,857,1943,-1,1943,857,1927,-1,1943,1927,1944,-1,1944,1927,1948,-1,1944,1948,1945,-1,1945,1948,1949,-1,1945,1949,1946,-1,1946,1949,1950,-1,1946,1950,1947,-1,1947,1950,1951,-1,1947,1951,1074,-1,1074,1951,1075,-1,621,623,1926,-1,621,1926,1952,-1,1952,1926,1925,-1,1952,1925,1953,-1,1953,1925,1924,-1,1953,1924,1954,-1,1954,1924,1923,-1,1954,1923,1955,-1,1955,1923,1922,-1,1955,1922,1956,-1,1956,1922,615,-1,1956,615,617,-1,1166,1168,1957,-1,1162,1161,1958,-1,1183,1185,1959,-1,1959,1185,1960,-1,1961,1962,1960,-1,1960,1962,1963,-1,1960,1963,1959,-1,1964,1965,1966,-1,1966,1965,1967,-1,1966,1967,1961,-1,1961,1967,1968,-1,1961,1968,1962,-1,1964,1966,1969,-1,1969,1966,1970,-1,1969,1970,1971,-1,1971,1970,1972,-1,1971,1972,1973,-1,1973,1972,1974,-1,1974,1972,843,-1,1974,843,844,-1,841,843,1975,-1,1975,843,1972,-1,1975,1972,1976,-1,1976,1972,1970,-1,1976,1970,1977,-1,1977,1970,1966,-1,1977,1966,1978,-1,1978,1966,1961,-1,1978,1961,1958,-1,1958,1961,1960,-1,1958,1960,1162,-1,1162,1960,1185,-1,864,841,1979,-1,1979,841,1975,-1,1979,1975,1980,-1,1980,1975,1976,-1,1980,1976,1981,-1,1981,1976,1977,-1,1981,1977,1982,-1,1982,1977,1978,-1,1982,1978,1983,-1,1983,1978,1958,-1,1983,1958,1164,-1,1164,1958,1161,-1,863,864,1984,-1,1984,864,1979,-1,1984,1979,1985,-1,1985,1979,1980,-1,1985,1980,1986,-1,1986,1980,1981,-1,1986,1981,1987,-1,1987,1981,1982,-1,1987,1982,1957,-1,1957,1982,1983,-1,1957,1983,1166,-1,1166,1983,1164,-1,861,863,1927,-1,1927,863,1984,-1,1927,1984,1948,-1,1948,1984,1985,-1,1948,1985,1949,-1,1949,1985,1986,-1,1949,1986,1950,-1,1950,1986,1987,-1,1950,1987,1951,-1,1951,1987,1957,-1,1951,1957,1075,-1,1075,1957,1168,-1,617,1132,1956,-1,1956,1132,1988,-1,1956,1988,1955,-1,1955,1988,1989,-1,1955,1989,1954,-1,1954,1989,1990,-1,1954,1990,1953,-1,1953,1990,1991,-1,1953,1991,1952,-1,1952,1991,1992,-1,1952,1992,621,-1,621,1992,628,-1,1132,1134,1988,-1,1988,1134,1993,-1,1988,1993,1989,-1,1989,1993,1994,-1,1989,1994,1990,-1,1990,1994,1995,-1,1990,1995,1991,-1,1991,1995,1996,-1,1991,1996,1992,-1,1992,1996,1997,-1,1992,1997,628,-1,628,1997,629,-1,1134,1136,1993,-1,1993,1136,1998,-1,1993,1998,1994,-1,1994,1998,1999,-1,1994,1999,1995,-1,1995,1999,2000,-1,1995,2000,1996,-1,1996,2000,2001,-1,1996,2001,1997,-1,1997,2001,2002,-1,1997,2002,629,-1,629,2002,631,-1,1136,1138,1998,-1,1998,1138,2003,-1,1998,2003,1999,-1,1999,2003,2004,-1,1999,2004,2000,-1,2000,2004,2005,-1,2000,2005,2001,-1,2001,2005,2006,-1,2001,2006,2002,-1,2002,2006,2007,-1,2002,2007,631,-1,631,2007,630,-1,1138,1140,2003,-1,2003,1140,2008,-1,2003,2008,2004,-1,2004,2008,2009,-1,2004,2009,2005,-1,2005,2009,2010,-1,2005,2010,2006,-1,2006,2010,2011,-1,2006,2011,2007,-1,2007,2011,2012,-1,2007,2012,630,-1,630,2012,619,-1,1140,1062,2008,-1,2008,1062,2013,-1,2008,2013,2009,-1,2009,2013,2014,-1,2009,2014,2010,-1,2010,2014,2015,-1,2010,2015,2011,-1,2011,2015,2016,-1,2011,2016,2012,-1,2012,2016,2017,-1,2012,2017,619,-1,619,2017,620,-1,1173,1175,2018,-1,1965,1964,2019,-1,844,870,1974,-1,1974,870,2020,-1,2019,1964,2021,-1,1964,1969,2021,-1,2021,1969,1971,-1,2021,1971,2020,-1,2020,1971,1973,-1,2020,1973,1974,-1,1965,2019,1967,-1,1967,2019,2022,-1,1967,2022,1968,-1,1968,2022,2023,-1,1968,2023,1962,-1,1177,1179,2024,-1,2024,1179,1181,-1,1962,2023,1963,-1,1963,2023,2024,-1,1963,2024,1959,-1,1959,2024,1181,-1,1959,1181,1183,-1,1175,1177,2018,-1,2018,1177,2024,-1,2018,2024,2025,-1,2025,2024,2023,-1,2025,2023,2026,-1,2026,2023,2022,-1,2026,2022,2027,-1,2027,2022,2019,-1,2027,2019,2028,-1,2028,2019,2021,-1,2028,2021,2029,-1,2029,2021,2020,-1,2029,2020,871,-1,871,2020,870,-1,1171,1173,2030,-1,2030,1173,2018,-1,2030,2018,2031,-1,2031,2018,2025,-1,2031,2025,2032,-1,2032,2025,2026,-1,2032,2026,2033,-1,2033,2026,2027,-1,2033,2027,2034,-1,2034,2027,2028,-1,2034,2028,2035,-1,2035,2028,2029,-1,2035,2029,867,-1,867,2029,871,-1,867,866,2035,-1,2035,866,2036,-1,2035,2036,2034,-1,2034,2036,2037,-1,2034,2037,2033,-1,2033,2037,2038,-1,2033,2038,2032,-1,2032,2038,2039,-1,2032,2039,2031,-1,2031,2039,2040,-1,2031,2040,2030,-1,2030,2040,2041,-1,2030,2041,1171,-1,1171,2041,1057,-1,1062,1064,2042,-1,1062,2042,2013,-1,2013,2042,2043,-1,2013,2043,2014,-1,2014,2043,2044,-1,2014,2044,2015,-1,2015,2044,2045,-1,2015,2045,2016,-1,2016,2045,2046,-1,2016,2046,2017,-1,2017,2046,622,-1,2017,622,620,-1,1055,1057,2041,-1,1055,2041,2047,-1,2047,2041,2040,-1,2047,2040,2048,-1,2048,2040,2039,-1,2048,2039,2049,-1,2049,2039,2038,-1,2049,2038,2050,-1,2050,2038,2037,-1,2050,2037,2051,-1,2051,2037,2036,-1,2051,2036,2052,-1,2052,2036,866,-1,2052,866,869,-1,655,653,2053,-1,651,649,2054,-1,647,645,2055,-1,1060,2056,1061,-1,1061,2056,2057,-1,2056,2058,2057,-1,2057,2058,2059,-1,2057,2059,2060,-1,2059,2061,2060,-1,2060,2061,2062,-1,2060,2062,2063,-1,2062,2064,2063,-1,2063,2064,2065,-1,2063,2065,2066,-1,1066,1068,2067,-1,2067,1068,2068,-1,2067,2068,2069,-1,2069,2068,2070,-1,2069,2070,2071,-1,2071,2070,2072,-1,2071,2072,2073,-1,2073,2072,2074,-1,2073,2074,2075,-1,2075,2074,2055,-1,1064,1066,2042,-1,2042,1066,2067,-1,2042,2067,2043,-1,2043,2067,2069,-1,2043,2069,2044,-1,2044,2069,2071,-1,2044,2071,2045,-1,2045,2071,2073,-1,2045,2073,2046,-1,2046,2073,2075,-1,2046,2075,622,-1,622,2075,641,-1,2055,645,2075,-1,2075,645,643,-1,2075,643,641,-1,1068,1069,2068,-1,2068,1069,2076,-1,2068,2076,2070,-1,2070,2076,2077,-1,2070,2077,2072,-1,2072,2077,2078,-1,2072,2078,2074,-1,2074,2078,2079,-1,2074,2079,2055,-1,2055,2079,2054,-1,2055,2054,647,-1,647,2054,649,-1,653,651,2053,-1,2053,651,2054,-1,2053,2054,2066,-1,2066,2054,2079,-1,2066,2079,2063,-1,2063,2079,2078,-1,2063,2078,2060,-1,2060,2078,2077,-1,2060,2077,2057,-1,2057,2077,2076,-1,2057,2076,1061,-1,1061,2076,1069,-1,2065,2080,2066,-1,2066,2080,2081,-1,2066,2081,2053,-1,2053,2081,2082,-1,2053,2082,655,-1,655,2082,2083,-1,655,2083,657,-1,1199,1197,2084,-1,1195,1193,2085,-1,1191,1189,2086,-1,869,874,2052,-1,2052,874,2087,-1,2052,2087,2051,-1,2051,2087,2088,-1,2051,2088,2050,-1,2050,2088,2089,-1,2050,2089,2049,-1,2049,2089,2090,-1,2049,2090,2048,-1,2048,2090,2091,-1,2048,2091,2047,-1,2047,2091,2086,-1,2047,2086,1055,-1,1055,2086,1189,-1,1193,1191,2085,-1,2085,1191,2086,-1,2085,2086,2092,-1,2092,2086,2091,-1,2092,2091,2093,-1,2093,2091,2090,-1,2093,2090,2094,-1,2094,2090,2089,-1,2094,2089,2095,-1,2095,2089,2088,-1,2095,2088,2096,-1,2096,2088,2087,-1,2096,2087,873,-1,873,2087,874,-1,1197,1195,2084,-1,2084,1195,2085,-1,2084,2085,2097,-1,2097,2085,2092,-1,2097,2092,2098,-1,2098,2092,2093,-1,2098,2093,2099,-1,2099,2093,2094,-1,2099,2094,2100,-1,2100,2094,2095,-1,2100,2095,2101,-1,2101,2095,2096,-1,2101,2096,872,-1,872,2096,873,-1,1201,1199,2102,-1,2102,1199,2084,-1,2102,2084,2103,-1,2103,2084,2097,-1,2103,2097,2104,-1,2104,2097,2098,-1,2104,2098,2105,-1,2105,2098,2099,-1,2105,2099,2106,-1,2106,2099,2100,-1,2106,2100,2107,-1,2107,2100,2101,-1,2107,2101,639,-1,639,2101,872,-1,2107,639,638,-1,2105,2106,2108,-1,2103,2104,2109,-1,2102,2103,2110,-1,1201,2102,1203,-1,1203,2102,2111,-1,1203,2111,1212,-1,1212,2111,2112,-1,1212,2112,1211,-1,1211,2112,1209,-1,2107,638,2113,-1,2113,638,636,-1,2113,636,2114,-1,2114,636,635,-1,2114,635,2115,-1,2115,635,658,-1,2115,658,2116,-1,2105,2108,2117,-1,2117,2108,2118,-1,2117,2118,2119,-1,2119,2118,2120,-1,2119,2120,2121,-1,2121,2120,2122,-1,2121,2122,2123,-1,2103,2109,2110,-1,2110,2109,2124,-1,2110,2124,2125,-1,2125,2124,2126,-1,2125,2126,2127,-1,2127,2126,2128,-1,2127,2128,2129,-1,658,657,2116,-1,2116,657,2083,-1,2116,2083,2082,-1,2082,2122,2116,-1,2116,2122,2120,-1,2116,2120,2115,-1,2115,2120,2118,-1,2115,2118,2114,-1,2114,2118,2108,-1,2114,2108,2113,-1,2113,2108,2106,-1,2113,2106,2107,-1,2082,2081,2122,-1,2122,2081,2080,-1,2122,2080,2123,-1,2123,2080,2065,-1,2123,2065,2064,-1,2064,2128,2123,-1,2123,2128,2126,-1,2123,2126,2121,-1,2121,2126,2124,-1,2121,2124,2119,-1,2119,2124,2109,-1,2119,2109,2117,-1,2117,2109,2104,-1,2117,2104,2105,-1,2064,2062,2128,-1,2128,2062,2061,-1,2128,2061,2129,-1,2129,2061,2059,-1,2129,2059,2058,-1,2102,2110,2111,-1,2111,2110,2125,-1,2111,2125,2112,-1,2112,2125,2127,-1,2112,2127,2130,-1,2130,2127,2129,-1,2130,2129,2131,-1,2131,2129,2058,-1,2131,2058,2056,-1,1209,2112,1207,-1,1207,2112,2130,-1,1207,2130,1205,-1,1205,2130,2131,-1,1205,2131,1214,-1,1214,2131,2056,-1,1214,2056,1060,-1,755,753,2132,-1,751,749,2133,-1,964,2134,962,-1,962,2134,2135,-1,2134,2136,2135,-1,2135,2136,2137,-1,2135,2137,2138,-1,2137,2139,2138,-1,2138,2139,2140,-1,2138,2140,2141,-1,2140,2142,2141,-1,2141,2142,2143,-1,2141,2143,2144,-1,968,966,2145,-1,2145,966,2146,-1,2145,2146,2147,-1,2147,2146,2148,-1,2147,2148,2149,-1,2149,2148,2150,-1,2149,2150,2151,-1,2151,2150,2152,-1,2151,2152,2153,-1,2153,2152,2133,-1,927,962,2154,-1,2154,962,2135,-1,2154,2135,2155,-1,2155,2135,2138,-1,2155,2138,2156,-1,2156,2138,2141,-1,2156,2141,2157,-1,2157,2141,2144,-1,2157,2144,2158,-1,2158,2144,2159,-1,970,968,2160,-1,2160,968,2145,-1,2160,2145,2161,-1,2161,2145,2147,-1,2161,2147,2162,-1,2162,2147,2149,-1,2162,2149,2163,-1,2163,2149,2151,-1,2163,2151,2164,-1,2164,2151,2153,-1,2164,2153,526,-1,526,2153,745,-1,2133,749,2153,-1,2153,749,747,-1,2153,747,745,-1,966,965,2146,-1,2146,965,2165,-1,2146,2165,2148,-1,2148,2165,2166,-1,2148,2166,2150,-1,2150,2166,2167,-1,2150,2167,2152,-1,2152,2167,2168,-1,2152,2168,2133,-1,2133,2168,2132,-1,2133,2132,751,-1,751,2132,753,-1,757,755,2158,-1,2158,755,2132,-1,2158,2132,2157,-1,2157,2132,2168,-1,2157,2168,2156,-1,2156,2168,2167,-1,2156,2167,2155,-1,2155,2167,2166,-1,2155,2166,2154,-1,2154,2166,2165,-1,2154,2165,927,-1,927,2165,965,-1,2143,2169,2144,-1,2144,2169,2170,-1,2144,2170,2159,-1,2159,2170,2171,-1,2159,2171,2172,-1,757,2158,759,-1,759,2158,2159,-1,759,2159,761,-1,761,2159,2172,-1,761,2172,734,-1,2173,972,970,-1,2173,970,2174,-1,2174,970,2160,-1,2174,2160,2175,-1,2175,2160,2176,-1,2176,2160,2161,-1,2176,2161,2177,-1,2177,2161,2178,-1,2178,2161,2162,-1,2178,2162,2179,-1,2179,2162,2163,-1,2179,2163,2180,-1,2180,2163,2181,-1,2181,2163,2164,-1,2181,2164,2182,-1,2182,2164,2183,-1,2183,2164,526,-1,2183,526,464,-1,974,2184,964,-1,964,2184,2134,-1,2134,2184,2136,-1,2136,2184,2185,-1,2136,2185,2137,-1,2137,2185,2186,-1,2137,2186,2139,-1,2139,2186,2187,-1,2139,2187,2140,-1,2140,2187,2188,-1,2140,2188,2142,-1,2142,2188,2189,-1,2142,2189,2143,-1,2143,2189,2190,-1,2143,2190,2169,-1,2169,2190,2191,-1,2169,2191,2170,-1,2170,2191,2192,-1,2170,2192,2171,-1,2171,2192,2193,-1,2171,2193,2172,-1,2193,2194,2172,-1,2172,2194,577,-1,2172,577,734,-1,779,777,2195,-1,775,773,2196,-1,771,769,2197,-1,2198,973,972,-1,972,2173,2198,-1,2198,2173,2174,-1,2198,2174,2199,-1,2174,2175,2199,-1,2199,2175,2176,-1,2199,2176,2200,-1,2176,2177,2200,-1,2200,2177,2178,-1,2200,2178,2201,-1,2178,2179,2201,-1,2201,2179,2180,-1,2201,2180,2202,-1,957,958,2203,-1,2203,958,2204,-1,2203,2204,2205,-1,2205,2204,2206,-1,2205,2206,2207,-1,2207,2206,2208,-1,2207,2208,2209,-1,2209,2208,2210,-1,2209,2210,2211,-1,2211,2210,2212,-1,2211,2212,2213,-1,2213,2212,2197,-1,955,957,2214,-1,2214,957,2203,-1,2214,2203,2215,-1,2215,2203,2205,-1,2215,2205,2216,-1,2216,2205,2207,-1,2216,2207,2217,-1,2217,2207,2209,-1,2217,2209,2218,-1,2218,2209,2211,-1,2218,2211,2219,-1,2219,2211,2213,-1,2219,2213,763,-1,763,2213,765,-1,2197,769,2213,-1,2213,769,767,-1,2213,767,765,-1,958,936,2204,-1,2204,936,2220,-1,2204,2220,2206,-1,2206,2220,2221,-1,2206,2221,2208,-1,2208,2221,2222,-1,2208,2222,2210,-1,2210,2222,2223,-1,2210,2223,2212,-1,2212,2223,2224,-1,2212,2224,2197,-1,2197,2224,2196,-1,2197,2196,771,-1,771,2196,773,-1,777,775,2195,-1,2195,775,2196,-1,2195,2196,2225,-1,2225,2196,2224,-1,2225,2224,2226,-1,2226,2224,2223,-1,2226,2223,2227,-1,2227,2223,2222,-1,2227,2222,2228,-1,2228,2222,2221,-1,2228,2221,2229,-1,2229,2221,2220,-1,2229,2220,934,-1,934,2220,936,-1,781,779,2230,-1,2230,779,2195,-1,2230,2195,2202,-1,2202,2195,2225,-1,2202,2225,2201,-1,2201,2225,2226,-1,2201,2226,2200,-1,2200,2226,2227,-1,2200,2227,2199,-1,2199,2227,2228,-1,2199,2228,2198,-1,2198,2228,2229,-1,2198,2229,973,-1,973,2229,934,-1,2180,2181,2202,-1,2202,2181,2182,-1,2202,2182,2230,-1,2230,2182,2183,-1,2230,2183,781,-1,781,2183,464,-1,577,2194,574,-1,574,2194,2231,-1,2194,2193,2231,-1,2231,2193,2192,-1,2231,2192,2232,-1,2192,2191,2232,-1,2232,2191,2190,-1,2232,2190,2233,-1,2190,2189,2233,-1,2233,2189,2188,-1,2233,2188,2234,-1,553,582,2235,-1,2235,582,2236,-1,2235,2236,2237,-1,2237,2236,2238,-1,2237,2238,2239,-1,2239,2238,2240,-1,2239,2240,2241,-1,2241,2240,2242,-1,2241,2242,2243,-1,2243,2242,2244,-1,2243,2244,945,-1,582,571,2236,-1,2236,571,2245,-1,2236,2245,2238,-1,2238,2245,2246,-1,2238,2246,2240,-1,2240,2246,2247,-1,2240,2247,2242,-1,2242,2247,2248,-1,2242,2248,2244,-1,2244,2248,2249,-1,571,574,2245,-1,2245,574,2231,-1,2245,2231,2246,-1,2246,2231,2232,-1,2246,2232,2247,-1,2247,2232,2233,-1,2247,2233,2248,-1,2248,2233,2234,-1,2248,2234,2249,-1,2249,2234,2250,-1,2188,2187,2234,-1,2234,2187,2186,-1,2234,2186,2250,-1,2250,2186,2185,-1,2250,2185,2184,-1,945,2244,943,-1,943,2244,2249,-1,943,2249,941,-1,941,2249,2250,-1,941,2250,959,-1,959,2250,2184,-1,959,2184,974,-1,955,2214,953,-1,953,2214,2251,-1,2251,2214,2252,-1,2252,2214,2215,-1,2252,2215,2253,-1,2253,2215,2254,-1,2254,2215,2216,-1,2254,2216,2255,-1,2255,2216,2256,-1,2256,2216,2217,-1,2256,2217,2257,-1,2258,2259,2218,-1,2218,2259,2260,-1,2218,2260,2217,-1,2217,2260,2261,-1,2217,2261,2257,-1,2218,2219,2258,-1,2258,2219,763,-1,2258,763,595,-1,945,947,2262,-1,945,2262,2243,-1,2243,2262,2263,-1,2243,2263,2241,-1,2241,2263,2264,-1,2241,2264,2239,-1,2239,2264,2265,-1,2239,2265,2237,-1,2237,2265,2266,-1,2237,2266,2235,-1,2235,2266,559,-1,2235,559,553,-1,595,593,2258,-1,2258,593,2267,-1,2258,2267,2259,-1,2259,2267,2260,-1,2260,2267,2268,-1,2260,2268,2261,-1,2261,2268,2257,-1,2257,2268,2269,-1,2257,2269,2256,-1,2256,2269,2255,-1,2255,2269,2270,-1,2255,2270,2254,-1,2254,2270,2253,-1,2253,2270,2271,-1,2253,2271,2252,-1,2252,2271,2251,-1,2251,2271,951,-1,2251,951,953,-1,593,590,2267,-1,2267,590,2272,-1,2267,2272,2268,-1,2268,2272,2273,-1,2268,2273,2269,-1,2269,2273,2274,-1,2269,2274,2270,-1,2270,2274,2275,-1,2270,2275,2271,-1,2271,2275,2276,-1,2271,2276,951,-1,951,2276,940,-1,590,588,2272,-1,2272,588,2277,-1,2272,2277,2273,-1,2273,2277,2278,-1,2273,2278,2274,-1,2274,2278,2279,-1,2274,2279,2275,-1,2275,2279,2280,-1,2275,2280,2276,-1,2276,2280,2281,-1,2276,2281,940,-1,940,2281,932,-1,588,586,2277,-1,2277,586,2282,-1,2277,2282,2278,-1,2278,2282,2283,-1,2278,2283,2279,-1,2279,2283,2284,-1,2279,2284,2280,-1,2280,2284,2285,-1,2280,2285,2281,-1,2281,2285,2286,-1,2281,2286,932,-1,932,2286,930,-1,554,564,2287,-1,2287,564,2288,-1,2287,2288,2289,-1,2289,2288,2290,-1,2289,2290,2291,-1,2291,2290,2292,-1,2291,2292,2293,-1,2293,2292,2294,-1,2293,2294,2295,-1,2295,2294,2296,-1,2295,2296,552,-1,552,2296,1120,-1,564,563,2288,-1,2288,563,2297,-1,2288,2297,2290,-1,2290,2297,2298,-1,2290,2298,2292,-1,2292,2298,2299,-1,2292,2299,2294,-1,2294,2299,2300,-1,2294,2300,2296,-1,2296,2300,2301,-1,2296,2301,1120,-1,1120,2301,1118,-1,563,562,2297,-1,2297,562,2302,-1,2297,2302,2298,-1,2298,2302,2303,-1,2298,2303,2299,-1,2299,2303,2304,-1,2299,2304,2300,-1,2300,2304,2305,-1,2300,2305,2301,-1,2301,2305,2306,-1,2301,2306,1118,-1,1118,2306,1116,-1,562,561,2302,-1,2302,561,2307,-1,2302,2307,2303,-1,2303,2307,2308,-1,2303,2308,2304,-1,2304,2308,2309,-1,2304,2309,2305,-1,2305,2309,2310,-1,2305,2310,2306,-1,2306,2310,2311,-1,2306,2311,1116,-1,1116,2311,1114,-1,561,560,2307,-1,2307,560,2312,-1,2307,2312,2308,-1,2308,2312,2313,-1,2308,2313,2309,-1,2309,2313,2314,-1,2309,2314,2310,-1,2310,2314,2315,-1,2310,2315,2311,-1,2311,2315,2316,-1,2311,2316,1114,-1,1114,2316,1112,-1,560,559,2312,-1,2312,559,2266,-1,2312,2266,2313,-1,2313,2266,2265,-1,2313,2265,2314,-1,2314,2265,2264,-1,2314,2264,2315,-1,2315,2264,2263,-1,2315,2263,2316,-1,2316,2263,2262,-1,2316,2262,1112,-1,1112,2262,947,-1,928,930,2286,-1,928,2286,2317,-1,2317,2286,2285,-1,2317,2285,2318,-1,2318,2285,2284,-1,2318,2284,2319,-1,2319,2284,2283,-1,2319,2283,2320,-1,2320,2283,2282,-1,2320,2282,2321,-1,2321,2282,586,-1,2321,586,611,-1,552,550,2322,-1,552,2322,2295,-1,2295,2322,2323,-1,2295,2323,2293,-1,2293,2323,2324,-1,2293,2324,2291,-1,2291,2324,2325,-1,2291,2325,2289,-1,2289,2325,2326,-1,2289,2326,2287,-1,2287,2326,556,-1,2287,556,554,-1,611,610,2321,-1,2321,610,2327,-1,2321,2327,2320,-1,2320,2327,2328,-1,2320,2328,2319,-1,2319,2328,2329,-1,2319,2329,2318,-1,2318,2329,2330,-1,2318,2330,2317,-1,2317,2330,2331,-1,2317,2331,928,-1,928,2331,1121,-1,610,609,2327,-1,2327,609,2332,-1,2327,2332,2328,-1,2328,2332,2333,-1,2328,2333,2329,-1,2329,2333,2334,-1,2329,2334,2330,-1,2330,2334,2335,-1,2330,2335,2331,-1,2331,2335,2336,-1,2331,2336,1121,-1,1121,2336,1123,-1,609,614,2332,-1,2332,614,2337,-1,2332,2337,2333,-1,2333,2337,2338,-1,2333,2338,2334,-1,2334,2338,2339,-1,2334,2339,2335,-1,2335,2339,2340,-1,2335,2340,2336,-1,2336,2340,2341,-1,2336,2341,1123,-1,1123,2341,1125,-1,614,613,2337,-1,2337,613,2342,-1,2337,2342,2338,-1,2338,2342,2343,-1,2338,2343,2339,-1,2339,2343,2344,-1,2339,2344,2340,-1,2340,2344,2345,-1,2340,2345,2341,-1,2341,2345,2346,-1,2341,2346,1125,-1,1125,2346,1127,-1,613,612,2342,-1,2342,612,2347,-1,2342,2347,2343,-1,2343,2347,2348,-1,2343,2348,2344,-1,2344,2348,2349,-1,2344,2349,2345,-1,2345,2349,2350,-1,2345,2350,2346,-1,2346,2350,2351,-1,2346,2351,1127,-1,1127,2351,1129,-1,612,602,2347,-1,2347,602,2352,-1,2347,2352,2348,-1,2348,2352,2353,-1,2348,2353,2349,-1,2349,2353,2354,-1,2349,2354,2350,-1,2350,2354,2355,-1,2350,2355,2351,-1,2351,2355,2356,-1,2351,2356,1129,-1,1129,2356,616,-1,557,558,2357,-1,2357,558,2358,-1,2357,2358,2359,-1,2359,2358,2360,-1,2359,2360,2361,-1,2361,2360,2362,-1,2361,2362,2363,-1,2363,2362,2364,-1,2363,2364,2365,-1,2365,2364,2366,-1,2365,2366,1039,-1,1039,2366,1110,-1,558,567,2358,-1,2358,567,2367,-1,2358,2367,2360,-1,2360,2367,2368,-1,2360,2368,2362,-1,2362,2368,2369,-1,2362,2369,2364,-1,2364,2369,2370,-1,2364,2370,2366,-1,2366,2370,2371,-1,2366,2371,1110,-1,1110,2371,1108,-1,567,568,2367,-1,2367,568,2372,-1,2367,2372,2368,-1,2368,2372,2373,-1,2368,2373,2369,-1,2369,2373,2374,-1,2369,2374,2370,-1,2370,2374,2375,-1,2370,2375,2371,-1,2371,2375,2376,-1,2371,2376,1108,-1,1108,2376,1106,-1,568,566,2372,-1,2372,566,2377,-1,2372,2377,2373,-1,2373,2377,2378,-1,2373,2378,2374,-1,2374,2378,2379,-1,2374,2379,2375,-1,2375,2379,2380,-1,2375,2380,2376,-1,2376,2380,2381,-1,2376,2381,1106,-1,1106,2381,1104,-1,566,565,2377,-1,2377,565,2382,-1,2377,2382,2378,-1,2378,2382,2383,-1,2378,2383,2379,-1,2379,2383,2384,-1,2379,2384,2380,-1,2380,2384,2385,-1,2380,2385,2381,-1,2381,2385,2386,-1,2381,2386,1104,-1,1104,2386,1102,-1,565,556,2382,-1,2382,556,2326,-1,2382,2326,2383,-1,2383,2326,2325,-1,2383,2325,2384,-1,2384,2325,2324,-1,2384,2324,2385,-1,2385,2324,2323,-1,2385,2323,2386,-1,2386,2323,2322,-1,2386,2322,1102,-1,1102,2322,550,-1,602,601,2387,-1,602,2387,2352,-1,2352,2387,2388,-1,2352,2388,2353,-1,2353,2388,2389,-1,2353,2389,2354,-1,2354,2389,2390,-1,2354,2390,2355,-1,2355,2390,2391,-1,2355,2391,2356,-1,2356,2391,618,-1,2356,618,616,-1,555,557,2357,-1,555,2357,2392,-1,2392,2357,2359,-1,2392,2359,2393,-1,2393,2359,2361,-1,2393,2361,2394,-1,2394,2361,2363,-1,2394,2363,2395,-1,2395,2363,2365,-1,2395,2365,2396,-1,2396,2365,1039,-1,2396,1039,1041,-1,601,608,2387,-1,2387,608,2397,-1,2387,2397,2388,-1,2388,2397,2398,-1,2388,2398,2389,-1,2389,2398,2399,-1,2389,2399,2390,-1,2390,2399,2400,-1,2390,2400,2391,-1,2391,2400,2401,-1,2391,2401,618,-1,618,2401,1131,-1,608,604,2397,-1,2397,604,2402,-1,2397,2402,2398,-1,2398,2402,2403,-1,2398,2403,2399,-1,2399,2403,2404,-1,2399,2404,2400,-1,2400,2404,2405,-1,2400,2405,2401,-1,2401,2405,2406,-1,2401,2406,1131,-1,1131,2406,1133,-1,604,603,2402,-1,2402,603,2407,-1,2402,2407,2403,-1,2403,2407,2408,-1,2403,2408,2404,-1,2404,2408,2409,-1,2404,2409,2405,-1,2405,2409,2410,-1,2405,2410,2406,-1,2406,2410,2411,-1,2406,2411,1133,-1,1133,2411,1135,-1,603,605,2407,-1,2407,605,2412,-1,2407,2412,2408,-1,2408,2412,2413,-1,2408,2413,2409,-1,2409,2413,2414,-1,2409,2414,2410,-1,2410,2414,2415,-1,2410,2415,2411,-1,2411,2415,2416,-1,2411,2416,1135,-1,1135,2416,1137,-1,605,606,2412,-1,2412,606,2417,-1,2412,2417,2413,-1,2413,2417,2418,-1,2413,2418,2414,-1,2414,2418,2419,-1,2414,2419,2415,-1,2415,2419,2420,-1,2415,2420,2416,-1,2416,2420,2421,-1,2416,2421,1137,-1,1137,2421,1139,-1,606,607,2417,-1,2417,607,2422,-1,2417,2422,2418,-1,2418,2422,2423,-1,2418,2423,2419,-1,2419,2423,2424,-1,2419,2424,2420,-1,2420,2424,2425,-1,2420,2425,2421,-1,2421,2425,2426,-1,2421,2426,1139,-1,1139,2426,1063,-1,581,583,2427,-1,569,581,2428,-1,2428,581,2427,-1,2428,2427,2429,-1,2429,2427,2430,-1,2430,2427,2431,-1,2430,2431,2432,-1,2432,2431,2433,-1,2433,2431,2434,-1,2433,2434,2435,-1,2435,2434,2436,-1,2436,2434,2437,-1,2436,2437,2438,-1,2438,2437,2439,-1,2439,2437,2440,-1,2439,2440,2441,-1,1035,1034,2440,-1,2440,1034,2442,-1,2440,2442,2441,-1,583,555,2427,-1,2427,555,2392,-1,2427,2392,2431,-1,2431,2392,2393,-1,2431,2393,2434,-1,2434,2393,2394,-1,2434,2394,2437,-1,2437,2394,2395,-1,2437,2395,2440,-1,2440,2395,2396,-1,2440,2396,1035,-1,1035,2396,1041,-1,607,585,2443,-1,607,2443,2422,-1,2422,2443,2444,-1,2422,2444,2423,-1,2423,2444,2445,-1,2423,2445,2424,-1,2424,2445,2446,-1,2424,2446,2425,-1,2425,2446,2447,-1,2425,2447,2426,-1,2426,2447,1065,-1,2426,1065,1063,-1,2448,2449,2450,-1,2451,2452,2453,-1,2452,576,575,-1,2448,2450,2454,-1,2455,2456,2457,-1,2457,2456,2458,-1,2459,2460,2461,-1,2461,2460,2455,-1,2462,2463,2459,-1,2463,2462,1267,-1,1267,2462,1269,-1,1269,2462,2464,-1,1269,2464,1270,-1,1270,2464,1246,-1,1246,2464,2465,-1,1246,2465,1248,-1,2452,575,2453,-1,2453,575,578,-1,2453,578,2466,-1,2466,578,579,-1,2466,579,2467,-1,2467,579,573,-1,2467,573,2468,-1,2454,2450,2469,-1,2469,2450,2470,-1,2469,2470,2471,-1,2471,2470,2472,-1,2471,2472,2473,-1,2473,2472,2474,-1,2473,2474,2475,-1,2475,2474,2476,-1,2475,2476,2477,-1,2455,2457,2461,-1,2461,2457,2478,-1,2461,2478,2479,-1,2479,2478,2480,-1,2479,2480,2481,-1,2481,2480,2482,-1,2481,2482,2483,-1,2483,2482,2484,-1,2483,2484,2485,-1,573,572,2468,-1,2468,572,580,-1,2468,580,2486,-1,2486,580,570,-1,2429,2486,2428,-1,2428,2486,570,-1,2428,570,569,-1,2429,2476,2486,-1,2486,2476,2474,-1,2486,2474,2468,-1,2468,2474,2472,-1,2468,2472,2467,-1,2467,2472,2470,-1,2467,2470,2466,-1,2466,2470,2450,-1,2466,2450,2453,-1,2453,2450,2449,-1,2453,2449,2451,-1,2429,2430,2476,-1,2476,2430,2432,-1,2476,2432,2477,-1,2477,2432,2433,-1,2477,2433,2435,-1,2435,2484,2477,-1,2477,2484,2482,-1,2477,2482,2475,-1,2475,2482,2480,-1,2475,2480,2473,-1,2473,2480,2478,-1,2473,2478,2471,-1,2471,2478,2457,-1,2471,2457,2469,-1,2469,2457,2458,-1,2469,2458,2454,-1,2435,2436,2484,-1,2484,2436,2438,-1,2484,2438,2485,-1,2485,2438,2439,-1,2485,2439,2441,-1,2459,2461,2462,-1,2462,2461,2479,-1,2462,2479,2464,-1,2464,2479,2481,-1,2464,2481,2465,-1,2465,2481,2483,-1,2465,2483,2487,-1,2487,2483,2485,-1,2487,2485,2488,-1,2488,2485,2441,-1,2488,2441,2442,-1,1248,2465,1250,-1,1250,2465,2487,-1,1250,2487,1252,-1,1252,2487,2488,-1,1252,2488,1253,-1,1253,2488,2442,-1,1253,2442,1034,-1,587,589,2489,-1,2490,584,587,-1,587,2489,2490,-1,2490,2489,2491,-1,2490,2491,2492,-1,2491,2493,2492,-1,2492,2493,2494,-1,2492,2494,2495,-1,2494,2496,2495,-1,2495,2496,2497,-1,2495,2497,2498,-1,2497,2499,2498,-1,2498,2499,2500,-1,2498,2500,2501,-1,2501,2500,2502,-1,585,584,2443,-1,2443,584,2490,-1,2443,2490,2444,-1,2444,2490,2492,-1,2444,2492,2445,-1,2445,2492,2495,-1,2445,2495,2446,-1,2446,2495,2498,-1,2446,2498,2447,-1,2447,2498,2501,-1,2447,2501,1065,-1,1065,2501,1067,-1,1059,1067,2503,-1,2503,1067,2501,-1,2503,2501,2504,-1,2504,2501,2502,-1,1257,1255,2505,-1,1261,1259,2506,-1,1267,1265,2463,-1,2463,1265,2507,-1,2463,2507,2459,-1,1261,2506,1263,-1,2459,2507,2460,-1,2460,2507,2508,-1,2460,2508,2455,-1,2455,2508,2456,-1,2456,2508,2509,-1,2456,2509,2458,-1,2458,2509,2454,-1,2454,2509,2510,-1,2454,2510,2448,-1,2448,2510,2449,-1,2449,2510,2511,-1,2449,2511,2451,-1,738,576,2511,-1,2511,576,2452,-1,2511,2452,2451,-1,1265,1263,2507,-1,2507,1263,2506,-1,2507,2506,2508,-1,2508,2506,2512,-1,2508,2512,2509,-1,2509,2512,2513,-1,2509,2513,2510,-1,2510,2513,2514,-1,2510,2514,2511,-1,2511,2514,2515,-1,2511,2515,738,-1,738,2515,739,-1,1259,1257,2506,-1,2506,1257,2505,-1,2506,2505,2512,-1,2512,2505,2516,-1,2512,2516,2513,-1,2513,2516,2517,-1,2513,2517,2514,-1,2514,2517,2518,-1,2514,2518,2515,-1,2515,2518,2519,-1,2515,2519,739,-1,739,2519,740,-1,1255,1032,2505,-1,2505,1032,2520,-1,2505,2520,2516,-1,2516,2520,2521,-1,2516,2521,2517,-1,2517,2521,2522,-1,2517,2522,2518,-1,2518,2522,2523,-1,2518,2523,2519,-1,2519,2523,2524,-1,2519,2524,740,-1,740,2524,741,-1,2525,2526,2527,-1,2528,2529,2530,-1,2531,2532,2533,-1,2532,1200,1202,-1,2531,2533,2529,-1,2525,2527,2534,-1,2535,2536,2537,-1,2537,2536,2538,-1,2539,2540,2535,-1,2532,1202,2533,-1,2533,1202,1204,-1,2533,1204,2541,-1,1204,1210,2541,-1,2541,1210,1208,-1,2541,1208,2542,-1,2543,598,2544,-1,2544,598,597,-1,2544,597,2539,-1,2539,597,596,-1,2539,596,2540,-1,2529,2533,2530,-1,2530,2533,2541,-1,2530,2541,2545,-1,2545,2541,2542,-1,2545,2542,2546,-1,2546,2542,2547,-1,2546,2547,2548,-1,2548,2547,2549,-1,2548,2549,2550,-1,2534,2527,2551,-1,2551,2527,2552,-1,2551,2552,2553,-1,2553,2552,2554,-1,2553,2554,2555,-1,2555,2554,2556,-1,2555,2556,2557,-1,2557,2556,2558,-1,2557,2558,2559,-1,2535,2537,2539,-1,2539,2537,2560,-1,2539,2560,2544,-1,2544,2560,2561,-1,2544,2561,2543,-1,2543,2561,2562,-1,2543,2562,2563,-1,2563,2562,2564,-1,2563,2564,2565,-1,591,592,2565,-1,2565,592,594,-1,2565,594,2563,-1,2563,594,600,-1,2563,600,2543,-1,2543,600,599,-1,2543,599,598,-1,1208,1206,2542,-1,2542,1206,1216,-1,2542,1216,2547,-1,2547,1216,1215,-1,2547,1215,2549,-1,2549,1215,1213,-1,2549,1213,1059,-1,1059,2503,2549,-1,2549,2503,2504,-1,2549,2504,2550,-1,2550,2504,2502,-1,2550,2502,2500,-1,2500,2558,2550,-1,2550,2558,2556,-1,2550,2556,2548,-1,2548,2556,2554,-1,2548,2554,2546,-1,2546,2554,2552,-1,2546,2552,2545,-1,2545,2552,2527,-1,2545,2527,2530,-1,2530,2527,2526,-1,2530,2526,2528,-1,2500,2499,2558,-1,2558,2499,2497,-1,2558,2497,2559,-1,2559,2497,2496,-1,2559,2496,2494,-1,2494,2564,2559,-1,2559,2564,2562,-1,2559,2562,2557,-1,2557,2562,2561,-1,2557,2561,2555,-1,2555,2561,2560,-1,2555,2560,2553,-1,2553,2560,2537,-1,2553,2537,2551,-1,2551,2537,2538,-1,2551,2538,2534,-1,589,591,2489,-1,2489,591,2565,-1,2489,2565,2491,-1,2491,2565,2564,-1,2491,2564,2493,-1,2493,2564,2494,-1,1030,2566,1032,-1,1032,2566,2520,-1,2566,2567,2520,-1,2520,2567,2568,-1,2520,2568,2521,-1,2568,2569,2521,-1,2521,2569,2570,-1,2521,2570,2522,-1,2570,2571,2522,-1,2522,2571,2572,-1,2522,2572,2523,-1,2572,2573,2523,-1,2523,2573,2574,-1,2523,2574,2524,-1,742,741,2575,-1,2575,741,2524,-1,2575,2524,2576,-1,2576,2524,2574,-1,789,2577,2578,-1,2534,2538,2579,-1,2580,2581,2582,-1,2526,2525,2583,-1,2581,2584,2585,-1,2529,2528,2586,-1,2584,2587,2588,-1,2532,2531,2589,-1,2587,1056,1188,-1,2587,1188,2588,-1,2588,1188,1190,-1,2588,1190,2590,-1,1190,1192,2590,-1,2590,1192,1194,-1,2590,1194,2589,-1,1200,2532,1198,-1,1198,2532,2589,-1,1198,2589,1196,-1,1196,2589,1194,-1,2584,2588,2585,-1,2585,2588,2590,-1,2585,2590,2591,-1,2591,2590,2589,-1,2591,2589,2586,-1,2586,2589,2531,-1,2586,2531,2529,-1,2581,2585,2582,-1,2582,2585,2591,-1,2582,2591,2592,-1,2592,2591,2586,-1,2592,2586,2583,-1,2583,2586,2528,-1,2583,2528,2526,-1,2580,2582,2593,-1,2593,2582,2592,-1,2593,2592,2594,-1,2594,2592,2583,-1,2594,2583,2579,-1,2579,2583,2525,-1,2579,2525,2534,-1,2538,2595,2579,-1,2579,2595,2596,-1,2579,2596,2594,-1,2594,2596,2578,-1,2594,2578,2593,-1,2593,2578,2577,-1,2593,2577,2580,-1,2538,2536,2595,-1,2595,2536,2535,-1,2595,2535,2540,-1,789,2578,790,-1,790,2578,2596,-1,790,2596,791,-1,791,2596,2595,-1,791,2595,788,-1,788,2595,2540,-1,788,2540,596,-1,1234,1235,2597,-1,1230,1232,2598,-1,1226,1228,2599,-1,1030,1224,2566,-1,2566,1224,2600,-1,2566,2600,2567,-1,2567,2600,2601,-1,2602,2569,2601,-1,2601,2569,2568,-1,2601,2568,2567,-1,2603,2571,2602,-1,2602,2571,2570,-1,2602,2570,2569,-1,2604,2573,2603,-1,2603,2573,2572,-1,2603,2572,2571,-1,2605,2576,2604,-1,2604,2576,2574,-1,2604,2574,2573,-1,743,742,2605,-1,2605,742,2575,-1,2605,2575,2576,-1,1224,1226,2600,-1,2600,1226,2599,-1,2600,2599,2601,-1,2601,2599,2606,-1,2601,2606,2602,-1,2602,2606,2607,-1,2602,2607,2603,-1,2603,2607,2608,-1,2603,2608,2604,-1,2604,2608,2609,-1,2604,2609,2605,-1,2605,2609,2610,-1,2605,2610,743,-1,743,2610,737,-1,1228,1230,2599,-1,2599,1230,2598,-1,2599,2598,2606,-1,2606,2598,2611,-1,2606,2611,2607,-1,2607,2611,2612,-1,2607,2612,2608,-1,2608,2612,2613,-1,2608,2613,2609,-1,2609,2613,2614,-1,2609,2614,2610,-1,2610,2614,2615,-1,2610,2615,737,-1,737,2615,735,-1,1232,1234,2598,-1,2598,1234,2597,-1,2598,2597,2611,-1,2611,2597,2616,-1,2611,2616,2612,-1,2612,2616,2617,-1,2612,2617,2613,-1,2613,2617,2618,-1,2613,2618,2614,-1,2614,2618,2619,-1,2614,2619,2615,-1,2615,2619,2620,-1,2615,2620,735,-1,735,2620,729,-1,1058,1056,2587,-1,1058,2587,2621,-1,2621,2587,2584,-1,2621,2584,2622,-1,2622,2584,2581,-1,2622,2581,2623,-1,2623,2581,2580,-1,2623,2580,2624,-1,2624,2580,2577,-1,2624,2577,2625,-1,2625,2577,789,-1,2625,789,787,-1,2597,1235,1221,-1,2616,2597,2626,-1,2618,2617,2627,-1,2620,2619,2628,-1,2597,1221,2626,-1,2626,1221,1220,-1,2626,1220,2629,-1,2629,1220,1218,-1,2629,1218,2630,-1,2631,731,2632,-1,2632,731,730,-1,2632,730,2633,-1,2633,730,729,-1,2633,729,2620,-1,1218,1241,2630,-1,2630,1241,1239,-1,2630,1239,2634,-1,2616,2626,2635,-1,2635,2626,2629,-1,2635,2629,2636,-1,2636,2629,2630,-1,2636,2630,2637,-1,2637,2630,2634,-1,2637,2634,2638,-1,2638,2634,2639,-1,2638,2639,2640,-1,2618,2627,2641,-1,2641,2627,2642,-1,2641,2642,2643,-1,2643,2642,2644,-1,2643,2644,2645,-1,2645,2644,2646,-1,2645,2646,2647,-1,2647,2646,2648,-1,2647,2648,2649,-1,2620,2628,2633,-1,2633,2628,2650,-1,2633,2650,2632,-1,2632,2650,2651,-1,2632,2651,2631,-1,2631,2651,2652,-1,2631,2652,2653,-1,2653,2652,2654,-1,2653,2654,2655,-1,724,725,2655,-1,2655,725,727,-1,2655,727,2653,-1,2653,727,733,-1,2653,733,2631,-1,2631,733,732,-1,2631,732,731,-1,1239,1237,2634,-1,2634,1237,1236,-1,2634,1236,2639,-1,2639,1236,1044,-1,1044,2656,2639,-1,2639,2656,2657,-1,2639,2657,2640,-1,2640,2657,2658,-1,2640,2658,2659,-1,2659,2648,2640,-1,2640,2648,2646,-1,2640,2646,2638,-1,2638,2646,2644,-1,2638,2644,2637,-1,2637,2644,2642,-1,2637,2642,2636,-1,2636,2642,2627,-1,2636,2627,2635,-1,2635,2627,2617,-1,2635,2617,2616,-1,2659,2660,2648,-1,2648,2660,2661,-1,2648,2661,2649,-1,2649,2661,2662,-1,2649,2662,2663,-1,2663,2654,2649,-1,2649,2654,2652,-1,2649,2652,2647,-1,2647,2652,2651,-1,2647,2651,2645,-1,2645,2651,2650,-1,2645,2650,2643,-1,2643,2650,2628,-1,2643,2628,2641,-1,2641,2628,2619,-1,2641,2619,2618,-1,722,724,2664,-1,2664,724,2655,-1,2664,2655,2665,-1,2665,2655,2654,-1,2665,2654,2666,-1,2666,2654,2663,-1,1174,1172,2667,-1,1178,1176,2668,-1,1184,1182,2669,-1,2669,1182,2670,-1,2669,2670,2671,-1,1178,2668,1180,-1,2671,2670,2672,-1,2672,2670,2673,-1,2672,2673,2674,-1,2674,2673,2675,-1,2675,2673,2676,-1,2675,2676,2677,-1,2677,2676,2678,-1,2678,2676,2679,-1,2678,2679,2680,-1,2680,2679,2681,-1,2681,2679,2682,-1,2681,2682,2683,-1,784,783,2682,-1,2682,783,2684,-1,2682,2684,2683,-1,1182,1180,2670,-1,2670,1180,2668,-1,2670,2668,2673,-1,2673,2668,2685,-1,2673,2685,2676,-1,2676,2685,2686,-1,2676,2686,2679,-1,2679,2686,2687,-1,2679,2687,2682,-1,2682,2687,2688,-1,2682,2688,784,-1,784,2688,785,-1,1176,1174,2668,-1,2668,1174,2667,-1,2668,2667,2685,-1,2685,2667,2689,-1,2685,2689,2686,-1,2686,2689,2690,-1,2686,2690,2687,-1,2687,2690,2691,-1,2687,2691,2688,-1,2688,2691,2692,-1,2688,2692,785,-1,785,2692,786,-1,1172,1058,2667,-1,2667,1058,2621,-1,2667,2621,2689,-1,2689,2621,2622,-1,2689,2622,2690,-1,2690,2622,2623,-1,2690,2623,2691,-1,2691,2623,2624,-1,2691,2624,2692,-1,2692,2624,2625,-1,2692,2625,786,-1,786,2625,787,-1,2666,2663,2693,-1,1044,1052,2656,-1,2656,1052,2694,-1,2656,2694,2657,-1,2695,2659,2694,-1,2694,2659,2658,-1,2694,2658,2657,-1,2693,2663,2696,-1,2663,2662,2696,-1,2696,2662,2661,-1,2696,2661,2695,-1,2695,2661,2660,-1,2695,2660,2659,-1,2697,719,721,-1,2666,2693,2665,-1,2665,2693,2697,-1,2665,2697,2664,-1,2664,2697,721,-1,2664,721,722,-1,1052,1050,2694,-1,2694,1050,2698,-1,2694,2698,2695,-1,2695,2698,2699,-1,2695,2699,2696,-1,2696,2699,2700,-1,2696,2700,2693,-1,2693,2700,2701,-1,2693,2701,2697,-1,2697,2701,2702,-1,2697,2702,719,-1,719,2702,703,-1,2680,2681,2703,-1,2683,2684,2704,-1,2684,783,800,-1,2680,2703,2678,-1,2674,2675,2705,-1,2705,2675,2677,-1,2671,2672,2706,-1,2706,2672,2674,-1,2707,2669,2671,-1,2669,2707,1184,-1,1184,2707,1186,-1,1186,2707,2708,-1,1186,2708,1187,-1,1187,2708,1163,-1,1163,2708,2709,-1,1163,2709,1165,-1,2684,800,2704,-1,2704,800,799,-1,2704,799,2710,-1,2710,799,795,-1,2710,795,2711,-1,2711,795,796,-1,2711,796,2712,-1,2678,2703,2713,-1,2713,2703,2714,-1,2713,2714,2715,-1,2715,2714,2716,-1,2715,2716,2717,-1,2717,2716,2718,-1,2717,2718,2719,-1,2719,2718,2720,-1,2719,2720,2721,-1,2674,2705,2706,-1,2706,2705,2722,-1,2706,2722,2723,-1,2723,2722,2724,-1,2723,2724,2725,-1,2725,2724,2726,-1,2725,2726,2727,-1,2727,2726,2728,-1,2727,2728,2729,-1,796,798,2712,-1,2712,798,801,-1,2712,801,2730,-1,2730,801,793,-1,2731,2730,2732,-1,2732,2730,793,-1,2732,793,792,-1,2731,2720,2730,-1,2730,2720,2718,-1,2730,2718,2712,-1,2712,2718,2716,-1,2712,2716,2711,-1,2711,2716,2714,-1,2711,2714,2710,-1,2710,2714,2703,-1,2710,2703,2704,-1,2704,2703,2681,-1,2704,2681,2683,-1,2731,2733,2720,-1,2720,2733,2734,-1,2720,2734,2721,-1,2721,2734,2735,-1,2721,2735,2736,-1,2736,2728,2721,-1,2721,2728,2726,-1,2721,2726,2719,-1,2719,2726,2724,-1,2719,2724,2717,-1,2717,2724,2722,-1,2717,2722,2715,-1,2715,2722,2705,-1,2715,2705,2713,-1,2713,2705,2677,-1,2713,2677,2678,-1,2736,2737,2728,-1,2728,2737,2738,-1,2728,2738,2729,-1,2729,2738,2739,-1,2729,2739,2740,-1,2671,2706,2707,-1,2707,2706,2723,-1,2707,2723,2708,-1,2708,2723,2725,-1,2708,2725,2709,-1,2709,2725,2727,-1,2709,2727,2741,-1,2741,2727,2729,-1,2741,2729,2742,-1,2742,2729,2740,-1,2742,2740,2743,-1,1165,2709,1167,-1,1167,2709,2741,-1,1167,2741,1169,-1,1169,2741,2742,-1,1169,2742,1170,-1,1170,2742,2743,-1,1170,2743,1071,-1,712,703,2702,-1,712,2702,2744,-1,2744,2702,2701,-1,2744,2701,2745,-1,2745,2701,2700,-1,2745,2700,2746,-1,2746,2700,2699,-1,2746,2699,2747,-1,2747,2699,2698,-1,2747,2698,2748,-1,2748,2698,1050,-1,2748,1050,1048,-1,802,804,2749,-1,1072,1071,2750,-1,2750,1071,2743,-1,2743,2740,2750,-1,2750,2740,2739,-1,2750,2739,2751,-1,2739,2738,2751,-1,2751,2738,2737,-1,2751,2737,2752,-1,2737,2736,2752,-1,2752,2736,2735,-1,2752,2735,2753,-1,2735,2734,2753,-1,2753,2734,2733,-1,2753,2733,2749,-1,1078,1072,2754,-1,2754,1072,2750,-1,2754,2750,2755,-1,2755,2750,2751,-1,2755,2751,2756,-1,2756,2751,2752,-1,2756,2752,2757,-1,2757,2752,2753,-1,2757,2753,2758,-1,2758,2753,2749,-1,2758,2749,806,-1,806,2749,804,-1,792,802,2732,-1,2732,802,2749,-1,2732,2749,2731,-1,2731,2749,2733,-1,704,713,2759,-1,2759,713,2760,-1,2759,2760,2761,-1,2761,2760,2762,-1,2761,2762,2763,-1,2763,2762,2764,-1,2763,2764,2765,-1,2765,2764,2766,-1,2765,2766,2767,-1,2767,2766,2768,-1,2767,2768,702,-1,702,2768,1091,-1,713,709,2760,-1,2760,709,2769,-1,2760,2769,2762,-1,2762,2769,2770,-1,2762,2770,2764,-1,2764,2770,2771,-1,2764,2771,2766,-1,2766,2771,2772,-1,2766,2772,2768,-1,2768,2772,2773,-1,2768,2773,1091,-1,1091,2773,1093,-1,709,708,2769,-1,2769,708,2774,-1,2769,2774,2770,-1,2770,2774,2775,-1,2770,2775,2771,-1,2771,2775,2776,-1,2771,2776,2772,-1,2772,2776,2777,-1,2772,2777,2773,-1,2773,2777,2778,-1,2773,2778,1093,-1,1093,2778,1095,-1,708,710,2774,-1,2774,710,2779,-1,2774,2779,2775,-1,2775,2779,2780,-1,2775,2780,2776,-1,2776,2780,2781,-1,2776,2781,2777,-1,2777,2781,2782,-1,2777,2782,2778,-1,2778,2782,2783,-1,2778,2783,1095,-1,1095,2783,1097,-1,710,711,2779,-1,2779,711,2784,-1,2779,2784,2780,-1,2780,2784,2785,-1,2780,2785,2781,-1,2781,2785,2786,-1,2781,2786,2782,-1,2782,2786,2787,-1,2782,2787,2783,-1,2783,2787,2788,-1,2783,2788,1097,-1,1097,2788,1099,-1,711,712,2784,-1,2784,712,2744,-1,2784,2744,2785,-1,2785,2744,2745,-1,2785,2745,2786,-1,2786,2745,2746,-1,2786,2746,2787,-1,2787,2746,2747,-1,2787,2747,2788,-1,2788,2747,2748,-1,2788,2748,1099,-1,1099,2748,1048,-1,806,811,2789,-1,806,2789,2758,-1,2758,2789,2790,-1,2758,2790,2757,-1,2757,2790,2791,-1,2757,2791,2756,-1,2756,2791,2792,-1,2756,2792,2755,-1,2755,2792,2793,-1,2755,2793,2754,-1,2754,2793,1076,-1,2754,1076,1078,-1,702,700,2794,-1,702,2794,2767,-1,2767,2794,2795,-1,2767,2795,2765,-1,2765,2795,2796,-1,2765,2796,2763,-1,2763,2796,2797,-1,2763,2797,2761,-1,2761,2797,2798,-1,2761,2798,2759,-1,2759,2798,706,-1,2759,706,704,-1,811,810,2789,-1,2789,810,2799,-1,2789,2799,2790,-1,2790,2799,2800,-1,2790,2800,2791,-1,2791,2800,2801,-1,2791,2801,2792,-1,2792,2801,2802,-1,2792,2802,2793,-1,2793,2802,2803,-1,2793,2803,1076,-1,1076,2803,1160,-1,810,819,2799,-1,2799,819,2804,-1,2799,2804,2800,-1,2800,2804,2805,-1,2800,2805,2801,-1,2801,2805,2806,-1,2801,2806,2802,-1,2802,2806,2807,-1,2802,2807,2803,-1,2803,2807,2808,-1,2803,2808,1160,-1,1160,2808,1158,-1,819,820,2804,-1,2804,820,2809,-1,2804,2809,2805,-1,2805,2809,2810,-1,2805,2810,2806,-1,2806,2810,2811,-1,2806,2811,2807,-1,2807,2811,2812,-1,2807,2812,2808,-1,2808,2812,2813,-1,2808,2813,1158,-1,1158,2813,1156,-1,820,818,2809,-1,2809,818,2814,-1,2809,2814,2810,-1,2810,2814,2815,-1,2810,2815,2811,-1,2811,2815,2816,-1,2811,2816,2812,-1,2812,2816,2817,-1,2812,2817,2813,-1,2813,2817,2818,-1,2813,2818,1156,-1,1156,2818,1154,-1,818,817,2814,-1,2814,817,2819,-1,2814,2819,2815,-1,2815,2819,2820,-1,2815,2820,2816,-1,2816,2820,2821,-1,2816,2821,2817,-1,2817,2821,2822,-1,2817,2822,2818,-1,2818,2822,2823,-1,2818,2823,1154,-1,1154,2823,1152,-1,817,812,2819,-1,2819,812,2824,-1,2819,2824,2820,-1,2820,2824,2825,-1,2820,2825,2821,-1,2821,2825,2826,-1,2821,2826,2822,-1,2822,2826,2827,-1,2822,2827,2823,-1,2823,2827,2828,-1,2823,2828,1152,-1,1152,2828,822,-1,707,718,2829,-1,2829,718,2830,-1,2829,2830,2831,-1,2831,2830,2832,-1,2831,2832,2833,-1,2833,2832,2834,-1,2833,2834,2835,-1,2835,2834,2836,-1,2835,2836,2837,-1,2837,2836,2838,-1,2837,2838,978,-1,978,2838,1081,-1,718,717,2830,-1,2830,717,2839,-1,2830,2839,2832,-1,2832,2839,2840,-1,2832,2840,2834,-1,2834,2840,2841,-1,2834,2841,2836,-1,2836,2841,2842,-1,2836,2842,2838,-1,2838,2842,2843,-1,2838,2843,1081,-1,1081,2843,1083,-1,717,714,2839,-1,2839,714,2844,-1,2839,2844,2840,-1,2840,2844,2845,-1,2840,2845,2841,-1,2841,2845,2846,-1,2841,2846,2842,-1,2842,2846,2847,-1,2842,2847,2843,-1,2843,2847,2848,-1,2843,2848,1083,-1,1083,2848,1085,-1,714,715,2844,-1,2844,715,2849,-1,2844,2849,2845,-1,2845,2849,2850,-1,2845,2850,2846,-1,2846,2850,2851,-1,2846,2851,2847,-1,2847,2851,2852,-1,2847,2852,2848,-1,2848,2852,2853,-1,2848,2853,1085,-1,1085,2853,1087,-1,715,716,2849,-1,2849,716,2854,-1,2849,2854,2850,-1,2850,2854,2855,-1,2850,2855,2851,-1,2851,2855,2856,-1,2851,2856,2852,-1,2852,2856,2857,-1,2852,2857,2853,-1,2853,2857,2858,-1,2853,2858,1087,-1,1087,2858,1089,-1,716,706,2854,-1,2854,706,2798,-1,2854,2798,2855,-1,2855,2798,2797,-1,2855,2797,2856,-1,2856,2797,2796,-1,2856,2796,2857,-1,2857,2796,2795,-1,2857,2795,2858,-1,2858,2795,2794,-1,2858,2794,1089,-1,1089,2794,700,-1,812,809,2859,-1,812,2859,2824,-1,2824,2859,2860,-1,2824,2860,2825,-1,2825,2860,2861,-1,2825,2861,2826,-1,2826,2861,2862,-1,2826,2862,2827,-1,2827,2862,2863,-1,2827,2863,2828,-1,2828,2863,824,-1,2828,824,822,-1,978,977,2864,-1,978,2864,2837,-1,2837,2864,2865,-1,2837,2865,2835,-1,2835,2865,2866,-1,2835,2866,2833,-1,2833,2866,2867,-1,2833,2867,2831,-1,2831,2867,2868,-1,2831,2868,2829,-1,2829,2868,705,-1,2829,705,707,-1,809,808,2859,-1,2859,808,2869,-1,2859,2869,2860,-1,2860,2869,2870,-1,2860,2870,2861,-1,2861,2870,2871,-1,2861,2871,2862,-1,2862,2871,2872,-1,2862,2872,2863,-1,2863,2872,2873,-1,2863,2873,824,-1,824,2873,1150,-1,808,807,2869,-1,2869,807,2874,-1,2869,2874,2870,-1,2870,2874,2875,-1,2870,2875,2871,-1,2871,2875,2876,-1,2871,2876,2872,-1,2872,2876,2877,-1,2872,2877,2873,-1,2873,2877,2878,-1,2873,2878,1150,-1,1150,2878,1148,-1,807,816,2874,-1,2874,816,2879,-1,2874,2879,2875,-1,2875,2879,2880,-1,2875,2880,2876,-1,2876,2880,2881,-1,2876,2881,2877,-1,2877,2881,2882,-1,2877,2882,2878,-1,2878,2882,2883,-1,2878,2883,1148,-1,1148,2883,1146,-1,816,815,2879,-1,2879,815,2884,-1,2879,2884,2880,-1,2880,2884,2885,-1,2880,2885,2881,-1,2881,2885,2886,-1,2881,2886,2882,-1,2882,2886,2887,-1,2882,2887,2883,-1,2883,2887,2888,-1,2883,2888,1146,-1,1146,2888,1144,-1,815,814,2884,-1,2884,814,2889,-1,2884,2889,2885,-1,2885,2889,2890,-1,2885,2890,2886,-1,2886,2890,2891,-1,2886,2891,2887,-1,2887,2891,2892,-1,2887,2892,2888,-1,2888,2892,2893,-1,2888,2893,1144,-1,1144,2893,1142,-1,814,813,2889,-1,2889,813,2894,-1,2889,2894,2890,-1,2890,2894,2895,-1,2890,2895,2891,-1,2891,2895,2896,-1,2891,2896,2892,-1,2892,2896,2897,-1,2892,2897,2893,-1,2893,2897,2898,-1,2893,2898,1142,-1,1142,2898,1005,-1,977,982,2864,-1,2864,982,2899,-1,2864,2899,2865,-1,2865,2899,2900,-1,2865,2900,2866,-1,2866,2900,2901,-1,2866,2901,2867,-1,2867,2901,2902,-1,2867,2902,2868,-1,2868,2902,2903,-1,2868,2903,705,-1,705,2903,720,-1,982,984,2899,-1,2899,984,2904,-1,2899,2904,2900,-1,2900,2904,2905,-1,2900,2905,2901,-1,2901,2905,2906,-1,2901,2906,2902,-1,2902,2906,2907,-1,2902,2907,2903,-1,2903,2907,2908,-1,2903,2908,720,-1,720,2908,723,-1,984,986,2904,-1,2904,986,2909,-1,2904,2909,2905,-1,2905,2909,2910,-1,2905,2910,2906,-1,2906,2910,2911,-1,2906,2911,2907,-1,2907,2911,2912,-1,2907,2912,2908,-1,2908,2912,2913,-1,2908,2913,723,-1,723,2913,726,-1,986,1023,2909,-1,2909,1023,2914,-1,2909,2914,2910,-1,2910,2914,2915,-1,2910,2915,2911,-1,2911,2915,2916,-1,2911,2916,2912,-1,2912,2916,2917,-1,2912,2917,2913,-1,2913,2917,2918,-1,2913,2918,726,-1,726,2918,728,-1,1007,1005,2898,-1,1007,2898,2919,-1,2919,2898,2897,-1,2919,2897,2920,-1,2920,2897,2896,-1,2920,2896,2921,-1,2921,2896,2895,-1,2921,2895,2922,-1,2922,2895,2894,-1,2922,2894,2923,-1,2923,2894,813,-1,2923,813,805,-1,1023,1025,2924,-1,1023,2924,2914,-1,2914,2924,2925,-1,2914,2925,2915,-1,2915,2925,2926,-1,2915,2926,2916,-1,2916,2926,2927,-1,2916,2927,2917,-1,2917,2927,2928,-1,2917,2928,2918,-1,2918,2928,736,-1,2918,736,728,-1,1016,1014,2929,-1,2929,1014,2930,-1,2929,2930,2931,-1,2931,2930,2932,-1,2932,2930,2933,-1,2932,2933,2934,-1,2934,2933,2935,-1,2935,2933,2936,-1,2935,2936,2937,-1,2937,2936,2938,-1,2938,2936,2939,-1,2938,2939,2940,-1,2940,2939,2941,-1,2941,2939,2942,-1,2941,2942,2943,-1,2943,2942,2944,-1,2944,2942,797,-1,2944,797,782,-1,1014,1011,2930,-1,2930,1011,2945,-1,2930,2945,2933,-1,2933,2945,2946,-1,2933,2946,2936,-1,2936,2946,2947,-1,2936,2947,2939,-1,2939,2947,2948,-1,2939,2948,2942,-1,2942,2948,2949,-1,2942,2949,797,-1,797,2949,794,-1,1011,1009,2945,-1,2945,1009,2950,-1,2945,2950,2946,-1,2946,2950,2951,-1,2946,2951,2947,-1,2947,2951,2952,-1,2947,2952,2948,-1,2948,2952,2953,-1,2948,2953,2949,-1,2949,2953,2954,-1,2949,2954,794,-1,794,2954,803,-1,1009,1007,2950,-1,2950,1007,2919,-1,2950,2919,2951,-1,2951,2919,2920,-1,2951,2920,2952,-1,2952,2920,2921,-1,2952,2921,2953,-1,2953,2921,2922,-1,2953,2922,2954,-1,2954,2922,2923,-1,2954,2923,803,-1,803,2923,805,-1,758,760,2955,-1,750,752,2956,-1,746,748,2957,-1,758,2955,756,-1,532,744,2958,-1,2958,744,2959,-1,2958,2959,2960,-1,2960,2959,2961,-1,2960,2961,2962,-1,2962,2961,2963,-1,2962,2963,2964,-1,2964,2963,2965,-1,2964,2965,2966,-1,2966,2965,2967,-1,2966,2967,999,-1,999,2967,1000,-1,744,746,2959,-1,2959,746,2957,-1,2959,2957,2961,-1,2961,2957,2968,-1,2961,2968,2963,-1,2963,2968,2969,-1,2963,2969,2965,-1,2965,2969,2970,-1,2965,2970,2967,-1,2967,2970,2971,-1,2967,2971,1000,-1,1000,2971,988,-1,748,750,2957,-1,2957,750,2956,-1,2957,2956,2968,-1,2968,2956,2972,-1,2968,2972,2969,-1,2969,2972,2973,-1,2969,2973,2970,-1,2970,2973,2974,-1,2970,2974,2971,-1,2971,2974,2975,-1,2971,2975,988,-1,988,2975,990,-1,752,754,2956,-1,2956,754,2976,-1,2956,2976,2972,-1,2972,2976,2977,-1,2972,2977,2973,-1,2973,2977,2978,-1,2973,2978,2974,-1,2974,2978,2979,-1,2974,2979,2975,-1,2975,2979,2980,-1,2975,2980,990,-1,990,2980,1028,-1,754,756,2976,-1,2976,756,2955,-1,2976,2955,2977,-1,2977,2955,2981,-1,2977,2981,2978,-1,2978,2981,2982,-1,2978,2982,2979,-1,2979,2982,2983,-1,2979,2983,2980,-1,2980,2983,2984,-1,2980,2984,1028,-1,1028,2984,1027,-1,760,736,2955,-1,2955,736,2928,-1,2955,2928,2981,-1,2981,2928,2927,-1,2981,2927,2982,-1,2982,2927,2926,-1,2982,2926,2983,-1,2983,2926,2925,-1,2983,2925,2984,-1,2984,2925,2924,-1,2984,2924,1027,-1,1027,2924,1025,-1,2985,2986,2929,-1,2929,2986,1019,-1,2929,1019,1016,-1,2929,2931,2985,-1,2985,2931,2932,-1,2985,2932,2987,-1,2987,2932,2934,-1,2934,2935,2987,-1,2987,2935,2937,-1,2987,2937,2988,-1,2937,2938,2988,-1,2988,2938,2940,-1,2988,2940,2989,-1,2940,2941,2989,-1,2989,2941,2943,-1,2989,2943,2990,-1,2943,2944,2990,-1,2990,2944,782,-1,2990,782,762,-1,997,2991,999,-1,999,2991,2966,-1,2991,2992,2966,-1,2966,2992,2993,-1,2966,2993,2964,-1,2993,2994,2964,-1,2964,2994,2995,-1,2964,2995,2962,-1,2962,2995,2996,-1,2962,2996,2960,-1,2996,2997,2960,-1,2960,2997,2998,-1,2960,2998,2958,-1,2998,2999,2958,-1,2958,2999,3000,-1,2958,3000,532,-1,532,3000,3001,-1,532,3001,525,-1,1019,2986,3002,-1,770,772,3003,-1,766,768,3004,-1,776,778,3005,-1,3005,778,780,-1,3005,780,525,-1,525,3001,3005,-1,3005,3001,3000,-1,3005,3000,3006,-1,3000,2999,3006,-1,3006,2999,2998,-1,3006,2998,3007,-1,2998,2997,3007,-1,3007,2997,2996,-1,3007,2996,3008,-1,762,764,2990,-1,2990,764,3009,-1,2990,3009,2989,-1,2989,3009,3010,-1,2989,3010,2988,-1,2988,3010,3011,-1,2988,3011,2987,-1,2987,3011,3012,-1,2987,3012,2985,-1,2985,3012,3013,-1,2985,3013,2986,-1,764,766,3009,-1,3009,766,3004,-1,3009,3004,3010,-1,3010,3004,3014,-1,3010,3014,3011,-1,3011,3014,3015,-1,3011,3015,3012,-1,3012,3015,3016,-1,3012,3016,3013,-1,3013,3016,3017,-1,768,770,3004,-1,3004,770,3003,-1,3004,3003,3014,-1,3014,3003,3018,-1,3014,3018,3015,-1,3015,3018,3019,-1,3015,3019,3016,-1,3016,3019,3020,-1,3016,3020,3017,-1,3017,3020,3021,-1,772,774,3003,-1,3003,774,3022,-1,3003,3022,3018,-1,3018,3022,3023,-1,3018,3023,3019,-1,3019,3023,3024,-1,3019,3024,3020,-1,3020,3024,3025,-1,3020,3025,3021,-1,3021,3025,3026,-1,774,776,3022,-1,3022,776,3005,-1,3022,3005,3023,-1,3023,3005,3006,-1,3023,3006,3024,-1,3024,3006,3007,-1,3024,3007,3025,-1,3025,3007,3008,-1,3025,3008,3026,-1,3026,3008,3027,-1,2996,2995,3008,-1,3008,2995,2994,-1,3008,2994,3027,-1,3027,2994,2993,-1,3027,2993,2992,-1,2986,3013,3002,-1,3002,3013,3017,-1,3002,3017,3028,-1,3028,3017,3021,-1,3028,3021,3029,-1,3029,3021,3026,-1,3029,3026,3030,-1,3030,3026,3027,-1,3030,3027,3031,-1,3031,3027,2992,-1,3031,2992,2991,-1,1019,3002,1020,-1,1020,3002,3028,-1,1020,3028,1002,-1,1002,3028,3029,-1,1002,3029,1003,-1,1003,3029,3030,-1,1003,3030,993,-1,993,3030,3031,-1,993,3031,995,-1,995,3031,2991,-1,995,2991,997,-1,
        ]
    }
}
Shape{
    appearance Appearance {
        material  Material 	{
            diffuseColor 0.0 0.0 0.0
            specularColor 0.0 0.0 0.0
            ambientIntensity 0.2
            transparency 0
            shininess 0.5
        }
    }
    geometry IndexedFaceSet {
        ccw TRUE
        solid FALSE
        coord DEF co Coordinate {
            point [
                0.0578 0.0211 1.1815, 0.0578 0.0119 1.1815, 0.0578 0.0211 1.1811, 0.0578 0.0119 1.1811, 0.0259 0.0211 1.1815, 0.0259 0.0211 1.1811, 0.0259 0.092 1.1815, 0.0259 0.092 1.1811, 0.0155 0.092 1.1815, 0.0155 0.092 1.1811, 0.0155 0.0119 1.1815, 0.0155 0.0119 1.1811, 0.111 0.0117 1.1815, 0.0988 0.0106 1.1815, 0.1059 0.0112 1.1811, 0.0988 0.0106 1.1811, 0.111 0.0117 1.1811, 0.1196 0.0146 1.1811, 0.1196 0.0146 1.1815, 0.121 0.0152 1.1811, 0.121 0.0152 1.1815, 0.121 0.0251 1.1815, 0.121 0.0251 1.1811, 0.114 0.0219 1.1811, 0.114 0.0219 1.1815, 0.1051 0.02 1.1811, 0.1051 0.02 1.1815, 0.1003 0.0198 1.1811, 0.1003 0.0198 1.1815, 0.0927 0.0206 1.1811, 0.0927 0.0206 1.1815, 0.0869 0.0228 1.1811, 0.0869 0.0228 1.1815, 0.0816 0.0264 1.1811, 0.0816 0.0264 1.1815, 0.0798 0.0282 1.1811, 0.0798 0.0282 1.1815, 0.0758 0.0337 1.1811, 0.0758 0.0337 1.1815, 0.0732 0.0402 1.1811, 0.0732 0.0402 1.1815, 0.0719 0.0499 1.1811, 0.0719 0.0499 1.1815, 0.0719 0.0511 1.1811, 0.0719 0.0511 1.1815, 0.0732 0.0619 1.1811, 0.0732 0.0619 1.1815, 0.0758 0.0689 1.1811, 0.0758 0.0689 1.1815, 0.0797 0.0745 1.1811, 0.0797 0.0745 1.1815, 0.0803 0.0751 1.1811, 0.0803 0.0751 1.1815, 0.0857 0.0796 1.1811, 0.0857 0.0796 1.1815, 0.092 0.0825 1.1811, 0.092 0.0825 1.1815, 0.099 0.0839 1.1811, 0.099 0.0839 1.1815, 0.1021 0.084 1.1811, 0.1021 0.084 1.1815, 0.1107 0.0831 1.1811, 0.1107 0.0831 1.1815, 0.1189 0.0803 1.1811, 0.1189 0.0803 1.1815, 0.121 0.0793 1.1811, 0.121 0.0793 1.1815, 0.121 0.0901 1.1815, 0.121 0.0901 1.1811, 0.102 0.0933 1.1811, 0.102 0.0933 1.1815, 0.1035 0.0933 1.1815, 0.1137 0.0923 1.1811, 0.1137 0.0923 1.1815, 0.11 0.0927 1.1811, 0.1035 0.0933 1.1811, 0.0964 0.0927 1.1811, 0.0905 0.092 1.1815, 0.0905 0.092 1.1811, 0.0821 0.0887 1.1811, 0.0821 0.0887 1.1815, 0.0744 0.0833 1.1811, 0.0744 0.0833 1.1815, 0.0726 0.0816 1.1811, 0.0726 0.0816 1.1815, 0.0675 0.0751 1.1811, 0.0675 0.0751 1.1815, 0.0646 0.069 1.1811, 0.0634 0.0664 1.1815, 0.0634 0.0664 1.1811, 0.0613 0.0563 1.1811, 0.0613 0.0563 1.1815, 0.061 0.0504 1.1811, 0.061 0.0504 1.1815, 0.0626 0.0375 1.1811, 0.0626 0.0375 1.1815, 0.0646 0.0323 1.1811, 0.0658 0.0291 1.1815, 0.0658 0.0291 1.1811, 0.0706 0.0223 1.1811, 0.0706 0.0223 1.1815, 0.0713 0.0215 1.1811, 0.0713 0.0215 1.1815, 0.0932 0.0109 1.1815, 0.0772 0.0165 1.1811, 0.0772 0.0165 1.1815, 0.0846 0.0128 1.1811, 0.0846 0.0128 1.1815, 0.0916 0.0112 1.1811, 0.0932 0.0109 1.1811, 0.1801 0.0211 1.1815, 0.1801 0.0119 1.1815, 0.1801 0.0211 1.1811, 0.1801 0.0119 1.1811, 0.1474 0.0211 1.1811, 0.1474 0.0211 1.1815, 0.169 0.0211 1.1811, 0.1474 0.048 1.1815, 0.1474 0.048 1.1811, 0.176 0.048 1.1811, 0.176 0.048 1.1815, 0.169 0.048 1.1811, 0.176 0.0572 1.1815, 0.176 0.0572 1.1811, 0.1474 0.0572 1.1811, 0.1474 0.0572 1.1815, 0.169 0.0572 1.1811, 0.1474 0.0828 1.1815, 0.1474 0.0828 1.1811, 0.1783 0.0828 1.1811, 0.1783 0.0828 1.1815, 0.169 0.0828 1.1811, 0.1783 0.092 1.1815, 0.1783 0.092 1.1811, 0.137 0.092 1.1811, 0.137 0.092 1.1815, 0.169 0.092 1.1811, 0.137 0.0119 1.1815, 0.137 0.0119 1.1811, 0.169 0.0119 1.1811, 0.2451 0.0345 1.1815, 0.241 0.0294 1.1815, 0.2483 0.0231 1.1815, 0.24 0.0285 1.1815, 0.2399 0.0171 1.1815, 0.2348 0.0249 1.1815, 0.2307 0.0135 1.1815, 0.2281 0.0223 1.1815, 0.2172 0.0119 1.1815, 0.2172 0.0211 1.1815, 0.1952 0.0119 1.1815, 0.2055 0.0211 1.1815, 0.1952 0.092 1.1815, 0.2055 0.0828 1.1815, 0.2181 0.092 1.1815, 0.2176 0.0828 1.1815, 0.2303 0.0906 1.1815, 0.2281 0.0816 1.1815, 0.2399 0.0871 1.1815, 0.235 0.0791 1.1815, 0.2483 0.0814 1.1815, 0.2407 0.0752 1.1815, 0.2512 0.0786 1.1815, 0.2436 0.0723 1.1815, 0.2561 0.0716 1.1815, 0.2466 0.0676 1.1815, 0.2591 0.0639 1.1815, 0.2487 0.0614 1.1815, 0.2604 0.053 1.1815, 0.2495 0.0527 1.1815, 0.26 0.0466 1.1815, 0.2493 0.0479 1.1815, 0.2578 0.0374 1.1815, 0.2478 0.0405 1.1815, 0.2536 0.0293 1.1815, 0.2172 0.0119 1.1811, 0.1952 0.0119 1.1811, 0.2483 0.0231 1.1811, 0.2307 0.0135 1.1811, 0.2319 0.014 1.1811, 0.2399 0.0171 1.1811, 0.2536 0.0293 1.1811, 0.2578 0.0374 1.1811, 0.26 0.0466 1.1811, 0.2604 0.053 1.1811, 0.2591 0.0639 1.1811, 0.2561 0.0716 1.1811, 0.2512 0.0786 1.1811, 0.2483 0.0814 1.1811, 0.2181 0.092 1.1811, 0.2399 0.0871 1.1811, 0.2319 0.0901 1.1811, 0.2303 0.0906 1.1811, 0.1952 0.092 1.1811, 0.2176 0.0828 1.1811, 0.2055 0.0828 1.1811, 0.2055 0.0211 1.1811, 0.2172 0.0211 1.1811, 0.241 0.0294 1.1811, 0.24 0.0285 1.1811, 0.2348 0.0249 1.1811, 0.2281 0.0223 1.1811, 0.2495 0.0527 1.1811, 0.2493 0.0479 1.1811, 0.2478 0.0405 1.1811, 0.2451 0.0345 1.1811, 0.2407 0.0752 1.1811, 0.2436 0.0723 1.1811, 0.2466 0.0676 1.1811, 0.2487 0.0614 1.1811, 0.2281 0.0816 1.1811, 0.235 0.0791 1.1811, 0.235 0.0791 1.1811
            ]
        }
        coordIndex [
            0,1,2,-1,2,1,3,-1,4,0,5,-1,5,0,2,-1,6,4,7,-1,7,4,5,-1,8,6,9,-1,9,6,7,-1,10,8,11,-1,11,8,9,-1,1,10,3,-1,3,10,11,-1,6,8,4,-1,4,8,10,-1,4,10,0,-1,0,10,1,-1,12,13,14,-1,14,13,15,-1,14,16,12,-1,12,16,17,-1,12,17,18,-1,18,17,19,-1,18,19,20,-1,21,20,22,-1,22,20,19,-1,21,22,23,-1,21,23,24,-1,24,23,25,-1,24,25,26,-1,26,25,27,-1,26,27,28,-1,28,27,29,-1,28,29,30,-1,30,29,31,-1,30,31,32,-1,32,31,33,-1,32,33,34,-1,34,33,35,-1,34,35,36,-1,36,35,37,-1,36,37,38,-1,38,37,39,-1,38,39,40,-1,40,39,41,-1,40,41,42,-1,42,41,43,-1,42,43,44,-1,44,43,45,-1,44,45,46,-1,46,45,47,-1,46,47,48,-1,48,47,49,-1,48,49,50,-1,50,49,51,-1,50,51,52,-1,52,51,53,-1,52,53,54,-1,54,53,55,-1,54,55,56,-1,56,55,57,-1,56,57,58,-1,58,57,59,-1,58,59,60,-1,60,59,61,-1,60,61,62,-1,62,61,63,-1,62,63,64,-1,64,63,65,-1,64,65,66,-1,67,66,68,-1,68,66,65,-1,69,70,71,-1,67,68,72,-1,67,72,73,-1,73,72,74,-1,73,74,71,-1,71,74,75,-1,71,75,69,-1,70,69,76,-1,70,76,77,-1,76,78,77,-1,77,78,79,-1,77,79,80,-1,80,79,81,-1,80,81,82,-1,82,81,83,-1,82,83,84,-1,84,83,85,-1,84,85,86,-1,86,85,87,-1,86,87,88,-1,87,89,88,-1,88,89,90,-1,88,90,91,-1,91,90,92,-1,91,92,93,-1,93,92,94,-1,93,94,95,-1,95,94,96,-1,95,96,97,-1,96,98,97,-1,97,98,99,-1,97,99,100,-1,100,99,101,-1,100,101,102,-1,15,13,103,-1,102,101,104,-1,102,104,105,-1,105,104,106,-1,105,106,107,-1,107,106,108,-1,107,108,103,-1,103,108,109,-1,103,109,15,-1,64,66,67,-1,54,56,77,-1,46,48,86,-1,77,56,70,-1,86,48,84,-1,64,67,62,-1,77,80,54,-1,54,80,82,-1,54,82,52,-1,52,82,84,-1,52,84,50,-1,50,84,48,-1,56,58,70,-1,70,58,60,-1,70,60,71,-1,71,60,62,-1,71,62,73,-1,73,62,67,-1,93,44,91,-1,91,44,46,-1,91,46,88,-1,88,46,86,-1,20,21,18,-1,18,21,24,-1,18,24,12,-1,12,24,26,-1,12,26,13,-1,13,26,28,-1,13,28,103,-1,103,28,30,-1,103,30,107,-1,107,30,32,-1,107,32,105,-1,105,32,34,-1,105,34,102,-1,102,34,36,-1,102,36,100,-1,100,36,38,-1,100,38,97,-1,97,38,95,-1,95,38,40,-1,95,40,93,-1,93,40,42,-1,93,42,44,-1,110,111,112,-1,112,111,113,-1,114,115,116,-1,116,115,110,-1,116,110,112,-1,117,115,118,-1,118,115,114,-1,119,120,121,-1,121,120,117,-1,121,117,118,-1,122,120,123,-1,123,120,119,-1,124,125,126,-1,126,125,122,-1,126,122,123,-1,127,125,128,-1,128,125,124,-1,129,130,131,-1,131,130,127,-1,131,127,128,-1,132,130,133,-1,133,130,129,-1,134,135,136,-1,136,135,132,-1,136,132,133,-1,137,135,138,-1,138,135,134,-1,113,111,139,-1,139,111,137,-1,139,137,138,-1,137,111,110,-1,110,115,137,-1,137,115,117,-1,137,117,135,-1,130,132,127,-1,127,132,135,-1,127,135,125,-1,125,135,117,-1,125,117,122,-1,122,117,120,-1,140,141,142,-1,142,141,143,-1,142,143,144,-1,144,143,145,-1,144,145,146,-1,146,145,147,-1,146,147,148,-1,148,147,149,-1,148,149,150,-1,150,149,151,-1,150,151,152,-1,152,151,153,-1,152,153,154,-1,154,153,155,-1,154,155,156,-1,156,155,157,-1,156,157,158,-1,158,157,159,-1,158,159,160,-1,160,159,161,-1,160,161,162,-1,162,161,163,-1,162,163,164,-1,164,163,165,-1,164,165,166,-1,166,165,167,-1,166,167,168,-1,168,167,169,-1,168,169,170,-1,170,169,171,-1,170,171,172,-1,172,171,173,-1,172,173,174,-1,174,173,140,-1,174,140,142,-1,148,150,175,-1,175,150,176,-1,177,142,144,-1,148,175,178,-1,148,178,146,-1,146,178,179,-1,146,179,144,-1,144,179,180,-1,144,180,177,-1,142,177,181,-1,142,181,174,-1,174,181,182,-1,174,182,172,-1,172,182,183,-1,172,183,170,-1,170,183,184,-1,170,184,168,-1,168,184,185,-1,168,185,166,-1,166,185,186,-1,166,186,164,-1,164,186,187,-1,164,187,162,-1,162,187,188,-1,162,188,160,-1,189,154,156,-1,160,188,190,-1,160,190,158,-1,158,190,191,-1,158,191,156,-1,156,191,192,-1,156,192,189,-1,152,154,193,-1,193,154,189,-1,150,152,176,-1,176,152,193,-1,155,153,194,-1,194,153,195,-1,153,151,195,-1,195,151,196,-1,151,149,196,-1,196,149,197,-1,141,198,199,-1,141,199,143,-1,143,199,200,-1,143,200,145,-1,145,200,201,-1,145,201,147,-1,147,201,197,-1,147,197,149,-1,169,202,203,-1,169,203,171,-1,171,203,204,-1,171,204,173,-1,173,204,205,-1,173,205,140,-1,140,205,198,-1,140,198,141,-1,161,206,207,-1,161,207,163,-1,163,207,208,-1,163,208,165,-1,165,208,209,-1,165,209,167,-1,167,209,202,-1,167,202,169,-1,155,194,210,-1,155,210,157,-1,157,210,211,-1,157,211,159,-1,159,211,206,-1,159,206,161,-1,
        ]
    }
}
Shape{
    appearance Appearance {
        material  Material 	{
            diffuseColor 0.8392156862745098 0.45098039215686275 0.38823529411764707
            specularColor 0.6705882352941176 0.3607843137254902 0.30980392156862746
            ambientIntensity 0.2
            transparency 0
            shininess 0.5
        }
    }
    geometry IndexedFaceSet {
        ccw TRUE
        solid FALSE
        coord DEF co Coordinate {
            point [
                0.2055 0.0828 1.1811, 0.2055 0.0211 1.1811, 0.2176 0.0828 1.1811, 0.2172 0.0211 1.1811, 0.2281 0.0223 1.1811, 0.2348 0.0249 1.1811, 0.24 0.0285 1.1811, 0.241 0.0294 1.1811, 0.2493 0.0479 1.1811, 0.2495 0.0527 1.1811, 0.2487 0.0614 1.1811, 0.2466 0.0676 1.1811, 0.2436 0.0723 1.1811, 0.2407 0.0752 1.1811, 0.2281 0.0816 1.1811, 0.235 0.0791 1.1811, 0.2451 0.0345 1.1811, 0.2478 0.0405 1.1811, 0.2478 0.0405 1.1811
            ]
        }
        coordIndex [
            0,1,2,-1,2,1,3,-1,2,3,4,-1,4,5,2,-1,2,5,6,-1,2,6,7,-1,8,9,2,-1,2,9,10,-1,2,10,11,-1,11,12,2,-1,2,12,13,-1,2,13,14,-1,14,13,15,-1,7,16,2,-1,2,16,17,-1,2,17,8,-1,
        ]
    }
}
Shape{
    appearance Appearance {
        material  Material 	{
            diffuseColor 0.0 0.0 0.0
            specularColor 0.0 0.0 0.0
            ambientIntensity 0.2
            transparency 0
            shininess 0.5
        }
    }
    geometry IndexedFaceSet {
        ccw TRUE
        solid FALSE
        coord DEF co Coordinate {
            point [
                0.2872 0.0429 1.1815, 0.284 0.0338 1.1815, 0.3141 0.0429 1.1815, 0.3173 0.0338 1.1815, 0.2992 0.0761 1.1815, 0.2953 0.092 1.1815, 0.2648 0.0119 1.1815, 0.2763 0.0119 1.1815, 0.2999 0.0785 1.1815, 0.3005 0.0818 1.1815, 0.3064 0.092 1.1815, 0.3008 0.0818 1.1815, 0.3014 0.0784 1.1815, 0.302 0.0761 1.1815, 0.3369 0.0119 1.1815, 0.3255 0.0119 1.1815, 0.3064 0.092 1.1811, 0.3369 0.0119 1.1811, 0.2953 0.092 1.1811, 0.2648 0.0119 1.1811, 0.2879 0.0725 1.1811, 0.2763 0.0119 1.1811, 0.284 0.0338 1.1811, 0.3173 0.0338 1.1811, 0.2879 0.0338 1.1811, 0.3255 0.0119 1.1811, 0.2872 0.0429 1.1811, 0.3141 0.0429 1.1811, 0.302 0.0761 1.1811, 0.3008 0.0818 1.1811, 0.3014 0.0784 1.1811, 0.3005 0.0818 1.1811, 0.2992 0.0761 1.1811, 0.2999 0.0785 1.1811, 0.2999 0.0785 1.1811
            ]
        }
        coordIndex [
            0,1,2,-1,2,1,3,-1,4,5,0,-1,0,5,6,-1,0,6,1,-1,1,6,7,-1,4,8,5,-1,5,8,9,-1,5,9,10,-1,10,9,11,-1,10,11,12,-1,12,13,10,-1,10,13,2,-1,10,2,14,-1,14,2,3,-1,14,3,15,-1,10,14,16,-1,16,14,17,-1,5,10,18,-1,18,10,16,-1,19,6,20,-1,20,6,5,-1,20,5,18,-1,7,6,21,-1,21,6,19,-1,1,7,22,-1,22,7,21,-1,23,3,24,-1,24,3,1,-1,24,1,22,-1,15,3,25,-1,25,3,23,-1,14,15,17,-1,17,15,25,-1,0,2,26,-1,26,2,27,-1,2,13,27,-1,27,13,28,-1,11,29,30,-1,11,30,12,-1,12,30,28,-1,12,28,13,-1,11,9,29,-1,29,9,31,-1,4,32,33,-1,4,33,8,-1,8,33,31,-1,8,31,9,-1,4,0,32,-1,32,0,26,-1,
        ]
    }
}
Shape{
    appearance Appearance {
        material  Material 	{
            diffuseColor 0.8392156862745098 0.45098039215686275 0.38823529411764707
            specularColor 0.6705882352941176 0.3607843137254902 0.30980392156862746
            ambientIntensity 0.2
            transparency 0
            shininess 0.5
        }
    }
    geometry IndexedFaceSet {
        ccw TRUE
        solid FALSE
        coord DEF co Coordinate {
            point [
                0.3008 0.0818 1.1811, 0.3005 0.0818 1.1811, 0.3014 0.0784 1.1811, 0.2999 0.0785 1.1811, 0.302 0.0761 1.1811, 0.2992 0.0761 1.1811, 0.3141 0.0429 1.1811, 0.2872 0.0429 1.1811, 0.2872 0.0429 1.1811
            ]
        }
        coordIndex [
            0,1,2,-1,2,1,3,-1,2,3,4,-1,4,3,5,-1,4,5,6,-1,6,5,7,-1,
        ]
    }
}
Shape{
    appearance Appearance {
        material  Material 	{
            diffuseColor 0.0 0.0 0.0
            specularColor 0.0 0.0 0.0
            ambientIntensity 0.2
            transparency 0
            shininess 0.5
        }
    }
    geometry IndexedFaceSet {
        ccw TRUE
        solid FALSE
        coord DEF co Coordinate {
            point [
                0.0586 -0.106 1.1815, 0.0586 -0.1151 1.1815, 0.0586 -0.106 1.1811, 0.0586 -0.1151 1.1811, 0.0259 -0.106 1.1815, 0.0259 -0.106 1.1811, 0.0259 -0.079 1.1815, 0.0259 -0.079 1.1811, 0.0545 -0.079 1.1815, 0.0545 -0.079 1.1811, 0.0545 -0.0699 1.1815, 0.0545 -0.0699 1.1811, 0.0259 -0.0699 1.1815, 0.0259 -0.0699 1.1811, 0.0259 -0.0442 1.1815, 0.0259 -0.0442 1.1811, 0.0568 -0.0442 1.1815, 0.0568 -0.0442 1.1811, 0.0568 -0.035 1.1815, 0.0568 -0.035 1.1811, 0.0155 -0.035 1.1815, 0.0155 -0.035 1.1811, 0.0155 -0.1151 1.1815, 0.0155 -0.1151 1.1811, 0.1041 -0.1151 1.1815, 0.1142 -0.1151 1.1815, 0.1041 -0.1063 1.1815, 0.1142 -0.0783 1.1815, 0.1041 -0.0787 1.1815, 0.0824 -0.0907 1.1815, 0.0848 -0.0896 1.1815, 0.1039 -0.1063 1.1815, 0.0986 -0.1048 1.1815, 0.1023 -0.1087 1.1815, 0.0957 -0.1067 1.1815, 0.0907 -0.0882 1.1815, 0.1041 -0.0864 1.1815, 0.1041 -0.0919 1.1815, 0.1041 -0.0926 1.1815, 0.1035 -0.097 1.1815, 0.102 -0.1006 1.1815, 0.0998 -0.1036 1.1815, 0.1038 -0.0743 1.1815, 0.1133 -0.0703 1.1815, 0.1027 -0.0707 1.1815, 0.1117 -0.0659 1.1815, 0.1016 -0.0687 1.1815, 0.1096 -0.0627 1.1815, 0.1 -0.0671 1.1815, 0.1069 -0.0602 1.1815, 0.0983 -0.0659 1.1815, 0.1036 -0.0583 1.1815, 0.0959 -0.0651 1.1815, 0.0993 -0.0571 1.1815, 0.0925 -0.0648 1.1815, 0.0935 -0.0566 1.1815, 0.0865 -0.0654 1.1815, 0.0849 -0.0575 1.1815, 0.0803 -0.0675 1.1815, 0.0771 -0.0601 1.1815, 0.0738 -0.0717 1.1815, 0.0738 -0.0619 1.1815, 0.0804 -0.1048 1.1815, 0.0731 -0.1119 1.1815, 0.0813 -0.1056 1.1815, 0.0765 -0.1143 1.1815, 0.0833 -0.107 1.1815, 0.0803 -0.1158 1.1815, 0.0856 -0.1078 1.1815, 0.0863 -0.1165 1.1815, 0.0889 -0.1082 1.1815, 0.0915 -0.1159 1.1815, 0.0927 -0.1078 1.1815, 0.0956 -0.1144 1.1815, 0.0991 -0.1121 1.1815, 0.0872 -0.0811 1.1815, 0.0793 -0.0831 1.1815, 0.081 -0.0917 1.1815, 0.0752 -0.0853 1.1815, 0.0798 -0.0932 1.1815, 0.0721 -0.088 1.1815, 0.079 -0.0951 1.1815, 0.07 -0.0912 1.1815, 0.0785 -0.0974 1.1815, 0.0687 -0.0949 1.1815, 0.0784 -0.099 1.1815, 0.0682 -0.0998 1.1815, 0.0786 -0.1013 1.1815, 0.0687 -0.1043 1.1815, 0.0793 -0.1031 1.1815, 0.0699 -0.1077 1.1815, 0.072 -0.1108 1.1815, 0.0935 -0.0566 1.1811, 0.0849 -0.0575 1.1811, 0.0771 -0.0601 1.1811, 0.0738 -0.0619 1.1811, 0.0738 -0.0717 1.1811, 0.0803 -0.0675 1.1811, 0.0865 -0.0654 1.1811, 0.0925 -0.0648 1.1811, 0.0959 -0.0651 1.1811, 0.0983 -0.0659 1.1811, 0.1 -0.0671 1.1811, 0.1016 -0.0687 1.1811, 0.1027 -0.0707 1.1811, 0.1038 -0.0743 1.1811, 0.1041 -0.0787 1.1811, 0.0872 -0.0811 1.1811, 0.0793 -0.0831 1.1811, 0.0752 -0.0853 1.1811, 0.0721 -0.088 1.1811, 0.07 -0.0912 1.1811, 0.0687 -0.0949 1.1811, 0.0682 -0.0998 1.1811, 0.0687 -0.1043 1.1811, 0.0699 -0.1077 1.1811, 0.072 -0.1108 1.1811, 0.0731 -0.1119 1.1811, 0.0863 -0.1165 1.1811, 0.0805 -0.1158 1.1811, 0.0803 -0.1158 1.1811, 0.0765 -0.1143 1.1811, 0.0915 -0.1159 1.1811, 0.0918 -0.1158 1.1811, 0.0956 -0.1144 1.1811, 0.0991 -0.1121 1.1811, 0.1023 -0.1087 1.1811, 0.1039 -0.1063 1.1811, 0.1041 -0.1063 1.1811, 0.1041 -0.1151 1.1811, 0.1142 -0.1151 1.1811, 0.1142 -0.0783 1.1811, 0.1133 -0.0703 1.1811, 0.1117 -0.0659 1.1811, 0.1096 -0.0627 1.1811, 0.1069 -0.0602 1.1811, 0.1036 -0.0583 1.1811, 0.0993 -0.0571 1.1811, 0.081 -0.0917 1.1811, 0.0824 -0.0907 1.1811, 0.0848 -0.0896 1.1811, 0.0907 -0.0882 1.1811, 0.0784 -0.099 1.1811, 0.0785 -0.0974 1.1811, 0.079 -0.0951 1.1811, 0.0798 -0.0932 1.1811, 0.0813 -0.1056 1.1811, 0.0804 -0.1048 1.1811, 0.0793 -0.1031 1.1811, 0.0786 -0.1013 1.1811, 0.0889 -0.1082 1.1811, 0.0856 -0.1078 1.1811, 0.0833 -0.107 1.1811, 0.0998 -0.1036 1.1811, 0.0986 -0.1048 1.1811, 0.0957 -0.1067 1.1811, 0.0927 -0.1078 1.1811, 0.1041 -0.0919 1.1811, 0.1041 -0.0926 1.1811, 0.1035 -0.097 1.1811, 0.102 -0.1006 1.1811, 0.1041 -0.0864 1.1811, 0.1041 -0.0864 1.1811
            ]
        }
        coordIndex [
            0,1,2,-1,2,1,3,-1,4,0,5,-1,5,0,2,-1,6,4,7,-1,7,4,5,-1,8,6,9,-1,9,6,7,-1,10,8,11,-1,11,8,9,-1,12,10,13,-1,13,10,11,-1,14,12,15,-1,15,12,13,-1,16,14,17,-1,17,14,15,-1,18,16,19,-1,19,16,17,-1,20,18,21,-1,21,18,19,-1,22,20,23,-1,23,20,21,-1,1,22,3,-1,3,22,23,-1,22,1,0,-1,0,4,22,-1,22,4,6,-1,22,6,20,-1,16,18,14,-1,14,18,20,-1,14,20,12,-1,12,20,6,-1,12,6,10,-1,10,6,8,-1,24,25,26,-1,26,25,27,-1,28,29,30,-1,31,32,33,-1,33,32,34,-1,35,36,27,-1,27,36,37,-1,37,38,27,-1,27,38,39,-1,27,39,26,-1,26,39,40,-1,26,40,31,-1,31,40,41,-1,31,41,32,-1,30,35,28,-1,28,35,27,-1,28,27,42,-1,42,27,43,-1,42,43,44,-1,44,43,45,-1,44,45,46,-1,46,45,47,-1,46,47,48,-1,48,47,49,-1,48,49,50,-1,50,49,51,-1,50,51,52,-1,52,51,53,-1,52,53,54,-1,54,53,55,-1,54,55,56,-1,56,55,57,-1,56,57,58,-1,58,57,59,-1,58,59,60,-1,60,59,61,-1,62,63,64,-1,64,63,65,-1,64,65,66,-1,66,65,67,-1,66,67,68,-1,68,67,69,-1,68,69,70,-1,70,69,71,-1,70,71,72,-1,72,71,73,-1,72,73,34,-1,34,73,74,-1,34,74,33,-1,28,75,29,-1,29,75,76,-1,29,76,77,-1,77,76,78,-1,77,78,79,-1,79,78,80,-1,79,80,81,-1,81,80,82,-1,81,82,83,-1,83,82,84,-1,83,84,85,-1,85,84,86,-1,85,86,87,-1,87,86,88,-1,87,88,89,-1,89,88,90,-1,89,90,62,-1,62,90,91,-1,62,91,63,-1,55,92,93,-1,55,93,57,-1,57,93,94,-1,57,94,59,-1,59,94,95,-1,59,95,61,-1,60,61,96,-1,96,61,95,-1,60,96,97,-1,60,97,58,-1,58,97,98,-1,58,98,56,-1,56,98,99,-1,56,99,54,-1,54,99,100,-1,54,100,52,-1,52,100,101,-1,52,101,50,-1,50,101,102,-1,50,102,48,-1,48,102,103,-1,48,103,46,-1,46,103,104,-1,46,104,44,-1,44,104,105,-1,44,105,42,-1,42,105,106,-1,42,106,28,-1,75,28,107,-1,107,28,106,-1,75,107,108,-1,75,108,76,-1,76,108,109,-1,76,109,78,-1,78,109,110,-1,78,110,80,-1,80,110,111,-1,80,111,82,-1,82,111,112,-1,82,112,84,-1,84,112,113,-1,84,113,86,-1,86,113,114,-1,86,114,88,-1,88,114,115,-1,88,115,90,-1,90,115,116,-1,90,116,91,-1,91,116,117,-1,91,117,63,-1,118,69,119,-1,119,69,67,-1,119,67,120,-1,120,67,65,-1,120,65,121,-1,121,65,63,-1,121,63,117,-1,69,118,122,-1,69,122,71,-1,71,122,123,-1,71,123,73,-1,123,124,73,-1,73,124,125,-1,73,125,74,-1,74,125,126,-1,74,126,33,-1,33,126,127,-1,33,127,31,-1,26,31,128,-1,128,31,127,-1,24,26,129,-1,129,26,128,-1,25,24,130,-1,130,24,129,-1,27,25,131,-1,131,25,130,-1,27,131,132,-1,27,132,43,-1,43,132,133,-1,43,133,45,-1,45,133,134,-1,45,134,47,-1,47,134,135,-1,47,135,49,-1,49,135,136,-1,49,136,51,-1,51,136,137,-1,51,137,53,-1,53,137,92,-1,53,92,55,-1,77,138,139,-1,77,139,29,-1,29,139,140,-1,29,140,30,-1,30,140,141,-1,30,141,35,-1,85,142,143,-1,85,143,83,-1,83,143,144,-1,83,144,81,-1,81,144,145,-1,81,145,79,-1,79,145,138,-1,79,138,77,-1,64,146,147,-1,64,147,62,-1,62,147,148,-1,62,148,89,-1,89,148,149,-1,89,149,87,-1,87,149,142,-1,87,142,85,-1,70,150,151,-1,70,151,68,-1,68,151,152,-1,68,152,66,-1,66,152,146,-1,66,146,64,-1,41,153,154,-1,41,154,32,-1,32,154,155,-1,32,155,34,-1,34,155,156,-1,34,156,72,-1,72,156,150,-1,72,150,70,-1,37,157,158,-1,37,158,38,-1,38,158,159,-1,38,159,39,-1,39,159,160,-1,39,160,40,-1,40,160,153,-1,40,153,41,-1,37,36,157,-1,157,36,161,-1,36,35,161,-1,161,35,141,-1,
        ]
    }
}
Shape{
    appearance Appearance {
        material  Material 	{
            diffuseColor 0.8392156862745098 0.45098039215686275 0.38823529411764707
            specularColor 0.6705882352941176 0.3607843137254902 0.30980392156862746
            ambientIntensity 0.2
            transparency 0
            shininess 0.5
        }
    }
    geometry IndexedFaceSet {
        ccw TRUE
        solid FALSE
        coord DEF co Coordinate {
            point [
                0.1041 -0.0926 1.1811, 0.1041 -0.0919 1.1811, 0.081 -0.0917 1.1811, 0.1041 -0.0864 1.1811, 0.0907 -0.0882 1.1811, 0.0848 -0.0896 1.1811, 0.0824 -0.0907 1.1811, 0.1035 -0.097 1.1811, 0.0798 -0.0932 1.1811, 0.102 -0.1006 1.1811, 0.0804 -0.1048 1.1811, 0.0813 -0.1056 1.1811, 0.0986 -0.1048 1.1811, 0.0793 -0.1031 1.1811, 0.0957 -0.1067 1.1811, 0.0927 -0.1078 1.1811, 0.0889 -0.1082 1.1811, 0.079 -0.0951 1.1811, 0.0785 -0.0974 1.1811, 0.0998 -0.1036 1.1811, 0.0784 -0.099 1.1811, 0.0786 -0.1013 1.1811, 0.0833 -0.107 1.1811, 0.0856 -0.1078 1.1811, 0.0856 -0.1078 1.1811
            ]
        }
        coordIndex [
            0,1,2,-1,1,3,4,-1,4,5,1,-1,1,5,6,-1,1,6,2,-1,0,2,7,-1,7,2,8,-1,7,8,9,-1,10,11,12,-1,10,12,13,-1,14,12,15,-1,15,12,16,-1,8,17,9,-1,9,17,18,-1,9,18,19,-1,19,18,20,-1,19,20,12,-1,12,20,21,-1,12,21,13,-1,11,22,12,-1,12,22,23,-1,12,23,16,-1,
        ]
    }
}
Shape{
    appearance Appearance {
        material  Material 	{
            diffuseColor 0.0 0.0 0.0
            specularColor 0.0 0.0 0.0
            ambientIntensity 0.2
            transparency 0
            shininess 0.5
        }
    }
    geometry IndexedFaceSet {
        ccw TRUE
        solid FALSE
        coord DEF co Coordinate {
            point [
                0.1277 -0.1027 1.1811, 0.1277 -0.1027 1.1815, 0.1312 -0.1049 1.1815, 0.1442 -0.1083 1.1815, 0.1442 -0.1083 1.1811, 0.1375 -0.1074 1.1811, 0.1375 -0.1074 1.1815, 0.1324 -0.1054 1.1811, 0.1312 -0.1049 1.1811, 0.1277 -0.1131 1.1815, 0.1277 -0.1131 1.1811, 0.1345 -0.1155 1.1815, 0.1324 -0.1148 1.1811, 0.1433 -0.1165 1.1811, 0.1433 -0.1165 1.1815, 0.137 -0.1158 1.1811, 0.1345 -0.1155 1.1811, 0.1515 -0.1156 1.1815, 0.1497 -0.1158 1.1811, 0.1515 -0.1156 1.1811, 0.157 -0.1137 1.1811, 0.157 -0.1137 1.1815, 0.1599 -0.1119 1.1811, 0.1599 -0.1119 1.1815, 0.1628 -0.1094 1.1811, 0.1628 -0.1094 1.1815, 0.1647 -0.1068 1.1811, 0.1647 -0.1068 1.1815, 0.1659 -0.1036 1.1811, 0.1659 -0.1036 1.1815, 0.1664 -0.0995 1.1811, 0.1664 -0.0995 1.1815, 0.166 -0.0958 1.1811, 0.166 -0.0958 1.1815, 0.1649 -0.0929 1.1811, 0.1649 -0.0929 1.1815, 0.163 -0.0901 1.1811, 0.163 -0.0901 1.1815, 0.1606 -0.088 1.1811, 0.1606 -0.088 1.1815, 0.154 -0.0843 1.1811, 0.154 -0.0843 1.1815, 0.1501 -0.0827 1.1811, 0.1501 -0.0827 1.1815, 0.1439 -0.08 1.1811, 0.1439 -0.08 1.1815, 0.1403 -0.0778 1.1811, 0.1403 -0.0778 1.1815, 0.1394 -0.0767 1.1811, 0.1394 -0.0767 1.1815, 0.1386 -0.0753 1.1811, 0.1386 -0.0753 1.1815, 0.1382 -0.0738 1.1811, 0.1382 -0.0738 1.1815, 0.1381 -0.0724 1.1811, 0.1381 -0.0724 1.1815, 0.1383 -0.0708 1.1811, 0.1383 -0.0708 1.1815, 0.1388 -0.0695 1.1811, 0.1388 -0.0695 1.1815, 0.1397 -0.0682 1.1811, 0.1397 -0.0682 1.1815, 0.1412 -0.0669 1.1811, 0.1412 -0.0669 1.1815, 0.1434 -0.0657 1.1811, 0.1434 -0.0657 1.1815, 0.1461 -0.065 1.1811, 0.1461 -0.065 1.1815, 0.1491 -0.0648 1.1811, 0.1491 -0.0648 1.1815, 0.1561 -0.0656 1.1811, 0.1561 -0.0656 1.1815, 0.1618 -0.0678 1.1811, 0.1618 -0.0678 1.1815, 0.1636 -0.0689 1.1811, 0.1636 -0.0689 1.1815, 0.1636 -0.0591 1.1815, 0.1636 -0.0591 1.1811, 0.1565 -0.0571 1.1811, 0.1565 -0.0571 1.1815, 0.1501 -0.0566 1.1811, 0.1501 -0.0566 1.1815, 0.1425 -0.0575 1.1811, 0.1425 -0.0575 1.1815, 0.137 -0.0595 1.1811, 0.137 -0.0595 1.1815, 0.1342 -0.0611 1.1811, 0.1342 -0.0611 1.1815, 0.1313 -0.0638 1.1815, 0.1324 -0.0628 1.1811, 0.1313 -0.0638 1.1811, 0.1294 -0.0665 1.1811, 0.1294 -0.0665 1.1815, 0.1282 -0.0698 1.1811, 0.1282 -0.0698 1.1815, 0.1278 -0.0733 1.1811, 0.1278 -0.0733 1.1815, 0.1282 -0.0772 1.1811, 0.1282 -0.0772 1.1815, 0.1293 -0.0803 1.1811, 0.1293 -0.0803 1.1815, 0.1307 -0.0824 1.1811, 0.1307 -0.0824 1.1815, 0.143 -0.09 1.1811, 0.143 -0.09 1.1815, 0.137 -0.0872 1.1815, 0.1323 -0.0841 1.1811, 0.1323 -0.0841 1.1815, 0.1324 -0.0842 1.1811, 0.137 -0.0872 1.1811, 0.1496 -0.0927 1.1811, 0.1496 -0.0927 1.1815, 0.1535 -0.0951 1.1811, 0.1535 -0.0951 1.1815, 0.1547 -0.0964 1.1811, 0.1547 -0.0964 1.1815, 0.1555 -0.0977 1.1811, 0.1555 -0.0977 1.1815, 0.156 -0.0993 1.1811, 0.156 -0.0993 1.1815, 0.1561 -0.1005 1.1811, 0.1561 -0.1005 1.1815, 0.1559 -0.1024 1.1811, 0.1559 -0.1024 1.1815, 0.1554 -0.1039 1.1811, 0.1554 -0.1039 1.1815, 0.1545 -0.1052 1.1811, 0.1545 -0.1052 1.1815, 0.1533 -0.1062 1.1811, 0.1533 -0.1062 1.1815, 0.1524 -0.1067 1.1811, 0.1524 -0.1067 1.1815, 0.1498 -0.1077 1.1811, 0.1498 -0.1077 1.1815, 0.1447 -0.1083 1.1811, 0.1447 -0.1083 1.1815, 0.2161 -0.0579 1.1815, 0.2265 -0.0579 1.1815, 0.2161 -0.0579 1.1811, 0.2265 -0.0579 1.1811, 0.2005 -0.101 1.1815, 0.2005 -0.101 1.1811, 0.1997 -0.1036 1.1811, 0.1997 -0.1036 1.1815, 0.1992 -0.1056 1.1811, 0.1992 -0.1056 1.1815, 0.199 -0.1056 1.1815, 0.199 -0.1056 1.1811, 0.1977 -0.1009 1.1815, 0.1977 -0.1009 1.1811, 0.1828 -0.0579 1.1811, 0.1828 -0.0579 1.1815, 0.1876 -0.0718 1.1811, 0.1716 -0.0579 1.1815, 0.1716 -0.0579 1.1811, 0.194 -0.115 1.1811, 0.194 -0.115 1.1815, 0.1876 -0.0988 1.1811, 0.1896 -0.1254 1.1811, 0.1896 -0.1254 1.1815, 0.1937 -0.1158 1.1811, 0.1877 -0.129 1.1811, 0.1877 -0.129 1.1815, 0.1876 -0.129 1.1811, 0.1858 -0.1311 1.1815, 0.1858 -0.1311 1.1811, 0.184 -0.1323 1.1811, 0.184 -0.1323 1.1815, 0.1818 -0.1332 1.1811, 0.1818 -0.1332 1.1815, 0.1793 -0.1334 1.1811, 0.1793 -0.1334 1.1815, 0.1757 -0.133 1.1811, 0.1757 -0.133 1.1815, 0.1737 -0.1323 1.1811, 0.1737 -0.1323 1.1815, 0.1737 -0.1412 1.1815, 0.1737 -0.1412 1.1811, 0.1779 -0.142 1.1811, 0.1779 -0.142 1.1815, 0.1801 -0.142 1.1811, 0.1801 -0.142 1.1815, 0.1842 -0.1416 1.1811, 0.1876 -0.1402 1.1811, 0.1881 -0.1401 1.1815, 0.1842 -0.1416 1.1815, 0.1881 -0.1401 1.1811, 0.1916 -0.1376 1.1811, 0.1916 -0.1376 1.1815, 0.1923 -0.137 1.1811, 0.1923 -0.137 1.1815, 0.196 -0.1326 1.1811, 0.196 -0.1326 1.1815, 0.2005 -0.1237 1.1811, 0.2005 -0.1237 1.1815, 0.2037 -0.1158 1.1811, 0.2804 -0.106 1.1815, 0.2804 -0.1151 1.1815, 0.2804 -0.106 1.1811, 0.2804 -0.1151 1.1811, 0.2476 -0.106 1.1811, 0.2476 -0.106 1.1815, 0.2626 -0.106 1.1811, 0.2476 -0.079 1.1815, 0.2476 -0.079 1.1811, 0.2763 -0.079 1.1811, 0.2763 -0.079 1.1815, 0.2626 -0.079 1.1811, 0.2763 -0.0699 1.1815, 0.2763 -0.0699 1.1811, 0.2476 -0.0699 1.1811, 0.2476 -0.0699 1.1815, 0.2626 -0.0699 1.1811, 0.2476 -0.0442 1.1815, 0.2476 -0.0442 1.1811, 0.2785 -0.0442 1.1811, 0.2785 -0.0442 1.1815, 0.2626 -0.0442 1.1811, 0.2785 -0.035 1.1815, 0.2785 -0.035 1.1811, 0.2373 -0.035 1.1811, 0.2373 -0.035 1.1815, 0.2626 -0.035 1.1811, 0.2373 -0.1151 1.1815, 0.2373 -0.1151 1.1811, 0.2626 -0.1151 1.1811, 0.3454 -0.0925 1.1815, 0.3412 -0.0976 1.1815, 0.3486 -0.1039 1.1815, 0.3402 -0.0986 1.1815, 0.3401 -0.1099 1.1815, 0.3351 -0.1021 1.1815, 0.331 -0.1135 1.1815, 0.3284 -0.1047 1.1815, 0.3175 -0.1151 1.1815, 0.3174 -0.106 1.1815, 0.2955 -0.1151 1.1815, 0.3058 -0.106 1.1815, 0.2955 -0.035 1.1815, 0.3058 -0.0442 1.1815, 0.3183 -0.035 1.1815, 0.3179 -0.0442 1.1815, 0.3305 -0.0364 1.1815, 0.3283 -0.0454 1.1815, 0.3402 -0.0399 1.1815, 0.3353 -0.0479 1.1815, 0.3486 -0.0456 1.1815, 0.341 -0.0518 1.1815, 0.3515 -0.0484 1.1815, 0.3439 -0.0547 1.1815, 0.3564 -0.0554 1.1815, 0.3468 -0.0594 1.1815, 0.3594 -0.0631 1.1815, 0.3489 -0.0656 1.1815, 0.3607 -0.074 1.1815, 0.3498 -0.0743 1.1815, 0.3603 -0.0804 1.1815, 0.3496 -0.0791 1.1815, 0.3581 -0.0896 1.1815, 0.3481 -0.0865 1.1815, 0.3539 -0.0978 1.1815, 0.3175 -0.1151 1.1811, 0.2955 -0.1151 1.1811, 0.331 -0.1135 1.1811, 0.3401 -0.1099 1.1811, 0.3486 -0.1039 1.1811, 0.3539 -0.0978 1.1811, 0.3581 -0.0896 1.1811, 0.3603 -0.0804 1.1811, 0.3607 -0.074 1.1811, 0.3594 -0.0631 1.1811, 0.3564 -0.0554 1.1811, 0.3515 -0.0484 1.1811, 0.3486 -0.0456 1.1811, 0.3402 -0.0399 1.1811, 0.3305 -0.0364 1.1811, 0.3183 -0.035 1.1811, 0.2955 -0.035 1.1811, 0.3179 -0.0442 1.1811, 0.3058 -0.0442 1.1811, 0.3058 -0.106 1.1811, 0.3174 -0.106 1.1811, 0.3412 -0.0976 1.1811, 0.3402 -0.0986 1.1811, 0.3351 -0.1021 1.1811, 0.3284 -0.1047 1.1811, 0.3498 -0.0743 1.1811, 0.3496 -0.0791 1.1811, 0.3481 -0.0865 1.1811, 0.3454 -0.0925 1.1811, 0.341 -0.0518 1.1811, 0.3439 -0.0547 1.1811, 0.3468 -0.0594 1.1811, 0.3489 -0.0656 1.1811, 0.3283 -0.0454 1.1811, 0.3353 -0.0479 1.1811, 0.3353 -0.0479 1.1811
            ]
        }
        coordIndex [
            0,1,2,-1,3,4,5,-1,3,5,6,-1,6,5,7,-1,6,7,2,-1,2,7,8,-1,2,8,0,-1,9,1,10,-1,10,1,0,-1,11,9,12,-1,12,9,10,-1,13,14,15,-1,15,14,11,-1,15,11,16,-1,16,11,12,-1,17,14,18,-1,18,14,13,-1,18,19,17,-1,17,19,20,-1,17,20,21,-1,21,20,22,-1,21,22,23,-1,23,22,24,-1,23,24,25,-1,25,24,26,-1,25,26,27,-1,27,26,28,-1,27,28,29,-1,29,28,30,-1,29,30,31,-1,31,30,32,-1,31,32,33,-1,33,32,34,-1,33,34,35,-1,35,34,36,-1,35,36,37,-1,37,36,38,-1,37,38,39,-1,39,38,40,-1,39,40,41,-1,41,40,42,-1,41,42,43,-1,43,42,44,-1,43,44,45,-1,45,44,46,-1,45,46,47,-1,47,46,48,-1,47,48,49,-1,49,48,50,-1,49,50,51,-1,51,50,52,-1,51,52,53,-1,53,52,54,-1,53,54,55,-1,55,54,56,-1,55,56,57,-1,57,56,58,-1,57,58,59,-1,59,58,60,-1,59,60,61,-1,61,60,62,-1,61,62,63,-1,63,62,64,-1,63,64,65,-1,65,64,66,-1,65,66,67,-1,67,66,68,-1,67,68,69,-1,69,68,70,-1,69,70,71,-1,71,70,72,-1,71,72,73,-1,73,72,74,-1,73,74,75,-1,76,75,77,-1,77,75,74,-1,76,77,78,-1,76,78,79,-1,79,78,80,-1,79,80,81,-1,81,80,82,-1,81,82,83,-1,83,82,84,-1,83,84,85,-1,85,84,86,-1,85,86,87,-1,88,87,89,-1,89,87,86,-1,89,90,88,-1,88,90,91,-1,88,91,92,-1,92,91,93,-1,92,93,94,-1,94,93,95,-1,94,95,96,-1,96,95,97,-1,96,97,98,-1,98,97,99,-1,98,99,100,-1,100,99,101,-1,100,101,102,-1,103,104,105,-1,102,101,106,-1,102,106,107,-1,107,106,108,-1,107,108,105,-1,105,108,109,-1,105,109,103,-1,104,103,110,-1,104,110,111,-1,111,110,112,-1,111,112,113,-1,113,112,114,-1,113,114,115,-1,115,114,116,-1,115,116,117,-1,117,116,118,-1,117,118,119,-1,119,118,120,-1,119,120,121,-1,121,120,122,-1,121,122,123,-1,123,122,124,-1,123,124,125,-1,125,124,126,-1,125,126,127,-1,127,126,128,-1,127,128,129,-1,129,128,130,-1,129,130,131,-1,131,130,132,-1,131,132,133,-1,133,132,134,-1,133,134,135,-1,135,134,4,-1,135,4,3,-1,61,63,85,-1,85,63,83,-1,111,43,104,-1,104,43,45,-1,14,3,11,-1,11,3,6,-1,11,6,9,-1,9,6,2,-1,9,2,1,-1,63,65,83,-1,83,65,67,-1,83,67,81,-1,81,67,69,-1,81,69,79,-1,79,69,71,-1,79,71,76,-1,76,71,73,-1,76,73,75,-1,21,23,127,-1,127,23,25,-1,127,25,125,-1,125,25,27,-1,125,27,123,-1,123,27,29,-1,123,29,121,-1,121,29,31,-1,121,31,119,-1,119,31,33,-1,119,33,117,-1,117,33,35,-1,117,35,115,-1,115,35,37,-1,115,37,113,-1,113,37,39,-1,113,39,111,-1,111,39,41,-1,111,41,43,-1,127,129,21,-1,21,129,131,-1,21,131,17,-1,17,131,133,-1,17,133,14,-1,14,133,135,-1,14,135,3,-1,85,87,61,-1,61,87,88,-1,61,88,59,-1,59,88,92,-1,59,92,57,-1,57,92,94,-1,57,94,55,-1,55,94,96,-1,55,96,53,-1,53,96,98,-1,53,98,51,-1,51,98,100,-1,51,100,49,-1,49,100,102,-1,49,102,47,-1,47,102,107,-1,47,107,45,-1,45,107,105,-1,45,105,104,-1,136,137,138,-1,138,137,139,-1,140,136,141,-1,141,136,138,-1,140,141,142,-1,140,142,143,-1,143,142,144,-1,143,144,145,-1,146,145,147,-1,147,145,144,-1,148,146,149,-1,149,146,147,-1,150,151,152,-1,152,151,148,-1,152,148,149,-1,153,151,154,-1,154,151,150,-1,155,156,157,-1,157,156,153,-1,157,153,154,-1,158,159,160,-1,160,159,156,-1,160,156,155,-1,159,158,161,-1,159,161,162,-1,162,161,163,-1,162,163,164,-1,163,165,164,-1,164,165,166,-1,164,166,167,-1,167,166,168,-1,167,168,169,-1,169,168,170,-1,169,170,171,-1,171,170,172,-1,171,172,173,-1,173,172,174,-1,173,174,175,-1,176,175,177,-1,177,175,174,-1,176,177,178,-1,176,178,179,-1,179,178,180,-1,179,180,181,-1,181,180,182,-1,183,184,182,-1,182,184,185,-1,182,185,181,-1,183,186,184,-1,184,186,187,-1,184,187,188,-1,188,187,189,-1,188,189,190,-1,190,189,191,-1,190,191,192,-1,192,191,193,-1,192,193,194,-1,139,137,195,-1,195,137,194,-1,195,194,193,-1,143,145,194,-1,137,136,194,-1,194,136,140,-1,194,140,143,-1,151,153,148,-1,148,153,156,-1,148,156,146,-1,192,162,190,-1,190,162,164,-1,175,176,173,-1,173,176,179,-1,173,179,171,-1,171,179,181,-1,171,181,169,-1,169,181,185,-1,169,185,167,-1,167,185,184,-1,167,184,164,-1,164,184,188,-1,164,188,190,-1,145,146,194,-1,194,146,156,-1,194,156,192,-1,192,156,159,-1,192,159,162,-1,196,197,198,-1,198,197,199,-1,200,201,202,-1,202,201,196,-1,202,196,198,-1,203,201,204,-1,204,201,200,-1,205,206,207,-1,207,206,203,-1,207,203,204,-1,208,206,209,-1,209,206,205,-1,210,211,212,-1,212,211,208,-1,212,208,209,-1,213,211,214,-1,214,211,210,-1,215,216,217,-1,217,216,213,-1,217,213,214,-1,218,216,219,-1,219,216,215,-1,220,221,222,-1,222,221,218,-1,222,218,219,-1,223,221,224,-1,224,221,220,-1,199,197,225,-1,225,197,223,-1,225,223,224,-1,223,197,196,-1,196,201,223,-1,223,201,203,-1,223,203,221,-1,216,218,213,-1,213,218,221,-1,213,221,211,-1,211,221,203,-1,211,203,208,-1,208,203,206,-1,226,227,228,-1,228,227,229,-1,228,229,230,-1,230,229,231,-1,230,231,232,-1,232,231,233,-1,232,233,234,-1,234,233,235,-1,234,235,236,-1,236,235,237,-1,236,237,238,-1,238,237,239,-1,238,239,240,-1,240,239,241,-1,240,241,242,-1,242,241,243,-1,242,243,244,-1,244,243,245,-1,244,245,246,-1,246,245,247,-1,246,247,248,-1,248,247,249,-1,248,249,250,-1,250,249,251,-1,250,251,252,-1,252,251,253,-1,252,253,254,-1,254,253,255,-1,254,255,256,-1,256,255,257,-1,256,257,258,-1,258,257,259,-1,258,259,260,-1,260,259,226,-1,260,226,228,-1,234,236,261,-1,261,236,262,-1,234,261,263,-1,234,263,232,-1,232,263,264,-1,232,264,230,-1,230,264,265,-1,230,265,228,-1,228,265,266,-1,228,266,260,-1,260,266,267,-1,260,267,258,-1,258,267,268,-1,258,268,256,-1,256,268,269,-1,256,269,254,-1,254,269,270,-1,254,270,252,-1,252,270,271,-1,252,271,250,-1,250,271,272,-1,250,272,248,-1,248,272,273,-1,248,273,246,-1,246,273,274,-1,246,274,244,-1,244,274,275,-1,244,275,242,-1,242,275,276,-1,242,276,240,-1,238,240,277,-1,277,240,276,-1,236,238,262,-1,262,238,277,-1,241,239,278,-1,278,239,279,-1,239,237,279,-1,279,237,280,-1,237,235,280,-1,280,235,281,-1,227,282,283,-1,227,283,229,-1,229,283,284,-1,229,284,231,-1,231,284,285,-1,231,285,233,-1,233,285,281,-1,233,281,235,-1,255,286,287,-1,255,287,257,-1,257,287,288,-1,257,288,259,-1,259,288,289,-1,259,289,226,-1,226,289,282,-1,226,282,227,-1,247,290,291,-1,247,291,249,-1,249,291,292,-1,249,292,251,-1,251,292,293,-1,251,293,253,-1,253,293,286,-1,253,286,255,-1,241,278,294,-1,241,294,243,-1,243,294,295,-1,243,295,245,-1,245,295,290,-1,245,290,247,-1,
        ]
    }
}
Shape{
    appearance Appearance {
        material  Material 	{
            diffuseColor 0.8392156862745098 0.45098039215686275 0.38823529411764707
            specularColor 0.6705882352941176 0.3607843137254902 0.30980392156862746
            ambientIntensity 0.2
            transparency 0
            shininess 0.5
        }
    }
    geometry IndexedFaceSet {
        ccw TRUE
        solid FALSE
        coord DEF co Coordinate {
            point [
                0.3058 -0.0442 1.1811, 0.3058 -0.106 1.1811, 0.3179 -0.0442 1.1811, 0.3174 -0.106 1.1811, 0.3284 -0.1047 1.1811, 0.3351 -0.1021 1.1811, 0.3402 -0.0986 1.1811, 0.3412 -0.0976 1.1811, 0.3496 -0.0791 1.1811, 0.3498 -0.0743 1.1811, 0.3489 -0.0656 1.1811, 0.3468 -0.0594 1.1811, 0.3439 -0.0547 1.1811, 0.341 -0.0518 1.1811, 0.3283 -0.0454 1.1811, 0.3353 -0.0479 1.1811, 0.3454 -0.0925 1.1811, 0.3481 -0.0865 1.1811, 0.3481 -0.0865 1.1811
            ]
        }
        coordIndex [
            0,1,2,-1,2,1,3,-1,2,3,4,-1,4,5,2,-1,2,5,6,-1,2,6,7,-1,8,9,2,-1,2,9,10,-1,2,10,11,-1,11,12,2,-1,2,12,13,-1,2,13,14,-1,14,13,15,-1,7,16,2,-1,2,16,17,-1,2,17,8,-1,
        ]
    }
}
Shape{
    appearance Appearance {
        material  Material 	{
            diffuseColor 0.0 0.0 0.0
            specularColor 0.0 0.0 0.0
            ambientIntensity 0.2
            transparency 0
            shininess 0.5
        }
    }
    geometry IndexedFaceSet {
        ccw TRUE
        solid FALSE
        coord DEF co Coordinate {
            point [
                0.3875 -0.0842 1.1815, 0.3842 -0.0932 1.1815, 0.4144 -0.0842 1.1815, 0.4176 -0.0932 1.1815, 0.3995 -0.0509 1.1815, 0.3956 -0.035 1.1815, 0.3651 -0.1151 1.1815, 0.3765 -0.1151 1.1815, 0.4002 -0.0485 1.1815, 0.4008 -0.0453 1.1815, 0.4067 -0.035 1.1815, 0.401 -0.0453 1.1815, 0.4017 -0.0487 1.1815, 0.4023 -0.0509 1.1815, 0.4372 -0.1151 1.1815, 0.4257 -0.1151 1.1815, 0.4067 -0.035 1.1811, 0.4372 -0.1151 1.1811, 0.3956 -0.035 1.1811, 0.3651 -0.1151 1.1811, 0.3765 -0.1151 1.1811, 0.3842 -0.0932 1.1811, 0.4176 -0.0932 1.1811, 0.4257 -0.1151 1.1811, 0.3875 -0.0842 1.1811, 0.4144 -0.0842 1.1811, 0.4023 -0.0509 1.1811, 0.401 -0.0453 1.1811, 0.4017 -0.0487 1.1811, 0.4008 -0.0453 1.1811, 0.3995 -0.0509 1.1811, 0.4002 -0.0485 1.1811, 0.4002 -0.0485 1.1811
            ]
        }
        coordIndex [
            0,1,2,-1,2,1,3,-1,4,5,0,-1,0,5,6,-1,0,6,1,-1,1,6,7,-1,4,8,5,-1,5,8,9,-1,5,9,10,-1,10,9,11,-1,10,11,12,-1,12,13,10,-1,10,13,2,-1,10,2,14,-1,14,2,3,-1,14,3,15,-1,10,14,16,-1,16,14,17,-1,5,10,18,-1,18,10,16,-1,6,5,19,-1,19,5,18,-1,7,6,20,-1,20,6,19,-1,1,7,21,-1,21,7,20,-1,3,1,22,-1,22,1,21,-1,15,3,23,-1,23,3,22,-1,14,15,17,-1,17,15,23,-1,0,2,24,-1,24,2,25,-1,2,13,25,-1,25,13,26,-1,11,27,28,-1,11,28,12,-1,12,28,26,-1,12,26,13,-1,11,9,27,-1,27,9,29,-1,4,30,31,-1,4,31,8,-1,8,31,29,-1,8,29,9,-1,4,0,30,-1,30,0,24,-1,
        ]
    }
}
Shape{
    appearance Appearance {
        material  Material 	{
            diffuseColor 0.8392156862745098 0.45098039215686275 0.38823529411764707
            specularColor 0.6705882352941176 0.3607843137254902 0.30980392156862746
            ambientIntensity 0.2
            transparency 0
            shininess 0.5
        }
    }
    geometry IndexedFaceSet {
        ccw TRUE
        solid FALSE
        coord DEF co Coordinate {
            point [
                0.401 -0.0453 1.1811, 0.4008 -0.0453 1.1811, 0.4017 -0.0487 1.1811, 0.4002 -0.0485 1.1811, 0.4023 -0.0509 1.1811, 0.3995 -0.0509 1.1811, 0.4144 -0.0842 1.1811, 0.3875 -0.0842 1.1811, 0.3875 -0.0842 1.1811
            ]
        }
        coordIndex [
            0,1,2,-1,2,1,3,-1,2,3,4,-1,4,3,5,-1,4,5,6,-1,6,5,7,-1,
        ]
    }
}
Shape{
    appearance Appearance {
        material  Material 	{
            diffuseColor 0.0 0.0 0.0
            specularColor 0.0 0.0 0.0
            ambientIntensity 0.2
            transparency 0
            shininess 0.5
        }
    }
    geometry IndexedFaceSet {
        ccw TRUE
        solid FALSE
        coord DEF co Coordinate {
            point [
                -0.3381 -0.1265 1.1815, -0.3296 -0.1369 1.1815, -0.3432 -0.0761 1.1815, -0.3532 0.0228 1.1815, -0.3405 0.0295 1.1815, -0.3434 0.0646 1.1815, -0.3079 0.0662 1.1815, -0.2903 0.0247 1.1815, -0.2816 0.0427 1.1815, -0.3556 -0.0684 1.1815, -0.351 -0.1121 1.1815, -0.3438 -0.1142 1.1815, -0.321 0.0674 1.1815, -0.2855 -0.0749 1.1815, -0.2802 -0.0768 1.1815, -0.2328 -0.0903 1.1815, -0.2757 -0.0799 1.1815, -0.272 -0.084 1.1815, -0.1531 -0.0482 1.1815, -0.1707 -0.018 1.1815, -0.247 -0.0579 1.1815, -0.2903 -0.0744 1.1815, -0.2958 -0.0751 1.1815, -0.3033 -0.0402 1.1815, -0.3008 -0.0771 1.1815, -0.3159 -0.045 1.1815, -0.3053 -0.0802 1.1815, -0.3275 -0.0531 1.1815, -0.3075 -0.0826 1.1815, -0.3369 -0.0639 1.1815, -0.3105 -0.0873 1.1815, -0.3121 -0.0927 1.1815, -0.3124 -0.0982 1.1815, -0.269 -0.0423 1.1815, -0.2828 -0.0389 1.1815, -0.2897 -0.0385 1.1815, -0.2695 -0.0887 1.1815, -0.2682 -0.0939 1.1815, -0.2328 -0.096 1.1815, -0.2682 -0.0991 1.1815, -0.2331 -0.102 1.1815, -0.1343 0.0082 1.1815, -0.1297 0.0082 1.1815, -0.1064 0.0389 1.1815, -0.1189 0.0068 1.1815, -0.1036 0.038 1.1815, -0.109 0.003 1.1815, -0.0867 0.0296 1.1815, -0.0712 0.0165 1.1815, -0.2962 0.0798 1.1815, -0.2688 0.0579 1.1815, -0.2829 0.0913 1.1815, -0.2536 0.0691 1.1815, -0.2689 0.0999 1.1815, -0.3264 0.0329 1.1815, -0.3204 0.0332 1.1815, -0.3145 0.067 1.1815, -0.307 0.0315 1.1815, -0.2943 0.0269 1.1815, -0.257 -0.0488 1.1815, -0.0711 -0.0898 1.1815, -0.0976 -0.0671 1.1815, -0.0866 -0.1029 1.1815, -0.106 -0.074 1.1815, -0.1039 -0.1114 1.1815, -0.1161 -0.0787 1.1815, -0.1229 -0.1154 1.1815, -0.1263 -0.0807 1.1815, -0.1565 -0.1154 1.1815, -0.1519 -0.0807 1.1815, -0.1597 -0.1149 1.1815, -0.3114 -0.1036 1.1815, -0.3091 -0.1083 1.1815, -0.1001 -0.0032 1.1815, -0.0936 -0.0105 1.1815, -0.0596 0.0003 1.1815, -0.0883 -0.0203 1.1815, -0.0526 -0.0171 1.1815, -0.0856 -0.0312 1.1815, -0.05 -0.0357 1.1815, -0.0853 -0.0362 1.1815, -0.0526 -0.056 1.1815, -0.0867 -0.0473 1.1815, -0.0598 -0.074 1.1815, -0.0906 -0.0575 1.1815, -0.0969 -0.0664 1.1815, -0.1371 0.0839 1.1815, -0.1594 0.0577 1.1815, -0.1182 0.062 1.1815, -0.1466 0.0424 1.1815, -0.1378 0.0241 1.1815, -0.3757 -0.0099 1.1815, -0.4131 -0.0194 1.1815, -0.3774 -0.0237 1.1815, -0.4132 -0.0249 1.1815, -0.3767 -0.0326 1.1815, -0.4105 -0.0472 1.1815, -0.3726 -0.0465 1.1815, -0.4023 -0.0684 1.1815, -0.3658 -0.058 1.1815, -0.3893 -0.0869 1.1815, -0.3716 -0.1021 1.1815, -0.2364 -0.1161 1.1815, -0.2696 -0.1046 1.1815, -0.2432 -0.1287 1.1815, -0.2722 -0.1095 1.1815, -0.2519 -0.1385 1.1815, -0.2753 -0.113 1.1815, -0.2632 -0.1464 1.1815, -0.2796 -0.1161 1.1815, -0.2759 -0.1512 1.1815, -0.2846 -0.1181 1.1815, -0.2897 -0.153 1.1815, -0.2903 -0.1188 1.1815, -0.2919 -0.1529 1.1815, -0.2912 -0.1188 1.1815, -0.3053 -0.1508 1.1815, -0.2964 -0.1179 1.1815, -0.3184 -0.1453 1.1815, -0.3015 -0.1157 1.1815, -0.3059 -0.1124 1.1815, -0.2427 0.11 1.1815, -0.235 0.0766 1.1815, -0.2146 0.1135 1.1815, -0.214 0.0793 1.1815, -0.1902 0.1108 1.1815, -0.1947 0.0769 1.1815, -0.1617 0.1005 1.1815, -0.1768 0.0701 1.1815, -0.1608 0.059 1.1815, -0.3645 0.0564 1.1815, -0.3826 0.0437 1.1815, -0.3629 0.0141 1.1815, -0.3865 0.04 1.1815, -0.3708 0.0028 1.1815, -0.4002 0.0225 1.1815, -0.4093 0.002 1.1815, -0.1548 -0.0801 1.1815, -0.1685 -0.1094 1.1815, -0.1672 -0.1108 1.1815, -0.1531 -0.0805 1.1815, -0.1635 -0.1134 1.1815, -0.173 -0.0977 1.1815, -0.1725 -0.102 1.1815, -0.171 -0.1058 1.1815, -0.1598 -0.0806 1.1815, -0.1637 -0.0822 1.1815, -0.1729 -0.0955 1.1815, -0.1672 -0.0847 1.1815, -0.1695 -0.0873 1.1815, -0.1717 -0.0912 1.1815, -0.1553 -0.0801 1.1815, -0.05 -0.0357 1.1811, -0.0526 -0.0171 1.1811, -0.0675 0.0112 1.1811, -0.0546 -0.0122 1.1811, -0.0596 0.0003 1.1811, -0.0712 0.0165 1.1811, -0.0867 0.0296 1.1811, -0.1036 0.038 1.1811, -0.1064 0.0389 1.1811, -0.1182 0.062 1.1811, -0.1371 0.0839 1.1811, -0.1501 0.0927 1.1811, -0.1617 0.1005 1.1811, -0.1902 0.1108 1.1811, -0.2146 0.1135 1.1811, -0.2829 0.0913 1.1811, -0.2806 0.0927 1.1811, -0.2689 0.0999 1.1811, -0.2427 0.11 1.1811, -0.2962 0.0798 1.1811, -0.3079 0.0662 1.1811, -0.3145 0.067 1.1811, -0.321 0.0674 1.1811, -0.3434 0.0646 1.1811, -0.3645 0.0564 1.1811, -0.3826 0.0437 1.1811, -0.3865 0.04 1.1811, -0.4132 -0.0249 1.1811, -0.4002 0.0225 1.1811, -0.4052 0.0112 1.1811, -0.4093 0.002 1.1811, -0.4118 -0.0122 1.1811, -0.4131 -0.0194 1.1811, -0.4105 -0.0472 1.1811, -0.4023 -0.0684 1.1811, -0.3893 -0.0869 1.1811, -0.3716 -0.1021 1.1811, -0.351 -0.1121 1.1811, -0.3438 -0.1142 1.1811, -0.3431 -0.1158 1.1811, -0.3381 -0.1265 1.1811, -0.3296 -0.1369 1.1811, -0.3184 -0.1453 1.1811, -0.3132 -0.1475 1.1811, -0.3053 -0.1508 1.1811, -0.2919 -0.1529 1.1811, -0.2897 -0.153 1.1811, -0.2328 -0.096 1.1811, -0.2759 -0.1512 1.1811, -0.2661 -0.1475 1.1811, -0.2632 -0.1464 1.1811, -0.2519 -0.1385 1.1811, -0.2432 -0.1287 1.1811, -0.2364 -0.1161 1.1811, -0.2364 -0.1158 1.1811, -0.2331 -0.102 1.1811, -0.2328 -0.0903 1.1811, -0.1531 -0.0482 1.1811, -0.1707 -0.018 1.1811, -0.247 -0.0579 1.1811, -0.257 -0.0488 1.1811, -0.269 -0.0423 1.1811, -0.2828 -0.0389 1.1811, -0.2897 -0.0385 1.1811, -0.3033 -0.0402 1.1811, -0.3159 -0.045 1.1811, -0.3275 -0.0531 1.1811, -0.3369 -0.0639 1.1811, -0.3432 -0.0761 1.1811, -0.3556 -0.0684 1.1811, -0.3658 -0.058 1.1811, -0.3726 -0.0465 1.1811, -0.3767 -0.0326 1.1811, -0.3774 -0.0237 1.1811, -0.376 -0.0122 1.1811, -0.3757 -0.0099 1.1811, -0.3708 0.0028 1.1811, -0.3649 0.0112 1.1811, -0.3629 0.0141 1.1811, -0.3532 0.0228 1.1811, -0.3405 0.0295 1.1811, -0.3264 0.0329 1.1811, -0.3204 0.0332 1.1811, -0.307 0.0315 1.1811, -0.2943 0.0269 1.1811, -0.2903 0.0247 1.1811, -0.2816 0.0427 1.1811, -0.2688 0.0579 1.1811, -0.2536 0.0691 1.1811, -0.235 0.0766 1.1811, -0.214 0.0793 1.1811, -0.1343 0.0082 1.1811, -0.135 0.0112 1.1811, -0.1378 0.0241 1.1811, -0.1466 0.0424 1.1811, -0.1594 0.0577 1.1811, -0.1608 0.059 1.1811, -0.1768 0.0701 1.1811, -0.1947 0.0769 1.1811, -0.1297 0.0082 1.1811, -0.1189 0.0068 1.1811, -0.109 0.003 1.1811, -0.1001 -0.0032 1.1811, -0.0936 -0.0105 1.1811, -0.0926 -0.0122 1.1811, -0.0883 -0.0203 1.1811, -0.0856 -0.0312 1.1811, -0.0853 -0.0362 1.1811, -0.0867 -0.0473 1.1811, -0.0906 -0.0575 1.1811, -0.0969 -0.0664 1.1811, -0.0976 -0.0671 1.1811, -0.106 -0.074 1.1811, -0.1161 -0.0787 1.1811, -0.1263 -0.0807 1.1811, -0.1519 -0.0807 1.1811, -0.1531 -0.0805 1.1811, -0.1548 -0.0801 1.1811, -0.1553 -0.0801 1.1811, -0.1598 -0.0806 1.1811, -0.1637 -0.0822 1.1811, -0.1672 -0.0847 1.1811, -0.1695 -0.0873 1.1811, -0.1717 -0.0912 1.1811, -0.1729 -0.0955 1.1811, -0.173 -0.0977 1.1811, -0.1725 -0.102 1.1811, -0.171 -0.1058 1.1811, -0.1685 -0.1094 1.1811, -0.1672 -0.1108 1.1811, -0.1635 -0.1134 1.1811, -0.1597 -0.1149 1.1811, -0.1565 -0.1154 1.1811, -0.1229 -0.1154 1.1811, -0.1039 -0.1114 1.1811, -0.0866 -0.1029 1.1811, -0.0711 -0.0898 1.1811, -0.0598 -0.074 1.1811, -0.0526 -0.056 1.1811, -0.2903 -0.0744 1.1811, -0.2855 -0.0749 1.1811, -0.2802 -0.0768 1.1811, -0.2757 -0.0799 1.1811, -0.272 -0.084 1.1811, -0.2695 -0.0887 1.1811, -0.2682 -0.0939 1.1811, -0.2682 -0.0991 1.1811, -0.2696 -0.1046 1.1811, -0.2722 -0.1095 1.1811, -0.2753 -0.113 1.1811, -0.2796 -0.1161 1.1811, -0.2846 -0.1181 1.1811, -0.2903 -0.1188 1.1811, -0.2912 -0.1188 1.1811, -0.2964 -0.1179 1.1811, -0.3015 -0.1157 1.1811, -0.3059 -0.1124 1.1811, -0.3091 -0.1083 1.1811, -0.3114 -0.1036 1.1811, -0.3124 -0.0982 1.1811, -0.3121 -0.0927 1.1811, -0.3105 -0.0873 1.1811, -0.3075 -0.0826 1.1811, -0.3053 -0.0802 1.1811, -0.3008 -0.0771 1.1811, -0.2958 -0.0751 1.1811, -0.2958 -0.0751 1.1811
            ]
        }
        coordIndex [
            0,1,2,-1,3,4,5,-1,6,7,8,-1,9,10,2,-1,2,10,11,-1,2,11,0,-1,5,4,12,-1,13,14,15,-1,15,14,16,-1,15,16,17,-1,18,19,15,-1,15,19,20,-1,15,20,13,-1,13,20,21,-1,22,23,24,-1,24,23,25,-1,24,25,26,-1,26,25,27,-1,26,27,28,-1,28,27,29,-1,28,29,30,-1,30,29,2,-1,30,2,31,-1,31,2,32,-1,33,34,22,-1,22,34,35,-1,22,35,23,-1,17,36,15,-1,15,36,37,-1,15,37,38,-1,38,37,39,-1,38,39,40,-1,41,42,43,-1,43,42,44,-1,43,44,45,-1,45,44,46,-1,45,46,47,-1,47,46,48,-1,6,8,49,-1,49,8,50,-1,49,50,51,-1,51,50,52,-1,51,52,53,-1,4,54,12,-1,12,54,55,-1,12,55,56,-1,56,55,57,-1,56,57,6,-1,6,57,58,-1,6,58,7,-1,21,20,22,-1,22,20,59,-1,22,59,33,-1,60,61,62,-1,62,61,63,-1,62,63,64,-1,64,63,65,-1,64,65,66,-1,66,65,67,-1,66,67,68,-1,68,67,69,-1,68,69,70,-1,32,2,71,-1,71,2,1,-1,71,1,72,-1,46,73,48,-1,48,73,74,-1,48,74,75,-1,75,74,76,-1,75,76,77,-1,77,76,78,-1,77,78,79,-1,79,78,80,-1,79,80,81,-1,81,80,82,-1,81,82,83,-1,83,82,84,-1,83,84,60,-1,60,84,85,-1,60,85,61,-1,86,87,88,-1,88,87,89,-1,88,89,43,-1,43,89,90,-1,43,90,41,-1,91,92,93,-1,93,92,94,-1,93,94,95,-1,95,94,96,-1,95,96,97,-1,97,96,98,-1,97,98,99,-1,99,98,100,-1,99,100,9,-1,9,100,101,-1,9,101,10,-1,40,39,102,-1,102,39,103,-1,102,103,104,-1,104,103,105,-1,104,105,106,-1,106,105,107,-1,106,107,108,-1,108,107,109,-1,108,109,110,-1,110,109,111,-1,110,111,112,-1,112,111,113,-1,112,113,114,-1,114,113,115,-1,114,115,116,-1,116,115,117,-1,116,117,118,-1,118,117,119,-1,118,119,1,-1,1,119,120,-1,1,120,72,-1,53,52,121,-1,121,52,122,-1,121,122,123,-1,123,122,124,-1,123,124,125,-1,125,124,126,-1,125,126,127,-1,127,126,128,-1,127,128,86,-1,86,128,129,-1,86,129,87,-1,5,130,3,-1,3,130,131,-1,3,131,132,-1,132,131,133,-1,132,133,134,-1,134,133,135,-1,134,135,91,-1,91,135,136,-1,91,136,92,-1,137,138,139,-1,69,140,70,-1,70,140,137,-1,70,137,141,-1,141,137,139,-1,142,143,137,-1,137,143,144,-1,137,144,138,-1,145,146,147,-1,146,148,147,-1,147,148,149,-1,147,149,150,-1,142,137,147,-1,147,137,151,-1,147,151,145,-1,79,152,153,-1,154,48,75,-1,79,153,77,-1,77,153,155,-1,77,155,75,-1,75,155,156,-1,75,156,154,-1,154,157,48,-1,48,157,158,-1,48,158,47,-1,47,158,159,-1,47,159,45,-1,45,159,160,-1,45,160,43,-1,43,160,161,-1,43,161,88,-1,88,161,162,-1,88,162,86,-1,127,86,163,-1,163,86,162,-1,163,164,127,-1,127,164,165,-1,127,165,125,-1,125,165,166,-1,125,166,123,-1,167,51,168,-1,168,51,53,-1,168,53,169,-1,169,53,121,-1,169,121,170,-1,170,121,123,-1,170,123,166,-1,51,167,171,-1,51,171,49,-1,49,171,172,-1,49,172,6,-1,6,172,173,-1,6,173,56,-1,56,173,174,-1,56,174,12,-1,12,174,175,-1,12,175,5,-1,5,175,176,-1,5,176,130,-1,130,176,177,-1,130,177,131,-1,131,177,178,-1,131,178,133,-1,179,94,92,-1,133,178,180,-1,133,180,135,-1,135,180,181,-1,135,181,136,-1,181,182,136,-1,136,182,183,-1,136,183,92,-1,92,183,184,-1,92,184,179,-1,94,179,185,-1,94,185,96,-1,96,185,186,-1,96,186,98,-1,98,186,187,-1,98,187,100,-1,100,187,188,-1,100,188,101,-1,101,188,189,-1,101,189,10,-1,10,189,190,-1,10,190,11,-1,11,190,191,-1,11,191,0,-1,191,192,0,-1,0,192,193,-1,0,193,1,-1,1,193,194,-1,1,194,118,-1,118,194,195,-1,118,195,116,-1,195,196,116,-1,116,196,197,-1,116,197,114,-1,114,197,198,-1,114,198,112,-1,199,38,40,-1,112,198,200,-1,112,200,110,-1,110,200,201,-1,110,201,108,-1,201,202,108,-1,108,202,203,-1,108,203,106,-1,106,203,204,-1,106,204,104,-1,104,204,205,-1,104,205,102,-1,102,205,206,-1,102,206,40,-1,40,206,207,-1,40,207,199,-1,15,38,208,-1,208,38,199,-1,18,15,209,-1,209,15,208,-1,19,18,210,-1,210,18,209,-1,20,19,211,-1,211,19,210,-1,20,211,212,-1,20,212,59,-1,59,212,213,-1,59,213,33,-1,33,213,214,-1,33,214,34,-1,34,214,215,-1,34,215,35,-1,35,215,216,-1,35,216,23,-1,23,216,217,-1,23,217,25,-1,25,217,218,-1,25,218,27,-1,27,218,219,-1,27,219,29,-1,29,219,220,-1,29,220,2,-1,2,220,221,-1,2,221,9,-1,9,221,222,-1,9,222,99,-1,99,222,223,-1,99,223,97,-1,97,223,224,-1,97,224,95,-1,95,224,225,-1,95,225,93,-1,91,93,226,-1,226,93,225,-1,226,227,91,-1,91,227,228,-1,91,228,134,-1,134,228,229,-1,134,229,132,-1,229,230,132,-1,132,230,231,-1,132,231,3,-1,3,231,232,-1,3,232,4,-1,4,232,233,-1,4,233,54,-1,54,233,234,-1,54,234,55,-1,55,234,235,-1,55,235,57,-1,57,235,236,-1,57,236,58,-1,58,236,237,-1,58,237,7,-1,7,237,238,-1,7,238,8,-1,8,238,239,-1,8,239,50,-1,50,239,240,-1,50,240,52,-1,52,240,241,-1,52,241,122,-1,122,241,242,-1,122,242,124,-1,243,41,244,-1,244,41,90,-1,244,90,245,-1,245,90,89,-1,245,89,246,-1,246,89,87,-1,246,87,247,-1,247,87,129,-1,247,129,248,-1,248,129,128,-1,248,128,249,-1,249,128,126,-1,249,126,250,-1,250,126,124,-1,250,124,242,-1,42,41,251,-1,251,41,243,-1,42,251,252,-1,42,252,44,-1,44,252,253,-1,44,253,46,-1,46,253,254,-1,46,254,73,-1,73,254,255,-1,73,255,74,-1,74,255,256,-1,74,256,76,-1,256,257,76,-1,76,257,258,-1,76,258,78,-1,78,258,259,-1,78,259,80,-1,80,259,260,-1,80,260,82,-1,82,260,261,-1,82,261,84,-1,84,261,262,-1,84,262,85,-1,85,262,263,-1,85,263,61,-1,61,263,264,-1,61,264,63,-1,63,264,265,-1,63,265,65,-1,65,265,266,-1,65,266,67,-1,69,67,267,-1,267,67,266,-1,69,267,268,-1,69,268,140,-1,140,268,269,-1,140,269,137,-1,137,269,270,-1,137,270,151,-1,151,270,271,-1,151,271,145,-1,145,271,272,-1,145,272,146,-1,146,272,273,-1,146,273,148,-1,148,273,274,-1,148,274,149,-1,149,274,275,-1,149,275,150,-1,150,275,276,-1,150,276,147,-1,147,276,277,-1,147,277,142,-1,142,277,278,-1,142,278,143,-1,143,278,279,-1,143,279,144,-1,144,279,280,-1,144,280,138,-1,138,280,281,-1,138,281,139,-1,139,281,282,-1,139,282,141,-1,141,282,283,-1,141,283,70,-1,70,283,284,-1,70,284,68,-1,66,68,285,-1,285,68,284,-1,66,285,286,-1,66,286,64,-1,64,286,287,-1,64,287,62,-1,62,287,288,-1,62,288,60,-1,60,288,289,-1,60,289,83,-1,83,289,290,-1,83,290,81,-1,81,290,152,-1,81,152,79,-1,21,291,292,-1,21,292,13,-1,13,292,293,-1,13,293,14,-1,14,293,294,-1,14,294,16,-1,16,294,295,-1,16,295,17,-1,17,295,296,-1,17,296,36,-1,36,296,297,-1,36,297,37,-1,37,297,298,-1,37,298,39,-1,39,298,299,-1,39,299,103,-1,103,299,300,-1,103,300,105,-1,105,300,301,-1,105,301,107,-1,107,301,302,-1,107,302,109,-1,109,302,303,-1,109,303,111,-1,111,303,304,-1,111,304,113,-1,113,304,305,-1,113,305,115,-1,115,305,306,-1,115,306,117,-1,117,306,307,-1,117,307,119,-1,119,307,308,-1,119,308,120,-1,120,308,309,-1,120,309,72,-1,72,309,310,-1,72,310,71,-1,71,310,311,-1,71,311,32,-1,32,311,312,-1,32,312,31,-1,31,312,313,-1,31,313,30,-1,30,313,314,-1,30,314,28,-1,28,314,315,-1,28,315,26,-1,26,315,316,-1,26,316,24,-1,24,316,317,-1,24,317,22,-1,22,317,291,-1,22,291,21,-1,
        ]
    }
}
Shape{
    appearance Appearance {
        material  Material 	{
            diffuseColor 0.8392156862745098 0.45098039215686275 0.38823529411764707
            specularColor 0.6705882352941176 0.3607843137254902 0.30980392156862746
            ambientIntensity 0.2
            transparency 0
            shininess 0.5
        }
    }
    geometry IndexedFaceSet {
        ccw TRUE
        solid FALSE
        coord DEF co Coordinate {
            point [
                -0.2912 -0.1188 1.1811, -0.3053 -0.0802 1.1811, -0.3075 -0.0826 1.1811, -0.2846 -0.1181 1.1811, -0.2796 -0.1161 1.1811, -0.2855 -0.0749 1.1811, -0.2903 -0.0744 1.1811, -0.2958 -0.0751 1.1811, -0.3008 -0.0771 1.1811, -0.3114 -0.1036 1.1811, -0.3091 -0.1083 1.1811, -0.3059 -0.1124 1.1811, -0.2903 -0.1188 1.1811, -0.3105 -0.0873 1.1811, -0.3121 -0.0927 1.1811, -0.3124 -0.0982 1.1811, -0.3015 -0.1157 1.1811, -0.2964 -0.1179 1.1811, -0.2753 -0.113 1.1811, -0.2722 -0.1095 1.1811, -0.2696 -0.1046 1.1811, -0.2682 -0.0991 1.1811, -0.2682 -0.0939 1.1811, -0.2695 -0.0887 1.1811, -0.272 -0.084 1.1811, -0.2757 -0.0799 1.1811, -0.2802 -0.0768 1.1811, -0.2802 -0.0768 1.1811
            ]
        }
        coordIndex [
            0,1,2,-1,3,4,5,-1,6,7,0,-1,0,7,8,-1,0,8,1,-1,9,10,2,-1,2,10,11,-1,6,0,5,-1,5,0,12,-1,5,12,3,-1,13,14,2,-1,2,14,15,-1,2,15,9,-1,11,16,2,-1,2,16,17,-1,2,17,0,-1,4,18,5,-1,5,18,19,-1,5,19,20,-1,20,21,5,-1,5,21,22,-1,5,22,23,-1,23,24,5,-1,5,24,25,-1,5,25,26,-1,
        ]
    }
}