ISO-10303-21;
HEADER;
FILE_DESCRIPTION (( 'STEP AP214' ),
    '1' );
FILE_NAME ('RES-SMD_L6.3-W3.STEP',
    '2021-12-27T14:01:58',
    ( '' ),
    ( '' ),
    'SwSTEP 2.0',
    'SolidWorks 2018',
    '' );
FILE_SCHEMA (( 'AUTOMOTIVE_DESIGN' ));
ENDSEC;

DATA;
#1 = FACE_OUTER_BOUND ( 'NONE', #4049, .T. ) ;
#2 =( GEOMETRIC_REPRESENTATION_CONTEXT ( 3 ) GLOBAL_UNCERTAINTY_ASSIGNED_CONTEXT ( ( #1340 ) ) GLOBAL_UNIT_ASSIGNED_CONTEXT ( ( #636, #2283, #1979 ) ) REPRESENTATION_CONTEXT ( 'NONE', 'WORKASPACE' ) );
#3 = SURFACE_SIDE_STYLE ('',( #1668 ) ) ;
#4 = CARTESIAN_POINT ( 'NONE',  ( -0.09681681255756247051, 0.1769230769230769051, 0.01000000000000000021 ) ) ;
#5 = CARTESIAN_POINT ( 'NONE',  ( 0.04949269420910074740, 0.2571765717595325129, 0.01000000000000000021 ) ) ;
#6 = CARTESIAN_POINT ( 'NONE',  ( -0.5202441945674878276, 0.06687731871610497203, 0.000000000000000000 ) ) ;
#7 = CARTESIAN_POINT ( 'NONE',  ( -3.149999999999999467, -1.540000000000000702, -0.4000000000000001332 ) ) ;
#8 = CARTESIAN_POINT ( 'NONE',  ( 0.2838191159067764424, 0.1571389701936481420, 0.01000000000000000021 ) ) ;
#9 = VECTOR ( 'NONE', #2270, 1000.000000000000000 ) ;
#10 = ADVANCED_FACE ( 'NONE', ( #1214 ), #218, .F. ) ;
#11 = ORIENTED_EDGE ( 'NONE', *, *, #948, .F. ) ;
#12 = CARTESIAN_POINT ( 'NONE',  ( 0.1999517542712554163, 0.008803236736316303809, 0.000000000000000000 ) ) ;
#13 = EDGE_CURVE ( 'NONE', #4005, #3582, #1841, .T. ) ;
#14 = VECTOR ( 'NONE', #2466, 1000.000000000000000 ) ;
#15 = ORIENTED_EDGE ( 'NONE', *, *, #2331, .F. ) ;
#16 = AXIS2_PLACEMENT_3D ( 'NONE', #1020, #29, #969 ) ;
#17 = ORIENTED_EDGE ( 'NONE', *, *, #2799, .F. ) ;
#18 = DIRECTION ( 'NONE',  ( 2.168404344971008868E-16, -1.000000000000000000, 0.000000000000000000 ) ) ;
#19 = DIRECTION ( 'NONE',  ( 2.168404344971008868E-16, -1.000000000000000000, 0.000000000000000000 ) ) ;
#20 = ORIENTED_EDGE ( 'NONE', *, *, #3637, .F. ) ;
#21 = CARTESIAN_POINT ( 'NONE',  ( 0.06525981819641647752, 0.2653820623931156808, 0.01000000000000000021 ) ) ;
#22 = CARTESIAN_POINT ( 'NONE',  ( -0.4487398894806394201, 0.2891826923076923350, 0.01000000000000000021 ) ) ;
#23 = CARTESIAN_POINT ( 'NONE',  ( 0.2839524182116682227, 0.1517427884615384359, 0.01000000000000000021 ) ) ;
#24 = EDGE_CURVE ( 'NONE', #3340, #3437, #4042, .T. ) ;
#25 = COLOUR_RGB ( '',0.2039215686274509776, 0.2039215686274509776, 0.2039215686274509776 ) ;
#26 = CARTESIAN_POINT ( 'NONE',  ( 0.2459115528270528761, 0.04477163461538460898, 0.000000000000000000 ) ) ;
#27 = CARTESIAN_POINT ( 'NONE',  ( -0.2929706587114087046, 0.000000000000000000, 0.000000000000000000 ) ) ;
#28 = CARTESIAN_POINT ( 'NONE',  ( -0.3837047704644246382, 0.2680986859206195838, 0.000000000000000000 ) ) ;
#29 = DIRECTION ( 'NONE',  ( 0.000000000000000000, 0.000000000000000000, -1.000000000000000000 ) ) ;
#30 = FACE_OUTER_BOUND ( 'NONE', #2633, .T. ) ;
#31 = EDGE_LOOP ( 'NONE', ( #203, #308, #1792, #742 ) ) ;
#32 = CARTESIAN_POINT ( 'NONE',  ( -1.500000000000000444, 1.543535533905932233, 0.006464466094067256897 ) ) ;
#33 = CARTESIAN_POINT ( 'NONE',  ( 0.1080272855539761018, 0.2765138248499778295, 6.776263578034402713E-18 ) ) ;
#34 = DIRECTION ( 'NONE',  ( 1.000000000000000000, 2.168404344971008868E-16, 0.000000000000000000 ) ) ;
#35 = ORIENTED_EDGE ( 'NONE', *, *, #3575, .F. ) ;
#36 = EDGE_CURVE ( 'NONE', #273, #1983, #950, .T. ) ;
#37 = PRESENTATION_LAYER_ASSIGNMENT (  '', '', ( #2622 ) ) ;
#38 = CARTESIAN_POINT ( 'NONE',  ( 0.2143939465941328559, 0.01707238732737900028, 0.000000000000000000 ) ) ;
#39 = VERTEX_POINT ( 'NONE', #3195 ) ;
#40 = CARTESIAN_POINT ( 'NONE',  ( -0.2391245048652548000, 0.2692307692307692180, 0.000000000000000000 ) ) ;
#41 = VECTOR ( 'NONE', #3859, 1000.000000000000000 ) ;
#42 = CARTESIAN_POINT ( 'NONE',  ( -0.5041758214501846913, 0.1948299434356964288, 0.01000000000000000021 ) ) ;
#43 = CARTESIAN_POINT ( 'NONE',  ( 0.2777441726584845005, 0.1982635081968912583, 0.000000000000000000 ) ) ;
#44 = EDGE_CURVE ( 'NONE', #2167, #3476, #3777, .T. ) ;
#45 = VECTOR ( 'NONE', #3944, 1000.000000000000000 ) ;
#46 = DIRECTION ( 'NONE',  ( 2.168404344971008868E-16, -1.000000000000000000, 0.000000000000000000 ) ) ;
#47 =( NAMED_UNIT ( * ) SI_UNIT ( $, .STERADIAN. ) SOLID_ANGLE_UNIT ( ) );
#48 = VECTOR ( 'NONE', #4268, 1000.000000000000000 ) ;
#49 = DIRECTION ( 'NONE',  ( -1.000000000000000000, -0.000000000000000000, -0.000000000000000000 ) ) ;
#50 = CARTESIAN_POINT ( 'NONE',  ( -0.5258248142477498499, 0.2164284589889742538, 6.776263578034402713E-18 ) ) ;
#51 = SURFACE_STYLE_USAGE ( .BOTH. , #1404 ) ;
#52 = SURFACE_STYLE_FILL_AREA ( #3388 ) ;
#53 = EDGE_LOOP ( 'NONE', ( #2788, #966, #1855, #3484 ) ) ;
#54 = SURFACE_STYLE_FILL_AREA ( #1894 ) ;
#55 = CARTESIAN_POINT ( 'NONE',  ( 2.146530383509388074, -1.539999999999999591, 0.000000000000000000 ) ) ;
#56 = ORIENTED_EDGE ( 'NONE', *, *, #2491, .F. ) ;
#57 = EDGE_CURVE ( 'NONE', #349, #4259, #4189, .T. ) ;
#58 = VECTOR ( 'NONE', #2169, 1000.000000000000000 ) ;
#59 = AXIS2_PLACEMENT_3D ( 'NONE', #1969, #18, #306 ) ;
#60 = CARTESIAN_POINT ( 'NONE',  ( -0.5120710012335546457, 0.1566752668613955457, 6.776263578034402713E-18 ) ) ;
#61 = CARTESIAN_POINT ( 'NONE',  ( 1.500000000000000222, 3.474214125298948019, 0.5899999999999999689 ) ) ;
#62 = CARTESIAN_POINT ( 'NONE',  ( 0.1839496907026298422, 0.2639282195193217717, 0.01000000000000000021 ) ) ;
#63 = ORIENTED_EDGE ( 'NONE', *, *, #2450, .F. ) ;
#64 = LINE ( 'NONE', #839, #2764 ) ;
#65 = CARTESIAN_POINT ( 'NONE',  ( -0.5391245048652548721, 0.1462139423076923017, 6.776263578034402713E-18 ) ) ;
#66 = EDGE_CURVE ( 'NONE', #3106, #1068, #3631, .T. ) ;
#67 = CARTESIAN_POINT ( 'NONE',  ( -0.4331749856344855321, 0.2608173076923076539, 0.000000000000000000 ) ) ;
#68 = ORIENTED_EDGE ( 'NONE', *, *, #3410, .F. ) ;
#69 = ADVANCED_FACE ( 'NONE', ( #1980 ), #3695, .T. ) ;
#70 = FACE_OUTER_BOUND ( 'NONE', #2493, .T. ) ;
#71 =( NAMED_UNIT ( * ) SI_UNIT ( $, .STERADIAN. ) SOLID_ANGLE_UNIT ( ) );
#72 = CARTESIAN_POINT ( 'NONE',  ( -0.5390705933670448813, 0.1425058361516889915, 0.01000000000000000021 ) ) ;
#73 = FACE_OUTER_BOUND ( 'NONE', #1809, .T. ) ;
#74 = CARTESIAN_POINT ( 'NONE',  ( -1.747188556591409370, -1.540000000000000480, 0.5899999999999999689 ) ) ;
#75 = DIRECTION ( 'NONE',  ( -0.000000000000000000, -0.000000000000000000, -1.000000000000000000 ) ) ;
#76 = ORIENTED_EDGE ( 'NONE', *, *, #1787, .T. ) ;
#77 = CARTESIAN_POINT ( 'NONE',  ( -0.4063076951288357441, 0.03259747319825878620, 0.01000000000000000021 ) ) ;
#78 = CARTESIAN_POINT ( 'NONE',  ( -0.2391245048652548000, 0.03076923076923076747, 0.000000000000000000 ) ) ;
#79 = VECTOR ( 'NONE', #589, 1000.000000000000000 ) ;
#80 = ORIENTED_EDGE ( 'NONE', *, *, #3833, .T. ) ;
#81 = ORIENTED_EDGE ( 'NONE', *, *, #3252, .T. ) ;
#82 = ORIENTED_EDGE ( 'NONE', *, *, #1569, .F. ) ;
#83 = CARTESIAN_POINT ( 'NONE',  ( -0.5109846317687727346, 0.1667887550276296871, 0.01000000000000000021 ) ) ;
#84 = DIRECTION ( 'NONE',  ( 1.000000000000000000, 0.000000000000000000, 0.000000000000000000 ) ) ;
#85 = VERTEX_POINT ( 'NONE', #3735 ) ;
#86 = CARTESIAN_POINT ( 'NONE',  ( -0.5121463089279388869, 0.1429465685809253039, -0.000000000000000000 ) ) ;
#87 = PRESENTATION_LAYER_ASSIGNMENT (  '', '', ( #2028 ) ) ;
#88 = CARTESIAN_POINT ( 'NONE',  ( -0.3687940748585751272, 0.03083139733152467227, 0.01000000000000000021 ) ) ;
#89 =( GEOMETRIC_REPRESENTATION_CONTEXT ( 3 ) GLOBAL_UNCERTAINTY_ASSIGNED_CONTEXT ( ( #3711 ) ) GLOBAL_UNIT_ASSIGNED_CONTEXT ( ( #1700, #1966, #2325 ) ) REPRESENTATION_CONTEXT ( 'NONE', 'WORKASPACE' ) );
#90 = LINE ( 'NONE', #3975, #3198 ) ;
#91 = DIRECTION ( 'NONE',  ( -1.000000000000000000, 0.000000000000000000, 0.000000000000000000 ) ) ;
#92 = FACE_OUTER_BOUND ( 'NONE', #3548, .T. ) ;
#93 = CARTESIAN_POINT ( 'NONE',  ( 0.03140154134424945342, 0.01769936639644365331, 0.01000000000000000021 ) ) ;
#94 = CARTESIAN_POINT ( 'NONE',  ( 0.009900471577858236186, 0.03454941651998851004, 0.01000000000000000021 ) ) ;
#95 = VECTOR ( 'NONE', #1446, 1000.000000000000000 ) ;
#96 = ORIENTED_EDGE ( 'NONE', *, *, #681, .T. ) ;
#97 = CARTESIAN_POINT ( 'NONE',  ( -0.5344772265215361751, 0.1038991827851072913, 0.01000000000000000021 ) ) ;
#98 = CARTESIAN_POINT ( 'NONE',  ( 0.1332103520238454575, 0.2768195222051002546, 0.000000000000000000 ) ) ;
#99 = ORIENTED_EDGE ( 'NONE', *, *, #4041, .F. ) ;
#100 = CARTESIAN_POINT ( 'NONE',  ( 0.04696934474487004380, 0.2912596004883941103, 0.000000000000000000 ) ) ;
#101 = CARTESIAN_POINT ( 'NONE',  ( 0.3185678028270528261, 0.000000000000000000, 0.01000000000000000021 ) ) ;
#102 =( LENGTH_UNIT ( ) NAMED_UNIT ( * ) SI_UNIT ( .MILLI., .METRE. ) );
#103 = CARTESIAN_POINT ( 'NONE',  ( -0.4460862011695178597, 0.2900600524590512541, 6.776263578034402713E-18 ) ) ;
#104 = VECTOR ( 'NONE', #3510, 1000.000000000000000 ) ;
#105 = ORIENTED_EDGE ( 'NONE', *, *, #3304, .F. ) ;
#106 = EDGE_CURVE ( 'NONE', #139, #85, #2539, .T. ) ;
#107 = LINE ( 'NONE', #1474, #4149 ) ;
#108 = CARTESIAN_POINT ( 'NONE',  ( 0.02385248600042177980, 0.02286809479150352445, 0.01000000000000000021 ) ) ;
#109 = CARTESIAN_POINT ( 'NONE',  ( 0.1020768162575665938, -0.006742611482320524582, 6.776263578034402713E-18 ) ) ;
#110 = EDGE_LOOP ( 'NONE', ( #2469, #748, #3987, #3565 ) ) ;
#111 = EDGE_CURVE ( 'NONE', #3091, #4242, #107, .T. ) ;
#112 =( LENGTH_UNIT ( ) NAMED_UNIT ( * ) SI_UNIT ( .MILLI., .METRE. ) );
#113 = CARTESIAN_POINT ( 'NONE',  ( 0.1677237191143954309, 0.2703379555579192295, 6.776263578034402713E-18 ) ) ;
#114 = ORIENTED_EDGE ( 'NONE', *, *, #3657, .F. ) ;
#115 = ORIENTED_EDGE ( 'NONE', *, *, #3575, .T. ) ;
#116 = CARTESIAN_POINT ( 'NONE',  ( 0.02336039668550575141, 0.2770157573063153356, 0.000000000000000000 ) ) ;
#117 = LINE ( 'NONE', #2177, #2188 ) ;
#118 = SURFACE_SIDE_STYLE ('',( #3612 ) ) ;
#119 = CARTESIAN_POINT ( 'NONE',  ( -0.4404745348332977928, 0.2919153767657858833, 6.776263578034402713E-18 ) ) ;
#120 = CARTESIAN_POINT ( 'NONE',  ( -0.3824790460547761728, 0.03119030045723342540, 0.01000000000000000021 ) ) ;
#121 = CYLINDRICAL_SURFACE ( 'NONE', #1745, 0.4000000000000001887 ) ;
#122 = VERTEX_POINT ( 'NONE', #2732 ) ;
#123 = CARTESIAN_POINT ( 'NONE',  ( 0.009900471577858236186, 0.03454941651998851004, 0.01000000000000000021 ) ) ;
#124 = CARTESIAN_POINT ( 'NONE',  ( -0.008355274096024017938, 0.05522836538461538269, 6.776263578034402713E-18 ) ) ;
#125 = FACE_BOUND ( 'NONE', #1534, .T. ) ;
#126 = CARTESIAN_POINT ( 'NONE',  ( -0.5391245048652548721, 0.1462139423076923017, 0.01000000000000000021 ) ) ;
#127 = CARTESIAN_POINT ( 'NONE',  ( -0.3543288317883316885, 0.03076923076923076747, 0.01000000000000000021 ) ) ;
#128 = ORIENTED_EDGE ( 'NONE', *, *, #426, .T. ) ;
#129 = CARTESIAN_POINT ( 'NONE',  ( 0.01520241821166827892, 0.07307692307692308098, 0.01000000000000000021 ) ) ;
#130 = CARTESIAN_POINT ( 'NONE',  ( -0.2929706587114087046, 0.2999999999999999889, 0.01000000000000000021 ) ) ;
#131 = CARTESIAN_POINT ( 'NONE',  ( -0.4063076951288357441, 0.03259747319825878620, 6.776263578034402713E-18 ) ) ;
#132 = EDGE_CURVE ( 'NONE', #1007, #834, #1886, .T. ) ;
#133 = EDGE_LOOP ( 'NONE', ( #1401, #2287, #3725, #437 ) ) ;
#134 = CARTESIAN_POINT ( 'NONE',  ( -0.4211364704605603526, 0.2959343974568476310, 0.01000000000000000021 ) ) ;
#135 = B_SPLINE_CURVE_WITH_KNOTS ( 'NONE', 3,
 ( #350, #2685, #1382, #3608, #1349, #695, #2311, #2016, #3984, #2668, #3281 ),
 .UNSPECIFIED., .F., .F.,
 ( 4, 1, 1, 1, 1, 1, 1, 1, 4 ),
 ( 0.000000000000000000, 0.1285151895116614373, 0.2529486363526579629, 0.3747547340060043974, 0.4959397538670500816, 0.6171806414298928178, 0.7409094692781376112, 0.8678111481862029741, 1.000000000000000000 ),
 .UNSPECIFIED. ) ;
#136 = ORIENTED_EDGE ( 'NONE', *, *, #1235, .F. ) ;
#137 = ORIENTED_EDGE ( 'NONE', *, *, #3896, .T. ) ;
#138 = ORIENTED_EDGE ( 'NONE', *, *, #1439, .F. ) ;
#139 = VERTEX_POINT ( 'NONE', #2500 ) ;
#140 = VECTOR ( 'NONE', #1989, 1000.000000000000000 ) ;
#141 = DIRECTION ( 'NONE',  ( 0.000000000000000000, -1.000000000000000000, 0.000000000000000000 ) ) ;
#142 = CARTESIAN_POINT ( 'NONE',  ( 0.05591258056229378437, 0.004770647326248448651, 0.01000000000000000021 ) ) ;
#143 =( GEOMETRIC_REPRESENTATION_CONTEXT ( 3 ) GLOBAL_UNCERTAINTY_ASSIGNED_CONTEXT ( ( #2623 ) ) GLOBAL_UNIT_ASSIGNED_CONTEXT ( ( #2951, #335, #4291 ) ) REPRESENTATION_CONTEXT ( 'NONE', 'WORKASPACE' ) );
#144 = PLANE ( 'NONE',  #4272 ) ;
#145 = CARTESIAN_POINT ( 'NONE',  ( 1.663507616997317973, -1.539999999999999591, -0.02889172947462112159 ) ) ;
#146 = EDGE_CURVE ( 'NONE', #1737, #3084, #888, .T. ) ;
#147 = DIRECTION ( 'NONE',  ( 1.000000000000000000, 2.168404344971008868E-16, -0.000000000000000000 ) ) ;
#148 =( NAMED_UNIT ( * ) SI_UNIT ( $, .STERADIAN. ) SOLID_ANGLE_UNIT ( ) );
#149 = CARTESIAN_POINT ( 'NONE',  ( 0.2560271703494431672, 0.1671188347536713414, 0.01000000000000000021 ) ) ;
#150 = CARTESIAN_POINT ( 'NONE',  ( 0.2839524182116682227, 0.1517427884615384359, 6.776263578034402713E-18 ) ) ;
#151 = VECTOR ( 'NONE', #2503, 1000.000000000000000 ) ;
#152 = LINE ( 'NONE', #2367, #1678 ) ;
#153 = ORIENTED_EDGE ( 'NONE', *, *, #2594, .T. ) ;
#154 = VECTOR ( 'NONE', #46, 1000.000000000000000 ) ;
#155 = VERTEX_POINT ( 'NONE', #1201 ) ;
#156 = DIRECTION ( 'NONE',  ( 0.000000000000000000, -0.000000000000000000, 1.000000000000000000 ) ) ;
#157 = PLANE ( 'NONE',  #1880 ) ;
#158 = SURFACE_STYLE_USAGE ( .BOTH. , #2057 ) ;
#159 = CARTESIAN_POINT ( 'NONE',  ( -0.4984662982951044707, 0.03707765577577403632, 5.082197683525802034E-18 ) ) ;
#160 = LINE ( 'NONE', #4139, #2709 ) ;
#161 = CARTESIAN_POINT ( 'NONE',  ( -0.8622014279421779115, 0.000000000000000000, 0.01000000000000000021 ) ) ;
#162 = CARTESIAN_POINT ( 'NONE',  ( -2.293928171141429662, 3.474214125298947131, 0.1999999999999997613 ) ) ;
#163 = CARTESIAN_POINT ( 'NONE',  ( -0.3535475817883317884, 0.2999999999999999889, 0.01000000000000000021 ) ) ;
#164 = CARTESIAN_POINT ( 'NONE',  ( 0.1861130716743210900, 0.2967291666611674983, 0.01000000000000000021 ) ) ;
#165 = EDGE_LOOP ( 'NONE', ( #1114, #4252, #998, #1505 ) ) ;
#166 = PRODUCT ( 'RES-SMD_L6.3-W3', 'RES-SMD_L6.3-W3', '', ( #3285 ) ) ;
#167 = ORIENTED_EDGE ( 'NONE', *, *, #1024, .T. ) ;
#168 = CARTESIAN_POINT ( 'NONE',  ( 0.1873867524427171860, 0.03707472399607270735, 0.000000000000000000 ) ) ;
#169 =( NAMED_UNIT ( * ) PLANE_ANGLE_UNIT ( ) SI_UNIT ( $, .RADIAN. ) );
#170 = ORIENTED_EDGE ( 'NONE', *, *, #1834, .T. ) ;
#171 = DIRECTION ( 'NONE',  ( -6.994852725712931474E-17, -1.000000000000000000, 0.000000000000000000 ) ) ;
#172 = LINE ( 'NONE', #3067, #845 ) ;
#173 = CARTESIAN_POINT ( 'NONE',  ( 0.1759602107200207710, 0.2674729200787451799, 0.000000000000000000 ) ) ;
#174 = STYLED_ITEM ( 'NONE', ( #1046 ), #1982 ) ;
#175 = CARTESIAN_POINT ( 'NONE',  ( -1.747188556591412034, 3.474214125298947131, 0.1899999999999998912 ) ) ;
#176 = DIRECTION ( 'NONE',  ( 1.000000000000000000, -6.994852725712931474E-17, 0.000000000000000000 ) ) ;
#177 = DIRECTION ( 'NONE',  ( -0.000000000000000000, -0.000000000000000000, -1.000000000000000000 ) ) ;
#178 = CARTESIAN_POINT ( 'NONE',  ( 0.2252395500206335055, 0.2341586863871911450, 0.01000000000000000021 ) ) ;
#179 = CARTESIAN_POINT ( 'NONE',  ( 0.1556357244721444377, 0.3051289652174923872, 0.01000000000000000021 ) ) ;
#180 = CYLINDRICAL_SURFACE ( 'NONE', #3940, 0.3999999999999999667 ) ;
#181 = VERTEX_POINT ( 'NONE', #824 ) ;
#182 = ORIENTED_EDGE ( 'NONE', *, *, #1417, .T. ) ;
#183 = CARTESIAN_POINT ( 'NONE',  ( -0.4097809380044901140, 0.2974046574815328858, 0.01000000000000000021 ) ) ;
#184 = CARTESIAN_POINT ( 'NONE',  ( -0.5775860433267933081, 0.000000000000000000, 0.01000000000000000021 ) ) ;
#185 = CARTESIAN_POINT ( 'NONE',  ( 0.2356292357735091103, 0.07837518412771067589, 0.000000000000000000 ) ) ;
#186 = ADVANCED_FACE ( 'NONE', ( #532 ), #2119, .T. ) ;
#187 = ORIENTED_EDGE ( 'NONE', *, *, #3760, .F. ) ;
#188 = CARTESIAN_POINT ( 'NONE',  ( -0.5100902121498139818, 0.05087798439135420014, 5.082197683525802034E-18 ) ) ;
#189 = EDGE_LOOP ( 'NONE', ( #2815, #2611, #688, #2751, #1090, #537, #584, #1414 ) ) ;
#190 = EDGE_LOOP ( 'NONE', ( #1858, #354, #352, #3190 ) ) ;
#191 = CARTESIAN_POINT ( 'NONE',  ( 0.2839524182116682227, 0.1517427884615384359, 6.776263578034402713E-18 ) ) ;
#192 = CARTESIAN_POINT ( 'NONE',  ( 0.2835568519439041202, 0.1677556208704023277, 6.776263578034402713E-18 ) ) ;
#193 = ORIENTED_EDGE ( 'NONE', *, *, #507, .T. ) ;
#194 = MECHANICAL_DESIGN_GEOMETRIC_PRESENTATION_REPRESENTATION (  '', ( #3899 ), #3514 ) ;
#195 = EDGE_CURVE ( 'NONE', #1033, #3598, #4254, .T. ) ;
#196 = UNCERTAINTY_MEASURE_WITH_UNIT (LENGTH_MEASURE( 1.000000000000000082E-05 ), #1137, 'distance_accuracy_value', 'NONE');
#197 = VECTOR ( 'NONE', #2479, 1000.000000000000227 ) ;
#198 = DIRECTION ( 'NONE',  ( -0.4285842068721728571, 0.9035018415143106774, 0.000000000000000000 ) ) ;
#199 = CARTESIAN_POINT ( 'NONE',  ( 0.2567088355767033758, 0.1365596131074418851, 0.000000000000000000 ) ) ;
#200 = FACE_BOUND ( 'NONE', #1698, .T. ) ;
#201 = COLOUR_RGB ( '',0.6470588235294117974, 0.6196078431372549211, 0.5882352941176470784 ) ;
#202 = DIRECTION ( 'NONE',  ( 1.445602896647339163E-16, -1.000000000000000000, 0.000000000000000000 ) ) ;
#203 = ORIENTED_EDGE ( 'NONE', *, *, #666, .F. ) ;
#204 = B_SPLINE_CURVE_WITH_KNOTS ( 'NONE', 3,
 ( #3918, #2295, #1319, #3249, #2606, #3264, #3589, #1951, #315, #2279, #2618, #3604, #1648, #3935, #649, #3291, #364, #3952, #2961 ),
 .UNSPECIFIED., .F., .F.,
 ( 4, 1, 1, 1, 1, 1, 1, 1, 1, 1, 1, 1, 1, 1, 1, 1, 4 ),
 ( 0.000000000000000000, 0.07015117599727851982, 0.1378126061901916166, 0.2032262471813942040, 0.2671740552944739666, 0.3300240034081788343, 0.3917942717866855773, 0.4530843989971402586, 0.5143339076458773862, 0.5749999928182691900, 0.6348654826222128733, 0.6941163151896413419, 0.7534416217804381644, 0.8131258003036119231, 0.8740796856370746104, 0.9360070132744069404, 1.000000000000000000 ),
 .UNSPECIFIED. ) ;
#205 = ORIENTED_EDGE ( 'NONE', *, *, #3816, .F. ) ;
#206 = FILL_AREA_STYLE_COLOUR ( '', #3939 ) ;
#207 = CARTESIAN_POINT ( 'NONE',  ( 0.2838430472292969853, 0.1466087475369048654, 0.01000000000000000021 ) ) ;
#208 = COLOUR_RGB ( '',0.2039215686274509776, 0.2039215686274509776, 0.2039215686274509776 ) ;
#209 = CARTESIAN_POINT ( 'NONE',  ( 0.01883089460400073911, 0.06909370175367775258, 0.01000000000000000021 ) ) ;
#210 = CARTESIAN_POINT ( 'NONE',  ( -0.4632906224802038619, 0.04886592765869830768, 0.01000000000000000021 ) ) ;
#211 = VECTOR ( 'NONE', #3078, 1000.000000000000000 ) ;
#212 = CARTESIAN_POINT ( 'NONE',  ( -0.3689955892330983311, 0.2998887760350053555, 0.01000000000000000021 ) ) ;
#213 = VECTOR ( 'NONE', #2182, 1000.000000000000000 ) ;
#214 = CARTESIAN_POINT ( 'NONE',  ( 0.01520241821166827892, 0.2269230769230768940, 0.01000000000000000021 ) ) ;
#215 = SURFACE_SIDE_STYLE ('',( #665 ) ) ;
#216 = ORIENTED_EDGE ( 'NONE', *, *, #482, .F. ) ;
#217 = CARTESIAN_POINT ( 'NONE',  ( -0.5380104137686970711, 0.1244294060468676411, 0.01000000000000000021 ) ) ;
#218 = PLANE ( 'NONE',  #780 ) ;
#219 = PRESENTATION_STYLE_ASSIGNMENT (( #1230 ) ) ;
#220 = EDGE_CURVE ( 'NONE', #2118, #2378, #64, .T. ) ;
#221 = ORIENTED_EDGE ( 'NONE', *, *, #2928, .F. ) ;
#222 = STYLED_ITEM ( 'NONE', ( #257 ), #1289 ) ;
#223 = DIRECTION ( 'NONE',  ( -0.000000000000000000, -0.000000000000000000, -1.000000000000000000 ) ) ;
#224 = ORIENTED_EDGE ( 'NONE', *, *, #1158, .F. ) ;
#225 = ORIENTED_EDGE ( 'NONE', *, *, #2576, .T. ) ;
#226 = CARTESIAN_POINT ( 'NONE',  ( 0.000000000000000000, 0.000000000000000000, 0.01000000000000000021 ) ) ;
#227 = UNCERTAINTY_MEASURE_WITH_UNIT (LENGTH_MEASURE( 1.000000000000000082E-05 ), #3313, 'distance_accuracy_value', 'NONE');
#228 = DIRECTION ( 'NONE',  ( 1.000000000000000000, 0.000000000000000000, 0.000000000000000000 ) ) ;
#229 = CARTESIAN_POINT ( 'NONE',  ( -0.4331749856344855321, 0.2608173076923076539, 0.01000000000000000021 ) ) ;
#230 = CARTESIAN_POINT ( 'NONE',  ( 0.2570293412885913398, 0.1496995192307692124, 0.000000000000000000 ) ) ;
#231 = VECTOR ( 'NONE', #147, 1000.000000000000000 ) ;
#232 = EDGE_CURVE ( 'NONE', #3123, #3768, #2027, .T. ) ;
#233 = CARTESIAN_POINT ( 'NONE',  ( -0.5153463615668992803, 0.05864160108727537596, 0.01000000000000000021 ) ) ;
#234 = B_SPLINE_CURVE_WITH_KNOTS ( 'NONE', 3,
 ( #2494, #2836, #3166, #2533, #3137, #1170, #2173, #1196, #3487, #2865, #2521, #534, #3501, #1546, #3892, #3209, #2239, #1612, #1239 ),
 .UNSPECIFIED., .F., .F.,
 ( 4, 1, 1, 1, 1, 1, 1, 1, 1, 1, 1, 1, 1, 1, 1, 1, 4 ),
 ( 0.000000000000000000, 0.06432321657984210739, 0.1262901037035558394, 0.1867264692161327844, 0.2461464323353445560, 0.3055756426461386233, 0.3654293856180518274, 0.4263263089482599022, 0.4888399064006411776, 0.5517249718140472270, 0.6139185964661588724, 0.6754837657683960828, 0.7373338970992854291, 0.8002290443945262455, 0.8645022981233226878, 0.9310407391556970724, 1.000000000000000000 ),
 .UNSPECIFIED. ) ;
#235 = SURFACE_STYLE_FILL_AREA ( #2544 ) ;
#236 =( NAMED_UNIT ( * ) PLANE_ANGLE_UNIT ( ) SI_UNIT ( $, .RADIAN. ) );
#237 = CARTESIAN_POINT ( 'NONE',  ( 2.293928171141427885, 1.540000000000000036, 0.2999999999999997669 ) ) ;
#238 = EDGE_LOOP ( 'NONE', ( #221, #3745, #873, #1385, #3136, #844 ) ) ;
#239 = DIRECTION ( 'NONE',  ( -1.000000000000000000, -2.168404344971008868E-16, 0.000000000000000000 ) ) ;
#240 = CARTESIAN_POINT ( 'NONE',  ( -0.5096228066115162658, 0.1176032869193321811, 1.016439536705160407E-17 ) ) ;
#241 = EDGE_CURVE ( 'NONE', #1793, #3978, #1427, .T. ) ;
#242 = CARTESIAN_POINT ( 'NONE',  ( -0.3704802829228174277, 0.2687476557441080827, 0.01000000000000000021 ) ) ;
#243 = EDGE_LOOP ( 'NONE', ( #15, #2926, #3157, #3139 ) ) ;
#244 = ORIENTED_EDGE ( 'NONE', *, *, #3304, .T. ) ;
#245 = CARTESIAN_POINT ( 'NONE',  ( -0.5285315124017853083, 0.08468542887962622612, 0.01000000000000000021 ) ) ;
#246 = ORIENTED_EDGE ( 'NONE', *, *, #3601, .T. ) ;
#247 = ADVANCED_FACE ( 'NONE', ( #1687 ), #737, .T. ) ;
#248 = COLOUR_RGB ( '',0.6470588235294117974, 0.6196078431372549211, 0.5882352941176470784 ) ;
#249 = CARTESIAN_POINT ( 'NONE',  ( -0.3198937356344855321, 0.03076923076923076747, 0.01000000000000000021 ) ) ;
#250 = SURFACE_SIDE_STYLE ('',( #1586 ) ) ;
#251 = CARTESIAN_POINT ( 'NONE',  ( 0.2627119645880857113, 0.06794739580827154068, 0.01000000000000000021 ) ) ;
#252 =( NAMED_UNIT ( * ) SI_UNIT ( $, .STERADIAN. ) SOLID_ANGLE_UNIT ( ) );
#253 = FILL_AREA_STYLE_COLOUR ( '', #2902 ) ;
#254 = VECTOR ( 'NONE', #3318, 1000.000000000000000 ) ;
#255 = DIRECTION ( 'NONE',  ( 2.168404344971008868E-16, -1.000000000000000000, 0.000000000000000000 ) ) ;
#256 = CARTESIAN_POINT ( 'NONE',  ( -0.4254213614871165672, 0.03489406044990245315, 0.000000000000000000 ) ) ;
#257 = PRESENTATION_STYLE_ASSIGNMENT (( #984 ) ) ;
#258 = CARTESIAN_POINT ( 'NONE',  ( 0.2570293412885913398, 0.1496995192307692124, 0.01000000000000000021 ) ) ;
#259 = EDGE_CURVE ( 'NONE', #481, #1200, #1640, .T. ) ;
#260 = CARTESIAN_POINT ( 'NONE',  ( -0.5122014279421779337, 0.1462740384615384415, 0.01000000000000000021 ) ) ;
#261 =( GEOMETRIC_REPRESENTATION_CONTEXT ( 3 ) GLOBAL_UNCERTAINTY_ASSIGNED_CONTEXT ( ( #1081 ) ) GLOBAL_UNIT_ASSIGNED_CONTEXT ( ( #544, #2547, #1576 ) ) REPRESENTATION_CONTEXT ( 'NONE', 'WORKASPACE' ) );
#262 = AXIS2_PLACEMENT_3D ( 'NONE', #460, #802, #1151 ) ;
#263 = LINE ( 'NONE', #1139, #1826 ) ;
#264 = VERTEX_POINT ( 'NONE', #3865 ) ;
#265 = CARTESIAN_POINT ( 'NONE',  ( -0.5318712967983471041, 0.09409962125205974248, 0.01000000000000000021 ) ) ;
#266 = VECTOR ( 'NONE', #1053, 1000.000000000000000 ) ;
#267 = DIRECTION ( 'NONE',  ( 1.000000000000000000, 0.000000000000000000, 0.000000000000000000 ) ) ;
#268 = CARTESIAN_POINT ( 'NONE',  ( -2.146530383509388074, 1.539999999999999591, 0.000000000000000000 ) ) ;
#269 = EDGE_CURVE ( 'NONE', #2687, #3542, #3826, .T. ) ;
#270 = PLANE ( 'NONE',  #986 ) ;
#271 = DIRECTION ( 'NONE',  ( 0.000000000000000000, 1.000000000000000000, 0.000000000000000000 ) ) ;
#272 = ADVANCED_FACE ( 'NONE', ( #1327 ), #4206, .T. ) ;
#273 = VERTEX_POINT ( 'NONE', #2598 ) ;
#274 = CARTESIAN_POINT ( 'NONE',  ( 0.2504770483993697949, 0.1917089531498361588, 6.776263578034402713E-18 ) ) ;
#275 = CARTESIAN_POINT ( 'NONE',  ( -0.5389430941657467056, 0.1588985913332284228, 0.000000000000000000 ) ) ;
#276 = DIRECTION ( 'NONE',  ( 1.000000000000000000, -0.000000000000000000, 1.205012674960150487E-16 ) ) ;
#277 = CARTESIAN_POINT ( 'NONE',  ( -0.3903679026374595185, 3.689968152437262885E-05, 0.01000000000000000021 ) ) ;
#278 = EDGE_CURVE ( 'NONE', #2292, #1594, #431, .T. ) ;
#279 = FILL_AREA_STYLE_COLOUR ( '', #2443 ) ;
#280 = CARTESIAN_POINT ( 'NONE',  ( 0.1021712099820192704, 0.3067715113238134172, 0.01000000000000000021 ) ) ;
#281 = SURFACE_STYLE_USAGE ( .BOTH. , #3184 ) ;
#282 = EDGE_CURVE ( 'NONE', #2867, #1793, #1383, .T. ) ;
#283 = DIRECTION ( 'NONE',  ( -1.445602896647339163E-16, 1.000000000000000000, -0.000000000000000000 ) ) ;
#284 = SURFACE_SIDE_STYLE ('',( #572 ) ) ;
#285 = CARTESIAN_POINT ( 'NONE',  ( -0.4765280522559638410, 0.05864149417298700900, 0.01000000000000000021 ) ) ;
#286 = CARTESIAN_POINT ( 'NONE',  ( 0.2504770483993697949, 0.1917089531498361588, 0.01000000000000000021 ) ) ;
#287 = AXIS2_PLACEMENT_3D ( 'NONE', #2014, #2341, #3997 ) ;
#288 = CARTESIAN_POINT ( 'NONE',  ( -0.3837047704644246382, 0.2680986859206195838, 6.776263578034402713E-18 ) ) ;
#289 = CARTESIAN_POINT ( 'NONE',  ( -0.7885836394806394756, 0.09615384615384615918, 0.01000000000000000021 ) ) ;
#290 = ORIENTED_EDGE ( 'NONE', *, *, #3241, .F. ) ;
#291 = EDGE_CURVE ( 'NONE', #849, #1737, #3398, .T. ) ;
#292 = ADVANCED_FACE ( 'NONE', ( #2532 ), #1459, .F. ) ;
#293 = EDGE_LOOP ( 'NONE', ( #2605, #1595, #170, #3238 ) ) ;
#294 = CARTESIAN_POINT ( 'NONE',  ( -2.146530383509388962, 1.539999999999999591, -0.4000000000000000222 ) ) ;
#295 = CARTESIAN_POINT ( 'NONE',  ( 0.3185678028270528261, 0.03076923076923076747, 0.01000000000000000021 ) ) ;
#296 =( LENGTH_UNIT ( ) NAMED_UNIT ( * ) SI_UNIT ( .MILLI., .METRE. ) );
#297 = CARTESIAN_POINT ( 'NONE',  ( 2.063815258520282470, -1.539999999999999591, 0.4344330821015152666 ) ) ;
#298 = CARTESIAN_POINT ( 'NONE',  ( 0.1923180657172617325, 0.005330421090255068294, 0.01000000000000000021 ) ) ;
#299 = ORIENTED_EDGE ( 'NONE', *, *, #2977, .T. ) ;
#300 = FILL_AREA_STYLE_COLOUR ( '', #1622 ) ;
#301 =( LENGTH_UNIT ( ) NAMED_UNIT ( * ) SI_UNIT ( .MILLI., .METRE. ) );
#302 = LINE ( 'NONE', #2918, #3700 ) ;
#303 = APPLICATION_CONTEXT ( 'automotive_design' ) ;
#304 = MECHANICAL_DESIGN_GEOMETRIC_PRESENTATION_REPRESENTATION (  '', ( #4208 ), #3108 ) ;
#305 = LINE ( 'NONE', #3658, #3097 ) ;
#306 = DIRECTION ( 'NONE',  ( 1.000000000000000000, 0.000000000000000000, 0.000000000000000000 ) ) ;
#307 = CARTESIAN_POINT ( 'NONE',  ( 0.1762960470554399972, -0.0003656491961053246419, 6.776263578034402713E-18 ) ) ;
#308 = ORIENTED_EDGE ( 'NONE', *, *, #3016, .F. ) ;
#309 = ADVANCED_BREP_SHAPE_REPRESENTATION ( 'RES-SMD_L6.3-W3', ( #1779, #3681 ), #143 ) ;
#310 = CARTESIAN_POINT ( 'NONE',  ( 0.02022127551290826483, 0.2329044671134591071, 0.01000000000000000021 ) ) ;
#311 = COLOUR_RGB ( '',0.6470588235294117974, 0.6196078431372549211, 0.5882352941176470784 ) ;
#312 = ORIENTED_EDGE ( 'NONE', *, *, #4288, .T. ) ;
#313 = CARTESIAN_POINT ( 'NONE',  ( 0.2726530107789131852, 0.2125095434472810130, 0.01000000000000000021 ) ) ;
#314 = ADVANCED_FACE ( 'NONE', ( #2843 ), #3723, .T. ) ;
#315 = CARTESIAN_POINT ( 'NONE',  ( -0.4963534276480899288, 0.2116148902130454146, 0.01000000000000000021 ) ) ;
#316 = ORIENTED_EDGE ( 'NONE', *, *, #232, .T. ) ;
#317 = VECTOR ( 'NONE', #3438, 1000.000000000000000 ) ;
#318 = CARTESIAN_POINT ( 'NONE',  ( 1.499999999999999556, 1.539999999999999813, 0.5999999999999999778 ) ) ;
#319 =( GEOMETRIC_REPRESENTATION_CONTEXT ( 3 ) GLOBAL_UNCERTAINTY_ASSIGNED_CONTEXT ( ( #3251 ) ) GLOBAL_UNIT_ASSIGNED_CONTEXT ( ( #840, #1538, #798 ) ) REPRESENTATION_CONTEXT ( 'NONE', 'WORKASPACE' ) );
#320 = PRESENTATION_LAYER_ASSIGNMENT (  '', '', ( #1368 ) ) ;
#321 = VECTOR ( 'NONE', #3199, 1000.000000000000000 ) ;
#322 = VERTEX_POINT ( 'NONE', #369 ) ;
#323 = CARTESIAN_POINT ( 'NONE',  ( -0.002853398989587255935, 0.2522106297489393745, 0.01000000000000000021 ) ) ;
#324 = CARTESIAN_POINT ( 'NONE',  ( 0.04316176860916509650, 0.2530390486501388203, 0.01000000000000000021 ) ) ;
#325 = VECTOR ( 'NONE', #1878, 1000.000000000000000 ) ;
#326 = CARTESIAN_POINT ( 'NONE',  ( -0.5332688616705441031, 0.1947776856131563095, 0.01000000000000000021 ) ) ;
#327 = ORIENTED_EDGE ( 'NONE', *, *, #3377, .T. ) ;
#328 = FILL_AREA_STYLE_COLOUR ( '', #2945 ) ;
#329 = CARTESIAN_POINT ( 'NONE',  ( 0.2212686969531550141, 0.02173995964940570597, 0.01000000000000000021 ) ) ;
#330 = ORIENTED_EDGE ( 'NONE', *, *, #13, .T. ) ;
#331 = SURFACE_SIDE_STYLE ('',( #4285 ) ) ;
#332 = ORIENTED_EDGE ( 'NONE', *, *, #586, .T. ) ;
#333 =( NAMED_UNIT ( * ) SI_UNIT ( $, .STERADIAN. ) SOLID_ANGLE_UNIT ( ) );
#334 = CARTESIAN_POINT ( 'NONE',  ( -2.214771495659211276, 1.539999999999999591, 0.2388917294746208675 ) ) ;
#335 =( NAMED_UNIT ( * ) PLANE_ANGLE_UNIT ( ) SI_UNIT ( $, .RADIAN. ) );
#336 = ADVANCED_FACE ( 'NONE', ( #2942 ), #2688, .T. ) ;
#337 = FACE_OUTER_BOUND ( 'NONE', #2019, .T. ) ;
#338 = CARTESIAN_POINT ( 'NONE',  ( -0.5121574318824065886, 0.1497826224870420220, 0.01000000000000000021 ) ) ;
#339 = CARTESIAN_POINT ( 'NONE',  ( 0.2402435756893009644, 0.03834984083158610169, 6.776263578034402713E-18 ) ) ;
#340 = STYLED_ITEM ( 'NONE', ( #3991 ), #272 ) ;
#341 = ORIENTED_EDGE ( 'NONE', *, *, #586, .F. ) ;
#342 = CARTESIAN_POINT ( 'NONE',  ( 0.1223538605193605355, 0.02307692307692307473, 5.082197683525802034E-18 ) ) ;
#343 = CARTESIAN_POINT ( 'NONE',  ( 0.02559206430067122173, 0.2384912852113059423, 0.01000000000000000021 ) ) ;
#344 = EDGE_CURVE ( 'NONE', #1981, #1594, #978, .T. ) ;
#345 = CARTESIAN_POINT ( 'NONE',  ( 0.1317803740996316419, -0.007625446230164882079, 0.01000000000000000021 ) ) ;
#346 = ORIENTED_EDGE ( 'NONE', *, *, #600, .T. ) ;
#347 = CARTESIAN_POINT ( 'NONE',  ( 0.2212686969531550141, 0.02173995964940570597, 0.000000000000000000 ) ) ;
#348 = PRESENTATION_LAYER_ASSIGNMENT (  '', '', ( #927 ) ) ;
#349 = VERTEX_POINT ( 'NONE', #1160 ) ;
#350 = CARTESIAN_POINT ( 'NONE',  ( 0.1223538605193605355, 0.02307692307692307473, 0.000000000000000000 ) ) ;
#351 = CARTESIAN_POINT ( 'NONE',  ( -0.008355274096024019673, 0.2449519230769230949, 3.388131789017201356E-18 ) ) ;
#352 = ORIENTED_EDGE ( 'NONE', *, *, #2437, .T. ) ;
#353 = EDGE_LOOP ( 'NONE', ( #1224, #3923, #316, #4202 ) ) ;
#354 = ORIENTED_EDGE ( 'NONE', *, *, #3453, .F. ) ;
#355 = ORIENTED_EDGE ( 'NONE', *, *, #4184, .T. ) ;
#356 = CARTESIAN_POINT ( 'NONE',  ( 0.1080272855539761018, 0.2765138248499778295, 0.01000000000000000021 ) ) ;
#357 = CARTESIAN_POINT ( 'NONE',  ( -0.4688461512656643682, 0.2803113922170010208, 0.01000000000000000021 ) ) ;
#358 = PRESENTATION_STYLE_ASSIGNMENT (( #985 ) ) ;
#359 = CARTESIAN_POINT ( 'NONE',  ( 0.04316176860916509650, 0.2530390486501388203, 0.000000000000000000 ) ) ;
#360 = COLOUR_RGB ( '',0.6470588235294117974, 0.6196078431372549211, 0.5882352941176470784 ) ;
#361 = CARTESIAN_POINT ( 'NONE',  ( 0.2813286409034687630, 0.1833362454380407236, 0.01000000000000000021 ) ) ;
#362 = LINE ( 'NONE', #2026, #1461 ) ;
#363 = CARTESIAN_POINT ( 'NONE',  ( -0.5377455807483076944, 0.1712996647098235237, 6.776263578034402713E-18 ) ) ;
#364 = CARTESIAN_POINT ( 'NONE',  ( -0.4421999854700472410, 0.2578596546440548587, 0.01000000000000000021 ) ) ;
#365 = DIRECTION ( 'NONE',  ( -0.000000000000000000, 0.000000000000000000, -1.000000000000000000 ) ) ;
#366 = EDGE_CURVE ( 'NONE', #264, #3037, #3095, .T. ) ;
#367 = LINE ( 'NONE', #3474, #4289 ) ;
#368 = PRESENTATION_LAYER_ASSIGNMENT (  '', '', ( #3481 ) ) ;
#369 = CARTESIAN_POINT ( 'NONE',  ( -0.2391245048652548000, 0.2692307692307692180, 0.01000000000000000021 ) ) ;
#370 = CARTESIAN_POINT ( 'NONE',  ( 2.214771495659209943, 3.474214125298948019, 0.2388917294746209508 ) ) ;
#371 = VECTOR ( 'NONE', #2198, 1000.000000000000000 ) ;
#372 = LINE ( 'NONE', #3346, #3924 ) ;
#373 = FACE_OUTER_BOUND ( 'NONE', #638, .T. ) ;
#374 = CARTESIAN_POINT ( 'NONE',  ( 0.2423355739025361555, 0.08885280013397579835, 5.082197683525802034E-18 ) ) ;
#375 = CARTESIAN_POINT ( 'NONE',  ( -0.7215163317883317440, 0.2415264423076922962, 0.01000000000000000021 ) ) ;
#376 = DIRECTION ( 'NONE',  ( -2.168404344971008868E-16, 1.000000000000000000, -0.000000000000000000 ) ) ;
#377 = ORIENTED_EDGE ( 'NONE', *, *, #1097, .F. ) ;
#378 = FACE_OUTER_BOUND ( 'NONE', #243, .T. ) ;
#379 = VERTEX_POINT ( 'NONE', #494 ) ;
#380 = CARTESIAN_POINT ( 'NONE',  ( 0.1221735720578221163, -0.007692307692307691867, 0.000000000000000000 ) ) ;
#381 = EDGE_CURVE ( 'NONE', #3906, #2017, #3500, .T. ) ;
#382 =( LENGTH_UNIT ( ) NAMED_UNIT ( * ) SI_UNIT ( .MILLI., .METRE. ) );
#383 = ORIENTED_EDGE ( 'NONE', *, *, #754, .F. ) ;
#384 = VERTEX_POINT ( 'NONE', #1485 ) ;
#385 = CARTESIAN_POINT ( 'NONE',  ( -0.5041758214501846913, 0.1948299434356964288, 6.776263578034402713E-18 ) ) ;
#386 = CARTESIAN_POINT ( 'NONE',  ( 0.2582245566236362477, 0.2390785278826080273, 0.000000000000000000 ) ) ;
#387 = CARTESIAN_POINT ( 'NONE',  ( 0.4339524182116682449, 0.03076923076923076747, 0.01000000000000000021 ) ) ;
#388 = CARTESIAN_POINT ( 'NONE',  ( -0.5380104137686970711, 0.1244294060468676411, 0.000000000000000000 ) ) ;
#389 = PRESENTATION_STYLE_ASSIGNMENT (( #3111 ) ) ;
#390 = FILL_AREA_STYLE ('',( #1393 ) ) ;
#391 = DIRECTION ( 'NONE',  ( 1.445602896647339163E-16, -1.000000000000000000, 0.000000000000000000 ) ) ;
#392 = AXIS2_PLACEMENT_3D ( 'NONE', #3771, #548, #2824 ) ;
#393 = FACE_OUTER_BOUND ( 'NONE', #2442, .T. ) ;
#394 = ORIENTED_EDGE ( 'NONE', *, *, #1662, .F. ) ;
#395 = CARTESIAN_POINT ( 'NONE',  ( -0.5071013253512199892, 0.1858566561063861589, 6.776263578034402713E-18 ) ) ;
#396 = DIRECTION ( 'NONE',  ( 2.168404344971008868E-16, -1.000000000000000000, 0.000000000000000000 ) ) ;
#397 =( NAMED_UNIT ( * ) SI_UNIT ( $, .STERADIAN. ) SOLID_ANGLE_UNIT ( ) );
#398 = ORIENTED_EDGE ( 'NONE', *, *, #3760, .T. ) ;
#399 = CARTESIAN_POINT ( 'NONE',  ( -0.2391245048652548000, 0.1769230769230769051, 0.01000000000000000021 ) ) ;
#400 = MECHANICAL_DESIGN_GEOMETRIC_PRESENTATION_REPRESENTATION (  '', ( #623 ), #1069 ) ;
#401 = CARTESIAN_POINT ( 'NONE',  ( -0.4253098653499333137, 0.2629922374439583321, 0.01000000000000000021 ) ) ;
#402 = DIRECTION ( 'NONE',  ( -1.000000000000000000, 0.000000000000000000, 0.000000000000000000 ) ) ;
#403 = MECHANICAL_DESIGN_GEOMETRIC_PRESENTATION_REPRESENTATION (  '', ( #1368 ), #461 ) ;
#404 = CARTESIAN_POINT ( 'NONE',  ( -3.149999999999999467, -1.540000000000000702, 0.1999999999999997613 ) ) ;
#405 = VERTEX_POINT ( 'NONE', #1511 ) ;
#406 = CARTESIAN_POINT ( 'NONE',  ( -0.4733889549565832855, 0.2393877494180237098, 0.01000000000000000021 ) ) ;
#407 =( LENGTH_UNIT ( ) NAMED_UNIT ( * ) SI_UNIT ( .MILLI., .METRE. ) );
#408 = VECTOR ( 'NONE', #1147, 1000.000000000000000 ) ;
#409 = CARTESIAN_POINT ( 'NONE',  ( -0.006459436106213869988, 0.05278221236261709109, -0.000000000000000000 ) ) ;
#410 = CARTESIAN_POINT ( 'NONE',  ( 0.1420945068953160251, 0.2759101686161062328, 6.776263578034402713E-18 ) ) ;
#411 = VECTOR ( 'NONE', #2040, 1000.000000000000000 ) ;
#412 = CARTESIAN_POINT ( 'NONE',  ( 1.747188556591410258, -1.539999999999999591, 0.5899999999999999689 ) ) ;
#413 = CARTESIAN_POINT ( 'NONE',  ( -0.5096228066115162658, 0.1176032869193321811, 0.000000000000000000 ) ) ;
#414 = VECTOR ( 'NONE', #3619, 1000.000000000000000 ) ;
#415 = VERTEX_POINT ( 'NONE', #3466 ) ;
#416 = CARTESIAN_POINT ( 'NONE',  ( -0.4379103353671311982, 0.03776963846453124107, 6.776263578034402713E-18 ) ) ;
#417 =( NAMED_UNIT ( * ) SI_UNIT ( $, .STERADIAN. ) SOLID_ANGLE_UNIT ( ) );
#418 = ORIENTED_EDGE ( 'NONE', *, *, #1439, .T. ) ;
#419 = LINE ( 'NONE', #591, #1202 ) ;
#420 = CARTESIAN_POINT ( 'NONE',  ( -0.4913902844900300271, 0.2193269787045148966, 0.000000000000000000 ) ) ;
#421 = ORIENTED_EDGE ( 'NONE', *, *, #2565, .F. ) ;
#422 = LINE ( 'NONE', #760, #2282 ) ;
#423 = PRESENTATION_LAYER_ASSIGNMENT (  '', '', ( #3298 ) ) ;
#424 = CARTESIAN_POINT ( 'NONE',  ( -0.4331749856344855321, 0.2608173076923076539, 0.01000000000000000021 ) ) ;
#425 = CARTESIAN_POINT ( 'NONE',  ( 2.214771495659210387, 1.540000000000000036, 0.2388917294746207565 ) ) ;
#426 = EDGE_CURVE ( 'NONE', #1068, #2038, #1361, .T. ) ;
#427 = CARTESIAN_POINT ( 'NONE',  ( 0.03927602984470044550, 0.01296014774366909157, 0.000000000000000000 ) ) ;
#428 = ORIENTED_EDGE ( 'NONE', *, *, #3727, .F. ) ;
#429 = DIRECTION ( 'NONE',  ( 0.000000000000000000, -0.000000000000000000, -1.000000000000000000 ) ) ;
#430 = CARTESIAN_POINT ( 'NONE',  ( 0.07722963376330498064, 0.2700745899655911941, 0.000000000000000000 ) ) ;
#431 = LINE ( 'NONE', #1554, #3880 ) ;
#432 = CARTESIAN_POINT ( 'NONE',  ( -0.4332020979149621143, 0.03640241337185039228, 6.776263578034402713E-18 ) ) ;
#433 = DIRECTION ( 'NONE',  ( -0.000000000000000000, -0.000000000000000000, -1.000000000000000000 ) ) ;
#434 = ORIENTED_EDGE ( 'NONE', *, *, #1133, .F. ) ;
#435 = CARTESIAN_POINT ( 'NONE',  ( -0.5121574318824065886, 0.1497826224870420220, -0.000000000000000000 ) ) ;
#436 = EDGE_LOOP ( 'NONE', ( #1486, #2251, #1316, #1990 ) ) ;
#437 = ORIENTED_EDGE ( 'NONE', *, *, #2366, .T. ) ;
#438 = VECTOR ( 'NONE', #3926, 1000.000000000000000 ) ;
#439 = CARTESIAN_POINT ( 'NONE',  ( 0.06465581784303603419, 0.001474610086933198600, 0.01000000000000000021 ) ) ;
#440 = CARTESIAN_POINT ( 'NONE',  ( 0.1020768162575665938, -0.006742611482320524582, 0.01000000000000000021 ) ) ;
#441 = CARTESIAN_POINT ( 'NONE',  ( 0.01672810386416273901, 0.02853847755763280411, 0.000000000000000000 ) ) ;
#442 = CARTESIAN_POINT ( 'NONE',  ( -0.4780454680913772125, 0.2747216977813418670, 6.776263578034402713E-18 ) ) ;
#443 = DIRECTION ( 'NONE',  ( 1.000000000000000000, 0.000000000000000000, 0.000000000000000000 ) ) ;
#444 = ORIENTED_EDGE ( 'NONE', *, *, #1907, .F. ) ;
#445 = DIRECTION ( 'NONE',  ( 0.9036123719369730800, 0.4283511191562798248, -0.000000000000000000 ) ) ;
#446 = EDGE_CURVE ( 'NONE', #1323, #2327, #1563, .T. ) ;
#447 = CARTESIAN_POINT ( 'NONE',  ( -0.4332020979149621143, 0.03640241337185039228, 0.01000000000000000021 ) ) ;
#448 = AXIS2_PLACEMENT_3D ( 'NONE', #1302, #2619, #2948 ) ;
#449 = ORIENTED_EDGE ( 'NONE', *, *, #3676, .F. ) ;
#450 = DIRECTION ( 'NONE',  ( 0.000000000000000000, 0.000000000000000000, -1.000000000000000000 ) ) ;
#451 = CARTESIAN_POINT ( 'NONE',  ( 0.1120428055620552171, -0.007577632719592775068, 0.01000000000000000021 ) ) ;
#452 =( NAMED_UNIT ( * ) SI_UNIT ( $, .STERADIAN. ) SOLID_ANGLE_UNIT ( ) );
#453 = DIRECTION ( 'NONE',  ( 0.000000000000000000, -0.000000000000000000, 1.000000000000000000 ) ) ;
#454 = EDGE_LOOP ( 'NONE', ( #2349, #1659, #167, #2704 ) ) ;
#455 = EDGE_CURVE ( 'NONE', #1520, #2767, #1306, .T. ) ;
#456 = ORIENTED_EDGE ( 'NONE', *, *, #278, .T. ) ;
#457 = CARTESIAN_POINT ( 'NONE',  ( -0.006517958560511499105, 0.2473759211281731096, -0.000000000000000000 ) ) ;
#458 = DIRECTION ( 'NONE',  ( -1.000000000000000000, 0.000000000000000000, 0.000000000000000000 ) ) ;
#459 = CARTESIAN_POINT ( 'NONE',  ( 0.1242168412885913259, 0.2769230769230768829, 0.01000000000000000021 ) ) ;
#460 = CARTESIAN_POINT ( 'NONE',  ( 1.747188556591410702, 3.474214125298948019, 0.1899999999999998912 ) ) ;
#461 =( GEOMETRIC_REPRESENTATION_CONTEXT ( 3 ) GLOBAL_UNCERTAINTY_ASSIGNED_CONTEXT ( ( #857 ) ) GLOBAL_UNIT_ASSIGNED_CONTEXT ( ( #535, #860, #1850 ) ) REPRESENTATION_CONTEXT ( 'NONE', 'WORKASPACE' ) );
#462 = PRESENTATION_STYLE_ASSIGNMENT (( #2741 ) ) ;
#463 = LINE ( 'NONE', #399, #2535 ) ;
#464 = LINE ( 'NONE', #27, #414 ) ;
#465 = CARTESIAN_POINT ( 'NONE',  ( 0.1221735720578221163, -0.007692307692307691867, 0.01000000000000000021 ) ) ;
#466 = CARTESIAN_POINT ( 'NONE',  ( -0.008355274096024017938, 0.05522836538461538269, 0.01000000000000000021 ) ) ;
#467 = LINE ( 'NONE', #964, #1257 ) ;
#468 = DIRECTION ( 'NONE',  ( 0.000000000000000000, -1.000000000000000000, 0.000000000000000000 ) ) ;
#469 = EDGE_CURVE ( 'NONE', #4062, #3048, #2156, .T. ) ;
#470 = CARTESIAN_POINT ( 'NONE',  ( -0.2391245048652548000, 0.2999999999999999889, 0.000000000000000000 ) ) ;
#471 = CARTESIAN_POINT ( 'NONE',  ( 0.07721918710076747239, 0.02983376901249513644, 0.01000000000000000021 ) ) ;
#472 = LINE ( 'NONE', #3838, #1096 ) ;
#473 = CARTESIAN_POINT ( 'NONE',  ( 0.03118934797748403737, 0.2437254504761103557, 0.000000000000000000 ) ) ;
#474 = CARTESIAN_POINT ( 'NONE',  ( 0.1993266149205903948, 0.2555851591164461922, 0.01000000000000000021 ) ) ;
#475 = CARTESIAN_POINT ( 'NONE',  ( -0.6671894087114085270, 0.1269230769230769162, 0.000000000000000000 ) ) ;
#476 = B_SPLINE_CURVE_WITH_KNOTS ( 'NONE', 3,
 ( #2769, #2439, #2094, #120, #2781, #3107, #2424, #1124, #447, #778, #3090 ),
 .UNSPECIFIED., .F., .F.,
 ( 4, 1, 1, 1, 1, 1, 1, 1, 4 ),
 ( 0.000000000000000000, 0.1719006646132703042, 0.3306279320958812051, 0.4755488358809185634, 0.6067461903123636535, 0.7250238034674899579, 0.8297423869584560352, 0.9213228203439749464, 1.000000000000000000 ),
 .UNSPECIFIED. ) ;
#477 = VERTEX_POINT ( 'NONE', #145 ) ;
#478 = VERTEX_POINT ( 'NONE', #470 ) ;
#479 = PLANE ( 'NONE',  #3144 ) ;
#480 = CARTESIAN_POINT ( 'NONE',  ( 0.04744927089375411411, 0.008620697071204143358, 0.01000000000000000021 ) ) ;
#481 = VERTEX_POINT ( 'NONE', #161 ) ;
#482 = EDGE_CURVE ( 'NONE', #2554, #3373, #3449, .T. ) ;
#483 = CARTESIAN_POINT ( 'NONE',  ( -0.5100902121498139818, 0.05087798439135420014, 0.01000000000000000021 ) ) ;
#484 = CARTESIAN_POINT ( 'NONE',  ( 2.146530383509388962, 1.539999999999999813, -0.4000000000000000222 ) ) ;
#485 = ORIENTED_EDGE ( 'NONE', *, *, #3667, .T. ) ;
#486 = AXIS2_PLACEMENT_3D ( 'NONE', #2885, #4191, #1605 ) ;
#487 = ORIENTED_EDGE ( 'NONE', *, *, #57, .F. ) ;
#488 =( GEOMETRIC_REPRESENTATION_CONTEXT ( 3 ) GLOBAL_UNCERTAINTY_ASSIGNED_CONTEXT ( ( #2181 ) ) GLOBAL_UNIT_ASSIGNED_CONTEXT ( ( #382, #2355, #417 ) ) REPRESENTATION_CONTEXT ( 'NONE', 'WORKASPACE' ) );
#489 = CARTESIAN_POINT ( 'NONE',  ( 0.2504770483993697949, 0.1917089531498361588, 0.01000000000000000021 ) ) ;
#490 = EDGE_CURVE ( 'NONE', #85, #889, #562, .T. ) ;
#491 = CARTESIAN_POINT ( 'NONE',  ( -0.3588163522060179300, 0.2999620654289171795, 0.01000000000000000021 ) ) ;
#492 = CARTESIAN_POINT ( 'NONE',  ( -2.214771495659211276, 1.539999999999999591, 0.2388917294746209508 ) ) ;
#493 = CARTESIAN_POINT ( 'NONE',  ( -0.4232823187021286238, 0.002138246980842503035, 5.082197683525802034E-18 ) ) ;
#494 = CARTESIAN_POINT ( 'NONE',  ( -0.5122014279421779337, 0.1462740384615384415, 0.01000000000000000021 ) ) ;
#495 = ORIENTED_EDGE ( 'NONE', *, *, #44, .T. ) ;
#496 = LINE ( 'NONE', #3243, #2927 ) ;
#497 = CARTESIAN_POINT ( 'NONE',  ( -0.5775860433267933081, 0.000000000000000000, 0.01000000000000000021 ) ) ;
#498 = CARTESIAN_POINT ( 'NONE',  ( -0.3588163522060179300, 0.2999620654289171795, -0.000000000000000000 ) ) ;
#499 = CARTESIAN_POINT ( 'NONE',  ( 0.2064456190157898385, 0.2507583003837437485, 0.01000000000000000021 ) ) ;
#500 = EDGE_CURVE ( 'NONE', #524, #415, #1960, .T. ) ;
#501 = ORIENTED_EDGE ( 'NONE', *, *, #2565, .T. ) ;
#502 = CARTESIAN_POINT ( 'NONE',  ( 0.1225341489808990103, 0.3076923076923076539, 6.776263578034402713E-18 ) ) ;
#503 = CARTESIAN_POINT ( 'NONE',  ( 1.584350941515100253, -1.539999999999999591, -0.09000000000000002442 ) ) ;
#504 = DIRECTION ( 'NONE',  ( 0.7915667548221735350, 1.716436790491002535E-16, -0.6110827052537922688 ) ) ;
#505 = ORIENTED_EDGE ( 'NONE', *, *, #1704, .F. ) ;
#506 = FACE_OUTER_BOUND ( 'NONE', #53, .T. ) ;
#507 = EDGE_CURVE ( 'NONE', #2661, #1848, #3971, .T. ) ;
#508 = CARTESIAN_POINT ( 'NONE',  ( 0.2355229261123981399, 0.2211972708066480831, 0.000000000000000000 ) ) ;
#509 = PLANE ( 'NONE',  #1278 ) ;
#510 = PRESENTATION_STYLE_ASSIGNMENT (( #3413 ) ) ;
#511 = PLANE ( 'NONE',  #1637 ) ;
#512 = DIRECTION ( 'NONE',  ( -1.000000000000000000, 0.000000000000000000, 0.000000000000000000 ) ) ;
#513 = CARTESIAN_POINT ( 'NONE',  ( 0.2380718672032050842, 0.2628669465358136614, 0.01000000000000000021 ) ) ;
#514 = COLOUR_RGB ( '',0.6470588235294117974, 0.6196078431372549211, 0.5882352941176470784 ) ;
#515 = VECTOR ( 'NONE', #1134, 1000.000000000000000 ) ;
#516 = VERTEX_POINT ( 'NONE', #3018 ) ;
#517 = CIRCLE ( 'NONE', #2312, 0.3999999999999999667 ) ;
#518 = ORIENTED_EDGE ( 'NONE', *, *, #3453, .T. ) ;
#519 = LINE ( 'NONE', #2362, #3927 ) ;
#520 = UNCERTAINTY_MEASURE_WITH_UNIT (LENGTH_MEASURE( 1.000000000000000082E-05 ), #4055, 'distance_accuracy_value', 'NONE');
#521 = DIRECTION ( 'NONE',  ( -0.000000000000000000, -0.000000000000000000, -1.000000000000000000 ) ) ;
#522 = PLANE ( 'NONE',  #2980 ) ;
#523 = CARTESIAN_POINT ( 'NONE',  ( -0.3859394087114086380, 0.000000000000000000, 5.082197683525802034E-18 ) ) ;
#524 = VERTEX_POINT ( 'NONE', #3680 ) ;
#525 = SURFACE_STYLE_FILL_AREA ( #2470 ) ;
#526 = DIRECTION ( 'NONE',  ( 1.000000000000000000, 0.000000000000000000, 0.000000000000000000 ) ) ;
#527 = CARTESIAN_POINT ( 'NONE',  ( 0.2549869059979873454, 0.05592288312897580882, 0.01000000000000000021 ) ) ;
#528 = AXIS2_PLACEMENT_3D ( 'NONE', #4260, #1638, #2297 ) ;
#529 = CARTESIAN_POINT ( 'NONE',  ( -1.829903681580516750, -1.540000000000000480, -0.2444330821015155419 ) ) ;
#530 = ORIENTED_EDGE ( 'NONE', *, *, #366, .F. ) ;
#531 = ORIENTED_EDGE ( 'NONE', *, *, #2238, .F. ) ;
#532 = FACE_OUTER_BOUND ( 'NONE', #293, .T. ) ;
#533 = ORIENTED_EDGE ( 'NONE', *, *, #2126, .T. ) ;
#534 = CARTESIAN_POINT ( 'NONE',  ( 0.1985968342527826835, 0.04327314249319098166, 0.01000000000000000021 ) ) ;
#535 =( LENGTH_UNIT ( ) NAMED_UNIT ( * ) SI_UNIT ( .MILLI., .METRE. ) );
#536 = ORIENTED_EDGE ( 'NONE', *, *, #2977, .F. ) ;
#537 = ORIENTED_EDGE ( 'NONE', *, *, #1807, .F. ) ;
#538 = CARTESIAN_POINT ( 'NONE',  ( -0.5202441945674878276, 0.06687731871610497203, 0.01000000000000000021 ) ) ;
#539 = CARTESIAN_POINT ( 'NONE',  ( -0.06989373563448562920, 0.2999999999999999889, 0.01000000000000000021 ) ) ;
#540 = PRESENTATION_LAYER_ASSIGNMENT (  '', '', ( #837 ) ) ;
#541 =( GEOMETRIC_REPRESENTATION_CONTEXT ( 3 ) GLOBAL_UNCERTAINTY_ASSIGNED_CONTEXT ( ( #2516 ) ) GLOBAL_UNIT_ASSIGNED_CONTEXT ( ( #2978, #2343, #1003 ) ) REPRESENTATION_CONTEXT ( 'NONE', 'WORKASPACE' ) );
#542 = CARTESIAN_POINT ( 'NONE',  ( -0.3409874856344856098, 0.2692307692307692180, 0.01000000000000000021 ) ) ;
#543 = CARTESIAN_POINT ( 'NONE',  ( 0.05024942429394531340, 0.04243061560294506679, 0.01000000000000000021 ) ) ;
#544 =( LENGTH_UNIT ( ) NAMED_UNIT ( * ) SI_UNIT ( .MILLI., .METRE. ) );
#545 = ORIENTED_EDGE ( 'NONE', *, *, #1796, .T. ) ;
#546 = COLOUR_RGB ( '',0.2039215686274509776, 0.2039215686274509776, 0.2039215686274509776 ) ;
#547 = CARTESIAN_POINT ( 'NONE',  ( 1.584350941515099587, 1.539999999999999813, -0.09000000000000002442 ) ) ;
#548 = DIRECTION ( 'NONE',  ( 2.168404344971008868E-16, -1.000000000000000000, 0.000000000000000000 ) ) ;
#549 = FILL_AREA_STYLE_COLOUR ( '', #3041 ) ;
#550 = VERTEX_POINT ( 'NONE', #2302 ) ;
#551 = CARTESIAN_POINT ( 'NONE',  ( -0.4783084327701971894, 0.02060215732527983720, 0.01000000000000000021 ) ) ;
#552 = CARTESIAN_POINT ( 'NONE',  ( 0.3185678028270528261, 0.000000000000000000, 0.000000000000000000 ) ) ;
#553 = ORIENTED_EDGE ( 'NONE', *, *, #2491, .T. ) ;
#554 = CARTESIAN_POINT ( 'NONE',  ( -0.8622014279421779115, 0.000000000000000000, 0.01000000000000000021 ) ) ;
#555 = PLANE ( 'NONE',  #3227 ) ;
#556 = VERTEX_POINT ( 'NONE', #1041 ) ;
#557 = CARTESIAN_POINT ( 'NONE',  ( 0.2136530544155964273, 0.2826108513675786860, 0.01000000000000000021 ) ) ;
#558 = CARTESIAN_POINT ( 'NONE',  ( -0.5121463089279388869, 0.1429465685809253039, 0.01000000000000000021 ) ) ;
#559 = ORIENTED_EDGE ( 'NONE', *, *, #3140, .T. ) ;
#560 = CARTESIAN_POINT ( 'NONE',  ( -0.5014246030360069994, 0.09229657029451239503, 1.016439536705160407E-17 ) ) ;
#561 = EDGE_CURVE ( 'NONE', #789, #2687, #2226, .T. ) ;
#562 = LINE ( 'NONE', #2132, #197 ) ;
#563 = CARTESIAN_POINT ( 'NONE',  ( -0.4688461512656643682, 0.2803113922170010208, 0.000000000000000000 ) ) ;
#564 = PLANE ( 'NONE',  #1218 ) ;
#565 = FACE_OUTER_BOUND ( 'NONE', #3746, .T. ) ;
#566 = STYLED_ITEM ( 'NONE', ( #2323 ), #3225 ) ;
#567 = CARTESIAN_POINT ( 'NONE',  ( 0.04696934474487004380, 0.2912596004883941103, 0.01000000000000000021 ) ) ;
#568 = COLOUR_RGB ( '',0.6470588235294117974, 0.6196078431372549211, 0.5882352941176470784 ) ;
#569 = B_SPLINE_CURVE_WITH_KNOTS ( 'NONE', 3,
 ( #1043, #714, #4004, #3682, #3031, #1743, #2364, #2707, #1056, #1731, #2037 ),
 .UNSPECIFIED., .F., .F.,
 ( 4, 1, 1, 1, 1, 1, 1, 1, 4 ),
 ( 0.000000000000000000, 0.1243285095938497231, 0.2471560163611866145, 0.3687797492913393871, 0.4907338624016479578, 0.6136137718478437142, 0.7389575757222154317, 0.8673105751912625339, 0.9999999999999998890 ),
 .UNSPECIFIED. ) ;
#570 = VECTOR ( 'NONE', #4157, 1000.000000000000000 ) ;
#571 = ORIENTED_EDGE ( 'NONE', *, *, #2694, .F. ) ;
#572 = SURFACE_STYLE_FILL_AREA ( #995 ) ;
#573 = CARTESIAN_POINT ( 'NONE',  ( 1.584350941515099809, 1.539999999999999813, 0.009999999999999989800 ) ) ;
#574 = CARTESIAN_POINT ( 'NONE',  ( 0.4608754951347451834, 0.2999999999999999889, 0.01000000000000000021 ) ) ;
#575 = EDGE_CURVE ( 'NONE', #3115, #264, #90, .T. ) ;
#576 = CARTESIAN_POINT ( 'NONE',  ( -0.3535475817883317884, 0.2999999999999999889, 0.000000000000000000 ) ) ;
#577 = FACE_OUTER_BOUND ( 'NONE', #1109, .T. ) ;
#578 = CARTESIAN_POINT ( 'NONE',  ( -0.4482359290634546078, 0.04127166500694872536, 0.01000000000000000021 ) ) ;
#579 = CARTESIAN_POINT ( 'NONE',  ( -0.4487398894806394201, 0.2891826923076923350, 0.01000000000000000021 ) ) ;
#580 = LINE ( 'NONE', #162, #58 ) ;
#581 = CARTESIAN_POINT ( 'NONE',  ( -0.09681681255756247051, 0.1769230769230769051, 0.000000000000000000 ) ) ;
#582 = CARTESIAN_POINT ( 'NONE',  ( -0.8329346010191007732, 0.000000000000000000, 0.01000000000000000021 ) ) ;
#583 = ADVANCED_FACE ( 'NONE', ( #3254 ), #4015, .T. ) ;
#584 = ORIENTED_EDGE ( 'NONE', *, *, #259, .F. ) ;
#585 = CARTESIAN_POINT ( 'NONE',  ( -0.4854092656936735972, 0.02550129059796980152, 0.01000000000000000021 ) ) ;
#586 = EDGE_CURVE ( 'NONE', #3887, #702, #2483, .T. ) ;
#587 = CARTESIAN_POINT ( 'NONE',  ( -0.2391245048652548000, 0.1769230769230769051, 0.000000000000000000 ) ) ;
#588 = ORIENTED_EDGE ( 'NONE', *, *, #4132, .F. ) ;
#589 = DIRECTION ( 'NONE',  ( -0.000000000000000000, -0.000000000000000000, -1.000000000000000000 ) ) ;
#590 = CARTESIAN_POINT ( 'NONE',  ( -0.06989373563448562920, 0.000000000000000000, 0.01000000000000000021 ) ) ;
#591 = CARTESIAN_POINT ( 'NONE',  ( 0.4608754951347451834, 0.2999999999999999889, 0.000000000000000000 ) ) ;
#592 = ORIENTED_EDGE ( 'NONE', *, *, #1469, .T. ) ;
#593 = ORIENTED_EDGE ( 'NONE', *, *, #3336, .F. ) ;
#594 = CARTESIAN_POINT ( 'NONE',  ( -0.4765280522559638410, 0.05864149417298700900, 0.01000000000000000021 ) ) ;
#595 = CARTESIAN_POINT ( 'NONE',  ( -0.5121463089279388869, 0.1429465685809253039, 1.016439536705160407E-17 ) ) ;
#596 = CARTESIAN_POINT ( 'NONE',  ( 0.2570293412885913398, 0.1496995192307692124, 6.776263578034402713E-18 ) ) ;
#597 = CARTESIAN_POINT ( 'NONE',  ( -0.06989373563448562920, 0.000000000000000000, 0.000000000000000000 ) ) ;
#598 = CARTESIAN_POINT ( 'NONE',  ( -2.214771495659210387, -1.540000000000000480, 0.2388917294746209508 ) ) ;
#599 = VECTOR ( 'NONE', #2120, 1000.000000000000000 ) ;
#600 = EDGE_CURVE ( 'NONE', #3542, #3831, #2194, .T. ) ;
#601 = CARTESIAN_POINT ( 'NONE',  ( -0.002853398989587255935, 0.2522106297489393745, 0.01000000000000000021 ) ) ;
#602 = ADVANCED_FACE ( 'NONE', ( #2372 ), #1099, .T. ) ;
#603 = VECTOR ( 'NONE', #1715, 1000.000000000000000 ) ;
#604 = DIRECTION ( 'NONE',  ( 1.000000000000000000, 0.000000000000000000, 0.000000000000000000 ) ) ;
#605 = SURFACE_SIDE_STYLE ('',( #1801 ) ) ;
#606 =( LENGTH_UNIT ( ) NAMED_UNIT ( * ) SI_UNIT ( .MILLI., .METRE. ) );
#607 = VERTEX_POINT ( 'NONE', #3960 ) ;
#608 = SURFACE_SIDE_STYLE ('',( #54 ) ) ;
#609 = DIRECTION ( 'NONE',  ( -0.000000000000000000, -0.000000000000000000, -1.000000000000000000 ) ) ;
#610 = CARTESIAN_POINT ( 'NONE',  ( -0.4400860433267932414, 0.03840144230769230310, 1.016439536705160407E-17 ) ) ;
#611 = ORIENTED_EDGE ( 'NONE', *, *, #2238, .T. ) ;
#612 = CARTESIAN_POINT ( 'NONE',  ( 0.2528512691976013138, 0.1837245679359472972, 6.776263578034402713E-18 ) ) ;
#613 = CARTESIAN_POINT ( 'NONE',  ( -0.5390634414212827075, 0.1504836372990880078, -0.000000000000000000 ) ) ;
#614 = LINE ( 'NONE', #2880, #2692 ) ;
#615 = CARTESIAN_POINT ( 'NONE',  ( 0.1592657705236724119, -0.004446986054314545911, 6.776263578034402713E-18 ) ) ;
#616 = CARTESIAN_POINT ( 'NONE',  ( 0.2548189783698076027, 0.1238078464896212594, 0.01000000000000000021 ) ) ;
#617 = CARTESIAN_POINT ( 'NONE',  ( -0.4428244743619709212, 0.03936586158564101684, 1.016439536705160407E-17 ) ) ;
#618 = ADVANCED_FACE ( 'NONE', ( #3556 ), #3096, .T. ) ;
#619 = CARTESIAN_POINT ( 'NONE',  ( 0.4608754951347451834, 0.000000000000000000, 0.01000000000000000021 ) ) ;
#620 = FACE_OUTER_BOUND ( 'NONE', #3719, .T. ) ;
#621 = CARTESIAN_POINT ( 'NONE',  ( -0.3837047704644246382, 0.2680986859206195838, 0.01000000000000000021 ) ) ;
#622 = DIRECTION ( 'NONE',  ( -1.000000000000000000, 0.000000000000000000, 0.000000000000000000 ) ) ;
#623 = STYLED_ITEM ( 'NONE', ( #1750 ), #3950 ) ;
#624 = MECHANICAL_DESIGN_GEOMETRIC_PRESENTATION_REPRESENTATION (  '', ( #3794 ), #89 ) ;
#625 = EDGE_LOOP ( 'NONE', ( #1944, #80, #1418, #1831 ) ) ;
#626 = FACE_OUTER_BOUND ( 'NONE', #2646, .T. ) ;
#627 = DIRECTION ( 'NONE',  ( 1.000000000000000000, 0.000000000000000000, 0.000000000000000000 ) ) ;
#628 = CARTESIAN_POINT ( 'NONE',  ( 0.1999517542712554163, 0.008803236736316303809, 0.01000000000000000021 ) ) ;
#629 = DIRECTION ( 'NONE',  ( 0.000000000000000000, 1.000000000000000000, 0.000000000000000000 ) ) ;
#630 = VERTEX_POINT ( 'NONE', #4003 ) ;
#631 =( NAMED_UNIT ( * ) PLANE_ANGLE_UNIT ( ) SI_UNIT ( $, .RADIAN. ) );
#632 = UNCERTAINTY_MEASURE_WITH_UNIT (LENGTH_MEASURE( 1.000000000000000082E-05 ), #112, 'distance_accuracy_value', 'NONE');
#633 = DIRECTION ( 'NONE',  ( 0.9034962347415942396, 0.4285960263555440020, -0.000000000000000000 ) ) ;
#634 = CARTESIAN_POINT ( 'NONE',  ( -0.2391245048652548000, 0.1769230769230769051, 0.01000000000000000021 ) ) ;
#635 = ORIENTED_EDGE ( 'NONE', *, *, #4218, .T. ) ;
#636 =( LENGTH_UNIT ( ) NAMED_UNIT ( * ) SI_UNIT ( .MILLI., .METRE. ) );
#637 = SURFACE_SIDE_STYLE ('',( #2113 ) ) ;
#638 = EDGE_LOOP ( 'NONE', ( #4165, #3274, #4057, #456 ) ) ;
#639 = ADVANCED_FACE ( 'NONE', ( #2004 ), #3712, .T. ) ;
#640 = ORIENTED_EDGE ( 'NONE', *, *, #66, .T. ) ;
#641 = DIRECTION ( 'NONE',  ( 0.000000000000000000, 0.000000000000000000, -1.000000000000000000 ) ) ;
#642 = ORIENTED_EDGE ( 'NONE', *, *, #1398, .F. ) ;
#643 = EDGE_CURVE ( 'NONE', #379, #4095, #204, .T. ) ;
#644 = CARTESIAN_POINT ( 'NONE',  ( 0.2356292357735091103, 0.07837518412771067589, 5.082197683525802034E-18 ) ) ;
#645 = DIRECTION ( 'NONE',  ( -0.4189977888269737494, -0.9079872537420923262, 0.000000000000000000 ) ) ;
#646 = EDGE_CURVE ( 'NONE', #3768, #3476, #2161, .T. ) ;
#647 = PLANE ( 'NONE',  #2832 ) ;
#648 = MECHANICAL_DESIGN_GEOMETRIC_PRESENTATION_REPRESENTATION (  '', ( #728 ), #861 ) ;
#649 = CARTESIAN_POINT ( 'NONE',  ( -0.4588370736392471949, 0.2498280055794029897, 0.01000000000000000021 ) ) ;
#650 = MECHANICAL_DESIGN_GEOMETRIC_PRESENTATION_REPRESENTATION (  '', ( #2511 ), #3309 ) ;
#651 = CARTESIAN_POINT ( 'NONE',  ( -0.4097809380044901140, 0.2974046574815328858, 6.776263578034402713E-18 ) ) ;
#652 = DIRECTION ( 'NONE',  ( 1.000000000000000000, 1.445602896647339163E-16, 0.000000000000000000 ) ) ;
#653 = ORIENTED_EDGE ( 'NONE', *, *, #1480, .T. ) ;
#654 = CARTESIAN_POINT ( 'NONE',  ( 0.003083264852835830225, 0.2590792432481395235, 0.01000000000000000021 ) ) ;
#655 = CARTESIAN_POINT ( 'NONE',  ( 0.2091180838179756696, 0.05070890662273244004, 0.01000000000000000021 ) ) ;
#656 = DIRECTION ( 'NONE',  ( 0.000000000000000000, 0.000000000000000000, 1.000000000000000000 ) ) ;
#657 = DIRECTION ( 'NONE',  ( 1.000000000000000000, 2.168404344971008868E-16, 0.000000000000000000 ) ) ;
#658 = CARTESIAN_POINT ( 'NONE',  ( 0.2136530544155964273, 0.2826108513675786860, 0.01000000000000000021 ) ) ;
#659 = ADVANCED_FACE ( 'NONE', ( #2847 ), #2992, .T. ) ;
#660 = CARTESIAN_POINT ( 'NONE',  ( -0.5090434045326451828, 0.2452903574658287511, 6.776263578034402713E-18 ) ) ;
#661 = DIRECTION ( 'NONE',  ( -1.000000000000000000, 0.000000000000000000, -1.205012674960150487E-16 ) ) ;
#662 = VERTEX_POINT ( 'NONE', #2308 ) ;
#663 = FILL_AREA_STYLE ('',( #300 ) ) ;
#664 = SURFACE_STYLE_USAGE ( .BOTH. , #637 ) ;
#665 = SURFACE_STYLE_FILL_AREA ( #2191 ) ;
#666 = EDGE_CURVE ( 'NONE', #662, #4242, #464, .T. ) ;
#667 = STYLED_ITEM ( 'NONE', ( #3810 ), #1332 ) ;
#668 = LINE ( 'NONE', #2321, #3201 ) ;
#669 = FILL_AREA_STYLE ('',( #2267 ) ) ;
#670 = CARTESIAN_POINT ( 'NONE',  ( 0.1122642944745076421, 0.3075691806479247115, 0.01000000000000000021 ) ) ;
#671 = VECTOR ( 'NONE', #177, 1000.000000000000000 ) ;
#672 = LINE ( 'NONE', #587, #1089 ) ;
#673 = CARTESIAN_POINT ( 'NONE',  ( 0.03701098693885505886, 0.2486318973014458589, 6.776263578034402713E-18 ) ) ;
#674 =( LENGTH_UNIT ( ) NAMED_UNIT ( * ) SI_UNIT ( .MILLI., .METRE. ) );
#675 = DIRECTION ( 'NONE',  ( -0.4285960263555439465, 0.9034962347415941286, 0.000000000000000000 ) ) ;
#676 = LINE ( 'NONE', #1846, #151 ) ;
#677 = ORIENTED_EDGE ( 'NONE', *, *, #3667, .F. ) ;
#678 = LINE ( 'NONE', #2320, #3456 ) ;
#679 = CARTESIAN_POINT ( 'NONE',  ( 0.3185678028270528261, 0.03076923076923076747, 0.01000000000000000021 ) ) ;
#680 =( NAMED_UNIT ( * ) PLANE_ANGLE_UNIT ( ) SI_UNIT ( $, .RADIAN. ) );
#681 = EDGE_CURVE ( 'NONE', #3887, #1454, #1311, .T. ) ;
#682 = ADVANCED_FACE ( 'NONE', ( #2947 ), #1018, .T. ) ;
#683 = ORIENTED_EDGE ( 'NONE', *, *, #366, .T. ) ;
#684 = CARTESIAN_POINT ( 'NONE',  ( -0.4331749856344855321, 0.2608173076923076539, 6.776263578034402713E-18 ) ) ;
#685 = SURFACE_SIDE_STYLE ('',( #3951 ) ) ;
#686 = CARTESIAN_POINT ( 'NONE',  ( 0.1187585083791466573, 0.2767850969750489942, 6.776263578034402713E-18 ) ) ;
#687 = CARTESIAN_POINT ( 'NONE',  ( -0.4946757513436185749, 0.2613742511092934651, 0.01000000000000000021 ) ) ;
#688 = ORIENTED_EDGE ( 'NONE', *, *, #3116, .F. ) ;
#689 = CARTESIAN_POINT ( 'NONE',  ( 0.1556357244721444377, 0.3051289652174923872, 0.01000000000000000021 ) ) ;
#690 = EDGE_CURVE ( 'NONE', #516, #3406, #772, .T. ) ;
#691 = VERTEX_POINT ( 'NONE', #1366 ) ;
#692 = CARTESIAN_POINT ( 'NONE',  ( -0.5391245048652548721, 0.1462139423076923017, 0.01000000000000000021 ) ) ;
#694 = ORIENTED_EDGE ( 'NONE', *, *, #1491, .F. ) ;
#693 = PLANE ( 'NONE',  #287 ) ;
#695 = CARTESIAN_POINT ( 'NONE',  ( 0.06339239396864571052, 0.03531073378271068486, 0.000000000000000000 ) ) ;
#696 = DIRECTION ( 'NONE',  ( 0.000000000000000000, 1.000000000000000000, 0.000000000000000000 ) ) ;
#697 = CARTESIAN_POINT ( 'NONE',  ( 0.2838191159067764424, 0.1571389701936481420, -0.000000000000000000 ) ) ;
#698 = CARTESIAN_POINT ( 'NONE',  ( 0.1756116127124369153, 0.03191678572324568169, 5.082197683525802034E-18 ) ) ;
#699 = VECTOR ( 'NONE', #3429, 1000.000000000000000 ) ;
#700 = EDGE_CURVE ( 'NONE', #1033, #789, #2870, .T. ) ;
#701 = CARTESIAN_POINT ( 'NONE',  ( 1.663507616997317307, 1.539999999999999813, -0.02889172947462106261 ) ) ;
#702 = VERTEX_POINT ( 'NONE', #2218 ) ;
#703 = AXIS2_PLACEMENT_3D ( 'NONE', #3177, #2875, #3217 ) ;
#704 = CARTESIAN_POINT ( 'NONE',  ( -0.5022192853495254239, 0.2537407866270664503, 6.776263578034402713E-18 ) ) ;
#705 = CARTESIAN_POINT ( 'NONE',  ( -0.3704802829228174277, 0.2687476557441080827, 0.000000000000000000 ) ) ;
#706 = AXIS2_PLACEMENT_3D ( 'NONE', #3990, #2007, #3028 ) ;
#707 = ORIENTED_EDGE ( 'NONE', *, *, #3034, .F. ) ;
#708 = CARTESIAN_POINT ( 'NONE',  ( -0.5093970698688266019, 0.1765156679297915643, 0.01000000000000000021 ) ) ;
#709 = CARTESIAN_POINT ( 'NONE',  ( 0.2262803813203690118, 0.2733703196177220129, 0.000000000000000000 ) ) ;
#710 = EDGE_CURVE ( 'NONE', #1891, #3092, #4078, .T. ) ;
#711 = CARTESIAN_POINT ( 'NONE',  ( -0.8622014279421779115, 0.000000000000000000, 0.01000000000000000021 ) ) ;
#712 = CARTESIAN_POINT ( 'NONE',  ( -0.4780454680913772125, 0.2747216977813418670, 0.01000000000000000021 ) ) ;
#713 = VECTOR ( 'NONE', #1639, 1000.000000000000000 ) ;
#714 = CARTESIAN_POINT ( 'NONE',  ( 0.2489488936984642631, 0.04850373652256670387, -0.000000000000000000 ) ) ;
#715 = VECTOR ( 'NONE', #2220, 1000.000000000000000 ) ;
#716 = DIRECTION ( 'NONE',  ( 0.7915667548221740901, 1.716436790491003028E-16, 0.6110827052537914916 ) ) ;
#717 = CARTESIAN_POINT ( 'NONE',  ( -0.2391245048652548000, 0.000000000000000000, 0.01000000000000000021 ) ) ;
#718 = LINE ( 'NONE', #3980, #3752 ) ;
#719 = DIRECTION ( 'NONE',  ( 1.000000000000000000, 2.168404344971008868E-16, -0.000000000000000000 ) ) ;
#720 = EDGE_CURVE ( 'NONE', #516, #477, #1673, .T. ) ;
#721 = PRESENTATION_LAYER_ASSIGNMENT (  '', '', ( #3899 ) ) ;
#722 = ADVANCED_FACE ( 'NONE', ( #3663 ), #1226, .T. ) ;
#723 = ORIENTED_EDGE ( 'NONE', *, *, #3996, .T. ) ;
#724 = FILL_AREA_STYLE_COLOUR ( '', #2460 ) ;
#725 = VERTEX_POINT ( 'NONE', #1696 ) ;
#726 = LINE ( 'NONE', #3351, #266 ) ;
#727 = CARTESIAN_POINT ( 'NONE',  ( 0.2064456190157898385, 0.2507583003837437485, 6.776263578034402713E-18 ) ) ;
#728 = STYLED_ITEM ( 'NONE', ( #389 ), #4127 ) ;
#729 = AXIS2_PLACEMENT_3D ( 'NONE', #1866, #1934, #3527 ) ;
#730 = CARTESIAN_POINT ( 'NONE',  ( -0.4400860433267932414, 0.03840144230769230310, 0.01000000000000000021 ) ) ;
#731 = ORIENTED_EDGE ( 'NONE', *, *, #1212, .T. ) ;
#732 = CARTESIAN_POINT ( 'NONE',  ( -0.4400860433267932414, 0.03840144230769230310, 6.776263578034402713E-18 ) ) ;
#733 = EDGE_CURVE ( 'NONE', #3707, #4089, #2998, .T. ) ;
#734 = DIRECTION ( 'NONE',  ( 2.168404344971008868E-16, -1.000000000000000000, 0.000000000000000000 ) ) ;
#735 = CARTESIAN_POINT ( 'NONE',  ( 0.2570293412885913398, 0.1496995192307692124, 0.01000000000000000021 ) ) ;
#736 = EDGE_LOOP ( 'NONE', ( #3696, #1808, #791, #1055 ) ) ;
#737 = CYLINDRICAL_SURFACE ( 'NONE', #3957, 0.4000000000000001887 ) ;
#738 = CARTESIAN_POINT ( 'NONE',  ( -0.4508010430000920499, 0.2541725782435884651, 6.776263578034402713E-18 ) ) ;
#739 = ORIENTED_EDGE ( 'NONE', *, *, #1720, .T. ) ;
#740 = CARTESIAN_POINT ( 'NONE',  ( 0.003448131801083699054, 0.04102119099134274999, 0.000000000000000000 ) ) ;
#741 = CARTESIAN_POINT ( 'NONE',  ( 0.1593594655253158798, 0.2727356086217052056, 6.776263578034402713E-18 ) ) ;
#742 = ORIENTED_EDGE ( 'NONE', *, *, #111, .T. ) ;
#743 = ORIENTED_EDGE ( 'NONE', *, *, #2249, .T. ) ;
#744 = CARTESIAN_POINT ( 'NONE',  ( -0.5120381848189120566, 0.1364192436437385858, 0.000000000000000000 ) ) ;
#745 = FILL_AREA_STYLE ('',( #1394 ) ) ;
#746 = CARTESIAN_POINT ( 'NONE',  ( -0.4421999854700472410, 0.2578596546440548587, 0.000000000000000000 ) ) ;
#747 = AXIS2_PLACEMENT_3D ( 'NONE', #1258, #1581, #3547 ) ;
#748 = ORIENTED_EDGE ( 'NONE', *, *, #1898, .F. ) ;
#749 = CARTESIAN_POINT ( 'NONE',  ( -0.3588163522060179300, 0.2999620654289171795, 6.776263578034402713E-18 ) ) ;
#750 = CARTESIAN_POINT ( 'NONE',  ( -0.4879971309131752033, 0.07059055964805269201, 0.000000000000000000 ) ) ;
#751 = DIRECTION ( 'NONE',  ( -1.000000000000000000, 0.000000000000000000, 0.000000000000000000 ) ) ;
#752 = DIRECTION ( 'NONE',  ( 0.000000000000000000, 1.000000000000000000, 0.000000000000000000 ) ) ;
#753 = ORIENTED_EDGE ( 'NONE', *, *, #1266, .T. ) ;
#754 = EDGE_CURVE ( 'NONE', #4242, #3598, #4180, .T. ) ;
#755 = DIRECTION ( 'NONE',  ( 0.4189977888269736939, 0.9079872537420923262, 0.000000000000000000 ) ) ;
#756 = CARTESIAN_POINT ( 'NONE',  ( 0.06435611003410063313, 0.2984591716815507279, 0.000000000000000000 ) ) ;
#757 = DIRECTION ( 'NONE',  ( -1.000000000000000000, 0.000000000000000000, 0.000000000000000000 ) ) ;
#758 = STYLED_ITEM ( 'NONE', ( #3625 ), #3306 ) ;
#759 = CARTESIAN_POINT ( 'NONE',  ( -0.3957937812440531777, 0.2672340583770219657, 0.01000000000000000021 ) ) ;
#760 = CARTESIAN_POINT ( 'NONE',  ( -0.06989373563448562920, 0.2999999999999999889, 0.000000000000000000 ) ) ;
#761 = AXIS2_PLACEMENT_3D ( 'NONE', #3371, #391, #2753 ) ;
#762 = CARTESIAN_POINT ( 'NONE',  ( -0.5071013253512199892, 0.1858566561063861589, 0.000000000000000000 ) ) ;
#763 = EDGE_LOOP ( 'NONE', ( #3882, #2734, #2593, #153, #3774, #418, #1328, #2626, #3968, #1677, #1270, #3312 ) ) ;
#764 = ORIENTED_EDGE ( 'NONE', *, *, #469, .F. ) ;
#765 = DIRECTION ( 'NONE',  ( -0.000000000000000000, 0.000000000000000000, -1.000000000000000000 ) ) ;
#766 = CARTESIAN_POINT ( 'NONE',  ( 0.1221735720578221163, -0.007692307692307691867, 6.776263578034402713E-18 ) ) ;
#767 = PRESENTATION_STYLE_ASSIGNMENT (( #1955 ) ) ;
#768 = CARTESIAN_POINT ( 'NONE',  ( 0.08286942503584233954, -0.003700546449330856680, 0.000000000000000000 ) ) ;
#769 = CARTESIAN_POINT ( 'NONE',  ( -0.5044813525444602487, 0.04369725109324501533, 0.000000000000000000 ) ) ;
#770 = LINE ( 'NONE', #3425, #2537 ) ;
#771 = CARTESIAN_POINT ( 'NONE',  ( -0.5111112084366418173, 0.1268223909131852567, 0.000000000000000000 ) ) ;
#772 = CIRCLE ( 'NONE', #1791, 0.1000000000000000472 ) ;
#773 = CARTESIAN_POINT ( 'NONE',  ( -0.2391245048652548000, 0.03076923076923076747, 0.01000000000000000021 ) ) ;
#774 = DIRECTION ( 'NONE',  ( -0.4283511191562798248, 0.9036123719369730800, 0.000000000000000000 ) ) ;
#775 =( NAMED_UNIT ( * ) SI_UNIT ( $, .STERADIAN. ) SOLID_ANGLE_UNIT ( ) );
#776 = VERTEX_POINT ( 'NONE', #2507 ) ;
#777 = LINE ( 'NONE', #1045, #3758 ) ;
#778 = CARTESIAN_POINT ( 'NONE',  ( -0.4379103353671311982, 0.03776963846453124107, 0.01000000000000000021 ) ) ;
#779 = LINE ( 'NONE', #3200, #3315 ) ;
#780 = AXIS2_PLACEMENT_3D ( 'NONE', #835, #202, #3805 ) ;
#781 = EDGE_CURVE ( 'NONE', #3387, #1759, #2055, .T. ) ;
#782 = DIRECTION ( 'NONE',  ( -1.000000000000000000, 0.000000000000000000, -0.000000000000000000 ) ) ;
#783 = CARTESIAN_POINT ( 'NONE',  ( -0.4780454680913772125, 0.2747216977813418670, 0.01000000000000000021 ) ) ;
#784 = VERTEX_POINT ( 'NONE', #2105 ) ;
#785 = PRESENTATION_LAYER_ASSIGNMENT (  '', '', ( #566 ) ) ;
#786 = CARTESIAN_POINT ( 'NONE',  ( 2.293928171141429218, -1.539999999999999591, 0.1999999999999997613 ) ) ;
#787 = CARTESIAN_POINT ( 'NONE',  ( 0.1272239812320551389, 0.2768884515650906208, 0.01000000000000000021 ) ) ;
#788 = CARTESIAN_POINT ( 'NONE',  ( 1.499999999999999556, -1.550000000000000044, 0.000000000000000000 ) ) ;
#789 = VERTEX_POINT ( 'NONE', #3099 ) ;
#790 = VERTEX_POINT ( 'NONE', #3761 ) ;
#791 = ORIENTED_EDGE ( 'NONE', *, *, #3888, .T. ) ;
#792 = EDGE_CURVE ( 'NONE', #2953, #1532, #983, .T. ) ;
#793 = PLANE ( 'NONE',  #2393 ) ;
#794 = CARTESIAN_POINT ( 'NONE',  ( 0.1120428055620552171, -0.007577632719592775068, 6.776263578034402713E-18 ) ) ;
#795 = FILL_AREA_STYLE ('',( #2774 ) ) ;
#796 = VECTOR ( 'NONE', #2114, 1000.000000000000000 ) ;
#797 = CARTESIAN_POINT ( 'NONE',  ( -0.4688461512656643682, 0.2803113922170010208, 0.01000000000000000021 ) ) ;
#798 =( NAMED_UNIT ( * ) SI_UNIT ( $, .STERADIAN. ) SOLID_ANGLE_UNIT ( ) );
#799 = DIRECTION ( 'NONE',  ( 0.000000000000000000, 1.000000000000000000, 0.000000000000000000 ) ) ;
#800 = DIRECTION ( 'NONE',  ( -0.000000000000000000, 0.000000000000000000, -1.000000000000000000 ) ) ;
#801 = EDGE_CURVE ( 'NONE', #936, #155, #3100, .T. ) ;
#802 = DIRECTION ( 'NONE',  ( 2.168404344971008868E-16, -1.000000000000000000, 0.000000000000000000 ) ) ;
#803 = B_SPLINE_CURVE_WITH_KNOTS ( 'NONE', 3,
 ( #67, #3357, #1084, #1734, #2050, #2696, #28, #705, #4020, #3022, #2000 ),
 .UNSPECIFIED., .F., .F.,
 ( 4, 1, 1, 1, 1, 1, 1, 1, 4 ),
 ( 0.000000000000000000, 0.08431861695858144934, 0.1792845142139035675, 0.2865825276465601146, 0.4051114834342786075, 0.5355928734189734364, 0.6781902099934135064, 0.8329758397604886122, 0.9999999999999998890 ),
 .UNSPECIFIED. ) ;
#804 = ORIENTED_EDGE ( 'NONE', *, *, #3983, .T. ) ;
#805 = CARTESIAN_POINT ( 'NONE',  ( -0.008355274096024017938, 0.05522836538461538269, 0.01000000000000000021 ) ) ;
#806 = CARTESIAN_POINT ( 'NONE',  ( -0.2391245048652548000, 0.1461538461538461620, 0.01000000000000000021 ) ) ;
#807 = ORIENTED_EDGE ( 'NONE', *, *, #2222, .T. ) ;
#808 = CARTESIAN_POINT ( 'NONE',  ( -0.3859394087114086380, 0.000000000000000000, 0.01000000000000000021 ) ) ;
#809 = EDGE_CURVE ( 'NONE', #3707, #3887, #2427, .T. ) ;
#810 = ORIENTED_EDGE ( 'NONE', *, *, #4132, .T. ) ;
#811 = CARTESIAN_POINT ( 'NONE',  ( -0.09681681255756247051, 0.1769230769230769051, 0.01000000000000000021 ) ) ;
#812 = CARTESIAN_POINT ( 'NONE',  ( 0.2489488936984642631, 0.04850373652256670387, 6.776263578034402713E-18 ) ) ;
#813 = CARTESIAN_POINT ( 'NONE',  ( 0.1508127684208618036, 0.2746320648980008494, 0.01000000000000000021 ) ) ;
#814 = PLANE ( 'NONE',  #1101 ) ;
#815 = DIRECTION ( 'NONE',  ( 0.000000000000000000, -0.000000000000000000, -1.000000000000000000 ) ) ;
#816 =( NAMED_UNIT ( * ) SI_UNIT ( $, .STERADIAN. ) SOLID_ANGLE_UNIT ( ) );
#817 = CARTESIAN_POINT ( 'NONE',  ( 0.1068080835553458230, 0.02350658327324756103, 0.01000000000000000021 ) ) ;
#818 = LINE ( 'NONE', #2721, #3664 ) ;
#819 = CARTESIAN_POINT ( 'NONE',  ( -0.4590741121884633902, 0.2852447894741382828, 6.776263578034402713E-18 ) ) ;
#820 = DIRECTION ( 'NONE',  ( -0.000000000000000000, -0.000000000000000000, -1.000000000000000000 ) ) ;
#821 = DIRECTION ( 'NONE',  ( 1.000000000000000000, 0.000000000000000000, 0.000000000000000000 ) ) ;
#822 =( NAMED_UNIT ( * ) PLANE_ANGLE_UNIT ( ) SI_UNIT ( $, .RADIAN. ) );
#823 = EDGE_LOOP ( 'NONE', ( #3824, #3713, #2530, #4174, #3804, #1689 ) ) ;
#824 = CARTESIAN_POINT ( 'NONE',  ( -0.3198937356344855321, 0.2692307692307692180, 0.000000000000000000 ) ) ;
#825 = DIRECTION ( 'NONE',  ( 0.000000000000000000, 1.000000000000000000, 0.000000000000000000 ) ) ;
#826 = CIRCLE ( 'NONE', #3008, 0.4000000000000001887 ) ;
#827 = CARTESIAN_POINT ( 'NONE',  ( 0.2839524182116682227, 0.1517427884615384359, 0.01000000000000000021 ) ) ;
#828 = AXIS2_PLACEMENT_3D ( 'NONE', #2422, #445, #774 ) ;
#829 = ORIENTED_EDGE ( 'NONE', *, *, #3888, .F. ) ;
#830 = CARTESIAN_POINT ( 'NONE',  ( 0.2306213195182230113, 0.2278703142509842794, 0.01000000000000000021 ) ) ;
#831 = CARTESIAN_POINT ( 'NONE',  ( 0.2488245158618008490, 0.2513799678531679072, 0.01000000000000000021 ) ) ;
#832 = FACE_OUTER_BOUND ( 'NONE', #3993, .T. ) ;
#833 = PLANE ( 'NONE',  #1138 ) ;
#834 = VERTEX_POINT ( 'NONE', #1472 ) ;
#835 = CARTESIAN_POINT ( 'NONE',  ( 1.499999999999999556, 1.539999999999999813, 0.5999999999999999778 ) ) ;
#836 = FACE_OUTER_BOUND ( 'NONE', #2360, .T. ) ;
#837 = STYLED_ITEM ( 'NONE', ( #3645 ), #3627 ) ;
#838 =( GEOMETRIC_REPRESENTATION_CONTEXT ( 3 ) GLOBAL_UNCERTAINTY_ASSIGNED_CONTEXT ( ( #1653 ) ) GLOBAL_UNIT_ASSIGNED_CONTEXT ( ( #3787, #1860, #816 ) ) REPRESENTATION_CONTEXT ( 'NONE', 'WORKASPACE' ) );
#839 = CARTESIAN_POINT ( 'NONE',  ( -1.663507616997318195, 3.474214125298947131, -0.02889172947462112159 ) ) ;
#840 =( LENGTH_UNIT ( ) NAMED_UNIT ( * ) SI_UNIT ( .MILLI., .METRE. ) );
#841 = DIRECTION ( 'NONE',  ( 0.000000000000000000, 1.000000000000000000, 0.000000000000000000 ) ) ;
#842 = CARTESIAN_POINT ( 'NONE',  ( 0.1861130716743210900, 0.2967291666611674983, 6.776263578034402713E-18 ) ) ;
#843 = EDGE_LOOP ( 'NONE', ( #1140, #2281, #2317, #1657 ) ) ;
#844 = ORIENTED_EDGE ( 'NONE', *, *, #2916, .F. ) ;
#845 = VECTOR ( 'NONE', #1780, 1000.000000000000114 ) ;
#846 = DIRECTION ( 'NONE',  ( 0.000000000000000000, 1.000000000000000000, 0.000000000000000000 ) ) ;
#847 = CARTESIAN_POINT ( 'NONE',  ( -0.5044813525444602487, 0.04369725109324501533, 5.082197683525802034E-18 ) ) ;
#848 = DIRECTION ( 'NONE',  ( 1.000000000000000000, 0.000000000000000000, 0.000000000000000000 ) ) ;
#849 = VERTEX_POINT ( 'NONE', #2452 ) ;
#850 = LINE ( 'NONE', #2558, #3793 ) ;
#851 = DIRECTION ( 'NONE',  ( 0.7941277684358851729, -0.6077508431907281405, 0.000000000000000000 ) ) ;
#852 =( LENGTH_UNIT ( ) NAMED_UNIT ( * ) SI_UNIT ( .MILLI., .METRE. ) );
#853 = ORIENTED_EDGE ( 'NONE', *, *, #2536, .F. ) ;
#854 = CARTESIAN_POINT ( 'NONE',  ( -1.747188556591410480, 3.474214125298947131, 0.5900000000000000799 ) ) ;
#855 = EDGE_CURVE ( 'NONE', #725, #3270, #3204, .T. ) ;
#856 = ORIENTED_EDGE ( 'NONE', *, *, #3534, .T. ) ;
#857 = UNCERTAINTY_MEASURE_WITH_UNIT (LENGTH_MEASURE( 1.000000000000000082E-05 ), #535, 'distance_accuracy_value', 'NONE');
#858 = EDGE_CURVE ( 'NONE', #1236, #384, #1553, .T. ) ;
#859 = DIRECTION ( 'NONE',  ( 0.000000000000000000, 0.000000000000000000, 1.000000000000000000 ) ) ;
#860 =( NAMED_UNIT ( * ) PLANE_ANGLE_UNIT ( ) SI_UNIT ( $, .RADIAN. ) );
#861 =( GEOMETRIC_REPRESENTATION_CONTEXT ( 3 ) GLOBAL_UNCERTAINTY_ASSIGNED_CONTEXT ( ( #632 ) ) GLOBAL_UNIT_ASSIGNED_CONTEXT ( ( #112, #2414, #452 ) ) REPRESENTATION_CONTEXT ( 'NONE', 'WORKASPACE' ) );
#862 = AXIS2_PLACEMENT_3D ( 'NONE', #1329, #1632, #657 ) ;
#863 = CARTESIAN_POINT ( 'NONE',  ( -0.4232823187021286238, 0.002138246980842503035, 0.01000000000000000021 ) ) ;
#864 = VERTEX_POINT ( 'NONE', #1267 ) ;
#865 = CARTESIAN_POINT ( 'NONE',  ( -0.7885836394806394756, 0.09615384615384615918, 0.000000000000000000 ) ) ;
#866 = CARTESIAN_POINT ( 'NONE',  ( 2.063815258520281137, 3.474214125298948019, 0.4344330821015152666 ) ) ;
#867 = DIRECTION ( 'NONE',  ( 2.168404344971008868E-16, -1.000000000000000000, 0.000000000000000000 ) ) ;
#868 = CIRCLE ( 'NONE', #2609, 0.1000000000000002554 ) ;
#869 = VECTOR ( 'NONE', #3317, 1000.000000000000000 ) ;
#870 = CARTESIAN_POINT ( 'NONE',  ( -0.4482359290634546078, 0.04127166500694872536, 0.01000000000000000021 ) ) ;
#871 = VECTOR ( 'NONE', #3857, 1000.000000000000000 ) ;
#872 = VECTOR ( 'NONE', #4145, 1000.000000000000000 ) ;
#873 = ORIENTED_EDGE ( 'NONE', *, *, #561, .F. ) ;
#874 = DIRECTION ( 'NONE',  ( 2.168404344971008868E-16, -1.000000000000000000, 0.000000000000000000 ) ) ;
#875 = CARTESIAN_POINT ( 'NONE',  ( -0.5377455807483076944, 0.1712996647098235237, 0.000000000000000000 ) ) ;
#876 = DIRECTION ( 'NONE',  ( -0.6110827052537922688, 0.000000000000000000, -0.7915667548221735350 ) ) ;
#877 = CARTESIAN_POINT ( 'NONE',  ( -0.5044813525444602487, 0.04369725109324501533, 0.01000000000000000021 ) ) ;
#878 = CARTESIAN_POINT ( 'NONE',  ( -0.4487398894806394201, 0.2891826923076923350, 0.000000000000000000 ) ) ;
#879 = EDGE_CURVE ( 'NONE', #1323, #3906, #2746, .T. ) ;
#880 = CARTESIAN_POINT ( 'NONE',  ( 0.000000000000000000, 0.000000000000000000, 0.000000000000000000 ) ) ;
#881 = CARTESIAN_POINT ( 'NONE',  ( -0.06989373563448562920, 0.2999999999999999889, 0.01000000000000000021 ) ) ;
#882 = VECTOR ( 'NONE', #1297, 1000.000000000000000 ) ;
#883 = PRESENTATION_LAYER_ASSIGNMENT (  '', '', ( #667 ) ) ;
#884 = CARTESIAN_POINT ( 'NONE',  ( 0.2661982663813088901, 0.2261492817528862609, 0.01000000000000000021 ) ) ;
#885 = EDGE_LOOP ( 'NONE', ( #3330, #341, #4238 ) ) ;
#886 = CARTESIAN_POINT ( 'NONE',  ( -0.5075214708252290263, 0.1087636533408199574, 0.01000000000000000021 ) ) ;
#887 = CARTESIAN_POINT ( 'NONE',  ( -0.3543288317883316885, 0.03076923076923076747, 0.000000000000000000 ) ) ;
#888 = LINE ( 'NONE', #2135, #3368 ) ;
#889 = VERTEX_POINT ( 'NONE', #2570 ) ;
#890 = CARTESIAN_POINT ( 'NONE',  ( -0.4867213947947788832, 0.2684683381219553633, 0.000000000000000000 ) ) ;
#891 = CARTESIAN_POINT ( 'NONE',  ( 0.1223538605193605355, 0.02307692307692307473, 0.01000000000000000021 ) ) ;
#892 = EDGE_LOOP ( 'NONE', ( #224, #3800, #3830, #63 ) ) ;
#893 = EDGE_CURVE ( 'NONE', #3598, #3069, #1879, .T. ) ;
#894 = ORIENTED_EDGE ( 'NONE', *, *, #4046, .T. ) ;
#895 = CARTESIAN_POINT ( 'NONE',  ( 0.1021712099820192704, 0.3067715113238134172, 0.01000000000000000021 ) ) ;
#896 = B_SPLINE_CURVE_WITH_KNOTS ( 'NONE', 3,
 ( #887, #4211, #3587, #1596, #3205, #3262, #3545, #256, #1609, #1300, #1237 ),
 .UNSPECIFIED., .F., .F.,
 ( 4, 1, 1, 1, 1, 1, 1, 1, 4 ),
 ( 0.000000000000000000, 0.1719006646132703042, 0.3306279320958812051, 0.4755488358809185634, 0.6067461903123636535, 0.7250238034674899579, 0.8297423869584560352, 0.9213228203439749464, 1.000000000000000000 ),
 .UNSPECIFIED. ) ;
#897 = PRESENTATION_LAYER_ASSIGNMENT (  '', '', ( #4081 ) ) ;
#898 = CARTESIAN_POINT ( 'NONE',  ( -0.7744009471729470517, 0.1269230769230769162, 0.01000000000000000021 ) ) ;
#899 = ADVANCED_FACE ( 'NONE', ( #3920 ), #2385, .T. ) ;
#900 = CARTESIAN_POINT ( 'NONE',  ( -0.2391245048652548000, 0.2692307692307692180, 0.01000000000000000021 ) ) ;
#901 = LINE ( 'NONE', #1509, #1174 ) ;
#902 = DIRECTION ( 'NONE',  ( 2.168404344971008868E-16, -1.000000000000000000, 0.000000000000000000 ) ) ;
#903 = CARTESIAN_POINT ( 'NONE',  ( -0.4975270690866755996, 0.08462181312262011257, 0.01000000000000000021 ) ) ;
#904 = CARTESIAN_POINT ( 'NONE',  ( 0.2474766093531734490, 0.1994321619810706936, 0.01000000000000000021 ) ) ;
#905 = EDGE_CURVE ( 'NONE', #3216, #2043, #672, .T. ) ;
#906 = CARTESIAN_POINT ( 'NONE',  ( -0.3409874856344856653, 0.2692307692307692735, 0.01000000000000000021 ) ) ;
#907 = SURFACE_STYLE_USAGE ( .BOTH. , #2905 ) ;
#908 = EDGE_LOOP ( 'NONE', ( #3943, #1712, #677, #642, #3051, #3367, #3061, #136, #3422, #1693, #3156 ) ) ;
#909 = CARTESIAN_POINT ( 'NONE',  ( 0.009508534441567212392, 0.2654390371887396238, 0.01000000000000000021 ) ) ;
#910 = ORIENTED_EDGE ( 'NONE', *, *, #3165, .F. ) ;
#911 = DIRECTION ( 'NONE',  ( -1.000000000000000000, 0.000000000000000000, 0.000000000000000000 ) ) ;
#912 =( NAMED_UNIT ( * ) SI_UNIT ( $, .STERADIAN. ) SOLID_ANGLE_UNIT ( ) );
#913 = CARTESIAN_POINT ( 'NONE',  ( 0.2817463135213846837, 0.1216586277487263085, 0.01000000000000000021 ) ) ;
#914 = DIRECTION ( 'NONE',  ( 1.000000000000000000, 0.000000000000000000, 0.000000000000000000 ) ) ;
#915 =( NAMED_UNIT ( * ) PLANE_ANGLE_UNIT ( ) SI_UNIT ( $, .RADIAN. ) );
#916 = CARTESIAN_POINT ( 'NONE',  ( -0.4824786907965933902, 0.06434757892761271136, 0.01000000000000000021 ) ) ;
#917 = ORIENTED_EDGE ( 'NONE', *, *, #1501, .T. ) ;
#918 = CARTESIAN_POINT ( 'NONE',  ( -0.4097809380044901140, 0.2974046574815328858, 0.01000000000000000021 ) ) ;
#919 = ADVANCED_FACE ( 'NONE', ( #2800 ), #1001, .T. ) ;
#920 = LINE ( 'NONE', #1259, #2473 ) ;
#921 = CARTESIAN_POINT ( 'NONE',  ( 0.2547305134974319762, 0.1755351880065266490, 0.01000000000000000021 ) ) ;
#922 = EDGE_CURVE ( 'NONE', #1763, #1190, #3196, .T. ) ;
#923 = CARTESIAN_POINT ( 'NONE',  ( -0.4590741121884633902, 0.2852447894741382828, 0.000000000000000000 ) ) ;
#924 = CARTESIAN_POINT ( 'NONE',  ( -1.500000000000000444, -1.540000000000000480, 0.009999999999999998473 ) ) ;
#925 = ADVANCED_FACE ( 'NONE', ( #92 ), #1380, .T. ) ;
#926 = AXIS2_PLACEMENT_3D ( 'NONE', #295, #3272, #2612 ) ;
#927 = STYLED_ITEM ( 'NONE', ( #2850 ), #2497 ) ;
#928 = CARTESIAN_POINT ( 'NONE',  ( 0.1122642944745076421, 0.3075691806479247115, 3.388131789017201356E-18 ) ) ;
#929 = DIRECTION ( 'NONE',  ( -0.000000000000000000, -0.000000000000000000, -1.000000000000000000 ) ) ;
#930 = LINE ( 'NONE', #3571, #48 ) ;
#931 = DIRECTION ( 'NONE',  ( 1.000000000000000000, 0.000000000000000000, 0.000000000000000000 ) ) ;
#932 = CARTESIAN_POINT ( 'NONE',  ( 0.2570293412885913398, 0.1496995192307692124, 5.082197683525802034E-18 ) ) ;
#933 = EDGE_CURVE ( 'NONE', #3393, #1447, #718, .T. ) ;
#934 = DIRECTION ( 'NONE',  ( -0.000000000000000000, -0.000000000000000000, -1.000000000000000000 ) ) ;
#935 = LINE ( 'NONE', #1073, #1315 ) ;
#936 = VERTEX_POINT ( 'NONE', #1057 ) ;
#937 = LINE ( 'NONE', #2938, #3159 ) ;
#938 = PLANE ( 'NONE',  #2768 ) ;
#939 = EDGE_LOOP ( 'NONE', ( #2262, #2154, #2886, #3597 ) ) ;
#940 = CARTESIAN_POINT ( 'NONE',  ( 0.2569947687575894202, 0.1526465782783854863, 0.01000000000000000021 ) ) ;
#941 = ORIENTED_EDGE ( 'NONE', *, *, #1238, .T. ) ;
#942 = LINE ( 'NONE', #3869, #3868 ) ;
#943 = CARTESIAN_POINT ( 'NONE',  ( -0.5332688616705441031, 0.1947776856131563095, 0.000000000000000000 ) ) ;
#944 = CARTESIAN_POINT ( 'NONE',  ( -0.5247056127295570693, 0.07557024522254575383, 0.01000000000000000021 ) ) ;
#945 = ADVANCED_FACE ( 'NONE', ( #836 ), #2405, .F. ) ;
#946 = VERTEX_POINT ( 'NONE', #3042 ) ;
#947 = CARTESIAN_POINT ( 'NONE',  ( 0.1223538605193605355, 0.02307692307692307473, 0.01000000000000000021 ) ) ;
#948 = EDGE_CURVE ( 'NONE', #1074, #1292, #1042, .T. ) ;
#949 = CARTESIAN_POINT ( 'NONE',  ( 0.2548189783698076027, 0.1238078464896212594, 5.082197683525802034E-18 ) ) ;
#950 = LINE ( 'NONE', #2145, #1110 ) ;
#951 =( NAMED_UNIT ( * ) SI_UNIT ( $, .STERADIAN. ) SOLID_ANGLE_UNIT ( ) );
#952 = CARTESIAN_POINT ( 'NONE',  ( -0.3973152643688854235, 0.2986020454359282761, 6.776263578034402713E-18 ) ) ;
#953 = CARTESIAN_POINT ( 'NONE',  ( 0.2306213195182230113, 0.2278703142509842794, 6.776263578034402713E-18 ) ) ;
#954 = ORIENTED_EDGE ( 'NONE', *, *, #3637, .T. ) ;
#955 = CARTESIAN_POINT ( 'NONE',  ( 0.2839524182116682227, 0.1517427884615384359, 0.01000000000000000021 ) ) ;
#956 = LINE ( 'NONE', #3479, #1126 ) ;
#957 = EDGE_CURVE ( 'NONE', #2306, #481, #818, .T. ) ;
#958 = DIRECTION ( 'NONE',  ( 1.000000000000000000, 0.000000000000000000, -0.000000000000000000 ) ) ;
#959 = CARTESIAN_POINT ( 'NONE',  ( 0.02336039668550575141, 0.2770157573063153356, 0.01000000000000000021 ) ) ;
#960 = CARTESIAN_POINT ( 'NONE',  ( -0.06989373563448562920, 0.2999999999999999889, 0.000000000000000000 ) ) ;
#961 = ORIENTED_EDGE ( 'NONE', *, *, #3323, .T. ) ;
#962 = CARTESIAN_POINT ( 'NONE',  ( -1.663507616997317751, 1.539999999999999591, -0.02889172947462119792 ) ) ;
#963 = COLOUR_RGB ( '',0.6470588235294117974, 0.6196078431372549211, 0.5882352941176470784 ) ;
#964 = CARTESIAN_POINT ( 'NONE',  ( -0.2929706587114087046, 0.000000000000000000, 0.01000000000000000021 ) ) ;
#965 = ADVANCED_FACE ( 'NONE', ( #1255 ), #3915, .T. ) ;
#966 = ORIENTED_EDGE ( 'NONE', *, *, #3468, .F. ) ;
#967 = ORIENTED_EDGE ( 'NONE', *, *, #643, .F. ) ;
#968 = DIRECTION ( 'NONE',  ( -0.000000000000000000, -0.000000000000000000, -1.000000000000000000 ) ) ;
#969 = DIRECTION ( 'NONE',  ( -1.000000000000000000, 0.000000000000000000, -0.000000000000000000 ) ) ;
#970 = UNCERTAINTY_MEASURE_WITH_UNIT (LENGTH_MEASURE( 1.000000000000000082E-05 ), #852, 'distance_accuracy_value', 'NONE');
#971 = AXIS2_PLACEMENT_3D ( 'NONE', #2155, #2172, #1849 ) ;
#972 = DIRECTION ( 'NONE',  ( -0.000000000000000000, -0.000000000000000000, -1.000000000000000000 ) ) ;
#973 = CARTESIAN_POINT ( 'NONE',  ( 0.09234472481545728806, 0.3054417736472029854, 0.01000000000000000021 ) ) ;
#974 = EDGE_LOOP ( 'NONE', ( #3628, #2489, #1610, #2877 ) ) ;
#975 = CARTESIAN_POINT ( 'NONE',  ( 0.01688292292791431295, 0.2289258743371738736, 0.01000000000000000021 ) ) ;
#976 = LINE ( 'NONE', #3577, #4228 ) ;
#977 = CARTESIAN_POINT ( 'NONE',  ( 0.1242168412885913259, 0.2769230769230768829, 0.01000000000000000021 ) ) ;
#978 = LINE ( 'NONE', #2463, #4073 ) ;
#979 = CARTESIAN_POINT ( 'NONE',  ( 0.1503708025922407820, -0.005924711574083567182, 0.01000000000000000021 ) ) ;
#980 = EDGE_CURVE ( 'NONE', #4095, #2554, #1216, .T. ) ;
#981 = SURFACE_STYLE_USAGE ( .BOTH. , #331 ) ;
#982 = LINE ( 'NONE', #3088, #3308 ) ;
#983 = CIRCLE ( 'NONE', #3986, 0.3999999999999999667 ) ;
#984 = SURFACE_STYLE_USAGE ( .BOTH. , #3607 ) ;
#985 = SURFACE_STYLE_USAGE ( .BOTH. , #2635 ) ;
#986 = AXIS2_PLACEMENT_3D ( 'NONE', #2860, #1135, #3822 ) ;
#987 = LINE ( 'NONE', #4275, #1261 ) ;
#988 = ORIENTED_EDGE ( 'NONE', *, *, #4109, .T. ) ;
#989 = SURFACE_SIDE_STYLE ('',( #3073 ) ) ;
#990 = CARTESIAN_POINT ( 'NONE',  ( -0.4460862011695178597, 0.2900600524590512541, -0.000000000000000000 ) ) ;
#991 = ADVANCED_FACE ( 'NONE', ( #3864 ), #3057, .T. ) ;
#992 = CARTESIAN_POINT ( 'NONE',  ( 0.2143939465941328559, 0.01707238732737900028, 6.776263578034402713E-18 ) ) ;
#993 = CARTESIAN_POINT ( 'NONE',  ( 0.2189242966170531490, 0.05915294021971212457, 5.082197683525802034E-18 ) ) ;
#994 = SURFACE_SIDE_STYLE ('',( #2210 ) ) ;
#995 = FILL_AREA_STYLE ('',( #328 ) ) ;
#996 = CARTESIAN_POINT ( 'NONE',  ( 0.1281898952923798407, 0.3075540215768681751, 0.01000000000000000021 ) ) ;
#997 = VECTOR ( 'NONE', #1252, 1000.000000000000000 ) ;
#998 = ORIENTED_EDGE ( 'NONE', *, *, #879, .T. ) ;
#999 = CARTESIAN_POINT ( 'NONE',  ( 0.1317803740996316419, -0.007625446230164882079, 0.000000000000000000 ) ) ;
#1000 = CARTESIAN_POINT ( 'NONE',  ( -0.7198937356344854432, 0.2999999999999999889, 0.01000000000000000021 ) ) ;
#1001 = B_SPLINE_SURFACE_WITH_KNOTS ( 'NONE', 3, 1, ( 
 ( #2669, #4169 ),
 ( #1562, #1279 ),
 ( #2477, #819 ),
 ( #797, #3071 ),
 ( #783, #442 ),
 ( #3797, #1603 ),
 ( #3467, #2681 ),
 ( #4019, #704 ),
 ( #3005, #660 ),
 ( #3335, #3673 ),
 ( #2029, #3995 ),
 ( #2013, #50 ),
 ( #3660, #3321 ),
 ( #2976, #3684 ),
 ( #2039, #3356 ),
 ( #2991, #363 ),
 ( #3636, #3345 ),
 ( #1719, #1709 ),
 ( #692, #65 ) ),
 .UNSPECIFIED., .F., .F., .F.,
 ( 4, 1, 1, 1, 1, 1, 1, 1, 1, 1, 1, 1, 1, 1, 1, 1, 4 ),
 ( 2, 2 ),
 ( 0.000000000000000000, 0.06154496601632365033, 0.1216942964020307216, 0.1811548554526329902, 0.2398753889119570326, 0.2987019424504284704, 0.3576474237092014397, 0.4176048428493669418, 0.4784940407282913255, 0.5404070506371326799, 0.6023449938728028252, 0.6650043279232334958, 0.7285593088233758285, 0.7936505420268854527, 0.8605342675902674099, 0.9292359605619636698, 0.9999999999999998890 ),
 ( 0.000000000000000000, 1.000000000000000000 ),
 .UNSPECIFIED. ) ;
#1002 = PLANE ( 'NONE',  #1204 ) ;
#1003 =( NAMED_UNIT ( * ) SI_UNIT ( $, .STERADIAN. ) SOLID_ANGLE_UNIT ( ) );
#1004 = VECTOR ( 'NONE', #2525, 1000.000000000000000 ) ;
#1005 = ORIENTED_EDGE ( 'NONE', *, *, #754, .T. ) ;
#1006 = UNCERTAINTY_MEASURE_WITH_UNIT (LENGTH_MEASURE( 1.000000000000000082E-05 ), #3338, 'distance_accuracy_value', 'NONE');
#1007 = VERTEX_POINT ( 'NONE', #2748 ) ;
#1008 = ORIENTED_EDGE ( 'NONE', *, *, #3025, .T. ) ;
#1009 = STYLED_ITEM ( 'NONE', ( #1870 ), #682 ) ;
#1010 = CARTESIAN_POINT ( 'NONE',  ( 0.04316176860916509650, 0.2530390486501388203, 6.776263578034402713E-18 ) ) ;
#1011 = PRESENTATION_STYLE_ASSIGNMENT (( #2671 ) ) ;
#1012 = DIRECTION ( 'NONE',  ( -0.000000000000000000, -0.000000000000000000, -1.000000000000000000 ) ) ;
#1013 = CARTESIAN_POINT ( 'NONE',  ( 0.1242168412885913259, 0.2769230769230768829, 0.000000000000000000 ) ) ;
#1014 = EDGE_CURVE ( 'NONE', #2024, #2990, #4235, .T. ) ;
#1015 = CARTESIAN_POINT ( 'NONE',  ( -0.2391245048652548000, 0.2692307692307692180, 0.01000000000000000021 ) ) ;
#1016 = ADVANCED_FACE ( 'NONE', ( #2541 ), #2121, .T. ) ;
#1017 = AXIS2_PLACEMENT_3D ( 'NONE', #1225, #4195, #3530 ) ;
#1018 = PLANE ( 'NONE',  #1272 ) ;
#1019 = MECHANICAL_DESIGN_GEOMETRIC_PRESENTATION_REPRESENTATION (  '', ( #1336 ), #488 ) ;
#1020 = CARTESIAN_POINT ( 'NONE',  ( 0.000000000000000000, 0.000000000000000000, 0.000000000000000000 ) ) ;
#1021 = ORIENTED_EDGE ( 'NONE', *, *, #2648, .T. ) ;
#1022 = ORIENTED_EDGE ( 'NONE', *, *, #2133, .F. ) ;
#1023 = CARTESIAN_POINT ( 'NONE',  ( 2.293928171141427441, 3.474214125298948019, 0.2999999999999997669 ) ) ;
#1024 = EDGE_CURVE ( 'NONE', #556, #2070, #1903, .T. ) ;
#1025 = CARTESIAN_POINT ( 'NONE',  ( 0.2091180838179756696, 0.05070890662273244004, 5.082197683525802034E-18 ) ) ;
#1026 = CARTESIAN_POINT ( 'NONE',  ( -0.5090434045326451828, 0.2452903574658287511, 0.01000000000000000021 ) ) ;
#1027 = EDGE_LOOP ( 'NONE', ( #2062, #1294, #444, #1606 ) ) ;
#1028 = CARTESIAN_POINT ( 'NONE',  ( 0.1999517542712554163, 0.008803236736316303809, 0.01000000000000000021 ) ) ;
#1029 = EDGE_LOOP ( 'NONE', ( #1967, #2733, #3458 ) ) ;
#1030 = SURFACE_STYLE_USAGE ( .BOTH. , #3021 ) ;
#1031 =( NAMED_UNIT ( * ) SI_UNIT ( $, .STERADIAN. ) SOLID_ANGLE_UNIT ( ) );
#1032 = CARTESIAN_POINT ( 'NONE',  ( -0.3198937356344855321, 0.03076923076923076747, 0.000000000000000000 ) ) ;
#1033 = VERTEX_POINT ( 'NONE', #163 ) ;
#1034 = EDGE_LOOP ( 'NONE', ( #707, #1233, #332, #723 ) ) ;
#1035 = CARTESIAN_POINT ( 'NONE',  ( 0.3185678028270528261, 0.000000000000000000, 0.01000000000000000021 ) ) ;
#1036 = LINE ( 'NONE', #3268, #713 ) ;
#1037 = EDGE_CURVE ( 'NONE', #702, #3707, #676, .T. ) ;
#1038 = CARTESIAN_POINT ( 'NONE',  ( -0.4913902844900300271, 0.2193269787045148966, 0.01000000000000000021 ) ) ;
#1039 = CARTESIAN_POINT ( 'NONE',  ( 0.1556357244721444377, 0.3051289652174923872, 0.000000000000000000 ) ) ;
#1040 = CARTESIAN_POINT ( 'NONE',  ( 0.1756116127124369153, 0.03191678572324568169, 0.01000000000000000021 ) ) ;
#1041 = CARTESIAN_POINT ( 'NONE',  ( 0.1242168412885913259, 0.2769230769230768829, 0.01000000000000000021 ) ) ;
#1042 = LINE ( 'NONE', #1364, #2009 ) ;
#1043 = CARTESIAN_POINT ( 'NONE',  ( 0.2459115528270528761, 0.04477163461538460898, 0.000000000000000000 ) ) ;
#1044 = EDGE_CURVE ( 'NONE', #1848, #2965, #3405, .T. ) ;
#1045 = CARTESIAN_POINT ( 'NONE',  ( -0.09681681255756247051, 0.2692307692307692180, 0.000000000000000000 ) ) ;
#1046 = PRESENTATION_STYLE_ASSIGNMENT (( #664 ) ) ;
#1047 = VERTEX_POINT ( 'NONE', #3472 ) ;
#1048 = LINE ( 'NONE', #2703, #4138 ) ;
#1049 = CARTESIAN_POINT ( 'NONE',  ( -0.4859546622019734752, 0.2266206737727478326, 0.000000000000000000 ) ) ;
#1050 = COLOUR_RGB ( '',0.6470588235294117974, 0.6196078431372549211, 0.5882352941176470784 ) ;
#1051 = CARTESIAN_POINT ( 'NONE',  ( -0.5121574318824065886, 0.1497826224870420220, 6.776263578034402713E-18 ) ) ;
#1052 = DIRECTION ( 'NONE',  ( 2.168404344971008868E-16, -1.000000000000000000, 0.000000000000000000 ) ) ;
#1053 = DIRECTION ( 'NONE',  ( -1.000000000000000000, 0.000000000000000000, 0.000000000000000000 ) ) ;
#1054 = CARTESIAN_POINT ( 'NONE',  ( -0.5344772265215361751, 0.1038991827851072913, 0.000000000000000000 ) ) ;
#1055 = ORIENTED_EDGE ( 'NONE', *, *, #2786, .T. ) ;
#1056 = CARTESIAN_POINT ( 'NONE',  ( 0.2836278796194821039, 0.1365084513660569654, 0.000000000000000000 ) ) ;
#1057 = CARTESIAN_POINT ( 'NONE',  ( -1.500000000000000444, 1.543535533905932233, 0.006464466094067256897 ) ) ;
#1058 = CARTESIAN_POINT ( 'NONE',  ( -0.2391245048652548000, 0.2692307692307692180, 0.01000000000000000021 ) ) ;
#1059 = PRESENTATION_LAYER_ASSIGNMENT (  '', '', ( #2672 ) ) ;
#1060 = ORIENTED_EDGE ( 'NONE', *, *, #1598, .T. ) ;
#1061 = VECTOR ( 'NONE', #3470, 1000.000000000000000 ) ;
#1062 = CARTESIAN_POINT ( 'NONE',  ( -0.4913902844900300271, 0.2193269787045148966, 6.776263578034402713E-18 ) ) ;
#1063 = SURFACE_STYLE_USAGE ( .BOTH. , #3038 ) ;
#1064 = CARTESIAN_POINT ( 'NONE',  ( 0.1508127684208618036, 0.2746320648980008494, 6.776263578034402713E-18 ) ) ;
#1065 = CARTESIAN_POINT ( 'NONE',  ( 2.293928171141428773, -1.539999999999999591, 0.2999999999999997669 ) ) ;
#1066 = CARTESIAN_POINT ( 'NONE',  ( 0.4608754951347451834, 0.2999999999999999889, 0.01000000000000000021 ) ) ;
#1067 = VERTEX_POINT ( 'NONE', #3146 ) ;
#1068 = VERTEX_POINT ( 'NONE', #1533 ) ;
#1069 =( GEOMETRIC_REPRESENTATION_CONTEXT ( 3 ) GLOBAL_UNCERTAINTY_ASSIGNED_CONTEXT ( ( #1543 ) ) GLOBAL_UNIT_ASSIGNED_CONTEXT ( ( #1496, #169, #1837 ) ) REPRESENTATION_CONTEXT ( 'NONE', 'WORKASPACE' ) );
#1070 = LINE ( 'NONE', #2245, #1652 ) ;
#1071 = B_SPLINE_SURFACE_WITH_KNOTS ( 'NONE', 3, 1, ( 
 ( #229, #2607 ),
 ( #3517, #2566 ),
 ( #4200, #1564 ),
 ( #2219, #2892 ),
 ( #3908, #3842 ),
 ( #4229, #3189 ),
 ( #621, #288 ),
 ( #242, #2250 ),
 ( #1938, #2904 ),
 ( #1227, #2879 ),
 ( #906, #2582 ) ),
 .UNSPECIFIED., .F., .F., .F.,
 ( 4, 1, 1, 1, 1, 1, 1, 1, 4 ),
 ( 2, 2 ),
 ( 0.000000000000000000, 0.08431861695858144934, 0.1792845142139035675, 0.2865825276465601146, 0.4051114834342786075, 0.5355928734189734364, 0.6781902099934135064, 0.8329758397604886122, 0.9999999999999998890 ),
 ( 0.000000000000000000, 1.000000000000000000 ),
 .UNSPECIFIED. ) ;
#1072 = AXIS2_PLACEMENT_3D ( 'NONE', #4146, #1197, #3178 ) ;
#1073 = CARTESIAN_POINT ( 'NONE',  ( 1.499999999999999556, 1.550000000000000044, 0.000000000000000000 ) ) ;
#1074 = VERTEX_POINT ( 'NONE', #4124 ) ;
#1075 = CARTESIAN_POINT ( 'NONE',  ( -0.5109846317687727346, 0.1667887550276296871, 6.776263578034402713E-18 ) ) ;
#1076 = B_SPLINE_SURFACE_WITH_KNOTS ( 'NONE', 3, 1, ( 
 ( #730, #610 ),
 ( #2564, #617 ),
 ( #578, #1288 ),
 ( #1578, #4196 ),
 ( #1949, #3917 ),
 ( #3572, #1621 ),
 ( #285, #3855 ),
 ( #2889, #1276 ),
 ( #2578, #4256 ),
 ( #1909, #3890 ),
 ( #903, #3904 ),
 ( #2278, #560 ),
 ( #3531, #2235 ),
 ( #2549, #1897 ),
 ( #2215, #240 ),
 ( #2876, #1936 ),
 ( #3234, #3218 ),
 ( #1254, #595 ),
 ( #3560, #2903 ) ),
 .UNSPECIFIED., .F., .F., .F.,
 ( 4, 1, 1, 1, 1, 1, 1, 1, 1, 1, 1, 1, 1, 1, 1, 1, 4 ),
 ( 2, 2 ),
 ( 0.000000000000000000, 0.06241450026327793887, 0.1233382314733143803, 0.1831245376921939449, 0.2417829946389432882, 0.3005788825509778661, 0.3596800748966264560, 0.4188816408500465327, 0.4795306644577831401, 0.5408505357600388308, 0.6023033958983802227, 0.6644632119464733977, 0.7278057226670118229, 0.7928948147812348024, 0.8596723283028316898, 0.9284644007334887927, 1.000000000000000000 ),
 ( 0.000000000000000000, 1.000000000000000000 ),
 .UNSPECIFIED. ) ;
#1077 = CARTESIAN_POINT ( 'NONE',  ( 0.05591258056229378437, 0.004770647326248448651, 0.000000000000000000 ) ) ;
#1078 = CARTESIAN_POINT ( 'NONE',  ( -0.4783084327701971894, 0.02060215732527983720, 0.000000000000000000 ) ) ;
#1079 = VERTEX_POINT ( 'NONE', #2851 ) ;
#1080 = CARTESIAN_POINT ( 'NONE',  ( -0.09681681255756247051, 0.1769230769230769051, 0.000000000000000000 ) ) ;
#1081 = UNCERTAINTY_MEASURE_WITH_UNIT (LENGTH_MEASURE( 1.000000000000000082E-05 ), #544, 'distance_accuracy_value', 'NONE');
#1082 = LINE ( 'NONE', #1547, #2636 ) ;
#1083 =( NAMED_UNIT ( * ) SI_UNIT ( $, .STERADIAN. ) SOLID_ANGLE_UNIT ( ) );
#1084 = CARTESIAN_POINT ( 'NONE',  ( -0.4253098653499333137, 0.2629922374439583321, 0.000000000000000000 ) ) ;
#1085 = B_SPLINE_SURFACE_WITH_KNOTS ( 'NONE', 3, 1, ( 
 ( #2807, #1149 ),
 ( #1503, #812 ),
 ( #527, #2844 ),
 ( #3160, #3173 ),
 ( #3780, #2821 ),
 ( #3132, #1203 ),
 ( #1489, #1192 ),
 ( #3495, #3480 ),
 ( #2136, #1854 ),
 ( #4151, #1830 ),
 ( #827, #191 ) ),
 .UNSPECIFIED., .F., .F., .F.,
 ( 4, 1, 1, 1, 1, 1, 1, 1, 4 ),
 ( 2, 2 ),
 ( 0.000000000000000000, 0.1243285095938497231, 0.2471560163611866145, 0.3687797492913393871, 0.4907338624016479578, 0.6136137718478437142, 0.7389575757222154317, 0.8673105751912625339, 0.9999999999999998890 ),
 ( 0.000000000000000000, 1.000000000000000000 ),
 .UNSPECIFIED. ) ;
#1086 = CARTESIAN_POINT ( 'NONE',  ( -0.4963534276480899288, 0.2116148902130454146, 0.000000000000000000 ) ) ;
#1087 = LINE ( 'NONE', #4016, #3754 ) ;
#1088 = FACE_OUTER_BOUND ( 'NONE', #2827, .T. ) ;
#1089 = VECTOR ( 'NONE', #3230, 1000.000000000000000 ) ;
#1090 = ORIENTED_EDGE ( 'NONE', *, *, #1146, .F. ) ;
#1091 = CARTESIAN_POINT ( 'NONE',  ( 0.09235934704957793340, -0.005523782209912989419, 0.01000000000000000021 ) ) ;
#1092 = CARTESIAN_POINT ( 'NONE',  ( -0.4930263573123941367, 0.07736268778201155216, 0.000000000000000000 ) ) ;
#1093 = CARTESIAN_POINT ( 'NONE',  ( 0.003448131801083699054, 0.04102119099134274999, 0.01000000000000000021 ) ) ;
#1094 = FACE_OUTER_BOUND ( 'NONE', #3384, .T. ) ;
#1095 = ORIENTED_EDGE ( 'NONE', *, *, #2101, .F. ) ;
#1097 = EDGE_CURVE ( 'NONE', #1872, #477, #1153, .T. ) ;
#1096 = VECTOR ( 'NONE', #223, 1000.000000000000000 ) ;
#1098 = PLANE ( 'NONE',  #1100 ) ;
#1099 = PLANE ( 'NONE',  #2506 ) ;
#1100 = AXIS2_PLACEMENT_3D ( 'NONE', #2059, #2740, #782 ) ;
#1101 = AXIS2_PLACEMENT_3D ( 'NONE', #2082, #1458, #1166 ) ;
#1102 = ORIENTED_EDGE ( 'NONE', *, *, #2413, .F. ) ;
#1103 = FACE_OUTER_BOUND ( 'NONE', #1487, .T. ) ;
#1104 = CARTESIAN_POINT ( 'NONE',  ( 3.150000000000000355, -1.539999999999999591, -0.4000000000000001332 ) ) ;
#1105 = CARTESIAN_POINT ( 'NONE',  ( -0.3561146025313061680, 0.2691853670997404469, 0.01000000000000000021 ) ) ;
#1106 = PLANE ( 'NONE',  #2868 ) ;
#1107 = CARTESIAN_POINT ( 'NONE',  ( -0.5120710012335546457, 0.1566752668613955457, 0.000000000000000000 ) ) ;
#1108 = FACE_OUTER_BOUND ( 'NONE', #2095, .T. ) ;
#1109 = EDGE_LOOP ( 'NONE', ( #2296, #2073, #1396, #3355 ) ) ;
#1110 = VECTOR ( 'NONE', #1551, 1000.000000000000000 ) ;
#1111 = CARTESIAN_POINT ( 'NONE',  ( 3.149999999999999467, 1.540000000000000036, -0.4000000000000001332 ) ) ;
#1112 = CARTESIAN_POINT ( 'NONE',  ( 0.02385248600042177980, 0.02286809479150352445, 0.01000000000000000021 ) ) ;
#1113 = B_SPLINE_SURFACE_WITH_KNOTS ( 'NONE', 3, 1, ( 
 ( #2783, #2474 ),
 ( #491, #749 ),
 ( #3728, #1777 ),
 ( #1600, #2368 ),
 ( #2930, #952 ),
 ( #918, #651 ),
 ( #134, #3075 ),
 ( #2111, #2406 ),
 ( #2423, #119 ),
 ( #4068, #103 ),
 ( #1800, #2438 ) ),
 .UNSPECIFIED., .F., .F., .F.,
 ( 4, 1, 1, 1, 1, 1, 1, 1, 4 ),
 ( 2, 2 ),
 ( 0.000000000000000000, 0.1642892164747617734, 0.3174059112304908892, 0.4588436116410197774, 0.5893665423053098262, 0.7078313187781728466, 0.8157700306990046668, 0.9128799029021262834, 1.000000000000000000 ),
 ( 0.000000000000000000, 1.000000000000000000 ),
 .UNSPECIFIED. ) ;
#1114 = ORIENTED_EDGE ( 'NONE', *, *, #2762, .F. ) ;
#1115 = CARTESIAN_POINT ( 'NONE',  ( -0.2929706587114087046, 0.2999999999999999889, 0.000000000000000000 ) ) ;
#1116 = CARTESIAN_POINT ( 'NONE',  ( -0.4342951882227275573, 0.003944872921836337608, 0.000000000000000000 ) ) ;
#1117 = ORIENTED_EDGE ( 'NONE', *, *, #3222, .T. ) ;
#1118 = ORIENTED_EDGE ( 'NONE', *, *, #3833, .F. ) ;
#1119 = DIRECTION ( 'NONE',  ( -1.000000000000000000, -1.445602896647339163E-16, -1.205012674960150487E-16 ) ) ;
#1120 = CARTESIAN_POINT ( 'NONE',  ( 0.03085738457473382115, 0.2821839692066955840, 0.000000000000000000 ) ) ;
#1121 = CARTESIAN_POINT ( 'NONE',  ( 0.01520241821166827892, 0.2269230769230768940, 0.000000000000000000 ) ) ;
#1122 = DIRECTION ( 'NONE',  ( 1.000000000000000000, 1.445602896647339163E-16, 0.000000000000000000 ) ) ;
#1123 = EDGE_CURVE ( 'NONE', #1079, #3387, #1518, .T. ) ;
#1124 = CARTESIAN_POINT ( 'NONE',  ( -0.4254213614871165672, 0.03489406044990245315, 0.01000000000000000021 ) ) ;
#1125 = AXIS2_PLACEMENT_3D ( 'NONE', #503, #1859, #3124 ) ;
#1126 = VECTOR ( 'NONE', #4137, 1000.000000000000000 ) ;
#1127 = ORIENTED_EDGE ( 'NONE', *, *, #1704, .T. ) ;
#1128 =( NAMED_UNIT ( * ) SI_UNIT ( $, .STERADIAN. ) SOLID_ANGLE_UNIT ( ) );
#1129 = CARTESIAN_POINT ( 'NONE',  ( -0.3543288317883316885, 0.03076923076923075359, 0.01000000000000000021 ) ) ;
#1130 = CARTESIAN_POINT ( 'NONE',  ( 0.009900471577858236186, 0.03454941651998851004, 0.000000000000000000 ) ) ;
#1131 = CARTESIAN_POINT ( 'NONE',  ( 0.1759602107200207710, 0.2674729200787451799, 6.776263578034402713E-18 ) ) ;
#1132 = ORIENTED_EDGE ( 'NONE', *, *, #2249, .F. ) ;
#1133 = EDGE_CURVE ( 'NONE', #2867, #2024, #2897, .T. ) ;
#1134 = DIRECTION ( 'NONE',  ( -0.7970624896273533766, -0.6038968352533777839, 0.000000000000000000 ) ) ;
#1135 = DIRECTION ( 'NONE',  ( 0.000000000000000000, 0.000000000000000000, -1.000000000000000000 ) ) ;
#1136 = CARTESIAN_POINT ( 'NONE',  ( -0.3687940748585751272, 0.03083139733152467227, 6.776263578034402713E-18 ) ) ;
#1137 =( LENGTH_UNIT ( ) NAMED_UNIT ( * ) SI_UNIT ( .MILLI., .METRE. ) );
#1138 = AXIS2_PLACEMENT_3D ( 'NONE', #2522, #3502, #3152 ) ;
#1139 = CARTESIAN_POINT ( 'NONE',  ( 0.4339524182116682449, 0.2999999999999999889, 0.01000000000000000021 ) ) ;
#1140 = ORIENTED_EDGE ( 'NONE', *, *, #3601, .F. ) ;
#1141 = ORIENTED_EDGE ( 'NONE', *, *, #2799, .T. ) ;
#1142 = PRESENTATION_STYLE_ASSIGNMENT (( #3938 ) ) ;
#1143 = CARTESIAN_POINT ( 'NONE',  ( 0.4339524182116682449, 0.03076923076923076747, 0.01000000000000000021 ) ) ;
#1144 = CARTESIAN_POINT ( 'NONE',  ( 0.03140154134424945342, 0.01769936639644365331, 0.01000000000000000021 ) ) ;
#1145 = CARTESIAN_POINT ( 'NONE',  ( 0.02385248600042177980, 0.02286809479150352445, 0.000000000000000000 ) ) ;
#1146 = EDGE_CURVE ( 'NONE', #1732, #1520, #3105, .T. ) ;
#1147 = DIRECTION ( 'NONE',  ( -0.000000000000000000, -0.000000000000000000, -1.000000000000000000 ) ) ;
#1148 = DIRECTION ( 'NONE',  ( 6.994852725712931474E-17, 1.000000000000000000, 0.000000000000000000 ) ) ;
#1149 = CARTESIAN_POINT ( 'NONE',  ( 0.2459115528270528761, 0.04477163461538460898, 6.776263578034402713E-18 ) ) ;
#1150 = CARTESIAN_POINT ( 'NONE',  ( 0.2131337305518910263, 0.2455838064031915235, 0.01000000000000000021 ) ) ;
#1151 = DIRECTION ( 'NONE',  ( 1.000000000000000000, 0.000000000000000000, 0.000000000000000000 ) ) ;
#1152 = B_SPLINE_CURVE_WITH_KNOTS ( 'NONE', 3,
 ( #1121, #1455, #2334, #2403, #473, #2987, #359, #2678, #2795, #4053, #430, #2747, #4091, #2080, #1013 ),
 .UNSPECIFIED., .F., .F.,
 ( 4, 1, 1, 1, 1, 1, 1, 1, 1, 1, 1, 1, 4 ),
 ( 0.000000000000000000, 0.06316325936347030878, 0.1254749410306407742, 0.1871212198160328022, 0.2482943461142989305, 0.3092948562551207647, 0.3698500660670929197, 0.4309733755473815209, 0.4924559896728168407, 0.6161479662918551981, 0.7408436984673626435, 0.8681826486700430223, 1.000000000000000000 ),
 .UNSPECIFIED. ) ;
#1153 = CIRCLE ( 'NONE', #1125, 0.1000000000000000472 ) ;
#1154 = VECTOR ( 'NONE', #1776, 1000.000000000000000 ) ;
#1155 = CARTESIAN_POINT ( 'NONE',  ( -0.7885836394806394756, 0.09615384615384615918, 0.01000000000000000021 ) ) ;
#1156 = DIRECTION ( 'NONE',  ( 0.000000000000000000, 1.000000000000000000, 0.000000000000000000 ) ) ;
#1157 = CARTESIAN_POINT ( 'NONE',  ( 2.146530383509386741, 3.474214125298948019, 0.000000000000000000 ) ) ;
#1158 = EDGE_CURVE ( 'NONE', #790, #849, #3311, .T. ) ;
#1159 = CARTESIAN_POINT ( 'NONE',  ( -0.4854092656936735972, 0.02550129059796980152, 0.01000000000000000021 ) ) ;
#1160 = CARTESIAN_POINT ( 'NONE',  ( -0.4400860433267932414, 0.03840144230769230310, 0.000000000000000000 ) ) ;
#1161 = VERTEX_POINT ( 'NONE', #1816 ) ;
#1162 =( GEOMETRIC_REPRESENTATION_CONTEXT ( 3 ) GLOBAL_UNCERTAINTY_ASSIGNED_CONTEXT ( ( #2934 ) ) GLOBAL_UNIT_ASSIGNED_CONTEXT ( ( #4175, #236, #1285 ) ) REPRESENTATION_CONTEXT ( 'NONE', 'WORKASPACE' ) );
#1163 = AXIS2_PLACEMENT_3D ( 'NONE', #2034, #4002, #1728 ) ;
#1164 = CARTESIAN_POINT ( 'NONE',  ( -0.7744009471729470517, 0.1269230769230769162, 0.000000000000000000 ) ) ;
#1165 = DIRECTION ( 'NONE',  ( 1.000000000000000000, 0.000000000000000000, -0.000000000000000000 ) ) ;
#1166 = DIRECTION ( 'NONE',  ( -0.6110827052537922688, 0.000000000000000000, 0.7915667548221735350 ) ) ;
#1167 = ORIENTED_EDGE ( 'NONE', *, *, #1584, .T. ) ;
#1168 = PRESENTATION_STYLE_ASSIGNMENT (( #2909 ) ) ;
#1169 = EDGE_CURVE ( 'NONE', #3066, #1887, #1369, .T. ) ;
#1170 = CARTESIAN_POINT ( 'NONE',  ( 0.2476429210934351088, 0.09998780225323310178, 0.01000000000000000021 ) ) ;
#1171 = CARTESIAN_POINT ( 'NONE',  ( 0.1501166770267959305, 0.02516071276677626575, 0.000000000000000000 ) ) ;
#1172 = CARTESIAN_POINT ( 'NONE',  ( 0.1068080835553458230, 0.02350658327324756103, 6.776263578034402713E-18 ) ) ;
#1173 = CARTESIAN_POINT ( 'NONE',  ( -0.4984662982951044707, 0.03707765577577403632, 0.01000000000000000021 ) ) ;
#1174 = VECTOR ( 'NONE', #4126, 1000.000000000000000 ) ;
#1175 = DIRECTION ( 'NONE',  ( -0.000000000000000000, 0.000000000000000000, -1.000000000000000000 ) ) ;
#1176 = CARTESIAN_POINT ( 'NONE',  ( 0.07721918710076747239, 0.02983376901249513644, 6.776263578034402713E-18 ) ) ;
#1177 = SURFACE_STYLE_USAGE ( .BOTH. , #2468 ) ;
#1178 = CARTESIAN_POINT ( 'NONE',  ( 0.2569261821660983602, 0.1584930907881931250, 0.01000000000000000021 ) ) ;
#1179 = ADVANCED_FACE ( 'NONE', ( #2802 ), #1874, .T. ) ;
#1180 = COLOUR_RGB ( '',0.6470588235294117974, 0.6196078431372549211, 0.5882352941176470784 ) ;
#1181 =( GEOMETRIC_REPRESENTATION_CONTEXT ( 3 ) GLOBAL_UNCERTAINTY_ASSIGNED_CONTEXT ( ( #227 ) ) GLOBAL_UNIT_ASSIGNED_CONTEXT ( ( #3313, #2923, #1341 ) ) REPRESENTATION_CONTEXT ( 'NONE', 'WORKASPACE' ) );
#1182 = ORIENTED_EDGE ( 'NONE', *, *, #1619, .F. ) ;
#1183 = LINE ( 'NONE', #3569, #2041 ) ;
#1184 = DIRECTION ( 'NONE',  ( 1.445602896647339163E-16, -1.000000000000000000, 0.000000000000000000 ) ) ;
#1185 = CARTESIAN_POINT ( 'NONE',  ( -0.3198937356344855321, 0.03076923076923076747, 0.01000000000000000021 ) ) ;
#1186 = PLANE ( 'NONE',  #1072 ) ;
#1187 = ORIENTED_EDGE ( 'NONE', *, *, #1820, .T. ) ;
#1188 = AXIS2_PLACEMENT_3D ( 'NONE', #1828, #2805, #526 ) ;
#1189 = DIRECTION ( 'NONE',  ( 1.000000000000000000, 0.000000000000000000, -0.000000000000000000 ) ) ;
#1190 = VERTEX_POINT ( 'NONE', #3151 ) ;
#1191 = EDGE_CURVE ( 'NONE', #2690, #889, #2216, .T. ) ;
#1192 = CARTESIAN_POINT ( 'NONE',  ( 0.2788507825145491448, 0.1073687265135241653, 6.776263578034402713E-18 ) ) ;
#1193 = CARTESIAN_POINT ( 'NONE',  ( 0.2813286409034687630, 0.1833362454380407236, 6.776263578034402713E-18 ) ) ;
#1194 = ORIENTED_EDGE ( 'NONE', *, *, #1501, .F. ) ;
#1195 = COLOUR_RGB ( '',0.6470588235294117974, 0.6196078431372549211, 0.5882352941176470784 ) ;
#1196 = CARTESIAN_POINT ( 'NONE',  ( 0.2356292357735091103, 0.07837518412771067589, 0.01000000000000000021 ) ) ;
#1197 = DIRECTION ( 'NONE',  ( 0.000000000000000000, -1.000000000000000000, 0.000000000000000000 ) ) ;
#1198 = PLANE ( 'NONE',  #2192 ) ;
#1199 = SURFACE_STYLE_FILL_AREA ( #390 ) ;
#1200 = VERTEX_POINT ( 'NONE', #4170 ) ;
#1201 = CARTESIAN_POINT ( 'NONE',  ( -1.584350941515099365, 1.539999999999999591, 0.009999999999999986330 ) ) ;
#1202 = VECTOR ( 'NONE', #2613, 1000.000000000000000 ) ;
#1203 = CARTESIAN_POINT ( 'NONE',  ( 0.2746711196727237292, 0.09365209332148413668, 6.776263578034402713E-18 ) ) ;
#1204 = AXIS2_PLACEMENT_3D ( 'NONE', #3622, #1835, #4118 ) ;
#1205 = CARTESIAN_POINT ( 'NONE',  ( 0.2136530544155964273, 0.2826108513675786860, 6.776263578034402713E-18 ) ) ;
#1206 = PLANE ( 'NONE',  #703 ) ;
#1207 = CARTESIAN_POINT ( 'NONE',  ( -0.3588163522060179300, 0.2999620654289171795, 0.01000000000000000021 ) ) ;
#1208 = FACE_OUTER_BOUND ( 'NONE', #1277, .T. ) ;
#1209 = CARTESIAN_POINT ( 'NONE',  ( 1.500000000000001332, -1.539999999999999591, 0.009999999999999998473 ) ) ;
#1210 = CARTESIAN_POINT ( 'NONE',  ( -0.3198937356344855321, 0.2692307692307692180, 0.01000000000000000021 ) ) ;
#1211 = ORIENTED_EDGE ( 'NONE', *, *, #893, .T. ) ;
#1212 = EDGE_CURVE ( 'NONE', #2931, #524, #367, .T. ) ;
#1213 = CARTESIAN_POINT ( 'NONE',  ( -0.4342951882227275573, 0.003944872921836337608, 0.01000000000000000021 ) ) ;
#1214 = FACE_OUTER_BOUND ( 'NONE', #4182, .T. ) ;
#1215 = AXIS2_PLACEMENT_3D ( 'NONE', #2256, #1933, #2858 ) ;
#1216 = B_SPLINE_CURVE_WITH_KNOTS ( 'NONE', 3,
 ( #4066, #3385, #401, #1799, #1760, #759, #3074, #4092, #1105, #3395, #3720 ),
 .UNSPECIFIED., .F., .F.,
 ( 4, 1, 1, 1, 1, 1, 1, 1, 4 ),
 ( 0.000000000000000000, 0.08431861695858144934, 0.1792845142139035675, 0.2865825276465601146, 0.4051114834342786075, 0.5355928734189734364, 0.6781902099934135064, 0.8329758397604886122, 0.9999999999999998890 ),
 .UNSPECIFIED. ) ;
#1217 = ORIENTED_EDGE ( 'NONE', *, *, #733, .T. ) ;
#1218 = AXIS2_PLACEMENT_3D ( 'NONE', #1582, #3969, #365 ) ;
#1219 = DIRECTION ( 'NONE',  ( 1.000000000000000000, 0.000000000000000000, 0.000000000000000000 ) ) ;
#1220 =( LENGTH_UNIT ( ) NAMED_UNIT ( * ) SI_UNIT ( .MILLI., .METRE. ) );
#1221 = ADVANCED_FACE ( 'NONE', ( #4181 ), #1507, .T. ) ;
#1222 = CARTESIAN_POINT ( 'NONE',  ( 0.1712428703971816124, 0.3016701206442397032, 6.776263578034402713E-18 ) ) ;
#1223 = ORIENTED_EDGE ( 'NONE', *, *, #858, .T. ) ;
#1224 = ORIENTED_EDGE ( 'NONE', *, *, #44, .F. ) ;
#1225 = CARTESIAN_POINT ( 'NONE',  ( -0.6671894087114085270, 0.1269230769230769162, 0.01000000000000000021 ) ) ;
#1226 = PLANE ( 'NONE',  #971 ) ;
#1227 = CARTESIAN_POINT ( 'NONE',  ( -0.3461560996296150217, 0.2692152562885843925, 0.01000000000000000021 ) ) ;
#1228 = DIRECTION ( 'NONE',  ( -0.000000000000000000, -0.000000000000000000, -1.000000000000000000 ) ) ;
#1229 = CARTESIAN_POINT ( 'NONE',  ( -0.4540681997858397323, 0.008952088164728786573, 0.01000000000000000021 ) ) ;
#1230 = SURFACE_STYLE_USAGE ( .BOTH. , #2817 ) ;
#1231 =( NAMED_UNIT ( * ) PLANE_ANGLE_UNIT ( ) SI_UNIT ( $, .RADIAN. ) );
#1232 = DIRECTION ( 'NONE',  ( -0.000000000000000000, -0.000000000000000000, -1.000000000000000000 ) ) ;
#1233 = ORIENTED_EDGE ( 'NONE', *, *, #681, .F. ) ;
#1234 = CARTESIAN_POINT ( 'NONE',  ( 0.02594271879569134964, 0.06128657647449026191, 0.01000000000000000021 ) ) ;
#1235 = EDGE_CURVE ( 'NONE', #2070, #1741, #234, .T. ) ;
#1236 = VERTEX_POINT ( 'NONE', #1928 ) ;
#1237 = CARTESIAN_POINT ( 'NONE',  ( -0.4400860433267932414, 0.03840144230769230310, 0.000000000000000000 ) ) ;
#1238 = EDGE_CURVE ( 'NONE', #1447, #1872, #2430, .T. ) ;
#1239 = CARTESIAN_POINT ( 'NONE',  ( 0.1223538605193605355, 0.02307692307692307473, 0.01000000000000000021 ) ) ;
#1240 = ORIENTED_EDGE ( 'NONE', *, *, #781, .F. ) ;
#1241 = ADVANCED_FACE ( 'NONE', ( #3153 ), #1071, .T. ) ;
#1242 = MECHANICAL_DESIGN_GEOMETRIC_PRESENTATION_REPRESENTATION (  '', ( #2919 ), #261 ) ;
#1243 = STYLED_ITEM ( 'NONE', ( #3820 ), #2369 ) ;
#1244 = CARTESIAN_POINT ( 'NONE',  ( 0.04696934474487004380, 0.2912596004883941103, 3.388131789017201356E-18 ) ) ;
#1245 = EDGE_LOOP ( 'NONE', ( #3019, #3122, #182, #4065 ) ) ;
#1246 = B_SPLINE_CURVE_WITH_KNOTS ( 'NONE', 3,
 ( #3963, #1996, #345, #1345, #979, #2663, #3277, #1376, #2304, #298, #1028, #1318, #3289, #329, #3602, #3933, #3647, #1692, #3979 ),
 .UNSPECIFIED., .F., .F.,
 ( 4, 1, 1, 1, 1, 1, 1, 1, 1, 1, 1, 1, 1, 1, 1, 1, 4 ),
 ( 0.000000000000000000, 0.06966280089907717077, 0.1377495622582725898, 0.2039167435177823839, 0.2687798623293365385, 0.3324137064772237360, 0.3947535404471391729, 0.4561800316591683169, 0.5169956491967196976, 0.5773959379659517888, 0.6371983435092750669, 0.6969991842614545741, 0.7567561942255591756, 0.8165539052726074054, 0.8769479965978698166, 0.9381317879205948174, 1.000000000000000000 ),
 .UNSPECIFIED. ) ;
#1247 = CARTESIAN_POINT ( 'NONE',  ( 0.2504770483993697949, 0.1917089531498361588, 0.000000000000000000 ) ) ;
#1248 = DIRECTION ( 'NONE',  ( -0.000000000000000000, -0.000000000000000000, -1.000000000000000000 ) ) ;
#1249 = FILL_AREA_STYLE ('',( #3884 ) ) ;
#1250 = LINE ( 'NONE', #2943, #2995 ) ;
#1251 = EDGE_CURVE ( 'NONE', #3048, #3216, #1918, .T. ) ;
#1252 = DIRECTION ( 'NONE',  ( 2.168404344971008868E-16, -1.000000000000000000, 0.000000000000000000 ) ) ;
#1253 = VECTOR ( 'NONE', #911, 1000.000000000000000 ) ;
#1254 = CARTESIAN_POINT ( 'NONE',  ( -0.5121463089279388869, 0.1429465685809253039, 0.01000000000000000021 ) ) ;
#1255 = FACE_OUTER_BOUND ( 'NONE', #133, .T. ) ;
#1256 = CARTESIAN_POINT ( 'NONE',  ( 0.2547305134974319762, 0.1755351880065266490, 6.776263578034402713E-18 ) ) ;
#1257 = VECTOR ( 'NONE', #3247, 1000.000000000000000 ) ;
#1258 = CARTESIAN_POINT ( 'NONE',  ( -0.5775860433267933081, 0.000000000000000000, 0.01000000000000000021 ) ) ;
#1259 = CARTESIAN_POINT ( 'NONE',  ( -0.2391245048652548000, 0.2999999999999999889, 0.01000000000000000021 ) ) ;
#1260 = CIRCLE ( 'NONE', #2789, 0.3999999999999999667 ) ;
#1261 = VECTOR ( 'NONE', #1735, 1000.000000000000000 ) ;
#1262 = CARTESIAN_POINT ( 'NONE',  ( 0.003083264852835830225, 0.2590792432481395235, 3.388131789017201356E-18 ) ) ;
#1263 = VECTOR ( 'NONE', #2232, 1000.000000000000000 ) ;
#1264 = B_SPLINE_SURFACE_WITH_KNOTS ( 'NONE', 3, 1, ( 
 ( #1324, #1671 ),
 ( #2268, #3929 ),
 ( #3256, #3956 ),
 ( #2599, #1658 ),
 ( #3945, #1970 ),
 ( #4277, #615 ),
 ( #2300, #3581 ),
 ( #4263, #307 ),
 ( #2288, #1355 ),
 ( #2924, #2642 ),
 ( #628, #1296 ),
 ( #2969, #2936 ),
 ( #3629, #992 ),
 ( #1984, #3296 ),
 ( #3911, #2316 ),
 ( #1942, #1627 ),
 ( #1342, #339 ),
 ( #2727, #3666 ),
 ( #2006, #3973 ) ),
 .UNSPECIFIED., .F., .F., .F.,
 ( 4, 1, 1, 1, 1, 1, 1, 1, 1, 1, 1, 1, 1, 1, 1, 1, 4 ),
 ( 2, 2 ),
 ( 0.000000000000000000, 0.06966280089907717077, 0.1377495622582725898, 0.2039167435177823839, 0.2687798623293365385, 0.3324137064772237360, 0.3947535404471391729, 0.4561800316591683169, 0.5169956491967196976, 0.5773959379659517888, 0.6371983435092750669, 0.6969991842614545741, 0.7567561942255591756, 0.8165539052726074054, 0.8769479965978698166, 0.9381317879205948174, 1.000000000000000000 ),
 ( 0.000000000000000000, 1.000000000000000000 ),
 .UNSPECIFIED. ) ;
#1265 = ADVANCED_FACE ( 'NONE', ( #2266 ), #3223, .T. ) ;
#1266 = EDGE_CURVE ( 'NONE', #3069, #3542, #3523, .T. ) ;
#1267 = CARTESIAN_POINT ( 'NONE',  ( -0.008355274096024017938, 0.05522836538461538269, 0.000000000000000000 ) ) ;
#1268 = SURFACE_STYLE_USAGE ( .BOTH. , #1864 ) ;
#1269 = CARTESIAN_POINT ( 'NONE',  ( -0.4400860433267932414, 0.03840144230769230310, 0.01000000000000000021 ) ) ;
#1270 = ORIENTED_EDGE ( 'NONE', *, *, #1158, .T. ) ;
#1271 = SURFACE_STYLE_FILL_AREA ( #2201 ) ;
#1272 = AXIS2_PLACEMENT_3D ( 'NONE', #1977, #2652, #661 ) ;
#1273 = SURFACE_STYLE_USAGE ( .BOTH. , #4225 ) ;
#1274 = ORIENTED_EDGE ( 'NONE', *, *, #690, .T. ) ;
#1275 = CARTESIAN_POINT ( 'NONE',  ( -0.5120381848189120566, 0.1364192436437385858, 0.01000000000000000021 ) ) ;
#1276 = CARTESIAN_POINT ( 'NONE',  ( -0.4824786907965933902, 0.06434757892761271136, 1.016439536705160407E-17 ) ) ;
#1277 = EDGE_LOOP ( 'NONE', ( #1900, #394, #3844, #1726 ) ) ;
#1278 = AXIS2_PLACEMENT_3D ( 'NONE', #3779, #176, #1148 ) ;
#1279 = CARTESIAN_POINT ( 'NONE',  ( -0.4522108671355594689, 0.2878600603953604953, 6.776263578034402713E-18 ) ) ;
#1280 = CARTESIAN_POINT ( 'NONE',  ( -0.5298922993908486978, 0.2058206982981014010, 0.000000000000000000 ) ) ;
#1281 = CARTESIAN_POINT ( 'NONE',  ( -0.7885836394806394756, 0.09615384615384615918, 0.01000000000000000021 ) ) ;
#1282 = EDGE_CURVE ( 'NONE', #2661, #1479, #1723, .T. ) ;
#1283 = CARTESIAN_POINT ( 'NONE',  ( -0.5389643551289232670, 0.1351986256704066636, 0.01000000000000000021 ) ) ;
#1284 =( LENGTH_UNIT ( ) NAMED_UNIT ( * ) SI_UNIT ( .MILLI., .METRE. ) );
#1285 =( NAMED_UNIT ( * ) SI_UNIT ( $, .STERADIAN. ) SOLID_ANGLE_UNIT ( ) );
#1286 = CARTESIAN_POINT ( 'NONE',  ( -0.2391245048652548000, 0.2999999999999999889, 0.01000000000000000021 ) ) ;
#1287 = SURFACE_STYLE_FILL_AREA ( #2107 ) ;
#1288 = CARTESIAN_POINT ( 'NONE',  ( -0.4482359290634546078, 0.04127166500694872536, 1.016439536705160407E-17 ) ) ;
#1289 = ADVANCED_FACE ( 'NONE', ( #3001 ), #2933, .T. ) ;
#1290 = CARTESIAN_POINT ( 'NONE',  ( 0.4339524182116682449, 0.03076923076923076747, 0.01000000000000000021 ) ) ;
#1291 = DIRECTION ( 'NONE',  ( 0.4188422247446068059, 0.9080590238365501277, 0.000000000000000000 ) ) ;
#1292 = VERTEX_POINT ( 'NONE', #597 ) ;
#1293 = CARTESIAN_POINT ( 'NONE',  ( 0.03085738457473382115, 0.2821839692066955840, 3.388131789017201356E-18 ) ) ;
#1294 = ORIENTED_EDGE ( 'NONE', *, *, #1133, .T. ) ;
#1295 = DIRECTION ( 'NONE',  ( 1.000000000000000000, 1.445602896647339163E-16, 0.000000000000000000 ) ) ;
#1296 = CARTESIAN_POINT ( 'NONE',  ( 0.1999517542712554163, 0.008803236736316303809, 6.776263578034402713E-18 ) ) ;
#1297 = DIRECTION ( 'NONE',  ( -0.000000000000000000, -0.000000000000000000, -1.000000000000000000 ) ) ;
#1298 = PLANE ( 'NONE',  #1699 ) ;
#1299 = DIRECTION ( 'NONE',  ( -1.000000000000000000, 0.000000000000000000, -0.000000000000000000 ) ) ;
#1300 = CARTESIAN_POINT ( 'NONE',  ( -0.4379103353671311982, 0.03776963846453124107, -0.000000000000000000 ) ) ;
#1301 = ORIENTED_EDGE ( 'NONE', *, *, #4269, .T. ) ;
#1302 = CARTESIAN_POINT ( 'NONE',  ( 1.499999999999999556, 1.550000000000000044, 0.5999999999999999778 ) ) ;
#1303 = FILL_AREA_STYLE_COLOUR ( '', #1863 ) ;
#1304 = MECHANICAL_DESIGN_GEOMETRIC_PRESENTATION_REPRESENTATION (  '', ( #2028 ), #3433 ) ;
#1305 = PRESENTATION_LAYER_ASSIGNMENT (  '', '', ( #174 ) ) ;
#1306 = LINE ( 'NONE', #3776, #3350 ) ;
#1307 = ADVANCED_FACE ( 'NONE', ( #2488, #200 ), #3937, .F. ) ;
#1308 = CARTESIAN_POINT ( 'NONE',  ( 0.03085738457473382115, 0.2821839692066955840, 0.01000000000000000021 ) ) ;
#1309 = FACE_OUTER_BOUND ( 'NONE', #1927, .T. ) ;
#1310 = CARTESIAN_POINT ( 'NONE',  ( 0.4339524182116682449, 0.2999999999999999889, 0.000000000000000000 ) ) ;
#1311 = LINE ( 'NONE', #3981, #1463 ) ;
#1312 = CARTESIAN_POINT ( 'NONE',  ( 0.1631808029479847877, 0.02795192335276981688, 0.01000000000000000021 ) ) ;
#1313 = ORIENTED_EDGE ( 'NONE', *, *, #490, .T. ) ;
#1314 = CARTESIAN_POINT ( 'NONE',  ( 0.06525981819641647752, 0.2653820623931156808, 0.01000000000000000021 ) ) ;
#1315 = VECTOR ( 'NONE', #3724, 1000.000000000000000 ) ;
#1316 = ORIENTED_EDGE ( 'NONE', *, *, #1146, .T. ) ;
#1317 = LINE ( 'NONE', #574, #1263 ) ;
#1318 = CARTESIAN_POINT ( 'NONE',  ( 0.2073115095313626532, 0.01272822749926884323, 0.01000000000000000021 ) ) ;
#1319 = CARTESIAN_POINT ( 'NONE',  ( -0.5120710012335546457, 0.1566752668613955457, 0.01000000000000000021 ) ) ;
#1320 = LINE ( 'NONE', #3414, #1629 ) ;
#1321 = CARTESIAN_POINT ( 'NONE',  ( -0.3198937356344855321, 0.03076923076923076747, 0.01000000000000000021 ) ) ;
#1322 = CARTESIAN_POINT ( 'NONE',  ( -0.008355274096024019673, 0.2449519230769230949, 0.01000000000000000021 ) ) ;
#1323 = VERTEX_POINT ( 'NONE', #1321 ) ;
#1324 = CARTESIAN_POINT ( 'NONE',  ( 0.1221735720578221163, -0.007692307692307691867, 0.01000000000000000021 ) ) ;
#1325 = STYLED_ITEM ( 'NONE', ( #767 ), #292 ) ;
#1326 = CARTESIAN_POINT ( 'NONE',  ( 0.02022127551290826483, 0.2329044671134591071, 0.01000000000000000021 ) ) ;
#1327 = FACE_OUTER_BOUND ( 'NONE', #2523, .T. ) ;
#1328 = ORIENTED_EDGE ( 'NONE', *, *, #3962, .T. ) ;
#1329 = CARTESIAN_POINT ( 'NONE',  ( -1.584350941515099365, -1.540000000000000480, -0.09000000000000002442 ) ) ;
#1330 = EDGE_CURVE ( 'NONE', #405, #3461, #2425, .T. ) ;
#1331 = CARTESIAN_POINT ( 'NONE',  ( 0.2835568519439041202, 0.1677556208704023277, 0.01000000000000000021 ) ) ;
#1332 = ADVANCED_FACE ( 'NONE', ( #3446 ), #1002, .T. ) ;
#1333 = ORIENTED_EDGE ( 'NONE', *, *, #1999, .F. ) ;
#1334 = DIRECTION ( 'NONE',  ( 0.000000000000000000, -0.000000000000000000, -1.000000000000000000 ) ) ;
#1335 = ORIENTED_EDGE ( 'NONE', *, *, #792, .F. ) ;
#1336 = STYLED_ITEM ( 'NONE', ( #3353 ), #2725 ) ;
#1337 = FILL_AREA_STYLE_COLOUR ( '', #3401 ) ;
#1338 =( NAMED_UNIT ( * ) SI_UNIT ( $, .STERADIAN. ) SOLID_ANGLE_UNIT ( ) );
#1339 = LINE ( 'NONE', #1654, #438 ) ;
#1340 = UNCERTAINTY_MEASURE_WITH_UNIT (LENGTH_MEASURE( 1.000000000000000082E-05 ), #636, 'distance_accuracy_value', 'NONE');
#1341 =( NAMED_UNIT ( * ) SI_UNIT ( $, .STERADIAN. ) SOLID_ANGLE_UNIT ( ) );
#1342 = CARTESIAN_POINT ( 'NONE',  ( 0.2402435756893009644, 0.03834984083158610169, 0.01000000000000000021 ) ) ;
#1343 = CARTESIAN_POINT ( 'NONE',  ( 0.02559206430067122173, 0.2384912852113059423, 0.01000000000000000021 ) ) ;
#1344 = CARTESIAN_POINT ( 'NONE',  ( -0.5285315124017853083, 0.08468542887962622612, 0.000000000000000000 ) ) ;
#1345 = CARTESIAN_POINT ( 'NONE',  ( 0.1412002670949567273, -0.006906117594939763932, 0.01000000000000000021 ) ) ;
#1346 = ORIENTED_EDGE ( 'NONE', *, *, #2717, .F. ) ;
#1347 =( LENGTH_UNIT ( ) NAMED_UNIT ( * ) SI_UNIT ( .MILLI., .METRE. ) );
#1348 = EDGE_LOOP ( 'NONE', ( #2097, #1997, #2096, #2078 ) ) ;
#1349 = CARTESIAN_POINT ( 'NONE',  ( 0.07721918710076747239, 0.02983376901249513644, 0.000000000000000000 ) ) ;
#1350 = EDGE_CURVE ( 'NONE', #3406, #1872, #4283, .T. ) ;
#1351 = MECHANICAL_DESIGN_GEOMETRIC_PRESENTATION_REPRESENTATION (  '', ( #3481 ), #3540 ) ;
#1352 = ADVANCED_FACE ( 'NONE', ( #2944 ), #647, .F. ) ;
#1353 = ORIENTED_EDGE ( 'NONE', *, *, #106, .F. ) ;
#1354 = ORIENTED_EDGE ( 'NONE', *, *, #4067, .T. ) ;
#1355 = CARTESIAN_POINT ( 'NONE',  ( 0.1844350650861655838, 0.002252850797849723172, 6.776263578034402713E-18 ) ) ;
#1356 = ORIENTED_EDGE ( 'NONE', *, *, #3181, .T. ) ;
#1357 = CARTESIAN_POINT ( 'NONE',  ( 0.07722963376330498064, 0.2700745899655911941, 0.01000000000000000021 ) ) ;
#1358 = CARTESIAN_POINT ( 'NONE',  ( -0.5390705933670448813, 0.1425058361516889915, -0.000000000000000000 ) ) ;
#1359 = VECTOR ( 'NONE', #2583, 1000.000000000000000 ) ;
#1360 = CARTESIAN_POINT ( 'NONE',  ( -0.7215163317883317440, 0.2415264423076922962, 0.000000000000000000 ) ) ;
#1361 = LINE ( 'NONE', #484, #1514 ) ;
#1362 = DIRECTION ( 'NONE',  ( 1.000000000000000000, 0.000000000000000000, 0.000000000000000000 ) ) ;
#1363 = LINE ( 'NONE', #701, #2640 ) ;
#1364 = CARTESIAN_POINT ( 'NONE',  ( -0.06989373563448562920, 0.000000000000000000, 0.01000000000000000021 ) ) ;
#1365 = EDGE_CURVE ( 'NONE', #322, #2292, #4176, .T. ) ;
#1366 = CARTESIAN_POINT ( 'NONE',  ( -2.146530383509388962, -1.540000000000000480, -0.4000000000000000222 ) ) ;
#1367 = SURFACE_SIDE_STYLE ('',( #2890 ) ) ;
#1368 = STYLED_ITEM ( 'NONE', ( #2264 ), #1656 ) ;
#1369 = LINE ( 'NONE', #184, #4024 ) ;
#1370 = FACE_OUTER_BOUND ( 'NONE', #3280, .T. ) ;
#1371 = CARTESIAN_POINT ( 'NONE',  ( -0.4859546622019734752, 0.2266206737727478326, 6.776263578034402713E-18 ) ) ;
#1372 = LINE ( 'NONE', #2084, #95 ) ;
#1373 = FACE_OUTER_BOUND ( 'NONE', #1432, .T. ) ;
#1374 = CARTESIAN_POINT ( 'NONE',  ( 0.2356292357735091103, 0.07837518412771067589, 0.01000000000000000021 ) ) ;
#1375 = CARTESIAN_POINT ( 'NONE',  ( -0.5377455807483076944, 0.1712996647098235237, 0.01000000000000000021 ) ) ;
#1376 = CARTESIAN_POINT ( 'NONE',  ( 0.1762960470554399972, -0.0003656491961053246419, 0.01000000000000000021 ) ) ;
#1377 = VERTEX_POINT ( 'NONE', #634 ) ;
#1378 = EDGE_CURVE ( 'NONE', #1161, #3037, #305, .T. ) ;
#1379 = ORIENTED_EDGE ( 'NONE', *, *, #4288, .F. ) ;
#1380 = PLANE ( 'NONE',  #1736 ) ;
#1381 = DIRECTION ( 'NONE',  ( -0.000000000000000000, -0.000000000000000000, -1.000000000000000000 ) ) ;
#1382 = CARTESIAN_POINT ( 'NONE',  ( 0.1068080835553458230, 0.02350658327324756103, 0.000000000000000000 ) ) ;
#1383 = LINE ( 'NONE', #3609, #3163 ) ;
#1384 = EDGE_LOOP ( 'NONE', ( #1805, #1060, #3535, #3594, #1644, #4011, #2680, #4131, #1356, #299, #1524, #3934 ) ) ;
#1385 = ORIENTED_EDGE ( 'NONE', *, *, #700, .F. ) ;
#1386 = CARTESIAN_POINT ( 'NONE',  ( -0.4733889549565832855, 0.2393877494180237098, 6.776263578034402713E-18 ) ) ;
#1387 = CARTESIAN_POINT ( 'NONE',  ( -0.3859394087114086380, 0.000000000000000000, 3.388131789017201356E-18 ) ) ;
#1388 = EDGE_LOOP ( 'NONE', ( #1127, #1194, #2090, #2862 ) ) ;
#1389 = CARTESIAN_POINT ( 'NONE',  ( -0.5209271721455044357, 0.2265714683056021250, 0.01000000000000000021 ) ) ;
#1390 = EDGE_CURVE ( 'NONE', #790, #3387, #1250, .T. ) ;
#1391 = DIRECTION ( 'NONE',  ( 2.168404344971008868E-16, -1.000000000000000000, 0.000000000000000000 ) ) ;
#1392 = PRESENTATION_LAYER_ASSIGNMENT (  '', '', ( #1694 ) ) ;
#1393 = FILL_AREA_STYLE_COLOUR ( '', #201 ) ;
#1394 = FILL_AREA_STYLE_COLOUR ( '', #1573 ) ;
#1395 = CARTESIAN_POINT ( 'NONE',  ( -0.2929706587114087046, 0.2999999999999999889, 0.01000000000000000021 ) ) ;
#1396 = ORIENTED_EDGE ( 'NONE', *, *, #3431, .F. ) ;
#1397 = CARTESIAN_POINT ( 'NONE',  ( -0.4799222725447530036, 0.2333025236799476931, 0.01000000000000000021 ) ) ;
#1398 = EDGE_CURVE ( 'NONE', #2163, #3112, #1246, .T. ) ;
#1399 = PLANE ( 'NONE',  #1163 ) ;
#1400 = CARTESIAN_POINT ( 'NONE',  ( -0.4867213947947788832, 0.2684683381219553633, 0.01000000000000000021 ) ) ;
#1401 = ORIENTED_EDGE ( 'NONE', *, *, #1584, .F. ) ;
#1402 = DIRECTION ( 'NONE',  ( -1.000000000000000000, -1.445602896647339163E-16, -1.080453413504671813E-16 ) ) ;
#1403 = CARTESIAN_POINT ( 'NONE',  ( 0.1762960470554399972, -0.0003656491961053246419, -0.000000000000000000 ) ) ;
#1404 = SURFACE_SIDE_STYLE ('',( #3047 ) ) ;
#1405 = CARTESIAN_POINT ( 'NONE',  ( -0.5041758214501846913, 0.1948299434356964288, 0.000000000000000000 ) ) ;
#1406 = ORIENTED_EDGE ( 'NONE', *, *, #3081, .F. ) ;
#1407 = EDGE_CURVE ( 'NONE', #1520, #3582, #668, .T. ) ;
#1408 = CARTESIAN_POINT ( 'NONE',  ( -0.5120710012335546457, 0.1566752668613955457, 0.01000000000000000021 ) ) ;
#1409 = DIRECTION ( 'NONE',  ( 1.000000000000000000, 0.000000000000000000, 0.000000000000000000 ) ) ;
#1410 = CARTESIAN_POINT ( 'NONE',  ( -0.4984662982951044707, 0.03707765577577403632, 0.000000000000000000 ) ) ;
#1411 = VECTOR ( 'NONE', #934, 1000.000000000000000 ) ;
#1412 = AXIS2_PLACEMENT_3D ( 'NONE', #2454, #3394, #3646 ) ;
#1413 = DIRECTION ( 'NONE',  ( -0.6110827052537922688, -8.833829288059742757E-17, 0.7915667548221735350 ) ) ;
#1414 = ORIENTED_EDGE ( 'NONE', *, *, #957, .F. ) ;
#1415 = UNCERTAINTY_MEASURE_WITH_UNIT (LENGTH_MEASURE( 1.000000000000000082E-05 ), #1220, 'distance_accuracy_value', 'NONE');
#1416 = DIRECTION ( 'NONE',  ( 1.445602896647339163E-16, -1.000000000000000000, 0.000000000000000000 ) ) ;
#1417 = EDGE_CURVE ( 'NONE', #1891, #607, #3849, .T. ) ;
#1418 = ORIENTED_EDGE ( 'NONE', *, *, #1787, .F. ) ;
#1419 = FACE_BOUND ( 'NONE', #2993, .T. ) ;
#1420 = LINE ( 'NONE', #1794, #2171 ) ;
#1421 = CARTESIAN_POINT ( 'NONE',  ( -0.4588370736392471949, 0.2498280055794029897, 6.776263578034402713E-18 ) ) ;
#1422 =( LENGTH_UNIT ( ) NAMED_UNIT ( * ) SI_UNIT ( .MILLI., .METRE. ) );
#1423 = CARTESIAN_POINT ( 'NONE',  ( 0.09235934704957793340, -0.005523782209912989419, -0.000000000000000000 ) ) ;
#1424 = CARTESIAN_POINT ( 'NONE',  ( 0.2064456190157898385, 0.2507583003837437485, 0.01000000000000000021 ) ) ;
#1425 = ORIENTED_EDGE ( 'NONE', *, *, #2809, .F. ) ;
#1426 = CARTESIAN_POINT ( 'NONE',  ( -0.6525860433267932637, 0.09615384615384615918, 0.000000000000000000 ) ) ;
#1427 = CIRCLE ( 'NONE', #1713, 0.1000000000000002554 ) ;
#1428 = CARTESIAN_POINT ( 'NONE',  ( -0.4332020979149621143, 0.03640241337185039228, 0.01000000000000000021 ) ) ;
#1429 = CARTESIAN_POINT ( 'NONE',  ( -3.150000000000000799, 1.539999999999999369, 0.1999999999999997613 ) ) ;
#1430 = ORIENTED_EDGE ( 'NONE', *, *, #259, .T. ) ;
#1431 = DIRECTION ( 'NONE',  ( 2.168404344971008868E-16, -1.000000000000000000, 0.000000000000000000 ) ) ;
#1432 = EDGE_LOOP ( 'NONE', ( #1132, #3077, #804, #501 ) ) ;
#1433 = ORIENTED_EDGE ( 'NONE', *, *, #1876, .T. ) ;
#1434 = SURFACE_STYLE_USAGE ( .BOTH. , #2099 ) ;
#1435 = CARTESIAN_POINT ( 'NONE',  ( -0.5014246030360069994, 0.09229657029451239503, 0.000000000000000000 ) ) ;
#1436 = CARTESIAN_POINT ( 'NONE',  ( 0.02385248600042177980, 0.02286809479150352445, 6.776263578034402713E-18 ) ) ;
#1437 = CARTESIAN_POINT ( 'NONE',  ( -0.5366238720504268311, 0.1139796713601984035, 0.01000000000000000021 ) ) ;
#1438 = CARTESIAN_POINT ( 'NONE',  ( -0.3903679026374595185, 3.689968152437262885E-05, -0.000000000000000000 ) ) ;
#1439 = EDGE_CURVE ( 'NONE', #3791, #3689, #2053, .T. ) ;
#1440 = CARTESIAN_POINT ( 'NONE',  ( 1.747188556591411812, -1.539999999999999591, 0.1899999999999998912 ) ) ;
#1441 = CARTESIAN_POINT ( 'NONE',  ( 0.1225341489808990103, 0.3076923076923076539, 1.694065894508600678E-18 ) ) ;
#1442 = ORIENTED_EDGE ( 'NONE', *, *, #2682, .F. ) ;
#1443 = SURFACE_STYLE_USAGE ( .BOTH. , #3397 ) ;
#1444 = FACE_OUTER_BOUND ( 'NONE', #2254, .T. ) ;
#1445 = PRESENTATION_LAYER_ASSIGNMENT (  '', '', ( #2228 ) ) ;
#1446 = DIRECTION ( 'NONE',  ( 0.000000000000000000, -1.000000000000000000, 0.000000000000000000 ) ) ;
#1447 = VERTEX_POINT ( 'NONE', #2353 ) ;
#1448 = ORIENTED_EDGE ( 'NONE', *, *, #1598, .F. ) ;
#1449 = CARTESIAN_POINT ( 'NONE',  ( -0.4701571960761591340, 0.05344326542867885305, 0.000000000000000000 ) ) ;
#1450 = CARTESIAN_POINT ( 'NONE',  ( 0.04744927089375411411, 0.008620697071204143358, 6.776263578034402713E-18 ) ) ;
#1451 = CARTESIAN_POINT ( 'NONE',  ( -0.5380104137686970711, 0.1244294060468676411, 5.082197683525802034E-18 ) ) ;
#1452 =( LENGTH_UNIT ( ) NAMED_UNIT ( * ) SI_UNIT ( .MILLI., .METRE. ) );
#1453 = VERTEX_POINT ( 'NONE', #3344 ) ;
#1454 = VERTEX_POINT ( 'NONE', #2693 ) ;
#1455 = CARTESIAN_POINT ( 'NONE',  ( 0.01688292292791431295, 0.2289258743371738736, -0.000000000000000000 ) ) ;
#1456 = LINE ( 'NONE', #1508, #1959 ) ;
#1457 = DIRECTION ( 'NONE',  ( -0.000000000000000000, -0.000000000000000000, -1.000000000000000000 ) ) ;
#1458 = DIRECTION ( 'NONE',  ( -0.7915667548221735350, -1.716436790491002535E-16, -0.6110827052537922688 ) ) ;
#1459 = CYLINDRICAL_SURFACE ( 'NONE', #59, 0.1000000000000002554 ) ;
#1460 = DIRECTION ( 'NONE',  ( 2.168404344971008868E-16, -1.000000000000000000, 0.000000000000000000 ) ) ;
#1461 = VECTOR ( 'NONE', #3366, 1000.000000000000000 ) ;
#1462 = EDGE_CURVE ( 'NONE', #1007, #516, #1363, .T. ) ;
#1463 = VECTOR ( 'NONE', #2683, 1000.000000000000000 ) ;
#1464 = CARTESIAN_POINT ( 'NONE',  ( 0.07364129574337878459, -0.001364666158712416963, 0.01000000000000000021 ) ) ;
#1465 = CARTESIAN_POINT ( 'NONE',  ( 0.000000000000000000, 0.000000000000000000, 0.01000000000000000021 ) ) ;
#1466 = UNCERTAINTY_MEASURE_WITH_UNIT (LENGTH_MEASURE( 1.000000000000000082E-05 ), #102, 'distance_accuracy_value', 'NONE');
#1467 = ORIENTED_EDGE ( 'NONE', *, *, #2586, .T. ) ;
#1469 = EDGE_CURVE ( 'NONE', #3084, #1079, #1867, .T. ) ;
#1468 = FACE_OUTER_BOUND ( 'NONE', #1994, .T. ) ;
#1470 = CARTESIAN_POINT ( 'NONE',  ( -0.09681681255756247051, 0.1461538461538461620, 0.01000000000000000021 ) ) ;
#1471 = CARTESIAN_POINT ( 'NONE',  ( 0.1993266149205903948, 0.2555851591164461922, 0.01000000000000000021 ) ) ;
#1472 = CARTESIAN_POINT ( 'NONE',  ( 1.829903681580517638, -1.539999999999999591, -0.2444330821015155419 ) ) ;
#1473 =( GEOMETRIC_REPRESENTATION_CONTEXT ( 3 ) GLOBAL_UNCERTAINTY_ASSIGNED_CONTEXT ( ( #1754 ) ) GLOBAL_UNIT_ASSIGNED_CONTEXT ( ( #1906, #915, #1607 ) ) REPRESENTATION_CONTEXT ( 'NONE', 'WORKASPACE' ) );
#1474 = CARTESIAN_POINT ( 'NONE',  ( -0.2929706587114087046, 0.2999999999999999889, 0.01000000000000000021 ) ) ;
#1475 = CARTESIAN_POINT ( 'NONE',  ( -0.09681681255756247051, 0.03076923076923076747, 0.01000000000000000021 ) ) ;
#1476 = CARTESIAN_POINT ( 'NONE',  ( 1.499999999999999556, 1.550000000000000044, 0.5999999999999999778 ) ) ;
#1477 =( NAMED_UNIT ( * ) SI_UNIT ( $, .STERADIAN. ) SOLID_ANGLE_UNIT ( ) );
#1478 = VECTOR ( 'NONE', #3257, 1000.000000000000000 ) ;
#1479 = VERTEX_POINT ( 'NONE', #679 ) ;
#1480 = EDGE_CURVE ( 'NONE', #2038, #1950, #1087, .T. ) ;
#1481 = CARTESIAN_POINT ( 'NONE',  ( 0.4608754951347451834, 0.000000000000000000, 0.000000000000000000 ) ) ;
#1482 = PLANE ( 'NONE',  #4017 ) ;
#1483 = ORIENTED_EDGE ( 'NONE', *, *, #948, .T. ) ;
#1484 = DIRECTION ( 'NONE',  ( 2.168404344971008868E-16, -1.000000000000000000, 0.000000000000000000 ) ) ;
#1485 = CARTESIAN_POINT ( 'NONE',  ( 0.2570293412885913398, 0.1496995192307692124, 0.000000000000000000 ) ) ;
#1486 = ORIENTED_EDGE ( 'NONE', *, *, #13, .F. ) ;
#1487 = EDGE_LOOP ( 'NONE', ( #2363, #1552, #3359, #2206 ) ) ;
#1488 = CARTESIAN_POINT ( 'NONE',  ( -0.6671894087114085270, 0.1269230769230769162, 0.01000000000000000021 ) ) ;
#1489 = CARTESIAN_POINT ( 'NONE',  ( 0.2788507825145491448, 0.1073687265135241653, 0.01000000000000000021 ) ) ;
#1490 = CARTESIAN_POINT ( 'NONE',  ( 0.1677237191143954309, 0.2703379555579192295, 0.01000000000000000021 ) ) ;
#1491 = EDGE_CURVE ( 'NONE', #3037, #2176, #868, .T. ) ;
#1492 = FILL_AREA_STYLE ('',( #3104 ) ) ;
#1493 = B_SPLINE_CURVE_WITH_KNOTS ( 'NONE', 3,
 ( #4239, #3948, #310, #343, #1987, #3916, #1972, #3600, #2259, #1314, #2956, #2603, #4281, #3302, #977 ),
 .UNSPECIFIED., .F., .F.,
 ( 4, 1, 1, 1, 1, 1, 1, 1, 1, 1, 1, 1, 4 ),
 ( 0.000000000000000000, 0.06316325936347030878, 0.1254749410306407742, 0.1871212198160328022, 0.2482943461142989305, 0.3092948562551207647, 0.3698500660670929197, 0.4309733755473815209, 0.4924559896728168407, 0.6161479662918551981, 0.7408436984673626435, 0.8681826486700430223, 1.000000000000000000 ),
 .UNSPECIFIED. ) ;
#1494 = AXIS2_PLACEMENT_3D ( 'NONE', #1066, #2092, #429 ) ;
#1495 = CARTESIAN_POINT ( 'NONE',  ( -0.006459436106213869988, 0.05278221236261709109, 0.01000000000000000021 ) ) ;
#1496 =( LENGTH_UNIT ( ) NAMED_UNIT ( * ) SI_UNIT ( .MILLI., .METRE. ) );
#1497 = VECTOR ( 'NONE', #3444, 1000.000000000000000 ) ;
#1498 = CARTESIAN_POINT ( 'NONE',  ( -0.4540681997858397323, 0.008952088164728786573, 5.082197683525802034E-18 ) ) ;
#1499 = DIRECTION ( 'NONE',  ( -1.000000000000000000, -1.445602896647339163E-16, 1.080453413504671813E-16 ) ) ;
#1500 = EDGE_LOOP ( 'NONE', ( #3635, #2387, #1783, #3228 ) ) ;
#1501 = EDGE_CURVE ( 'NONE', #273, #3633, #362, .T. ) ;
#1502 = CARTESIAN_POINT ( 'NONE',  ( 0.1420945068953160251, 0.2759101686161062328, 0.000000000000000000 ) ) ;
#1503 = CARTESIAN_POINT ( 'NONE',  ( 0.2489488936984642631, 0.04850373652256670387, 0.01000000000000000021 ) ) ;
#1504 = CARTESIAN_POINT ( 'NONE',  ( 0.2474766093531734490, 0.1994321619810706936, 0.01000000000000000021 ) ) ;
#1505 = ORIENTED_EDGE ( 'NONE', *, *, #381, .T. ) ;
#1506 = CARTESIAN_POINT ( 'NONE',  ( 0.01520241821166827892, 0.07307692307692308098, 0.01000000000000000021 ) ) ;
#1507 = PLANE ( 'NONE',  #3626 ) ;
#1508 = CARTESIAN_POINT ( 'NONE',  ( -0.3859394087114086380, 0.000000000000000000, 0.01000000000000000021 ) ) ;
#1509 = CARTESIAN_POINT ( 'NONE',  ( -3.150000000000000355, 1.539999999999999369, -0.4000000000000001332 ) ) ;
#1510 = CARTESIAN_POINT ( 'NONE',  ( -0.4783084327701971894, 0.02060215732527983720, 5.082197683525802034E-18 ) ) ;
#1511 = CARTESIAN_POINT ( 'NONE',  ( 0.4339524182116682449, 0.2999999999999999889, 0.01000000000000000021 ) ) ;
#1512 =( NAMED_UNIT ( * ) SI_UNIT ( $, .STERADIAN. ) SOLID_ANGLE_UNIT ( ) );
#1513 = CARTESIAN_POINT ( 'NONE',  ( 0.1677237191143954309, 0.2703379555579192295, 0.000000000000000000 ) ) ;
#1514 = VECTOR ( 'NONE', #1499, 1000.000000000000000 ) ;
#1515 = AXIS2_PLACEMENT_3D ( 'NONE', #1000, #3967, #1334 ) ;
#1516 = CARTESIAN_POINT ( 'NONE',  ( -0.3535475817883317884, 0.2999999999999999889, 0.000000000000000000 ) ) ;
#1517 = CARTESIAN_POINT ( 'NONE',  ( 0.1393209603480366487, 0.3072818608994830614, 6.776263578034402713E-18 ) ) ;
#1518 = CIRCLE ( 'NONE', #392, 0.3999999999999999667 ) ;
#1519 = ORIENTED_EDGE ( 'NONE', *, *, #3873, .T. ) ;
#1520 = VERTEX_POINT ( 'NONE', #2384 ) ;
#1521 = CARTESIAN_POINT ( 'NONE',  ( -0.4313500654417707914, 0.2940915056559035290, 0.01000000000000000021 ) ) ;
#1522 = DIRECTION ( 'NONE',  ( 1.000000000000000000, 0.000000000000000000, 0.000000000000000000 ) ) ;
#1523 = CARTESIAN_POINT ( 'NONE',  ( -0.4854092656936735972, 0.02550129059796980152, 5.082197683525802034E-18 ) ) ;
#1524 = ORIENTED_EDGE ( 'NONE', *, *, #1916, .T. ) ;
#1525 = STYLED_ITEM ( 'NONE', ( #2458 ), #4010 ) ;
#1526 = CARTESIAN_POINT ( 'NONE',  ( 0.01520241821166827892, 0.07307692307692308098, 6.776263578034402713E-18 ) ) ;
#1527 = DIRECTION ( 'NONE',  ( 0.000000000000000000, -1.000000000000000000, 0.000000000000000000 ) ) ;
#1528 = CARTESIAN_POINT ( 'NONE',  ( 0.2582245566236362477, 0.2390785278826080273, 0.01000000000000000021 ) ) ;
#1529 = ORIENTED_EDGE ( 'NONE', *, *, #106, .T. ) ;
#1530 = ORIENTED_EDGE ( 'NONE', *, *, #980, .T. ) ;
#1531 = COLOUR_RGB ( '',0.6470588235294117974, 0.6196078431372549211, 0.5882352941176470784 ) ;
#1532 = VERTEX_POINT ( 'NONE', #412 ) ;
#1533 = CARTESIAN_POINT ( 'NONE',  ( 3.150000000000000799, 1.540000000000000036, -0.4000000000000001332 ) ) ;
#1534 = EDGE_LOOP ( 'NONE', ( #216, #3032, #967, #4147, #2708, #4045, #3652 ) ) ;
#1535 = ORIENTED_EDGE ( 'NONE', *, *, #4076, .T. ) ;
#1536 = CARTESIAN_POINT ( 'NONE',  ( -0.5153463615668992803, 0.05864160108727537596, 5.082197683525802034E-18 ) ) ;
#1537 = DIRECTION ( 'NONE',  ( 2.168404344971008868E-16, -1.000000000000000000, 0.000000000000000000 ) ) ;
#1538 =( NAMED_UNIT ( * ) PLANE_ANGLE_UNIT ( ) SI_UNIT ( $, .RADIAN. ) );
#1539 = CARTESIAN_POINT ( 'NONE',  ( 0.07721918710076747239, 0.02983376901249513644, 0.01000000000000000021 ) ) ;
#1540 = LINE ( 'NONE', #3110, #699 ) ;
#1541 = CARTESIAN_POINT ( 'NONE',  ( -0.5096228066115162658, 0.1176032869193321811, 0.01000000000000000021 ) ) ;
#1542 = ORIENTED_EDGE ( 'NONE', *, *, #2133, .T. ) ;
#1543 = UNCERTAINTY_MEASURE_WITH_UNIT (LENGTH_MEASURE( 1.000000000000000082E-05 ), #1496, 'distance_accuracy_value', 'NONE');
#1544 = LINE ( 'NONE', #1924, #3592 ) ;
#1545 = EDGE_CURVE ( 'NONE', #1190, #3092, #569, .T. ) ;
#1546 = CARTESIAN_POINT ( 'NONE',  ( 0.1756116127124369153, 0.03191678572324568169, 0.01000000000000000021 ) ) ;
#1547 = CARTESIAN_POINT ( 'NONE',  ( -1.500000000000000444, -1.540000000000000480, 0.5899999999999999689 ) ) ;
#1548 = ORIENTED_EDGE ( 'NONE', *, *, #24, .F. ) ;
#1549 = AXIS2_PLACEMENT_3D ( 'NONE', #2212, #3867, #239 ) ;
#1550 = CARTESIAN_POINT ( 'NONE',  ( -0.006517958560511499105, 0.2473759211281731096, 0.01000000000000000021 ) ) ;
#1551 = DIRECTION ( 'NONE',  ( -1.000000000000000000, -1.445602896647339163E-16, 0.000000000000000000 ) ) ;
#1552 = ORIENTED_EDGE ( 'NONE', *, *, #195, .F. ) ;
#1553 = B_SPLINE_CURVE_WITH_KNOTS ( 'NONE', 3,
 ( #2790, #2465, #98, #1502, #3778, #2061, #1513, #173, #3143, #2819, #3469, #2481, #3792, #1842, #4133, #2146, #508, #4115, #2134, #3554, #1247, #4221, #2227, #1917, #3537, #1588, #3863 ),
 .UNSPECIFIED., .F., .F.,
 ( 4, 1, 1, 1, 1, 1, 1, 1, 1, 1, 1, 1, 1, 1, 1, 1, 1, 1, 1, 1, 1, 1, 1, 1, 4 ),
 ( 0.000000000000000000, 0.04395490890619424551, 0.08750187479760458686, 0.1304626267314903665, 0.1727520205665173114, 0.2154030673796032969, 0.2576498297432395224, 0.3001527489572939356, 0.3431214895020866518, 0.3859251632064335524, 0.4276857274028015854, 0.4688179504865897518, 0.5094918001549958442, 0.5498830310733487936, 0.5899800229668862306, 0.6304052300068400116, 0.6708686260826384196, 0.7113839438381757141, 0.7516272580635841027, 0.7917755768651915105, 0.8324589188037422316, 0.8733190450172880759, 0.9145429556263491300, 0.9569235582098846171, 1.000000000000000000 ),
 .UNSPECIFIED. ) ;
#1554 = CARTESIAN_POINT ( 'NONE',  ( -0.09681681255756247051, 0.2692307692307692180, 0.01000000000000000021 ) ) ;
#1555 = PLANE ( 'NONE',  #1901 ) ;
#1556 = CARTESIAN_POINT ( 'NONE',  ( 0.3185678028270528261, 0.03076923076923076747, 0.01000000000000000021 ) ) ;
#1557 = EDGE_LOOP ( 'NONE', ( #2881, #653, #2416, #3498 ) ) ;
#1558 = CARTESIAN_POINT ( 'NONE',  ( -0.3409874856344856098, 0.2692307692307692180, 0.000000000000000000 ) ) ;
#1559 = CARTESIAN_POINT ( 'NONE',  ( -0.4560257363666805341, 0.04474803596587993010, 0.01000000000000000021 ) ) ;
#1560 = ORIENTED_EDGE ( 'NONE', *, *, #2258, .T. ) ;
#1561 = VECTOR ( 'NONE', #2592, 1000.000000000000000 ) ;
#1562 = CARTESIAN_POINT ( 'NONE',  ( -0.4522108671355594689, 0.2878600603953604953, 0.01000000000000000021 ) ) ;
#1563 = LINE ( 'NONE', #4113, #4233 ) ;
#1564 = CARTESIAN_POINT ( 'NONE',  ( -0.4253098653499333137, 0.2629922374439583321, 6.776263578034402713E-18 ) ) ;
#1565 = CARTESIAN_POINT ( 'NONE',  ( -0.4331749856344855321, 0.2608173076923076539, 0.000000000000000000 ) ) ;
#1566 = COLOUR_RGB ( '',0.6470588235294117974, 0.6196078431372549211, 0.5882352941176470784 ) ;
#1567 = DIRECTION ( 'NONE',  ( 0.000000000000000000, 0.000000000000000000, 1.000000000000000000 ) ) ;
#1568 = VECTOR ( 'NONE', #755, 1000.000000000000000 ) ;
#1569 = EDGE_CURVE ( 'NONE', #1377, #3216, #463, .T. ) ;
#1570 = VECTOR ( 'NONE', #3858, 1000.000000000000000 ) ;
#1571 = ORIENTED_EDGE ( 'NONE', *, *, #1330, .F. ) ;
#1572 = CARTESIAN_POINT ( 'NONE',  ( 0.2693246121774525159, 0.08050181371191328372, 0.01000000000000000021 ) ) ;
#1573 = COLOUR_RGB ( '',0.2039215686274509776, 0.2039215686274509776, 0.2039215686274509776 ) ;
#1574 = AXIS2_PLACEMENT_3D ( 'NONE', #1476, #1416, #1122 ) ;
#1575 = CARTESIAN_POINT ( 'NONE',  ( -3.150000000000000799, 3.474214125298947131, -0.4000000000000001332 ) ) ;
#1576 =( NAMED_UNIT ( * ) SI_UNIT ( $, .STERADIAN. ) SOLID_ANGLE_UNIT ( ) );
#1577 = PRESENTATION_STYLE_ASSIGNMENT (( #3089 ) ) ;
#1578 = CARTESIAN_POINT ( 'NONE',  ( -0.4560257363666805341, 0.04474803596587993010, 0.01000000000000000021 ) ) ;
#1579 = DIRECTION ( 'NONE',  ( -0.000000000000000000, -0.000000000000000000, -1.000000000000000000 ) ) ;
#1580 = SURFACE_STYLE_FILL_AREA ( #1249 ) ;
#1581 = DIRECTION ( 'NONE',  ( -0.9035018415143106774, -0.4285842068721729126, 0.000000000000000000 ) ) ;
#1582 = CARTESIAN_POINT ( 'NONE',  ( -0.2391245048652548000, 0.1769230769230769051, 0.01000000000000000021 ) ) ;
#1583 = ORIENTED_EDGE ( 'NONE', *, *, #575, .F. ) ;
#1584 = EDGE_CURVE ( 'NONE', #2017, #349, #896, .T. ) ;
#1585 = CARTESIAN_POINT ( 'NONE',  ( 0.02336039668550575141, 0.2770157573063153356, 0.01000000000000000021 ) ) ;
#1586 = SURFACE_STYLE_FILL_AREA ( #2229 ) ;
#1587 = B_SPLINE_CURVE_WITH_KNOTS ( 'NONE', 3,
 ( #230, #3843, #199, #1889, #3138, #2508, #1836, #185, #3829, #2837, #4125, #4158, #168, #2495, #2174, #1171, #1875, #4172, #3488 ),
 .UNSPECIFIED., .F., .F.,
 ( 4, 1, 1, 1, 1, 1, 1, 1, 1, 1, 1, 1, 1, 1, 1, 1, 4 ),
 ( 0.000000000000000000, 0.06432321657984210739, 0.1262901037035558394, 0.1867264692161327844, 0.2461464323353445560, 0.3055756426461386233, 0.3654293856180518274, 0.4263263089482599022, 0.4888399064006411776, 0.5517249718140472270, 0.6139185964661588724, 0.6754837657683960828, 0.7373338970992854291, 0.8002290443945262455, 0.8645022981233226878, 0.9310407391556970724, 1.000000000000000000 ),
 .UNSPECIFIED. ) ;
#1588 = CARTESIAN_POINT ( 'NONE',  ( 0.2569947687575894202, 0.1526465782783854863, -0.000000000000000000 ) ) ;
#1589 = ORIENTED_EDGE ( 'NONE', *, *, #2077, .F. ) ;
#1590 = MECHANICAL_DESIGN_GEOMETRIC_PRESENTATION_REPRESENTATION (  '', ( #4081 ), #3358 ) ;
#1591 = DIRECTION ( 'NONE',  ( -1.000000000000000000, 0.000000000000000000, -0.000000000000000000 ) ) ;
#1592 = CARTESIAN_POINT ( 'NONE',  ( 0.1225341489808990103, 0.3076923076923076539, 0.01000000000000000021 ) ) ;
#1593 = DIRECTION ( 'NONE',  ( 1.000000000000000000, 0.000000000000000000, 5.353248226647175776E-15 ) ) ;
#1594 = VERTEX_POINT ( 'NONE', #3248 ) ;
#1595 = ORIENTED_EDGE ( 'NONE', *, *, #2335, .F. ) ;
#1596 = CARTESIAN_POINT ( 'NONE',  ( -0.3824790460547761728, 0.03119030045723342540, 0.000000000000000000 ) ) ;
#1597 = ADVANCED_FACE ( 'NONE', ( #565 ), #1076, .T. ) ;
#1598 = EDGE_CURVE ( 'NONE', #1292, #3440, #2893, .T. ) ;
#1599 = CARTESIAN_POINT ( 'NONE',  ( -0.4946757513436185749, 0.2613742511092934651, 0.000000000000000000 ) ) ;
#1600 = CARTESIAN_POINT ( 'NONE',  ( -0.3837052275857417705, 0.2994240853657677559, 0.01000000000000000021 ) ) ;
#1601 = LINE ( 'NONE', #1488, #1061 ) ;
#1602 = CARTESIAN_POINT ( 'NONE',  ( -0.4342951882227275573, 0.003944872921836337608, 0.01000000000000000021 ) ) ;
#1603 = CARTESIAN_POINT ( 'NONE',  ( -0.4867213947947788832, 0.2684683381219553633, 6.776263578034402713E-18 ) ) ;
#1604 = FILL_AREA_STYLE ('',( #1616 ) ) ;
#1605 = DIRECTION ( 'NONE',  ( 0.000000000000000000, -0.000000000000000000, 1.000000000000000000 ) ) ;
#1606 = ORIENTED_EDGE ( 'NONE', *, *, #3232, .F. ) ;
#1607 =( NAMED_UNIT ( * ) SI_UNIT ( $, .STERADIAN. ) SOLID_ANGLE_UNIT ( ) );
#1608 = CARTESIAN_POINT ( 'NONE',  ( -0.5775860433267933081, 0.000000000000000000, 0.000000000000000000 ) ) ;
#1609 = CARTESIAN_POINT ( 'NONE',  ( -0.4332020979149621143, 0.03640241337185039228, 0.000000000000000000 ) ) ;
#1610 = ORIENTED_EDGE ( 'NONE', *, *, #957, .T. ) ;
#1611 = EDGE_CURVE ( 'NONE', #1887, #2306, #3860, .T. ) ;
#1612 = CARTESIAN_POINT ( 'NONE',  ( 0.1271074145862156057, 0.02316563831442575161, 0.01000000000000000021 ) ) ;
#1613 = CARTESIAN_POINT ( 'NONE',  ( -0.4628227026022970203, 0.01224608900503937683, 0.01000000000000000021 ) ) ;
#1614 = ADVANCED_FACE ( 'NONE', ( #1914 ), #938, .T. ) ;
#1615 = VECTOR ( 'NONE', #622, 1000.000000000000000 ) ;
#1616 = FILL_AREA_STYLE_COLOUR ( '', #546 ) ;
#1617 = CARTESIAN_POINT ( 'NONE',  ( 1.499999999999999556, 1.550000000000000044, 0.5999999999999999778 ) ) ;
#1618 = ADVANCED_FACE ( 'NONE', ( #3659 ), #2157, .T. ) ;
#1619 = EDGE_CURVE ( 'NONE', #384, #4220, #1587, .T. ) ;
#1620 = PLANE ( 'NONE',  #3086 ) ;
#1621 = CARTESIAN_POINT ( 'NONE',  ( -0.4701571960761591340, 0.05344326542867885305, 1.016439536705160407E-17 ) ) ;
#1622 = COLOUR_RGB ( '',0.2039215686274509776, 0.2039215686274509776, 0.2039215686274509776 ) ;
#1623 = CARTESIAN_POINT ( 'NONE',  ( -0.5209271721455044357, 0.2265714683056021250, 0.000000000000000000 ) ) ;
#1624 = DIRECTION ( 'NONE',  ( 0.000000000000000000, -1.000000000000000000, 0.000000000000000000 ) ) ;
#1625 = VERTEX_POINT ( 'NONE', #2825 ) ;
#1626 = ORIENTED_EDGE ( 'NONE', *, *, #2077, .T. ) ;
#1627 = CARTESIAN_POINT ( 'NONE',  ( 0.2341473634407918725, 0.03242372562432704192, 6.776263578034402713E-18 ) ) ;
#1628 = PLANE ( 'NONE',  #926 ) ;
#1629 = VECTOR ( 'NONE', #433, 1000.000000000000000 ) ;
#1630 = PRESENTATION_LAYER_ASSIGNMENT (  '', '', ( #3244 ) ) ;
#1631 = CARTESIAN_POINT ( 'NONE',  ( 0.2519471134022092662, 0.1115917887370263678, 0.01000000000000000021 ) ) ;
#1632 = DIRECTION ( 'NONE',  ( 2.168404344971008868E-16, -1.000000000000000000, 0.000000000000000000 ) ) ;
#1633 = ADVANCED_FACE ( 'NONE', ( #506 ), #833, .T. ) ;
#1634 = ORIENTED_EDGE ( 'NONE', *, *, #1191, .T. ) ;
#1635 = AXIS2_PLACEMENT_3D ( 'NONE', #3408, #1484, #751 ) ;
#1636 = CARTESIAN_POINT ( 'NONE',  ( 0.2306213195182230113, 0.2278703142509842794, 0.01000000000000000021 ) ) ;
#1637 = AXIS2_PLACEMENT_3D ( 'NONE', #2517, #841, #1844 ) ;
#1638 = DIRECTION ( 'NONE',  ( 0.000000000000000000, 0.000000000000000000, 1.000000000000000000 ) ) ;
#1639 = DIRECTION ( 'NONE',  ( -0.000000000000000000, -0.000000000000000000, -1.000000000000000000 ) ) ;
#1640 = LINE ( 'NONE', #554, #2291 ) ;
#1641 = EDGE_CURVE ( 'NONE', #3958, #3084, #1082, .T. ) ;
#1642 = EDGE_LOOP ( 'NONE', ( #1353, #1663, #2179, #244 ) ) ;
#1643 = CARTESIAN_POINT ( 'NONE',  ( 0.1225341489808990103, 0.3076923076923076539, 0.01000000000000000021 ) ) ;
#1644 = ORIENTED_EDGE ( 'NONE', *, *, #344, .T. ) ;
#1645 = CARTESIAN_POINT ( 'NONE',  ( 0.1631808029479847877, 0.02795192335276981688, 5.082197683525802034E-18 ) ) ;
#1646 = CARTESIAN_POINT ( 'NONE',  ( 1.500000000000000666, 1.539999999999999813, 0.01000000000000002623 ) ) ;
#1647 = VECTOR ( 'NONE', #84, 1000.000000000000000 ) ;
#1648 = CARTESIAN_POINT ( 'NONE',  ( -0.4733889549565832855, 0.2393877494180237098, 0.01000000000000000021 ) ) ;
#1649 = FILL_AREA_STYLE ('',( #2552 ) ) ;
#1650 = CARTESIAN_POINT ( 'NONE',  ( 3.149999999999999467, 1.540000000000000036, 0.1999999999999997613 ) ) ;
#1651 = ORIENTED_EDGE ( 'NONE', *, *, #2350, .F. ) ;
#1652 = VECTOR ( 'NONE', #2587, 1000.000000000000000 ) ;
#1653 = UNCERTAINTY_MEASURE_WITH_UNIT (LENGTH_MEASURE( 1.000000000000000082E-05 ), #3787, 'distance_accuracy_value', 'NONE');
#1654 = CARTESIAN_POINT ( 'NONE',  ( -0.3198937356344855321, 0.2692307692307692180, 0.000000000000000000 ) ) ;
#1655 = MECHANICAL_DESIGN_GEOMETRIC_PRESENTATION_REPRESENTATION (  '', ( #667 ), #2150 ) ;
#1656 = ADVANCED_FACE ( 'NONE', ( #1667 ), #522, .T. ) ;
#1657 = ORIENTED_EDGE ( 'NONE', *, *, #1898, .T. ) ;
#1658 = CARTESIAN_POINT ( 'NONE',  ( 0.1412002670949567273, -0.006906117594939763932, 6.776263578034402713E-18 ) ) ;
#1659 = ORIENTED_EDGE ( 'NONE', *, *, #4218, .F. ) ;
#1660 = CARTESIAN_POINT ( 'NONE',  ( 0.03118934797748403737, 0.2437254504761103557, 0.01000000000000000021 ) ) ;
#1661 = ORIENTED_EDGE ( 'NONE', *, *, #3657, .T. ) ;
#1662 = EDGE_CURVE ( 'NONE', #2241, #3831, #1456, .T. ) ;
#1663 = ORIENTED_EDGE ( 'NONE', *, *, #3354, .F. ) ;
#1664 = SURFACE_SIDE_STYLE ('',( #4075 ) ) ;
#1665 = CARTESIAN_POINT ( 'NONE',  ( -1.500000000000000222, 1.549999999999999600, 0.5999999999999999778 ) ) ;
#1666 = AXIS2_PLACEMENT_3D ( 'NONE', #237, #3539, #931 ) ;
#1667 = FACE_OUTER_BOUND ( 'NONE', #2621, .T. ) ;
#1668 = SURFACE_STYLE_FILL_AREA ( #669 ) ;
#1669 = PRESENTATION_STYLE_ASSIGNMENT (( #2344 ) ) ;
#1670 = CARTESIAN_POINT ( 'NONE',  ( 0.4339524182116682449, 0.2999999999999999889, 0.01000000000000000021 ) ) ;
#1671 = CARTESIAN_POINT ( 'NONE',  ( 0.1221735720578221163, -0.007692307692307691867, 6.776263578034402713E-18 ) ) ;
#1672 = VECTOR ( 'NONE', #757, 1000.000000000000000 ) ;
#1673 = LINE ( 'NONE', #2878, #3862 ) ;
#1674 = CARTESIAN_POINT ( 'NONE',  ( 0.1985968342527826835, 0.04327314249319098166, 0.01000000000000000021 ) ) ;
#1675 = FILL_AREA_STYLE ('',( #3632 ) ) ;
#1676 = VECTOR ( 'NONE', #3576, 1000.000000000000000 ) ;
#1677 = ORIENTED_EDGE ( 'NONE', *, *, #1991, .T. ) ;
#1678 = VECTOR ( 'NONE', #4037, 1000.000000000000000 ) ;
#1679 = DIRECTION ( 'NONE',  ( 2.168404344971008868E-16, -1.000000000000000000, 0.000000000000000000 ) ) ;
#1680 = ADVANCED_FACE ( 'NONE', ( #3301 ), #1186, .T. ) ;
#1681 = CARTESIAN_POINT ( 'NONE',  ( 0.1503708025922407820, -0.005924711574083567182, 0.000000000000000000 ) ) ;
#1682 = CYLINDRICAL_SURFACE ( 'NONE', #262, 0.4000000000000001887 ) ;
#1683 = VERTEX_POINT ( 'NONE', #1565 ) ;
#1684 = CARTESIAN_POINT ( 'NONE',  ( 0.1225341489808990103, 0.3076923076923076539, 1.694065894508600678E-18 ) ) ;
#1685 = MECHANICAL_DESIGN_GEOMETRIC_PRESENTATION_REPRESENTATION (  '', ( #340 ), #2724 ) ;
#1686 = CARTESIAN_POINT ( 'NONE',  ( 0.09229776282671561805, 0.2740091526484658702, 0.01000000000000000021 ) ) ;
#1687 = FACE_OUTER_BOUND ( 'NONE', #892, .T. ) ;
#1688 = CARTESIAN_POINT ( 'NONE',  ( -0.5152926870495144751, 0.2361982156385858955, 0.01000000000000000021 ) ) ;
#1689 = ORIENTED_EDGE ( 'NONE', *, *, #1876, .F. ) ;
#1690 = CARTESIAN_POINT ( 'NONE',  ( 3.149999999999999467, 1.540000000000000036, 0.1999999999999997058 ) ) ;
#1691 = EDGE_CURVE ( 'NONE', #2038, #1007, #3856, .T. ) ;
#1692 = CARTESIAN_POINT ( 'NONE',  ( 0.2440152344028799769, 0.04262311397521736933, 0.01000000000000000021 ) ) ;
#1693 = ORIENTED_EDGE ( 'NONE', *, *, #2964, .F. ) ;
#1694 = STYLED_ITEM ( 'NONE', ( #3339 ), #3837 ) ;
#1695 = DIRECTION ( 'NONE',  ( 0.6110827052537914916, 0.000000000000000000, -0.7915667548221740901 ) ) ;
#1696 = CARTESIAN_POINT ( 'NONE',  ( 0.01520241821166827892, 0.07307692307692308098, 0.01000000000000000021 ) ) ;
#1698 = EDGE_LOOP ( 'NONE', ( #2658, #1187, #2464, #1442 ) ) ;
#1697 = CARTESIAN_POINT ( 'NONE',  ( -0.008355274096024017938, 0.05522836538461538269, 0.01000000000000000021 ) ) ;
#1699 = AXIS2_PLACEMENT_3D ( 'NONE', #3258, #4253, #2272 ) ;
#1700 =( LENGTH_UNIT ( ) NAMED_UNIT ( * ) SI_UNIT ( .MILLI., .METRE. ) );
#1701 = FACE_OUTER_BOUND ( 'NONE', #190, .T. ) ;
#1702 = CARTESIAN_POINT ( 'NONE',  ( -0.4421999854700472410, 0.2578596546440548587, 0.01000000000000000021 ) ) ;
#1703 = FILL_AREA_STYLE ('',( #724 ) ) ;
#1704 = EDGE_CURVE ( 'NONE', #2345, #3633, #2421, .T. ) ;
#1705 = PLANE ( 'NONE',  #706 ) ;
#1706 = CARTESIAN_POINT ( 'NONE',  ( -0.5389643551289232670, 0.1351986256704066636, 0.000000000000000000 ) ) ;
#1707 = LINE ( 'NONE', #370, #4213 ) ;
#1708 = ORIENTED_EDGE ( 'NONE', *, *, #3180, .T. ) ;
#1709 = CARTESIAN_POINT ( 'NONE',  ( -0.5390634414212827075, 0.1504836372990880078, 6.776263578034402713E-18 ) ) ;
#1710 = PLANE ( 'NONE',  #2920 ) ;
#1711 = EDGE_CURVE ( 'NONE', #3373, #181, #2048, .T. ) ;
#1712 = ORIENTED_EDGE ( 'NONE', *, *, #1417, .F. ) ;
#1713 = AXIS2_PLACEMENT_3D ( 'NONE', #2255, #1919, #604 ) ;
#1714 = CARTESIAN_POINT ( 'NONE',  ( -0.2391245048652548000, 0.1461538461538461620, 0.01000000000000000021 ) ) ;
#1715 = DIRECTION ( 'NONE',  ( -1.000000000000000000, 0.000000000000000000, 0.000000000000000000 ) ) ;
#1716 = ORIENTED_EDGE ( 'NONE', *, *, #3439, .F. ) ;
#1717 = CARTESIAN_POINT ( 'NONE',  ( -0.5391245048652548721, 0.1462139423076923017, 0.01000000000000000021 ) ) ;
#1718 = COLOUR_RGB ( '',0.6470588235294117974, 0.6196078431372549211, 0.5882352941176470784 ) ;
#1719 = CARTESIAN_POINT ( 'NONE',  ( -0.5390634414212827075, 0.1504836372990880078, 0.01000000000000000021 ) ) ;
#1720 = EDGE_CURVE ( 'NONE', #379, #4259, #4231, .T. ) ;
#1721 = CARTESIAN_POINT ( 'NONE',  ( 1.747188556591409148, 3.474214125298948019, 0.5899999999999999689 ) ) ;
#1722 = CARTESIAN_POINT ( 'NONE',  ( -0.5109846317687727346, 0.1667887550276296871, 0.000000000000000000 ) ) ;
#1723 = LINE ( 'NONE', #1290, #1676 ) ;
#1724 = ORIENTED_EDGE ( 'NONE', *, *, #3536, .T. ) ;
#1725 = CARTESIAN_POINT ( 'NONE',  ( 0.1281898952923798407, 0.3075540215768681751, -0.000000000000000000 ) ) ;
#1726 = ORIENTED_EDGE ( 'NONE', *, *, #3016, .T. ) ;
#1727 = LINE ( 'NONE', #962, #1829 ) ;
#1728 = DIRECTION ( 'NONE',  ( -0.4188422247446069169, -0.9080590238365501277, 0.000000000000000000 ) ) ;
#1729 = ORIENTED_EDGE ( 'NONE', *, *, #3812, .F. ) ;
#1730 = CARTESIAN_POINT ( 'NONE',  ( -0.5391245048652548721, 0.1462139423076923017, 0.000000000000000000 ) ) ;
#1731 = CARTESIAN_POINT ( 'NONE',  ( 0.2838430472292969853, 0.1466087475369048654, -0.000000000000000000 ) ) ;
#1732 = VERTEX_POINT ( 'NONE', #289 ) ;
#1733 = VECTOR ( 'NONE', #3783, 1000.000000000000000 ) ;
#1734 = CARTESIAN_POINT ( 'NONE',  ( -0.4165807684334618122, 0.2646058408029558495, 0.000000000000000000 ) ) ;
#1735 = DIRECTION ( 'NONE',  ( 1.000000000000000000, 0.000000000000000000, 0.000000000000000000 ) ) ;
#1736 = AXIS2_PLACEMENT_3D ( 'NONE', #3650, #716, #1695 ) ;
#1737 = VERTEX_POINT ( 'NONE', #4230 ) ;
#1738 = ORIENTED_EDGE ( 'NONE', *, *, #1378, .T. ) ;
#1739 =( NAMED_UNIT ( * ) PLANE_ANGLE_UNIT ( ) SI_UNIT ( $, .RADIAN. ) );
#1740 = CARTESIAN_POINT ( 'NONE',  ( -0.4854092656936735972, 0.02550129059796980152, 0.000000000000000000 ) ) ;
#1741 = VERTEX_POINT ( 'NONE', #891 ) ;
#1742 = EDGE_LOOP ( 'NONE', ( #1908, #2701, #68, #3121 ) ) ;
#1743 = CARTESIAN_POINT ( 'NONE',  ( 0.2746711196727237292, 0.09365209332148413668, 0.000000000000000000 ) ) ;
#1744 = CARTESIAN_POINT ( 'NONE',  ( 0.07342470210940676978, 0.3013854829658297874, 0.000000000000000000 ) ) ;
#1745 = AXIS2_PLACEMENT_3D ( 'NONE', #1157, #3701, #1818 ) ;
#1746 = CARTESIAN_POINT ( 'NONE',  ( -0.4164467543543213246, 0.03368335450011646776, 0.01000000000000000021 ) ) ;
#1747 = CARTESIAN_POINT ( 'NONE',  ( 0.000000000000000000, 0.000000000000000000, 0.000000000000000000 ) ) ;
#1748 = MECHANICAL_DESIGN_GEOMETRIC_PRESENTATION_REPRESENTATION (  '', ( #2228 ), #1954 ) ;
#1749 = CARTESIAN_POINT ( 'NONE',  ( -0.5122014279421779337, 0.1462740384615384415, 0.000000000000000000 ) ) ;
#1750 = PRESENTATION_STYLE_ASSIGNMENT (( #158 ) ) ;
#1751 = EDGE_LOOP ( 'NONE', ( #2392, #1651, #2771, #1008 ) ) ;
#1752 = CARTESIAN_POINT ( 'NONE',  ( -0.4664259678604784631, 0.2449711190746580447, 6.776263578034402713E-18 ) ) ;
#1753 = FILL_AREA_STYLE ('',( #2459 ) ) ;
#1754 = UNCERTAINTY_MEASURE_WITH_UNIT (LENGTH_MEASURE( 1.000000000000000082E-05 ), #1906, 'distance_accuracy_value', 'NONE');
#1755 = CARTESIAN_POINT ( 'NONE',  ( -0.5390705933670448813, 0.1425058361516889915, 5.082197683525802034E-18 ) ) ;
#1756 = CARTESIAN_POINT ( 'NONE',  ( 0.2131337305518910263, 0.2455838064031915235, 6.776263578034402713E-18 ) ) ;
#1757 = ORIENTED_EDGE ( 'NONE', *, *, #2682, .T. ) ;
#1758 = DIRECTION ( 'NONE',  ( 1.000000000000000000, 0.000000000000000000, 0.000000000000000000 ) ) ;
#1759 = VERTEX_POINT ( 'NONE', #598 ) ;
#1760 = CARTESIAN_POINT ( 'NONE',  ( -0.4067566127680841692, 0.2660290835758288286, 0.01000000000000000021 ) ) ;
#1761 = CARTESIAN_POINT ( 'NONE',  ( -0.2391245048652548000, 0.2999999999999999889, 0.01000000000000000021 ) ) ;
#1762 = CARTESIAN_POINT ( 'NONE',  ( -0.4331749856344855321, 0.2608173076923076539, 0.01000000000000000021 ) ) ;
#1763 = VERTEX_POINT ( 'NONE', #2608 ) ;
#1764 = CARTESIAN_POINT ( 'NONE',  ( 0.08286942503584233954, -0.003700546449330856680, 0.01000000000000000021 ) ) ;
#1765 = DIRECTION ( 'NONE',  ( 0.000000000000000000, 0.000000000000000000, -1.000000000000000000 ) ) ;
#1766 = CARTESIAN_POINT ( 'NONE',  ( -0.2391245048652548000, 0.000000000000000000, 0.01000000000000000021 ) ) ;
#1767 = EDGE_CURVE ( 'NONE', #1732, #4005, #2480, .T. ) ;
#1768 = DIRECTION ( 'NONE',  ( 0.4188422247446068059, 0.9080590238365501277, 0.000000000000000000 ) ) ;
#1769 = CARTESIAN_POINT ( 'NONE',  ( 0.1242168412885913259, 0.2769230769230768829, 0.01000000000000000021 ) ) ;
#1770 = VECTOR ( 'NONE', #49, 1000.000000000000000 ) ;
#1771 = LINE ( 'NONE', #4064, #3098 ) ;
#1772 = CARTESIAN_POINT ( 'NONE',  ( 0.2459115528270528761, 0.04477163461538460898, 0.01000000000000000021 ) ) ;
#1773 = CARTESIAN_POINT ( 'NONE',  ( -0.3543288317883316885, 0.03076923076923076747, 0.01000000000000000021 ) ) ;
#1774 = CARTESIAN_POINT ( 'NONE',  ( 0.3185678028270528261, 0.03076923076923076747, 0.000000000000000000 ) ) ;
#1775 = ORIENTED_EDGE ( 'NONE', *, *, #4184, .F. ) ;
#1776 = DIRECTION ( 'NONE',  ( -1.000000000000000000, 0.000000000000000000, 0.000000000000000000 ) ) ;
#1777 = CARTESIAN_POINT ( 'NONE',  ( -0.3689955892330983311, 0.2998887760350053555, 6.776263578034402713E-18 ) ) ;
#1778 = CARTESIAN_POINT ( 'NONE',  ( -0.006459436106213869988, 0.05278221236261709109, 0.01000000000000000021 ) ) ;
#1779 = MANIFOLD_SOLID_BREP ( '切除-拉伸1', #2338 ) ;
#1780 = DIRECTION ( 'NONE',  ( 0.6110827052537922688, -0.000000000000000000, 0.7915667548221734240 ) ) ;
#1781 = LINE ( 'NONE', #2831, #213 ) ;
#1782 = CARTESIAN_POINT ( 'NONE',  ( 0.1242168412885913259, 0.2769230769230768829, 6.776263578034402713E-18 ) ) ;
#1783 = ORIENTED_EDGE ( 'NONE', *, *, #3252, .F. ) ;
#1784 = CARTESIAN_POINT ( 'NONE',  ( 0.1021712099820192704, 0.3067715113238134172, 0.000000000000000000 ) ) ;
#1785 = DIRECTION ( 'NONE',  ( -0.000000000000000000, -0.000000000000000000, -1.000000000000000000 ) ) ;
#1786 = VECTOR ( 'NONE', #627, 1000.000000000000000 ) ;
#1787 = EDGE_CURVE ( 'NONE', #1067, #3958, #2939, .T. ) ;
#1788 = DIRECTION ( 'NONE',  ( -0.000000000000000000, -0.000000000000000000, -1.000000000000000000 ) ) ;
#1789 = ORIENTED_EDGE ( 'NONE', *, *, #1545, .F. ) ;
#1790 = DIRECTION ( 'NONE',  ( 0.000000000000000000, 0.000000000000000000, 1.000000000000000000 ) ) ;
#1791 = AXIS2_PLACEMENT_3D ( 'NONE', #547, #1184, #228 ) ;
#1792 = ORIENTED_EDGE ( 'NONE', *, *, #2916, .T. ) ;
#1793 = VERTEX_POINT ( 'NONE', #2567 ) ;
#1794 = CARTESIAN_POINT ( 'NONE',  ( -0.3198937356344855321, 0.2692307692307692180, 0.01000000000000000021 ) ) ;
#1795 =( NAMED_UNIT ( * ) PLANE_ANGLE_UNIT ( ) SI_UNIT ( $, .RADIAN. ) );
#1796 = EDGE_CURVE ( 'NONE', #3171, #2835, #302, .T. ) ;
#1797 = PLANE ( 'NONE',  #4187 ) ;
#1798 = ORIENTED_EDGE ( 'NONE', *, *, #1807, .T. ) ;
#1799 = CARTESIAN_POINT ( 'NONE',  ( -0.4165807684334618122, 0.2646058408029558495, 0.01000000000000000021 ) ) ;
#1800 = CARTESIAN_POINT ( 'NONE',  ( -0.4487398894806394201, 0.2891826923076923350, 0.01000000000000000021 ) ) ;
#1801 = SURFACE_STYLE_FILL_AREA ( #1604 ) ;
#1802 = ORIENTED_EDGE ( 'NONE', *, *, #1720, .F. ) ;
#1803 = DIRECTION ( 'NONE',  ( 1.000000000000000000, 0.000000000000000000, -0.000000000000000000 ) ) ;
#1804 = DIRECTION ( 'NONE',  ( 1.000000000000000000, 0.000000000000000000, -0.000000000000000000 ) ) ;
#1805 = ORIENTED_EDGE ( 'NONE', *, *, #4041, .T. ) ;
#1806 = CARTESIAN_POINT ( 'NONE',  ( -0.4783084327701971894, 0.02060215732527983720, 0.01000000000000000021 ) ) ;
#1807 = EDGE_CURVE ( 'NONE', #1200, #1732, #3499, .T. ) ;
#1808 = ORIENTED_EDGE ( 'NONE', *, *, #4109, .F. ) ;
#1809 = EDGE_LOOP ( 'NONE', ( #588, #3936, #807, #3726 ) ) ;
#1810 = CARTESIAN_POINT ( 'NONE',  ( -0.3535475817883317884, 0.2999999999999999889, 0.01000000000000000021 ) ) ;
#1811 = CARTESIAN_POINT ( 'NONE',  ( 0.01883089460400073911, 0.06909370175367775258, 0.01000000000000000021 ) ) ;
#1812 = FACE_OUTER_BOUND ( 'NONE', #2446, .T. ) ;
#1813 = SURFACE_SIDE_STYLE ('',( #2742 ) ) ;
#1814 = CARTESIAN_POINT ( 'NONE',  ( -1.663507616997317085, -1.540000000000000480, -0.02889172947462112159 ) ) ;
#1815 = B_SPLINE_CURVE_WITH_KNOTS ( 'NONE', 3,
 ( #3596, #2925, #870, #1559, #210, #3497, #594, #916, #4167, #1895, #3233, #3840, #3512, #886, #1541, #2529, #1275, #558, #3825 ),
 .UNSPECIFIED., .F., .F.,
 ( 4, 1, 1, 1, 1, 1, 1, 1, 1, 1, 1, 1, 1, 1, 1, 1, 4 ),
 ( 0.000000000000000000, 0.06241450026327793887, 0.1233382314733143803, 0.1831245376921939449, 0.2417829946389432882, 0.3005788825509778661, 0.3596800748966264560, 0.4188816408500465327, 0.4795306644577831401, 0.5408505357600388308, 0.6023033958983802227, 0.6644632119464733977, 0.7278057226670118229, 0.7928948147812348024, 0.8596723283028316898, 0.9284644007334887927, 1.000000000000000000 ),
 .UNSPECIFIED. ) ;
#1816 = CARTESIAN_POINT ( 'NONE',  ( 2.293928171141427885, 1.539999999999999813, 0.1999999999999997613 ) ) ;
#1817 =( LENGTH_UNIT ( ) NAMED_UNIT ( * ) SI_UNIT ( .MILLI., .METRE. ) );
#1818 = DIRECTION ( 'NONE',  ( 1.000000000000000000, 0.000000000000000000, 0.000000000000000000 ) ) ;
#1819 = VECTOR ( 'NONE', #3786, 1000.000000000000000 ) ;
#1820 = EDGE_CURVE ( 'NONE', #2931, #1447, #976, .T. ) ;
#1821 = CARTESIAN_POINT ( 'NONE',  ( -0.3903679026374595185, 3.689968152437262885E-05, 5.082197683525802034E-18 ) ) ;
#1822 = CARTESIAN_POINT ( 'NONE',  ( -0.3409874856344856098, 0.2692307692307692180, 0.01000000000000000021 ) ) ;
#1823 = AXIS2_PLACEMENT_3D ( 'NONE', #1023, #19, #1409 ) ;
#1824 = CARTESIAN_POINT ( 'NONE',  ( 0.01520241821166827892, 0.07307692307692308098, 0.01000000000000000021 ) ) ;
#1825 = STYLED_ITEM ( 'NONE', ( #1669 ), #1618 ) ;
#1826 = VECTOR ( 'NONE', #3415, 1000.000000000000000 ) ;
#1827 = ORIENTED_EDGE ( 'NONE', *, *, #710, .T. ) ;
#1828 = CARTESIAN_POINT ( 'NONE',  ( -2.293928171141427885, -1.540000000000000480, 0.2999999999999997669 ) ) ;
#1829 = VECTOR ( 'NONE', #2589, 1000.000000000000000 ) ;
#1830 = CARTESIAN_POINT ( 'NONE',  ( 0.2838430472292969853, 0.1466087475369048654, 6.776263578034402713E-18 ) ) ;
#1831 = ORIENTED_EDGE ( 'NONE', *, *, #3550, .F. ) ;
#1832 = CARTESIAN_POINT ( 'NONE',  ( -0.3973152643688854235, 0.2986020454359282761, 0.000000000000000000 ) ) ;
#1833 = VECTOR ( 'NONE', #2873, 1000.000000000000114 ) ;
#1834 = EDGE_CURVE ( 'NONE', #3437, #322, #920, .T. ) ;
#1835 = DIRECTION ( 'NONE',  ( -0.000000000000000000, 0.000000000000000000, 1.000000000000000000 ) ) ;
#1836 = CARTESIAN_POINT ( 'NONE',  ( 0.2423355739025361555, 0.08885280013397579835, 0.000000000000000000 ) ) ;
#1837 =( NAMED_UNIT ( * ) SI_UNIT ( $, .STERADIAN. ) SOLID_ANGLE_UNIT ( ) );
#1838 = ORIENTED_EDGE ( 'NONE', *, *, #2462, .F. ) ;
#1839 = CARTESIAN_POINT ( 'NONE',  ( -0.4628227026022970203, 0.01224608900503937683, 0.01000000000000000021 ) ) ;
#1840 = CARTESIAN_POINT ( 'NONE',  ( 3.150000000000000355, -1.539999999999999591, 0.1999999999999997613 ) ) ;
#1841 = LINE ( 'NONE', #865, #2861 ) ;
#1842 = CARTESIAN_POINT ( 'NONE',  ( 0.2193962401633072212, 0.2400422829993799356, 0.000000000000000000 ) ) ;
#1843 = CARTESIAN_POINT ( 'NONE',  ( 0.03776971055317279724, 0.05106186223786592787, 6.776263578034402713E-18 ) ) ;
#1844 = DIRECTION ( 'NONE',  ( 0.000000000000000000, -0.000000000000000000, 1.000000000000000000 ) ) ;
#1845 = CARTESIAN_POINT ( 'NONE',  ( -0.3689955892330983311, 0.2998887760350053555, 0.000000000000000000 ) ) ;
#1846 = CARTESIAN_POINT ( 'NONE',  ( -0.6671894087114085270, 0.1269230769230769162, 0.01000000000000000021 ) ) ;
#1847 = CARTESIAN_POINT ( 'NONE',  ( 0.1225341489808990103, 0.3076923076923076539, 0.01000000000000000021 ) ) ;
#1848 = VERTEX_POINT ( 'NONE', #3549 ) ;
#1849 = DIRECTION ( 'NONE',  ( 0.000000000000000000, -0.000000000000000000, -1.000000000000000000 ) ) ;
#1850 =( NAMED_UNIT ( * ) SI_UNIT ( $, .STERADIAN. ) SOLID_ANGLE_UNIT ( ) );
#1851 = CARTESIAN_POINT ( 'NONE',  ( -0.5044813525444602487, 0.04369725109324501533, 0.01000000000000000021 ) ) ;
#1852 = ORIENTED_EDGE ( 'NONE', *, *, #1365, .F. ) ;
#1853 = CARTESIAN_POINT ( 'NONE',  ( 1.499999999999999556, -1.550000000000000044, 0.5999999999999999778 ) ) ;
#1854 = CARTESIAN_POINT ( 'NONE',  ( 0.2836278796194821039, 0.1365084513660569654, 6.776263578034402713E-18 ) ) ;
#1855 = ORIENTED_EDGE ( 'NONE', *, *, #24, .T. ) ;
#1856 = CARTESIAN_POINT ( 'NONE',  ( 0.2262803813203690118, 0.2733703196177220129, 6.776263578034402713E-18 ) ) ;
#1857 = ORIENTED_EDGE ( 'NONE', *, *, #66, .F. ) ;
#1858 = ORIENTED_EDGE ( 'NONE', *, *, #1973, .F. ) ;
#1859 = DIRECTION ( 'NONE',  ( -2.168404344971008868E-16, 1.000000000000000000, -0.000000000000000000 ) ) ;
#1860 =( NAMED_UNIT ( * ) PLANE_ANGLE_UNIT ( ) SI_UNIT ( $, .RADIAN. ) );
#1861 = DIRECTION ( 'NONE',  ( -0.000000000000000000, 0.000000000000000000, -1.000000000000000000 ) ) ;
#1862 = ORIENTED_EDGE ( 'NONE', *, *, #720, .T. ) ;
#1863 = COLOUR_RGB ( '',0.7529411764705882248, 0.7529411764705882248, 0.7529411764705882248 ) ;
#1864 = SURFACE_SIDE_STYLE ('',( #235 ) ) ;
#1865 = AXIS2_PLACEMENT_3D ( 'NONE', #2822, #1165, #800 ) ;
#1866 = CARTESIAN_POINT ( 'NONE',  ( -0.008355274096024017938, 0.2449519230769230393, 0.01000000000000000021 ) ) ;
#1867 = LINE ( 'NONE', #74, #1770 ) ;
#1868 = FACE_OUTER_BOUND ( 'NONE', #2289, .T. ) ;
#1869 = PLANE ( 'NONE',  #1017 ) ;
#1870 = PRESENTATION_STYLE_ASSIGNMENT (( #981 ) ) ;
#1871 = COLOUR_RGB ( '',0.2039215686274509776, 0.2039215686274509776, 0.2039215686274509776 ) ;
#1872 = VERTEX_POINT ( 'NONE', #1939 ) ;
#1873 = FACE_BOUND ( 'NONE', #3699, .T. ) ;
#1874 = PLANE ( 'NONE',  #3400 ) ;
#1875 = CARTESIAN_POINT ( 'NONE',  ( 0.1364476488625027961, 0.02333995443463759284, 0.000000000000000000 ) ) ;
#1876 = EDGE_CURVE ( 'NONE', #550, #405, #2796, .T. ) ;
#1877 = CARTESIAN_POINT ( 'NONE',  ( -0.4445512416730844074, 0.006222378275781071354, 0.01000000000000000021 ) ) ;
#1878 = DIRECTION ( 'NONE',  ( -1.000000000000000000, 0.000000000000000000, 0.000000000000000000 ) ) ;
#1879 = B_SPLINE_CURVE_WITH_KNOTS ( 'NONE', 3,
 ( #1516, #498, #1845, #2151, #1832, #3451, #3781, #2485, #2265, #990, #878 ),
 .UNSPECIFIED., .F., .F.,
 ( 4, 1, 1, 1, 1, 1, 1, 1, 4 ),
 ( 0.000000000000000000, 0.1642892164747617734, 0.3174059112304908892, 0.4588436116410197774, 0.5893665423053098262, 0.7078313187781728466, 0.8157700306990046668, 0.9128799029021262834, 1.000000000000000000 ),
 .UNSPECIFIED. ) ;
#1880 = AXIS2_PLACEMENT_3D ( 'NONE', #4058, #2428, #4097 ) ;
#1881 = CARTESIAN_POINT ( 'NONE',  ( -1.500000000000001110, 1.539999999999999591, 0.5899999999999999689 ) ) ;
#1882 = DIRECTION ( 'NONE',  ( 1.000000000000000000, 2.160906827009344119E-16, 1.080453413504672060E-16 ) ) ;
#1883 = LINE ( 'NONE', #1617, #371 ) ;
#1884 = CARTESIAN_POINT ( 'NONE',  ( 0.2661982663813088901, 0.2261492817528862609, 6.776263578034402713E-18 ) ) ;
#1885 = ORIENTED_EDGE ( 'NONE', *, *, #1999, .T. ) ;
#1886 = LINE ( 'NONE', #4052, #1004 ) ;
#1887 = VERTEX_POINT ( 'NONE', #3909 ) ;
#1888 = CARTESIAN_POINT ( 'NONE',  ( -0.4780454680913772125, 0.2747216977813418670, 0.000000000000000000 ) ) ;
#1889 = CARTESIAN_POINT ( 'NONE',  ( 0.2548189783698076027, 0.1238078464896212594, 0.000000000000000000 ) ) ;
#1890 = ORIENTED_EDGE ( 'NONE', *, *, #905, .F. ) ;
#1891 = VERTEX_POINT ( 'NONE', #955 ) ;
#1892 = CARTESIAN_POINT ( 'NONE',  ( -0.5366238720504268311, 0.1139796713601984035, 0.01000000000000000021 ) ) ;
#1893 = CARTESIAN_POINT ( 'NONE',  ( 1.500000000000000222, 3.474214125298948019, 0.009999999999999998473 ) ) ;
#1894 = FILL_AREA_STYLE ('',( #2560 ) ) ;
#1895 = CARTESIAN_POINT ( 'NONE',  ( -0.4930263573123941367, 0.07736268778201155216, 0.01000000000000000021 ) ) ;
#1896 = AXIS2_PLACEMENT_3D ( 'NONE', #3255, #2627, #4249 ) ;
#1897 = CARTESIAN_POINT ( 'NONE',  ( -0.5075214708252290263, 0.1087636533408199574, 1.016439536705160407E-17 ) ) ;
#1898 = EDGE_CURVE ( 'NONE', #1887, #946, #1036, .T. ) ;
#1899 = CARTESIAN_POINT ( 'NONE',  ( -0.7237398894806394978, 0.2999999999999999889, 0.000000000000000000 ) ) ;
#1900 = ORIENTED_EDGE ( 'NONE', *, *, #3910, .F. ) ;
#1901 = AXIS2_PLACEMENT_3D ( 'NONE', #880, #3526, #1591 ) ;
#1902 = CARTESIAN_POINT ( 'NONE',  ( 0.01620420967665794909, 0.2714731994140603955, 3.388131789017201356E-18 ) ) ;
#1903 = B_SPLINE_CURVE_WITH_KNOTS ( 'NONE', 3,
 ( #459, #787, #2797, #2455, #813, #4141, #1490, #3452, #3120, #2486, #474, #499, #1150, #2152, #178, #830, #3767, #2137, #4105, #1504, #489, #2808, #3148, #149, #1178, #3782, #3133 ),
 .UNSPECIFIED., .F., .F.,
 ( 4, 1, 1, 1, 1, 1, 1, 1, 1, 1, 1, 1, 1, 1, 1, 1, 1, 1, 1, 1, 1, 1, 1, 1, 4 ),
 ( 0.000000000000000000, 0.04395490890619424551, 0.08750187479760458686, 0.1304626267314903665, 0.1727520205665173114, 0.2154030673796032969, 0.2576498297432395224, 0.3001527489572939356, 0.3431214895020866518, 0.3859251632064335524, 0.4276857274028015854, 0.4688179504865897518, 0.5094918001549958442, 0.5498830310733487936, 0.5899800229668862306, 0.6304052300068400116, 0.6708686260826384196, 0.7113839438381757141, 0.7516272580635841027, 0.7917755768651915105, 0.8324589188037422316, 0.8733190450172880759, 0.9145429556263491300, 0.9569235582098846171, 1.000000000000000000 ),
 .UNSPECIFIED. ) ;
#1904 = ORIENTED_EDGE ( 'NONE', *, *, #1390, .F. ) ;
#1905 = CARTESIAN_POINT ( 'NONE',  ( -2.063815258520281581, -1.540000000000000480, 0.4344330821015152666 ) ) ;
#1906 =( LENGTH_UNIT ( ) NAMED_UNIT ( * ) SI_UNIT ( .MILLI., .METRE. ) );
#1907 = EDGE_CURVE ( 'NONE', #1047, #2024, #614, .T. ) ;
#1908 = ORIENTED_EDGE ( 'NONE', *, *, #2025, .F. ) ;
#1909 = CARTESIAN_POINT ( 'NONE',  ( -0.4930263573123941367, 0.07736268778201155216, 0.01000000000000000021 ) ) ;
#1910 = SURFACE_STYLE_FILL_AREA ( #3954 ) ;
#1911 = CARTESIAN_POINT ( 'NONE',  ( 0.2440883339768106508, 0.2069814537329421056, 6.776263578034402713E-18 ) ) ;
#1912 = SURFACE_STYLE_FILL_AREA ( #2775 ) ;
#1913 = CARTESIAN_POINT ( 'NONE',  ( -0.4487398894806394201, 0.2891826923076923350, 0.000000000000000000 ) ) ;
#1914 = FACE_OUTER_BOUND ( 'NONE', #436, .T. ) ;
#1915 = CARTESIAN_POINT ( 'NONE',  ( -0.4232823187021286238, 0.002138246980842503035, 0.01000000000000000021 ) ) ;
#1916 = EDGE_CURVE ( 'NONE', #3188, #2714, #3147, .T. ) ;
#1917 = CARTESIAN_POINT ( 'NONE',  ( 0.2560271703494431672, 0.1671188347536713414, 0.000000000000000000 ) ) ;
#1918 = LINE ( 'NONE', #581, #1570 ) ;
#1919 = DIRECTION ( 'NONE',  ( 1.445602896647339163E-16, -1.000000000000000000, 0.000000000000000000 ) ) ;
#1920 = CARTESIAN_POINT ( 'NONE',  ( 0.01520241821166827892, 0.07307692307692308098, 0.01000000000000000021 ) ) ;
#1921 = LINE ( 'NONE', #1058, #411 ) ;
#1922 = CARTESIAN_POINT ( 'NONE',  ( -0.008355274096024017938, 0.2449519230769230393, 0.01000000000000000021 ) ) ;
#1923 = MECHANICAL_DESIGN_GEOMETRIC_PRESENTATION_REPRESENTATION (  '', ( #3298 ), #3026 ) ;
#1924 = CARTESIAN_POINT ( 'NONE',  ( 3.149999999999999023, 3.474214125298948019, 0.1999999999999997613 ) ) ;
#1925 = VERTEX_POINT ( 'NONE', #1899 ) ;
#1926 = ADVANCED_FACE ( 'NONE', ( #3442 ), #564, .T. ) ;
#1927 = EDGE_LOOP ( 'NONE', ( #3769, #4290, #2888, #96 ) ) ;
#1928 = CARTESIAN_POINT ( 'NONE',  ( 0.1242168412885913259, 0.2769230769230768829, 0.000000000000000000 ) ) ;
#1929 = EDGE_CURVE ( 'NONE', #1161, #3106, #3553, .T. ) ;
#1930 = CARTESIAN_POINT ( 'NONE',  ( 0.07342470210940676978, 0.3013854829658297874, 0.01000000000000000021 ) ) ;
#1931 = ORIENTED_EDGE ( 'NONE', *, *, #4076, .F. ) ;
#1932 = CARTESIAN_POINT ( 'NONE',  ( -0.09681681255756247051, 0.2692307692307692180, 0.01000000000000000021 ) ) ;
#1933 = DIRECTION ( 'NONE',  ( -0.7915667548221740901, -1.716436790491003028E-16, 0.6110827052537914916 ) ) ;
#1934 = DIRECTION ( 'NONE',  ( 0.6077508431907282516, 0.7941277684358852840, -0.000000000000000000 ) ) ;
#1935 = CARTESIAN_POINT ( 'NONE',  ( 0.3185678028270528261, 0.03076923076923076747, 0.000000000000000000 ) ) ;
#1936 = CARTESIAN_POINT ( 'NONE',  ( -0.5111112084366418173, 0.1268223909131852567, 1.016439536705160407E-17 ) ) ;
#1937 = CARTESIAN_POINT ( 'NONE',  ( 0.2355229261123981399, 0.2211972708066480831, 6.776263578034402713E-18 ) ) ;
#1938 = CARTESIAN_POINT ( 'NONE',  ( -0.3561146025313061680, 0.2691853670997404469, 0.01000000000000000021 ) ) ;
#1939 = CARTESIAN_POINT ( 'NONE',  ( 1.584350941515099809, -1.539999999999999591, 0.009999999999999989800 ) ) ;
#1940 = LINE ( 'NONE', #3494, #2720 ) ;
#1941 = ADVANCED_FACE ( 'NONE', ( #1812 ), #2298, .T. ) ;
#1942 = CARTESIAN_POINT ( 'NONE',  ( 0.2341473634407918725, 0.03242372562432704192, 0.01000000000000000021 ) ) ;
#1943 = FILL_AREA_STYLE_COLOUR ( '', #1050 ) ;
#1944 = ORIENTED_EDGE ( 'NONE', *, *, #801, .F. ) ;
#1945 = EDGE_LOOP ( 'NONE', ( #1346, #428, #2908, #4040 ) ) ;
#1946 = CARTESIAN_POINT ( 'NONE',  ( 0.2476429210934351088, 0.09998780225323310178, 0.01000000000000000021 ) ) ;
#1947 = PRESENTATION_STYLE_ASSIGNMENT (( #2872 ) ) ;
#1948 = DIRECTION ( 'NONE',  ( 1.000000000000000000, 0.000000000000000000, 0.000000000000000000 ) ) ;
#1949 = CARTESIAN_POINT ( 'NONE',  ( -0.4632906224802038619, 0.04886592765869830768, 0.01000000000000000021 ) ) ;
#1950 = VERTEX_POINT ( 'NONE', #2962 ) ;
#1951 = CARTESIAN_POINT ( 'NONE',  ( -0.5005248521567977615, 0.2033859014525161157, 0.01000000000000000021 ) ) ;
#1952 = SURFACE_STYLE_USAGE ( .BOTH. , #3590 ) ;
#1953 = MECHANICAL_DESIGN_GEOMETRIC_PRESENTATION_REPRESENTATION (  '', ( #758 ), #2104 ) ;
#1954 =( GEOMETRIC_REPRESENTATION_CONTEXT ( 3 ) GLOBAL_UNCERTAINTY_ASSIGNED_CONTEXT ( ( #4038 ) ) GLOBAL_UNIT_ASSIGNED_CONTEXT ( ( #1817, #2129, #1128 ) ) REPRESENTATION_CONTEXT ( 'NONE', 'WORKASPACE' ) );
#1955 = SURFACE_STYLE_USAGE ( .BOTH. , #3 ) ;
#1956 = CARTESIAN_POINT ( 'NONE',  ( -0.008355274096024017938, 0.2449519230769230393, 0.01000000000000000021 ) ) ;
#1957 = ORIENTED_EDGE ( 'NONE', *, *, #3896, .F. ) ;
#1958 = CARTESIAN_POINT ( 'NONE',  ( 0.1271074145862156057, 0.02316563831442575161, 5.082197683525802034E-18 ) ) ;
#1959 = VECTOR ( 'NONE', #2852, 1000.000000000000000 ) ;
#1960 = LINE ( 'NONE', #2676, #3807 ) ;
#1961 = CARTESIAN_POINT ( 'NONE',  ( -2.146530383509389850, 1.539999999999999591, -0.4000000000000000222 ) ) ;
#1962 = ADVANCED_FACE ( 'NONE', ( #3748 ), #1710, .F. ) ;
#1963 = COLOUR_RGB ( '',0.6470588235294117974, 0.6196078431372549211, 0.5882352941176470784 ) ;
#1964 = CARTESIAN_POINT ( 'NONE',  ( 0.2400415282606900846, 0.2142275501587895814, 0.01000000000000000021 ) ) ;
#1965 =( LENGTH_UNIT ( ) NAMED_UNIT ( * ) SI_UNIT ( .MILLI., .METRE. ) );
#1966 =( NAMED_UNIT ( * ) PLANE_ANGLE_UNIT ( ) SI_UNIT ( $, .RADIAN. ) );
#1967 = ORIENTED_EDGE ( 'NONE', *, *, #2307, .T. ) ;
#1968 = PRESENTATION_STYLE_ASSIGNMENT (( #1273 ) ) ;
#1969 = CARTESIAN_POINT ( 'NONE',  ( -2.293928171141429218, 3.474214125298947131, 0.2999999999999997669 ) ) ;
#1970 = CARTESIAN_POINT ( 'NONE',  ( 0.1503708025922407820, -0.005924711574083567182, 6.776263578034402713E-18 ) ) ;
#1971 =( GEOMETRIC_REPRESENTATION_CONTEXT ( 3 ) GLOBAL_UNCERTAINTY_ASSIGNED_CONTEXT ( ( #3172 ) ) GLOBAL_UNIT_ASSIGNED_CONTEXT ( ( #2178, #822, #1512 ) ) REPRESENTATION_CONTEXT ( 'NONE', 'WORKASPACE' ) );
#1972 = CARTESIAN_POINT ( 'NONE',  ( 0.04316176860916509650, 0.2530390486501388203, 0.01000000000000000021 ) ) ;
#1973 = EDGE_CURVE ( 'NONE', #4220, #776, #135, .T. ) ;
#1974 = CARTESIAN_POINT ( 'NONE',  ( 0.2262803813203690118, 0.2733703196177220129, 0.01000000000000000021 ) ) ;
#1975 = CIRCLE ( 'NONE', #2252, 0.1000000000000000472 ) ;
#1976 = ORIENTED_EDGE ( 'NONE', *, *, #3685, .T. ) ;
#1977 = CARTESIAN_POINT ( 'NONE',  ( -1.500000000000001554, 3.474214125298947131, 0.009999999999999998473 ) ) ;
#1978 = AXIS2_PLACEMENT_3D ( 'NONE', #1747, #2391, #3982 ) ;
#1979 =( NAMED_UNIT ( * ) SI_UNIT ( $, .STERADIAN. ) SOLID_ANGLE_UNIT ( ) );
#1980 = FACE_OUTER_BOUND ( 'NONE', #2451, .T. ) ;
#1981 = VERTEX_POINT ( 'NONE', #40 ) ;
#1982 = ADVANCED_FACE ( 'NONE', ( #1094 ), #2994, .T. ) ;
#1983 = VERTEX_POINT ( 'NONE', #1665 ) ;
#1984 = CARTESIAN_POINT ( 'NONE',  ( 0.2212686969531550141, 0.02173995964940570597, 0.01000000000000000021 ) ) ;
#1985 = ORIENTED_EDGE ( 'NONE', *, *, #1491, .T. ) ;
#1986 = CARTESIAN_POINT ( 'NONE',  ( 0.04949269420910074740, 0.2571765717595325129, 6.776263578034402713E-18 ) ) ;
#1987 = CARTESIAN_POINT ( 'NONE',  ( 0.03118934797748403737, 0.2437254504761103557, 0.01000000000000000021 ) ) ;
#1988 = CARTESIAN_POINT ( 'NONE',  ( 0.1844350650861655838, 0.002252850797849723172, 0.000000000000000000 ) ) ;
#1989 = DIRECTION ( 'NONE',  ( 1.000000000000000000, 1.445602896647339163E-16, -0.000000000000000000 ) ) ;
#1990 = ORIENTED_EDGE ( 'NONE', *, *, #1407, .T. ) ;
#1991 = EDGE_CURVE ( 'NONE', #3978, #790, #3050, .T. ) ;
#1992 = LINE ( 'NONE', #1881, #2780 ) ;
#1993 = PRESENTATION_LAYER_ASSIGNMENT (  '', '', ( #222 ) ) ;
#1994 = EDGE_LOOP ( 'NONE', ( #2556, #105, #3913, #1634 ) ) ;
#1995 = CARTESIAN_POINT ( 'NONE',  ( -1.500000000000000444, -0.5133333333333339743, 0.009999999999999998473 ) ) ;
#1996 = CARTESIAN_POINT ( 'NONE',  ( 0.1254001720913394957, -0.007669851187525756307, 0.01000000000000000021 ) ) ;
#1997 = ORIENTED_EDGE ( 'NONE', *, *, #2476, .F. ) ;
#1998 = CARTESIAN_POINT ( 'NONE',  ( 0.1592657705236724119, -0.004446986054314545911, -0.000000000000000000 ) ) ;
#1999 = EDGE_CURVE ( 'NONE', #1625, #3326, #987, .T. ) ;
#2000 = CARTESIAN_POINT ( 'NONE',  ( -0.3409874856344856653, 0.2692307692307692735, 0.000000000000000000 ) ) ;
#2001 = ORIENTED_EDGE ( 'NONE', *, *, #690, .F. ) ;
#2002 = FILL_AREA_STYLE ('',( #2655 ) ) ;
#2003 = MECHANICAL_DESIGN_GEOMETRIC_PRESENTATION_REPRESENTATION (  '', ( #2841 ), #3059 ) ;
#2004 = FACE_OUTER_BOUND ( 'NONE', #454, .T. ) ;
#2005 = VECTOR ( 'NONE', #271, 1000.000000000000000 ) ;
#2006 = CARTESIAN_POINT ( 'NONE',  ( 0.2459115528270528761, 0.04477163461538460898, 0.01000000000000000021 ) ) ;
#2007 = DIRECTION ( 'NONE',  ( 0.6038968352533777839, -0.7970624896273533766, 0.000000000000000000 ) ) ;
#2008 = DIRECTION ( 'NONE',  ( 2.168404344971008868E-16, -1.000000000000000000, 0.000000000000000000 ) ) ;
#2009 = VECTOR ( 'NONE', #1457, 1000.000000000000000 ) ;
#2010 = VECTOR ( 'NONE', #1948, 1000.000000000000000 ) ;
#2011 = DIRECTION ( 'NONE',  ( 2.168404344971008868E-16, -1.000000000000000000, 0.000000000000000000 ) ) ;
#2012 = EDGE_CURVE ( 'NONE', #3123, #2167, #2223, .T. ) ;
#2013 = CARTESIAN_POINT ( 'NONE',  ( -0.5258248142477498499, 0.2164284589889742538, 0.01000000000000000021 ) ) ;
#2014 = CARTESIAN_POINT ( 'NONE',  ( -0.7237398894806394978, 0.2999999999999999889, 0.01000000000000000021 ) ) ;
#2015 = LINE ( 'NONE', #1556, #3007 ) ;
#2016 = CARTESIAN_POINT ( 'NONE',  ( 0.03776971055317279724, 0.05106186223786592787, 0.000000000000000000 ) ) ;
#2017 = VERTEX_POINT ( 'NONE', #2736 ) ;
#2018 = FACE_OUTER_BOUND ( 'NONE', #3292, .T. ) ;
#2019 = EDGE_LOOP ( 'NONE', ( #3520, #3529, #1301, #2967 ) ) ;
#2020 = CARTESIAN_POINT ( 'NONE',  ( -0.5093970698688266019, 0.1765156679297915643, 6.776263578034402713E-18 ) ) ;
#2021 = CARTESIAN_POINT ( 'NONE',  ( 0.1393209603480366487, 0.3072818608994830614, 0.000000000000000000 ) ) ;
#2022 = CARTESIAN_POINT ( 'NONE',  ( -0.5391245048652548721, 0.1462139423076923017, 0.01000000000000000021 ) ) ;
#2023 =( NAMED_UNIT ( * ) PLANE_ANGLE_UNIT ( ) SI_UNIT ( $, .RADIAN. ) );
#2024 = VERTEX_POINT ( 'NONE', #404 ) ;
#2025 = EDGE_CURVE ( 'NONE', #155, #2118, #2275, .T. ) ;
#2026 = CARTESIAN_POINT ( 'NONE',  ( 1.499999999999999556, 1.550000000000000044, 0.5999999999999999778 ) ) ;
#2027 = LINE ( 'NONE', #2147, #3170 ) ;
#2028 = STYLED_ITEM ( 'NONE', ( #1947 ), #3648 ) ;
#2029 = CARTESIAN_POINT ( 'NONE',  ( -0.5209271721455044357, 0.2265714683056021250, 0.01000000000000000021 ) ) ;
#2030 = DIRECTION ( 'NONE',  ( 0.4189977888269736939, 0.9079872537420923262, 0.000000000000000000 ) ) ;
#2031 = CARTESIAN_POINT ( 'NONE',  ( 2.146530383509388962, 1.539999999999999813, -0.4000000000000000222 ) ) ;
#2032 = CARTESIAN_POINT ( 'NONE',  ( 0.2813286409034687630, 0.1833362454380407236, 0.000000000000000000 ) ) ;
#2033 = EDGE_CURVE ( 'NONE', #3958, #2345, #372, .T. ) ;
#2034 = CARTESIAN_POINT ( 'NONE',  ( -0.8329346010191007732, 0.000000000000000000, 0.01000000000000000021 ) ) ;
#2035 = CARTESIAN_POINT ( 'NONE',  ( 0.1993266149205903948, 0.2555851591164461922, 6.776263578034402713E-18 ) ) ;
#2036 = LINE ( 'NONE', #4, #603 ) ;
#2037 = CARTESIAN_POINT ( 'NONE',  ( 0.2839524182116682227, 0.1517427884615384359, 0.000000000000000000 ) ) ;
#2038 = VERTEX_POINT ( 'NONE', #2031 ) ;
#2039 = CARTESIAN_POINT ( 'NONE',  ( -0.5359299866025577508, 0.1832751389435782197, 0.01000000000000000021 ) ) ;
#2040 = DIRECTION ( 'NONE',  ( -0.000000000000000000, -0.000000000000000000, -1.000000000000000000 ) ) ;
#2041 = VECTOR ( 'NONE', #3766, 1000.000000000000000 ) ;
#2042 = CARTESIAN_POINT ( 'NONE',  ( -0.4733889549565832855, 0.2393877494180237098, 0.000000000000000000 ) ) ;
#2043 = VERTEX_POINT ( 'NONE', #4023 ) ;
#2044 = EDGE_CURVE ( 'NONE', #3091, #1033, #2750, .T. ) ;
#2045 = SURFACE_SIDE_STYLE ('',( #1912 ) ) ;
#2046 = PRODUCT_DEFINITION ( '未知', '', #3030, #3770 ) ;
#2047 = ORIENTED_EDGE ( 'NONE', *, *, #1407, .F. ) ;
#2048 = LINE ( 'NONE', #1210, #2370 ) ;
#2049 = CARTESIAN_POINT ( 'NONE',  ( -0.3949829943237055940, 0.03177675224323132236, 6.776263578034402713E-18 ) ) ;
#2050 = CARTESIAN_POINT ( 'NONE',  ( -0.4067566127680841692, 0.2660290835758288286, 0.000000000000000000 ) ) ;
#2051 = VECTOR ( 'NONE', #3114, 1000.000000000000000 ) ;
#2052 = CARTESIAN_POINT ( 'NONE',  ( -0.4588370736392471949, 0.2498280055794029897, 0.000000000000000000 ) ) ;
#2053 = LINE ( 'NONE', #1961, #2158 ) ;
#2054 = FACE_OUTER_BOUND ( 'NONE', #4203, .T. ) ;
#2055 = LINE ( 'NONE', #3447, #2324 ) ;
#2056 = CARTESIAN_POINT ( 'NONE',  ( -0.4859546622019734752, 0.2266206737727478326, 0.01000000000000000021 ) ) ;
#2057 = SURFACE_SIDE_STYLE ('',( #2358 ) ) ;
#2058 = EDGE_LOOP ( 'NONE', ( #383, #2314, #3994, #3194 ) ) ;
#2059 = CARTESIAN_POINT ( 'NONE',  ( 0.000000000000000000, 0.000000000000000000, 0.5999999999999999778 ) ) ;
#2060 = CARTESIAN_POINT ( 'NONE',  ( -0.3859394087114086380, 0.000000000000000000, 3.388131789017201356E-18 ) ) ;
#2061 = CARTESIAN_POINT ( 'NONE',  ( 0.1593594655253158798, 0.2727356086217052056, 0.000000000000000000 ) ) ;
#2062 = ORIENTED_EDGE ( 'NONE', *, *, #282, .F. ) ;
#2063 = CARTESIAN_POINT ( 'NONE',  ( 0.1122642944745076421, 0.3075691806479247115, 0.000000000000000000 ) ) ;
#2064 = LINE ( 'NONE', #3738, #3211 ) ;
#2065 = CARTESIAN_POINT ( 'NONE',  ( 0.2839524182116682227, 0.1517427884615384359, 0.000000000000000000 ) ) ;
#2066 = CARTESIAN_POINT ( 'NONE',  ( -0.4164467543543213246, 0.03368335450011646776, 6.776263578034402713E-18 ) ) ;
#2067 =( NAMED_UNIT ( * ) PLANE_ANGLE_UNIT ( ) SI_UNIT ( $, .RADIAN. ) );
#2068 = CARTESIAN_POINT ( 'NONE',  ( -0.4508010430000920499, 0.2541725782435884651, 0.000000000000000000 ) ) ;
#2069 = AXIS2_PLACEMENT_3D ( 'NONE', #3441, #2812, #2128 ) ;
#2070 = VERTEX_POINT ( 'NONE', #735 ) ;
#2071 = DIRECTION ( 'NONE',  ( 0.000000000000000000, -1.000000000000000000, 0.000000000000000000 ) ) ;
#2072 = CARTESIAN_POINT ( 'NONE',  ( 0.08286942503584233954, -0.003700546449330856680, 6.776263578034402713E-18 ) ) ;
#2073 = ORIENTED_EDGE ( 'NONE', *, *, #132, .T. ) ;
#2074 = UNCERTAINTY_MEASURE_WITH_UNIT (LENGTH_MEASURE( 1.000000000000000082E-05 ), #2695, 'distance_accuracy_value', 'NONE');
#2075 = CARTESIAN_POINT ( 'NONE',  ( 0.1332103520238454575, 0.2768195222051002546, 0.01000000000000000021 ) ) ;
#2076 = ORIENTED_EDGE ( 'NONE', *, *, #57, .T. ) ;
#2077 = EDGE_CURVE ( 'NONE', #4095, #1683, #3506, .T. ) ;
#2078 = ORIENTED_EDGE ( 'NONE', *, *, #269, .T. ) ;
#2079 = CARTESIAN_POINT ( 'NONE',  ( 0.09234472481545728806, 0.3054417736472029854, 0.000000000000000000 ) ) ;
#2080 = CARTESIAN_POINT ( 'NONE',  ( 0.1187585083791466573, 0.2767850969750489942, -0.000000000000000000 ) ) ;
#2081 = VECTOR ( 'NONE', #820, 1000.000000000000000 ) ;
#2082 = CARTESIAN_POINT ( 'NONE',  ( 1.663507616997316862, 3.474214125298948019, -0.02889172947462113200 ) ) ;
#2083 = MECHANICAL_DESIGN_GEOMETRIC_PRESENTATION_REPRESENTATION (  '', ( #174 ), #541 ) ;
#2084 = CARTESIAN_POINT ( 'NONE',  ( 0.4339524182116682449, 0.2999999999999999889, 0.000000000000000000 ) ) ;
#2085 = VECTOR ( 'NONE', #1768, 1000.000000000000114 ) ;
#2086 = CARTESIAN_POINT ( 'NONE',  ( 0.003448131801083699054, 0.04102119099134274999, 0.01000000000000000021 ) ) ;
#2087 = CARTESIAN_POINT ( 'NONE',  ( 0.09235934704957793340, -0.005523782209912989419, 6.776263578034402713E-18 ) ) ;
#2088 = CARTESIAN_POINT ( 'NONE',  ( 0.1187663559442608957, -0.007653739789768460380, -0.000000000000000000 ) ) ;
#2089 = CARTESIAN_POINT ( 'NONE',  ( 0.1272239812320551389, 0.2768884515650906208, 6.776263578034402713E-18 ) ) ;
#2090 = ORIENTED_EDGE ( 'NONE', *, *, #3323, .F. ) ;
#2091 = DIRECTION ( 'NONE',  ( -0.6110827052537914916, -0.000000000000000000, -0.7915667548221739791 ) ) ;
#2092 = DIRECTION ( 'NONE',  ( 0.000000000000000000, -1.000000000000000000, 0.000000000000000000 ) ) ;
#2093 = PLANE ( 'NONE',  #729 ) ;
#2094 = CARTESIAN_POINT ( 'NONE',  ( -0.3687940748585751272, 0.03083139733152467227, 0.01000000000000000021 ) ) ;
#2095 = EDGE_LOOP ( 'NONE', ( #3998, #3242, #1240, #1904 ) ) ;
#2096 = ORIENTED_EDGE ( 'NONE', *, *, #561, .T. ) ;
#2097 = ORIENTED_EDGE ( 'NONE', *, *, #1266, .F. ) ;
#2098 = MECHANICAL_DESIGN_GEOMETRIC_PRESENTATION_REPRESENTATION (  '', ( #1325 ), #1181 ) ;
#2099 = SURFACE_SIDE_STYLE ('',( #52 ) ) ;
#2100 = CARTESIAN_POINT ( 'NONE',  ( 0.03927602984470044550, 0.01296014774366909157, 6.776263578034402713E-18 ) ) ;
#2101 = EDGE_CURVE ( 'NONE', #3406, #2931, #2166, .T. ) ;
#2102 = CARTESIAN_POINT ( 'NONE',  ( 0.1120428055620552171, -0.007577632719592775068, 0.000000000000000000 ) ) ;
#2103 = DIRECTION ( 'NONE',  ( 1.000000000000000000, 0.000000000000000000, 0.000000000000000000 ) ) ;
#2104 =( GEOMETRIC_REPRESENTATION_CONTEXT ( 3 ) GLOBAL_UNCERTAINTY_ASSIGNED_CONTEXT ( ( #2490 ) ) GLOBAL_UNIT_ASSIGNED_CONTEXT ( ( #606, #4224, #252 ) ) REPRESENTATION_CONTEXT ( 'NONE', 'WORKASPACE' ) );
#2105 = CARTESIAN_POINT ( 'NONE',  ( 2.063815258520281581, 1.539999999999999813, 0.4344330821015152666 ) ) ;
#2106 = MECHANICAL_DESIGN_GEOMETRIC_PRESENTATION_REPRESENTATION (  '', ( #566 ), #3662 ) ;
#2107 = FILL_AREA_STYLE ('',( #2148 ) ) ;
#2108 = VECTOR ( 'NONE', #1579, 1000.000000000000000 ) ;
#2109 = CARTESIAN_POINT ( 'NONE',  ( 1.747188556591410258, -1.539999999999999591, 0.5899999999999999689 ) ) ;
#2110 = DIRECTION ( 'NONE',  ( -0.4190581774617470057, -0.9079593845004516606, 0.000000000000000000 ) ) ;
#2111 = CARTESIAN_POINT ( 'NONE',  ( -0.4313500654417707914, 0.2940915056559035290, 0.01000000000000000021 ) ) ;
#2112 = EDGE_CURVE ( 'NONE', #3633, #936, #935, .T. ) ;
#2113 = SURFACE_STYLE_FILL_AREA ( #2002 ) ;
#2114 = DIRECTION ( 'NONE',  ( -0.000000000000000000, -0.000000000000000000, -1.000000000000000000 ) ) ;
#2115 = CARTESIAN_POINT ( 'NONE',  ( 0.1223538605193605355, 0.02307692307692307473, 0.000000000000000000 ) ) ;
#2116 = VECTOR ( 'NONE', #1882, 1000.000000000000000 ) ;
#2117 = DIRECTION ( 'NONE',  ( -0.000000000000000000, -0.000000000000000000, -1.000000000000000000 ) ) ;
#2118 = VERTEX_POINT ( 'NONE', #3698 ) ;
#2119 = PLANE ( 'NONE',  #2271 ) ;
#2120 = DIRECTION ( 'NONE',  ( 1.000000000000000000, 0.000000000000000000, 0.000000000000000000 ) ) ;
#2121 = PLANE ( 'NONE',  #1865 ) ;
#2122 = EDGE_CURVE ( 'NONE', #4259, #1683, #3751, .T. ) ;
#2123 = CARTESIAN_POINT ( 'NONE',  ( 0.2839524182116682227, 0.1517427884615384359, 0.01000000000000000021 ) ) ;
#2124 = ORIENTED_EDGE ( 'NONE', *, *, #2536, .T. ) ;
#2125 = B_SPLINE_CURVE_WITH_KNOTS ( 'NONE', 3,
 ( #4142, #3174, #2504, #3496, #1539, #4166, #543, #2183, #1234, #209, #1506 ),
 .UNSPECIFIED., .F., .F.,
 ( 4, 1, 1, 1, 1, 1, 1, 1, 4 ),
 ( 0.000000000000000000, 0.1285151895116614373, 0.2529486363526579629, 0.3747547340060043974, 0.4959397538670500816, 0.6171806414298928178, 0.7409094692781376112, 0.8678111481862029741, 1.000000000000000000 ),
 .UNSPECIFIED. ) ;
#2126 = EDGE_CURVE ( 'NONE', #834, #1950, #517, .T. ) ;
#2127 = ORIENTED_EDGE ( 'NONE', *, *, #4122, .F. ) ;
#2128 = DIRECTION ( 'NONE',  ( 1.000000000000000000, 0.000000000000000000, -1.761828530288943916E-15 ) ) ;
#2129 =( NAMED_UNIT ( * ) PLANE_ANGLE_UNIT ( ) SI_UNIT ( $, .RADIAN. ) );
#2130 = CARTESIAN_POINT ( 'NONE',  ( 0.1171164871770531551, 0.02322167562700078527, 6.776263578034402713E-18 ) ) ;
#2131 = CARTESIAN_POINT ( 'NONE',  ( -0.3903679026374595185, 3.689968152437262885E-05, 0.01000000000000000021 ) ) ;
#2132 = CARTESIAN_POINT ( 'NONE',  ( -0.008355274096024017938, 0.2449519230769230393, 0.000000000000000000 ) ) ;
#2133 = EDGE_CURVE ( 'NONE', #3461, #1848, #1372, .T. ) ;
#2134 = CARTESIAN_POINT ( 'NONE',  ( 0.2440883339768106508, 0.2069814537329421056, 0.000000000000000000 ) ) ;
#2135 = CARTESIAN_POINT ( 'NONE',  ( -1.500000000000001554, 3.474214125298947131, 0.5899999999999999689 ) ) ;
#2136 = CARTESIAN_POINT ( 'NONE',  ( 0.2836278796194821039, 0.1365084513660569654, 0.01000000000000000021 ) ) ;
#2137 = CARTESIAN_POINT ( 'NONE',  ( 0.2400415282606900846, 0.2142275501587895814, 0.01000000000000000021 ) ) ;
#2138 = CARTESIAN_POINT ( 'NONE',  ( 0.2726530107789131852, 0.2125095434472810130, 6.776263578034402713E-18 ) ) ;
#2139 = PRESENTATION_STYLE_ASSIGNMENT (( #1063 ) ) ;
#2140 = ORIENTED_EDGE ( 'NONE', *, *, #3962, .F. ) ;
#2141 = FACE_OUTER_BOUND ( 'NONE', #189, .T. ) ;
#2142 = CARTESIAN_POINT ( 'NONE',  ( 0.4608754951347451834, 0.000000000000000000, 0.01000000000000000021 ) ) ;
#2143 = ORIENTED_EDGE ( 'NONE', *, *, #2717, .T. ) ;
#2144 = CARTESIAN_POINT ( 'NONE',  ( 0.1242168412885913259, 0.2769230769230768829, 0.01000000000000000021 ) ) ;
#2145 = CARTESIAN_POINT ( 'NONE',  ( 1.499999999999999556, 1.550000000000000044, 0.5999999999999999778 ) ) ;
#2146 = CARTESIAN_POINT ( 'NONE',  ( 0.2306213195182230113, 0.2278703142509842794, 0.000000000000000000 ) ) ;
#2147 = CARTESIAN_POINT ( 'NONE',  ( 0.3185678028270528261, 0.000000000000000000, 0.01000000000000000021 ) ) ;
#2148 = FILL_AREA_STYLE_COLOUR ( '', #4209 ) ;
#2149 = DIRECTION ( 'NONE',  ( 0.000000000000000000, -0.000000000000000000, -1.000000000000000000 ) ) ;
#2150 =( GEOMETRIC_REPRESENTATION_CONTEXT ( 3 ) GLOBAL_UNCERTAINTY_ASSIGNED_CONTEXT ( ( #3303 ) ) GLOBAL_UNIT_ASSIGNED_CONTEXT ( ( #4286, #2310, #333 ) ) REPRESENTATION_CONTEXT ( 'NONE', 'WORKASPACE' ) );
#2151 = CARTESIAN_POINT ( 'NONE',  ( -0.3837052275857417705, 0.2994240853657677559, 0.000000000000000000 ) ) ;
#2152 = CARTESIAN_POINT ( 'NONE',  ( 0.2193962401633072212, 0.2400422829993799356, 0.01000000000000000021 ) ) ;
#2153 = CARTESIAN_POINT ( 'NONE',  ( 0.2813286409034687630, 0.1833362454380407236, 0.01000000000000000021 ) ) ;
#2154 = ORIENTED_EDGE ( 'NONE', *, *, #2450, .T. ) ;
#2155 = CARTESIAN_POINT ( 'NONE',  ( -0.2929706587114087046, 0.2999999999999999889, 0.01000000000000000021 ) ) ;
#2156 = LINE ( 'NONE', #3445, #408 ) ;
#2157 = PLANE ( 'NONE',  #3493 ) ;
#2158 = VECTOR ( 'NONE', #1402, 1000.000000000000000 ) ;
#2159 = LINE ( 'NONE', #1697, #3562 ) ;
#2160 = CARTESIAN_POINT ( 'NONE',  ( -0.4445512416730844074, 0.006222378275781071354, 0.01000000000000000021 ) ) ;
#2161 = LINE ( 'NONE', #619, #3813 ) ;
#2162 = FILL_AREA_STYLE_COLOUR ( '', #1531 ) ;
#2163 = VERTEX_POINT ( 'NONE', #3675 ) ;
#2164 = AXIS2_PLACEMENT_3D ( 'NONE', #4178, #255, #2577 ) ;
#2165 = AXIS2_PLACEMENT_3D ( 'NONE', #3036, #4084, #1790 ) ;
#2166 = LINE ( 'NONE', #2394, #3870 ) ;
#2167 = VERTEX_POINT ( 'NONE', #4008 ) ;
#2168 = CARTESIAN_POINT ( 'NONE',  ( -0.09681681255756247051, 0.03076923076923076747, 0.01000000000000000021 ) ) ;
#2169 = DIRECTION ( 'NONE',  ( 2.168404344971008868E-16, -1.000000000000000000, 0.000000000000000000 ) ) ;
#2170 = CARTESIAN_POINT ( 'NONE',  ( 0.1712428703971816124, 0.3016701206442397032, 0.01000000000000000021 ) ) ;
#2171 = VECTOR ( 'NONE', #2071, 1000.000000000000000 ) ;
#2172 = DIRECTION ( 'NONE',  ( 0.000000000000000000, -1.000000000000000000, 0.000000000000000000 ) ) ;
#2173 = CARTESIAN_POINT ( 'NONE',  ( 0.2423355739025361555, 0.08885280013397579835, 0.01000000000000000021 ) ) ;
#2174 = CARTESIAN_POINT ( 'NONE',  ( 0.1631808029479847877, 0.02795192335276981688, 0.000000000000000000 ) ) ;
#2175 = ADVANCED_FACE ( 'NONE', ( #4134 ), #2713, .T. ) ;
#2176 = VERTEX_POINT ( 'NONE', #3044 ) ;
#2177 = CARTESIAN_POINT ( 'NONE',  ( -1.500000000000000222, 1.549999999999999600, 0.5999999999999999778 ) ) ;
#2178 =( LENGTH_UNIT ( ) NAMED_UNIT ( * ) SI_UNIT ( .MILLI., .METRE. ) );
#2179 = ORIENTED_EDGE ( 'NONE', *, *, #3789, .T. ) ;
#2180 = DIRECTION ( 'NONE',  ( 2.168404344971008868E-16, -1.000000000000000000, 0.000000000000000000 ) ) ;
#2181 = UNCERTAINTY_MEASURE_WITH_UNIT (LENGTH_MEASURE( 1.000000000000000082E-05 ), #382, 'distance_accuracy_value', 'NONE');
#2182 = DIRECTION ( 'NONE',  ( 1.000000000000000000, 2.160906827009344119E-16, -1.080453413504672060E-16 ) ) ;
#2183 = CARTESIAN_POINT ( 'NONE',  ( 0.03776971055317279724, 0.05106186223786592787, 0.01000000000000000021 ) ) ;
#2184 = ORIENTED_EDGE ( 'NONE', *, *, #4264, .T. ) ;
#2185 = ORIENTED_EDGE ( 'NONE', *, *, #4098, .F. ) ;
#2186 = CARTESIAN_POINT ( 'NONE',  ( -1.584350941515100031, 3.474214125298947131, 0.009999999999999989800 ) ) ;
#2187 =( GEOMETRIC_REPRESENTATION_CONTEXT ( 3 ) GLOBAL_UNCERTAINTY_ASSIGNED_CONTEXT ( ( #4198 ) ) GLOBAL_UNIT_ASSIGNED_CONTEXT ( ( #1452, #1795, #397 ) ) REPRESENTATION_CONTEXT ( 'NONE', 'WORKASPACE' ) );
#2188 = VECTOR ( 'NONE', #171, 1000.000000000000000 ) ;
#2189 = EDGE_CURVE ( 'NONE', #405, #2661, #263, .T. ) ;
#2190 = DIRECTION ( 'NONE',  ( 0.000000000000000000, -1.000000000000000000, 0.000000000000000000 ) ) ;
#2191 = FILL_AREA_STYLE ('',( #549 ) ) ;
#2192 = AXIS2_PLACEMENT_3D ( 'NONE', #2803, #2826, #3775 ) ;
#2193 = CARTESIAN_POINT ( 'NONE',  ( -0.4115018359171911944, 0.0009274133433240911405, 0.01000000000000000021 ) ) ;
#2194 = B_SPLINE_CURVE_WITH_KNOTS ( 'NONE', 3,
 ( #1730, #1358, #1706, #388, #2705, #1054, #3300, #1344, #3352, #6, #2986, #3644, #769, #1410, #3392, #1740, #1078, #3083, #2401, #3421, #4048, #1116, #3068, #3693, #3409, #1438, #2060 ),
 .UNSPECIFIED., .F., .F.,
 ( 4, 1, 1, 1, 1, 1, 1, 1, 1, 1, 1, 1, 1, 1, 1, 1, 1, 1, 1, 1, 1, 1, 1, 1, 4 ),
 ( 0.000000000000000000, 0.04608068338724804341, 0.09080679960761617320, 0.1342952705290696158, 0.1770243856662441773, 0.2188227336826556180, 0.2602441163273732649, 0.3010798671134451432, 0.3416138942851570381, 0.3815834185517461563, 0.4201195913296164597, 0.4580746185423136274, 0.4947384876076564297, 0.5311946228937133307, 0.5669336984503777765, 0.6027126507379958475, 0.6383266061284350590, 0.6748532488548240060, 0.7134673707840595291, 0.7544418038483806654, 0.7978153607124992552, 0.8439894562081103890, 0.8930715698796477531, 0.9449633461781441479, 1.000000000000000000 ),
 .UNSPECIFIED. ) ;
#2195 = LINE ( 'NONE', #2209, #2520 ) ;
#2196 = FILL_AREA_STYLE ('',( #206 ) ) ;
#2197 = CARTESIAN_POINT ( 'NONE',  ( -0.2391245048652548000, 0.03076923076923076747, 0.01000000000000000021 ) ) ;
#2198 = DIRECTION ( 'NONE',  ( -0.000000000000000000, 1.000000000000000000, -0.000000000000000000 ) ) ;
#2199 = ORIENTED_EDGE ( 'NONE', *, *, #1820, .F. ) ;
#2200 = PLANE ( 'NONE',  #1549 ) ;
#2201 = FILL_AREA_STYLE ('',( #1943 ) ) ;
#2202 = CARTESIAN_POINT ( 'NONE',  ( -0.5391245048652548721, 0.1462139423076923017, 0.000000000000000000 ) ) ;
#2203 = ORIENTED_EDGE ( 'NONE', *, *, #1191, .F. ) ;
#2204 = DIRECTION ( 'NONE',  ( -0.000000000000000000, 0.000000000000000000, 1.000000000000000000 ) ) ;
#2205 = CARTESIAN_POINT ( 'NONE',  ( 0.06435611003410063313, 0.2984591716815507279, 0.01000000000000000021 ) ) ;
#2206 = ORIENTED_EDGE ( 'NONE', *, *, #2476, .T. ) ;
#2207 = EDGE_CURVE ( 'NONE', #3906, #3423, #476, .T. ) ;
#2208 = UNCERTAINTY_MEASURE_WITH_UNIT (LENGTH_MEASURE( 1.000000000000000082E-05 ), #2571, 'distance_accuracy_value', 'NONE');
#2209 = CARTESIAN_POINT ( 'NONE',  ( -0.8622014279421779115, 0.000000000000000000, 0.000000000000000000 ) ) ;
#2210 = SURFACE_STYLE_FILL_AREA ( #1675 ) ;
#2211 = CARTESIAN_POINT ( 'NONE',  ( -0.3198937356344855321, 0.2692307692307692180, 0.01000000000000000021 ) ) ;
#2212 = CARTESIAN_POINT ( 'NONE',  ( 1.499999999999999556, -1.550000000000000044, 0.5999999999999999778 ) ) ;
#2213 = VECTOR ( 'NONE', #1362, 1000.000000000000000 ) ;
#2214 = LINE ( 'NONE', #1426, #3504 ) ;
#2215 = CARTESIAN_POINT ( 'NONE',  ( -0.5096228066115162658, 0.1176032869193321811, 0.01000000000000000021 ) ) ;
#2216 = LINE ( 'NONE', #214, #3977 ) ;
#2217 = ORIENTED_EDGE ( 'NONE', *, *, #3140, .F. ) ;
#2218 = CARTESIAN_POINT ( 'NONE',  ( -0.6671894087114085270, 0.1269230769230769162, 0.01000000000000000021 ) ) ;
#2219 = CARTESIAN_POINT ( 'NONE',  ( -0.4165807684334618122, 0.2646058408029558495, 0.01000000000000000021 ) ) ;
#2220 = DIRECTION ( 'NONE',  ( -0.000000000000000000, 1.000000000000000000, -0.000000000000000000 ) ) ;
#2221 = ADVANCED_FACE ( 'NONE', ( #3009 ), #2435, .F. ) ;
#2222 = EDGE_CURVE ( 'NONE', #3270, #2163, #4094, .T. ) ;
#2223 = LINE ( 'NONE', #1035, #3763 ) ;
#2224 = CARTESIAN_POINT ( 'NONE',  ( 0.1122642944745076421, 0.3075691806479247115, 0.01000000000000000021 ) ) ;
#2225 = FACE_OUTER_BOUND ( 'NONE', #1245, .T. ) ;
#2226 = B_SPLINE_CURVE_WITH_KNOTS ( 'NONE', 3,
 ( #22, #3342, #2973, #357, #712, #1400, #687, #3000, #1026, #1688, #1389, #4280, #3332, #326, #2319, #1375, #3656, #3669, #1717 ),
 .UNSPECIFIED., .F., .F.,
 ( 4, 1, 1, 1, 1, 1, 1, 1, 1, 1, 1, 1, 1, 1, 1, 1, 4 ),
 ( 0.000000000000000000, 0.06154496601632365033, 0.1216942964020307216, 0.1811548554526329902, 0.2398753889119570326, 0.2987019424504284704, 0.3576474237092014397, 0.4176048428493669418, 0.4784940407282913255, 0.5404070506371326799, 0.6023449938728028252, 0.6650043279232334958, 0.7285593088233758285, 0.7936505420268854527, 0.8605342675902674099, 0.9292359605619636698, 0.9999999999999998890 ),
 .UNSPECIFIED. ) ;
#2227 = CARTESIAN_POINT ( 'NONE',  ( 0.2547305134974319762, 0.1755351880065266490, 0.000000000000000000 ) ) ;
#2228 = STYLED_ITEM ( 'NONE', ( #2949 ), #2221 ) ;
#2229 = FILL_AREA_STYLE ('',( #279 ) ) ;
#2230 = CARTESIAN_POINT ( 'NONE',  ( 0.2489488936984642631, 0.04850373652256670387, 0.01000000000000000021 ) ) ;
#2231 = FACE_OUTER_BOUND ( 'NONE', #1742, .T. ) ;
#2232 = DIRECTION ( 'NONE',  ( -0.000000000000000000, -0.000000000000000000, -1.000000000000000000 ) ) ;
#2233 = ORIENTED_EDGE ( 'NONE', *, *, #2366, .F. ) ;
#2234 = SURFACE_STYLE_USAGE ( .BOTH. , #3203 ) ;
#2235 = CARTESIAN_POINT ( 'NONE',  ( -0.5048404486009859804, 0.1003028683133619370, 1.016439536705160407E-17 ) ) ;
#2236 = ORIENTED_EDGE ( 'NONE', *, *, #4122, .T. ) ;
#2237 = CARTESIAN_POINT ( 'NONE',  ( 0.2569947687575894202, 0.1526465782783854863, 6.776263578034402713E-18 ) ) ;
#2238 = EDGE_CURVE ( 'NONE', #2554, #3946, #4143, .T. ) ;
#2239 = CARTESIAN_POINT ( 'NONE',  ( 0.1364476488625027961, 0.02333995443463759284, 0.01000000000000000021 ) ) ;
#2240 = CARTESIAN_POINT ( 'NONE',  ( 2.146530383509387185, 1.539999999999999813, 0.000000000000000000 ) ) ;
#2241 = VERTEX_POINT ( 'NONE', #4110 ) ;
#2242 = ORIENTED_EDGE ( 'NONE', *, *, #2941, .F. ) ;
#2243 = CARTESIAN_POINT ( 'NONE',  ( -0.006517958560511499105, 0.2473759211281731096, 3.388131789017201356E-18 ) ) ;
#2244 = ADVANCED_FACE ( 'NONE', ( #832 ), #793, .T. ) ;
#2245 = CARTESIAN_POINT ( 'NONE',  ( 3.149999999999999023, 3.474214125298948019, -0.4000000000000001332 ) ) ;
#2246 = CARTESIAN_POINT ( 'NONE',  ( -0.06989373563448562920, 0.000000000000000000, 0.000000000000000000 ) ) ;
#2247 = CYLINDRICAL_SURFACE ( 'NONE', #1823, 0.1000000000000002554 ) ;
#2248 = CARTESIAN_POINT ( 'NONE',  ( 0.2252395500206335055, 0.2341586863871911450, 6.776263578034402713E-18 ) ) ;
#2249 = EDGE_CURVE ( 'NONE', #3476, #4194, #2954, .T. ) ;
#2250 = CARTESIAN_POINT ( 'NONE',  ( -0.3704802829228174277, 0.2687476557441080827, 6.776263578034402713E-18 ) ) ;
#2251 = ORIENTED_EDGE ( 'NONE', *, *, #1767, .F. ) ;
#2252 = AXIS2_PLACEMENT_3D ( 'NONE', #2900, #2559, #914 ) ;
#2253 = CARTESIAN_POINT ( 'NONE',  ( 0.03874792616141315565, 0.2869338797963786325, 0.01000000000000000021 ) ) ;
#2254 = EDGE_LOOP ( 'NONE', ( #2854, #571, #1430, #2785 ) ) ;
#2255 = CARTESIAN_POINT ( 'NONE',  ( -2.293928171141428773, 1.539999999999999369, 0.2999999999999997669 ) ) ;
#2256 = CARTESIAN_POINT ( 'NONE',  ( -2.214771495659211720, 3.474214125298947131, 0.2388917294746209230 ) ) ;
#2257 = CARTESIAN_POINT ( 'NONE',  ( 1.747188556591411146, 1.539999999999999813, 0.1899999999999998912 ) ) ;
#2258 = EDGE_CURVE ( 'NONE', #3373, #1323, #1420, .T. ) ;
#2259 = CARTESIAN_POINT ( 'NONE',  ( 0.05610966951252229634, 0.2608852350117489283, 0.01000000000000000021 ) ) ;
#2260 = DIRECTION ( 'NONE',  ( 0.000000000000000000, 1.000000000000000000, 0.000000000000000000 ) ) ;
#2261 = ADVANCED_FACE ( 'NONE', ( #2379 ), #479, .T. ) ;
#2262 = ORIENTED_EDGE ( 'NONE', *, *, #291, .F. ) ;
#2263 = CARTESIAN_POINT ( 'NONE',  ( 0.4608754951347451834, 0.2999999999999999889, 0.01000000000000000021 ) ) ;
#2264 = PRESENTATION_STYLE_ASSIGNMENT (( #3518 ) ) ;
#2265 = CARTESIAN_POINT ( 'NONE',  ( -0.4404745348332977928, 0.2919153767657858833, 0.000000000000000000 ) ) ;
#2266 = FACE_OUTER_BOUND ( 'NONE', #843, .T. ) ;
#2267 = FILL_AREA_STYLE_COLOUR ( '', #2638 ) ;
#2268 = CARTESIAN_POINT ( 'NONE',  ( 0.1254001720913394957, -0.007669851187525756307, 0.01000000000000000021 ) ) ;
#2269 = VECTOR ( 'NONE', #3961, 1000.000000000000000 ) ;
#2270 = DIRECTION ( 'NONE',  ( -0.000000000000000000, -0.000000000000000000, -1.000000000000000000 ) ) ;
#2271 = AXIS2_PLACEMENT_3D ( 'NONE', #4136, #3821, #1175 ) ;
#2272 = DIRECTION ( 'NONE',  ( -1.000000000000000000, 0.000000000000000000, -1.080453413504671813E-16 ) ) ;
#2273 = ORIENTED_EDGE ( 'NONE', *, *, #507, .F. ) ;
#2274 = CARTESIAN_POINT ( 'NONE',  ( -0.09681681255756247051, 0.1461538461538461620, 0.01000000000000000021 ) ) ;
#2275 = CIRCLE ( 'NONE', #761, 0.1000000000000000472 ) ;
#2276 = EDGE_LOOP ( 'NONE', ( #138, #3638, #4108, #853 ) ) ;
#2277 = FACE_BOUND ( 'NONE', #1384, .T. ) ;
#2278 = CARTESIAN_POINT ( 'NONE',  ( -0.5014246030360069994, 0.09229657029451239503, 0.01000000000000000021 ) ) ;
#2279 = CARTESIAN_POINT ( 'NONE',  ( -0.4913902844900300271, 0.2193269787045148966, 0.01000000000000000021 ) ) ;
#2280 = PRESENTATION_LAYER_ASSIGNMENT (  '', '', ( #1336 ) ) ;
#2281 = ORIENTED_EDGE ( 'NONE', *, *, #3222, .F. ) ;
#2282 = VECTOR ( 'NONE', #2766, 1000.000000000000000 ) ;
#2283 =( NAMED_UNIT ( * ) PLANE_ANGLE_UNIT ( ) SI_UNIT ( $, .RADIAN. ) );
#2284 = DIRECTION ( 'NONE',  ( -1.445602896647339163E-16, 1.000000000000000000, -0.000000000000000000 ) ) ;
#2285 = APPLICATION_PROTOCOL_DEFINITION ( 'draft international standard', 'automotive_design', 1998, #303 ) ;
#2286 = ADVANCED_FACE ( 'NONE', ( #1373 ), #157, .T. ) ;
#2287 = ORIENTED_EDGE ( 'NONE', *, *, #381, .F. ) ;
#2288 = CARTESIAN_POINT ( 'NONE',  ( 0.1844350650861655838, 0.002252850797849723172, 0.01000000000000000021 ) ) ;
#2289 = EDGE_LOOP ( 'NONE', ( #1379, #2505, #1560, #3546 ) ) ;
#2290 = CARTESIAN_POINT ( 'NONE',  ( 0.1873867524427171860, 0.03707472399607270735, 5.082197683525802034E-18 ) ) ;
#2291 = VECTOR ( 'NONE', #3508, 1000.000000000000000 ) ;
#2292 = VERTEX_POINT ( 'NONE', #2756 ) ;
#2293 = CARTESIAN_POINT ( 'NONE',  ( 0.2777441726584845005, 0.1982635081968912583, 0.01000000000000000021 ) ) ;
#2294 = ORIENTED_EDGE ( 'NONE', *, *, #4119, .F. ) ;
#2295 = CARTESIAN_POINT ( 'NONE',  ( -0.5121574318824065886, 0.1497826224870420220, 0.01000000000000000021 ) ) ;
#2296 = ORIENTED_EDGE ( 'NONE', *, *, #1462, .F. ) ;
#2297 = DIRECTION ( 'NONE',  ( 1.000000000000000000, 0.000000000000000000, -0.000000000000000000 ) ) ;
#2298 = PLANE ( 'NONE',  #4021 ) ;
#2299 = MECHANICAL_DESIGN_GEOMETRIC_PRESENTATION_REPRESENTATION (  '', ( #1009 ), #3753 ) ;
#2300 = CARTESIAN_POINT ( 'NONE',  ( 0.1679337112419405087, -0.002703185478267240358, 0.01000000000000000021 ) ) ;
#2301 = CARTESIAN_POINT ( 'NONE',  ( 0.03118934797748403737, 0.2437254504761103557, 6.776263578034402713E-18 ) ) ;
#2302 = CARTESIAN_POINT ( 'NONE',  ( 0.4608754951347451834, 0.2999999999999999889, 0.01000000000000000021 ) ) ;
#2303 = DIRECTION ( 'NONE',  ( 0.000000000000000000, -1.000000000000000000, 0.000000000000000000 ) ) ;
#2304 = CARTESIAN_POINT ( 'NONE',  ( 0.1844350650861655838, 0.002252850797849723172, 0.01000000000000000021 ) ) ;
#2305 = ADVANCED_FACE ( 'NONE', ( #1103 ), #1113, .T. ) ;
#2306 = VERTEX_POINT ( 'NONE', #2456 ) ;
#2307 = EDGE_CURVE ( 'NONE', #4271, #4089, #3714, .T. ) ;
#2308 = CARTESIAN_POINT ( 'NONE',  ( -0.2929706587114087046, 0.000000000000000000, 0.000000000000000000 ) ) ;
#2309 = ORIENTED_EDGE ( 'NONE', *, *, #1711, .T. ) ;
#2310 =( NAMED_UNIT ( * ) PLANE_ANGLE_UNIT ( ) SI_UNIT ( $, .RADIAN. ) );
#2311 = CARTESIAN_POINT ( 'NONE',  ( 0.05024942429394531340, 0.04243061560294506679, 0.000000000000000000 ) ) ;
#2312 = AXIS2_PLACEMENT_3D ( 'NONE', #55, #1431, #91 ) ;
#2313 =( NAMED_UNIT ( * ) SI_UNIT ( $, .STERADIAN. ) SOLID_ANGLE_UNIT ( ) );
#2314 = ORIENTED_EDGE ( 'NONE', *, *, #111, .F. ) ;
#2315 = CARTESIAN_POINT ( 'NONE',  ( -0.5122014279421779337, 0.1462740384615384415, 6.776263578034402713E-18 ) ) ;
#2316 = CARTESIAN_POINT ( 'NONE',  ( 0.2278342041252995054, 0.02688087123830100109, 6.776263578034402713E-18 ) ) ;
#2317 = ORIENTED_EDGE ( 'NONE', *, *, #1169, .T. ) ;
#2318 = CARTESIAN_POINT ( 'NONE',  ( 0.05610966951252229634, 0.2608852350117489283, 6.776263578034402713E-18 ) ) ;
#2319 = CARTESIAN_POINT ( 'NONE',  ( -0.5359299866025577508, 0.1832751389435782197, 0.01000000000000000021 ) ) ;
#2320 = CARTESIAN_POINT ( 'NONE',  ( -0.09681681255756247051, 0.1461538461538461620, 0.000000000000000000 ) ) ;
#2321 = CARTESIAN_POINT ( 'NONE',  ( -0.6525860433267932637, 0.09615384615384615918, 0.01000000000000000021 ) ) ;
#2322 = CARTESIAN_POINT ( 'NONE',  ( 0.1254001720913394957, -0.007669851187525756307, -0.000000000000000000 ) ) ;
#2323 = PRESENTATION_STYLE_ASSIGNMENT (( #1177 ) ) ;
#2324 = VECTOR ( 'NONE', #2091, 1000.000000000000114 ) ;
#2325 =( NAMED_UNIT ( * ) SI_UNIT ( $, .STERADIAN. ) SOLID_ANGLE_UNIT ( ) );
#2326 = VECTOR ( 'NONE', #3436, 1000.000000000000000 ) ;
#2327 = VERTEX_POINT ( 'NONE', #2779 ) ;
#2328 = VECTOR ( 'NONE', #2722, 1000.000000000000000 ) ;
#2329 = ADVANCED_FACE ( 'NONE', ( #577 ), #814, .T. ) ;
#2330 = CARTESIAN_POINT ( 'NONE',  ( 0.2839524182116682227, 0.1517427884615384359, 0.000000000000000000 ) ) ;
#2331 = EDGE_CURVE ( 'NONE', #2965, #2167, #3930, .T. ) ;
#2332 = CARTESIAN_POINT ( 'NONE',  ( 0.06525981819641647752, 0.2653820623931156808, 6.776263578034402713E-18 ) ) ;
#2333 = CARTESIAN_POINT ( 'NONE',  ( 0.4339524182116682449, 0.03076923076923076747, 0.01000000000000000021 ) ) ;
#2334 = CARTESIAN_POINT ( 'NONE',  ( 0.02022127551290826483, 0.2329044671134591071, 0.000000000000000000 ) ) ;
#2335 = EDGE_CURVE ( 'NONE', #3437, #478, #4035, .T. ) ;
#2336 = CARTESIAN_POINT ( 'NONE',  ( 1.584350941515098699, 3.474214125298948019, 0.009999999999999989800 ) ) ;
#2337 = LINE ( 'NONE', #590, #3672 ) ;
#2338 = CLOSED_SHELL ( 'NONE', ( #2725, #1307, #4010, #2497, #945, #4127, #682, #3561, #1656, #3881, #2579, #3225, #1618, #292, #3306, #247, #1332, #2982, #1962, #2369, #925, #3837, #1289, #1941, #618, #3950, #2329, #2221, #3627, #272, #583, #10, #659, #2745, #3580, #2664, #1614, #2959, #1179, #1265, #3564, #2935, #3541, #991, #3240, #4234, #722, #2305, #919, #4212, #3603, #3161, #3263, #1241, #314, #1597, #965, #1221, #2175, #1633, #186, #2534, #1016, #1680, #1926, #336, #4257, #3219, #2261, #3286, #1352, #4276, #2896, #2616, #639, #2597, #3972, #2639, #3905, #3799, #3245, #2386, #2914, #2286, #69, #899, #2244, #3519, #602, #3928, #3648, #1982 ) ) ;
#2339 = AXIS2_PLACEMENT_3D ( 'NONE', #542, #799, #3119 ) ;
#2340 = CARTESIAN_POINT ( 'NONE',  ( 0.1412002670949567273, -0.006906117594939763932, -0.000000000000000000 ) ) ;
#2341 = DIRECTION ( 'NONE',  ( 0.9079593845004516606, -0.4190581774617469502, 0.000000000000000000 ) ) ;
#2342 = MECHANICAL_DESIGN_GEOMETRIC_PRESENTATION_REPRESENTATION (  '', ( #1243 ), #2946 ) ;
#2343 =( NAMED_UNIT ( * ) PLANE_ANGLE_UNIT ( ) SI_UNIT ( $, .RADIAN. ) );
#2344 = SURFACE_STYLE_USAGE ( .BOTH. , #1813 ) ;
#2345 = VERTEX_POINT ( 'NONE', #788 ) ;
#2346 = EDGE_LOOP ( 'NONE', ( #17, #1589, #1530, #611 ) ) ;
#2347 = CARTESIAN_POINT ( 'NONE',  ( -0.5071013253512199892, 0.1858566561063861589, 0.01000000000000000021 ) ) ;
#2348 = CARTESIAN_POINT ( 'NONE',  ( 0.2661982663813088901, 0.2261492817528862609, 0.000000000000000000 ) ) ;
#2349 = ORIENTED_EDGE ( 'NONE', *, *, #858, .F. ) ;
#2350 = EDGE_CURVE ( 'NONE', #4050, #2345, #1320, .T. ) ;
#2351 = CARTESIAN_POINT ( 'NONE',  ( 0.1364476488625027961, 0.02333995443463759284, 5.082197683525802034E-18 ) ) ;
#2352 = DIRECTION ( 'NONE',  ( 1.000000000000000000, 1.445602896647339163E-16, -0.000000000000000000 ) ) ;
#2353 = CARTESIAN_POINT ( 'NONE',  ( 1.500000000000001332, -1.539999999999999591, 0.009999999999999998473 ) ) ;
#2354 = CARTESIAN_POINT ( 'NONE',  ( 0.2402435756893009644, 0.03834984083158610169, 0.000000000000000000 ) ) ;
#2355 =( NAMED_UNIT ( * ) PLANE_ANGLE_UNIT ( ) SI_UNIT ( $, .RADIAN. ) );
#2356 = FILL_AREA_STYLE_COLOUR ( '', #248 ) ;
#2357 = EDGE_CURVE ( 'NONE', #3440, #478, #422, .T. ) ;
#2358 = SURFACE_STYLE_FILL_AREA ( #1753 ) ;
#2359 = PRESENTATION_LAYER_ASSIGNMENT (  '', '', ( #1325 ) ) ;
#2360 = EDGE_LOOP ( 'NONE', ( #3191, #2719, #3649, #917 ) ) ;
#2361 = FILL_AREA_STYLE_COLOUR ( '', #1180 ) ;
#2362 = CARTESIAN_POINT ( 'NONE',  ( 0.01520241821166827892, 0.07307692307692308098, 0.000000000000000000 ) ) ;
#2363 = ORIENTED_EDGE ( 'NONE', *, *, #893, .F. ) ;
#2364 = CARTESIAN_POINT ( 'NONE',  ( 0.2788507825145491448, 0.1073687265135241653, 0.000000000000000000 ) ) ;
#2365 = CARTESIAN_POINT ( 'NONE',  ( 0.2341473634407918725, 0.03242372562432704192, 0.000000000000000000 ) ) ;
#2366 = EDGE_CURVE ( 'NONE', #3423, #349, #2064, .T. ) ;
#2367 = CARTESIAN_POINT ( 'NONE',  ( -0.09681681255756247051, 0.1461538461538461620, 0.01000000000000000021 ) ) ;
#2368 = CARTESIAN_POINT ( 'NONE',  ( -0.3837052275857417705, 0.2994240853657677559, 6.776263578034402713E-18 ) ) ;
#2369 = ADVANCED_FACE ( 'NONE', ( #3621 ), #1682, .T. ) ;
#2370 = VECTOR ( 'NONE', #1228, 1000.000000000000000 ) ;
#2371 = CARTESIAN_POINT ( 'NONE',  ( -2.146530383509388518, 3.474214125298947131, 0.000000000000000000 ) ) ;
#2372 = FACE_OUTER_BOUND ( 'NONE', #353, .T. ) ;
#2373 = CARTESIAN_POINT ( 'NONE',  ( 0.1593594655253158798, 0.2727356086217052056, 0.01000000000000000021 ) ) ;
#2374 = CARTESIAN_POINT ( 'NONE',  ( 0.2440152344028799769, 0.04262311397521736933, -0.000000000000000000 ) ) ;
#2375 = ORIENTED_EDGE ( 'NONE', *, *, #666, .T. ) ;
#2376 = LINE ( 'NONE', #1575, #3617 ) ;
#2377 = DIRECTION ( 'NONE',  ( -0.000000000000000000, -0.000000000000000000, -1.000000000000000000 ) ) ;
#2378 = VERTEX_POINT ( 'NONE', #1814 ) ;
#2379 = FACE_OUTER_BOUND ( 'NONE', #3900, .T. ) ;
#2380 = CARTESIAN_POINT ( 'NONE',  ( 0.2726530107789131852, 0.2125095434472810130, 0.000000000000000000 ) ) ;
#2381 = CARTESIAN_POINT ( 'NONE',  ( -0.5389643551289232670, 0.1351986256704066636, 0.01000000000000000021 ) ) ;
#2382 = CARTESIAN_POINT ( 'NONE',  ( 0.1332103520238454575, 0.2768195222051002546, 6.776263578034402713E-18 ) ) ;
#2383 = VERTEX_POINT ( 'NONE', #4106 ) ;
#2384 = CARTESIAN_POINT ( 'NONE',  ( -0.6525860433267932637, 0.09615384615384615918, 0.01000000000000000021 ) ) ;
#2385 = PLANE ( 'NONE',  #2754 ) ;
#2386 = ADVANCED_FACE ( 'NONE', ( #2225 ), #3894, .T. ) ;
#2387 = ORIENTED_EDGE ( 'NONE', *, *, #3750, .T. ) ;
#2388 = VECTOR ( 'NONE', #1765, 1000.000000000000000 ) ;
#2389 =( GEOMETRIC_REPRESENTATION_CONTEXT ( 3 ) GLOBAL_UNCERTAINTY_ASSIGNED_CONTEXT ( ( #3062 ) ) GLOBAL_UNIT_ASSIGNED_CONTEXT ( ( #1422, #3349, #71 ) ) REPRESENTATION_CONTEXT ( 'NONE', 'WORKASPACE' ) );
#2390 = CARTESIAN_POINT ( 'NONE',  ( -0.4254213614871165672, 0.03489406044990245315, 6.776263578034402713E-18 ) ) ;
#2391 = DIRECTION ( 'NONE',  ( 0.000000000000000000, 0.000000000000000000, -1.000000000000000000 ) ) ;
#2392 = ORIENTED_EDGE ( 'NONE', *, *, #2033, .T. ) ;
#2393 = AXIS2_PLACEMENT_3D ( 'NONE', #1143, #141, #3772 ) ;
#2394 = CARTESIAN_POINT ( 'NONE',  ( 1.500000000000000444, 1.539999999999999813, 0.009999999999999998473 ) ) ;
#2395 = ORIENTED_EDGE ( 'NONE', *, *, #1044, .F. ) ;
#2396 = ORIENTED_EDGE ( 'NONE', *, *, #2576, .F. ) ;
#2397 = CARTESIAN_POINT ( 'NONE',  ( -0.4588370736392471949, 0.2498280055794029897, 0.01000000000000000021 ) ) ;
#2398 = CARTESIAN_POINT ( 'NONE',  ( -0.002676841083462754185, 0.04790162325340480143, 0.01000000000000000021 ) ) ;
#2399 = UNCERTAINTY_MEASURE_WITH_UNIT (LENGTH_MEASURE( 1.000000000000000082E-05 ), #1965, 'distance_accuracy_value', 'NONE');
#2400 = CARTESIAN_POINT ( 'NONE',  ( -0.002676841083462754185, 0.04790162325340480143, 0.000000000000000000 ) ) ;
#2401 = CARTESIAN_POINT ( 'NONE',  ( -0.4628227026022970203, 0.01224608900503937683, 0.000000000000000000 ) ) ;
#2402 = CARTESIAN_POINT ( 'NONE',  ( -0.5048404486009859804, 0.1003028683133619370, 0.000000000000000000 ) ) ;
#2403 = CARTESIAN_POINT ( 'NONE',  ( 0.02559206430067122173, 0.2384912852113059423, 0.000000000000000000 ) ) ;
#2404 = VERTEX_POINT ( 'NONE', #529 ) ;
#2405 = PLANE ( 'NONE',  #1574 ) ;
#2406 = CARTESIAN_POINT ( 'NONE',  ( -0.4313500654417707914, 0.2940915056559035290, 6.776263578034402713E-18 ) ) ;
#2407 = VECTOR ( 'NONE', #3610, 1000.000000000000000 ) ;
#2408 = EDGE_LOOP ( 'NONE', ( #1716, #1957, #4258, #2950, #3573, #829, #290, #1729, #187, #1852, #3965, #1548 ) ) ;
#2409 = AXIS2_PLACEMENT_3D ( 'NONE', #4061, #3733, #4074 ) ;
#2410 = CARTESIAN_POINT ( 'NONE',  ( 0.01672810386416273901, 0.02853847755763280411, 0.01000000000000000021 ) ) ;
#2411 = CARTESIAN_POINT ( 'NONE',  ( -0.4560257363666805341, 0.04474803596587993010, 0.000000000000000000 ) ) ;
#2412 = CARTESIAN_POINT ( 'NONE',  ( 0.03927602984470044550, 0.01296014774366909157, 0.01000000000000000021 ) ) ;
#2413 = EDGE_CURVE ( 'NONE', #1200, #4009, #779, .T. ) ;
#2414 =( NAMED_UNIT ( * ) PLANE_ANGLE_UNIT ( ) SI_UNIT ( $, .RADIAN. ) );
#2415 = CARTESIAN_POINT ( 'NONE',  ( 0.1508127684208618036, 0.2746320648980008494, 0.01000000000000000021 ) ) ;
#2416 = ORIENTED_EDGE ( 'NONE', *, *, #2126, .F. ) ;
#2417 = DIRECTION ( 'NONE',  ( 2.168404344971008868E-16, -1.000000000000000000, 0.000000000000000000 ) ) ;
#2418 = STYLED_ITEM ( 'NONE', ( #1968 ), #2579 ) ;
#2419 = ORIENTED_EDGE ( 'NONE', *, *, #3165, .T. ) ;
#2420 = PLANE ( 'NONE',  #1412 ) ;
#2421 = LINE ( 'NONE', #3237, #715 ) ;
#2422 = CARTESIAN_POINT ( 'NONE',  ( -0.7215163317883317440, 0.2415264423076922962, 0.01000000000000000021 ) ) ;
#2423 = CARTESIAN_POINT ( 'NONE',  ( -0.4404745348332977928, 0.2919153767657858833, 0.01000000000000000021 ) ) ;
#2424 = CARTESIAN_POINT ( 'NONE',  ( -0.4164467543543213246, 0.03368335450011646776, 0.01000000000000000021 ) ) ;
#2425 = LINE ( 'NONE', #2634, #3503 ) ;
#2426 = VECTOR ( 'NONE', #3747, 1000.000000000000227 ) ;
#2427 = LINE ( 'NONE', #3424, #1568 ) ;
#2428 = DIRECTION ( 'NONE',  ( -1.000000000000000000, 0.000000000000000000, 0.000000000000000000 ) ) ;
#2429 = CARTESIAN_POINT ( 'NONE',  ( 0.003448131801083699054, 0.04102119099134274999, 6.776263578034402713E-18 ) ) ;
#2430 = LINE ( 'NONE', #1209, #1819 ) ;
#2431 = ORIENTED_EDGE ( 'NONE', *, *, #1044, .T. ) ;
#2432 = CARTESIAN_POINT ( 'NONE',  ( 0.1020768162575665938, -0.006742611482320524582, 0.000000000000000000 ) ) ;
#2433 = CARTESIAN_POINT ( 'NONE',  ( 0.1918026825495636190, 0.2600103686658725710, 0.01000000000000000021 ) ) ;
#2434 = CARTESIAN_POINT ( 'NONE',  ( 0.009508534441567212392, 0.2654390371887396238, 0.000000000000000000 ) ) ;
#2435 = CYLINDRICAL_SURFACE ( 'NONE', #2625, 0.1000000000000000472 ) ;
#2436 = FILL_AREA_STYLE ('',( #3033 ) ) ;
#2437 = EDGE_CURVE ( 'NONE', #1741, #725, #2125, .T. ) ;
#2438 = CARTESIAN_POINT ( 'NONE',  ( -0.4487398894806394201, 0.2891826923076923350, 6.776263578034402713E-18 ) ) ;
#2439 = CARTESIAN_POINT ( 'NONE',  ( -0.3592769778517615475, 0.03079049617272227451, 0.01000000000000000021 ) ) ;
#2440 = FACE_OUTER_BOUND ( 'NONE', #2770, .T. ) ;
#2441 =( GEOMETRIC_REPRESENTATION_CONTEXT ( 3 ) GLOBAL_UNCERTAINTY_ASSIGNED_CONTEXT ( ( #2399 ) ) GLOBAL_UNIT_ASSIGNED_CONTEXT ( ( #1965, #3921, #4274 ) ) REPRESENTATION_CONTEXT ( 'NONE', 'WORKASPACE' ) );
#2442 = EDGE_LOOP ( 'NONE', ( #593, #2561, #694, #4140 ) ) ;
#2443 = COLOUR_RGB ( '',0.6470588235294117974, 0.6196078431372549211, 0.5882352941176470784 ) ;
#2444 = CARTESIAN_POINT ( 'NONE',  ( 0.1187663559442608957, -0.007653739789768460380, 0.01000000000000000021 ) ) ;
#2445 = CARTESIAN_POINT ( 'NONE',  ( 0.09235934704957793340, -0.005523782209912989419, 0.01000000000000000021 ) ) ;
#2446 = EDGE_LOOP ( 'NONE', ( #1857, #115, #1583, #3964 ) ) ;
#2447 = CARTESIAN_POINT ( 'NONE',  ( -0.2391245048652548000, 0.2999999999999999889, 0.000000000000000000 ) ) ;
#2448 = DIRECTION ( 'NONE',  ( -0.000000000000000000, -0.000000000000000000, -1.000000000000000000 ) ) ;
#2449 = ORIENTED_EDGE ( 'NONE', *, *, #2112, .F. ) ;
#2450 = EDGE_CURVE ( 'NONE', #849, #1079, #3871, .T. ) ;
#2451 = EDGE_LOOP ( 'NONE', ( #2396, #421, #1433, #3616 ) ) ;
#2452 = CARTESIAN_POINT ( 'NONE',  ( -1.747188556591410036, 1.539999999999999591, 0.5900000000000000799 ) ) ;
#2453 = CARTESIAN_POINT ( 'NONE',  ( 0.08277806921251289196, 0.3036318248060793090, 0.000000000000000000 ) ) ;
#2454 = CARTESIAN_POINT ( 'NONE',  ( -0.3198937356344855321, 0.2692307692307692180, 0.01000000000000000021 ) ) ;
#2455 = CARTESIAN_POINT ( 'NONE',  ( 0.1420945068953160251, 0.2759101686161062328, 0.01000000000000000021 ) ) ;
#2456 = CARTESIAN_POINT ( 'NONE',  ( -0.7237398894806394978, 0.2999999999999999889, 0.01000000000000000021 ) ) ;
#2457 = AXIS2_PLACEMENT_3D ( 'NONE', #2240, #2284, #4201 ) ;
#2458 = PRESENTATION_STYLE_ASSIGNMENT (( #2794 ) ) ;
#2459 = FILL_AREA_STYLE_COLOUR ( '', #3235 ) ;
#2460 = COLOUR_RGB ( '',0.6470588235294117974, 0.6196078431372549211, 0.5882352941176470784 ) ;
#2461 = CARTESIAN_POINT ( 'NONE',  ( -0.5285315124017853083, 0.08468542887962622612, 0.01000000000000000021 ) ) ;
#2462 = EDGE_CURVE ( 'NONE', #3946, #181, #3465, .T. ) ;
#2463 = CARTESIAN_POINT ( 'NONE',  ( -0.2391245048652548000, 0.2692307692307692180, 0.000000000000000000 ) ) ;
#2464 = ORIENTED_EDGE ( 'NONE', *, *, #933, .F. ) ;
#2465 = CARTESIAN_POINT ( 'NONE',  ( 0.1272239812320551389, 0.2768884515650906208, -0.000000000000000000 ) ) ;
#2466 = DIRECTION ( 'NONE',  ( -0.000000000000000000, -0.000000000000000000, -1.000000000000000000 ) ) ;
#2467 = CARTESIAN_POINT ( 'NONE',  ( 0.01883089460400073911, 0.06909370175367775258, 6.776263578034402713E-18 ) ) ;
#2468 = SURFACE_SIDE_STYLE ('',( #2846 ) ) ;
#2469 = ORIENTED_EDGE ( 'NONE', *, *, #2648, .F. ) ;
#2470 = FILL_AREA_STYLE ('',( #3134 ) ) ;
#2471 = B_SPLINE_CURVE_WITH_KNOTS ( 'NONE', 3,
 ( #4223, #2230, #3231, #251, #1572, #2572, #2898, #913, #3883, #207, #3509 ),
 .UNSPECIFIED., .F., .F.,
 ( 4, 1, 1, 1, 1, 1, 1, 1, 4 ),
 ( 0.000000000000000000, 0.1243285095938497231, 0.2471560163611866145, 0.3687797492913393871, 0.4907338624016479578, 0.6136137718478437142, 0.7389575757222154317, 0.8673105751912625339, 0.9999999999999998890 ),
 .UNSPECIFIED. ) ;
#2472 = PRODUCT_DEFINITION_SHAPE ( 'NONE', 'NONE',  #2046 ) ;
#2473 = VECTOR ( 'NONE', #1624, 1000.000000000000000 ) ;
#2474 = CARTESIAN_POINT ( 'NONE',  ( -0.3535475817883317884, 0.2999999999999999889, 6.776263578034402713E-18 ) ) ;
#2475 = CARTESIAN_POINT ( 'NONE',  ( -1.500000000000000444, -1.545000000000000595, 0.005000000000000013982 ) ) ;
#2476 = EDGE_CURVE ( 'NONE', #789, #3069, #472, .T. ) ;
#2477 = CARTESIAN_POINT ( 'NONE',  ( -0.4590741121884633902, 0.2852447894741382828, 0.01000000000000000021 ) ) ;
#2478 = CARTESIAN_POINT ( 'NONE',  ( -0.5202441945674878276, 0.06687731871610497203, 5.082197683525802034E-18 ) ) ;
#2479 = DIRECTION ( 'NONE',  ( 0.7941277684358851729, -0.6077508431907281405, 0.000000000000000000 ) ) ;
#2480 = LINE ( 'NONE', #1281, #1561 ) ;
#2481 = CARTESIAN_POINT ( 'NONE',  ( 0.2064456190157898385, 0.2507583003837437485, 0.000000000000000000 ) ) ;
#2482 =( GEOMETRIC_REPRESENTATION_CONTEXT ( 3 ) GLOBAL_UNCERTAINTY_ASSIGNED_CONTEXT ( ( #1006 ) ) GLOBAL_UNIT_ASSIGNED_CONTEXT ( ( #3338, #3294, #1338 ) ) REPRESENTATION_CONTEXT ( 'NONE', 'WORKASPACE' ) );
#2483 = LINE ( 'NONE', #375, #4123 ) ;
#2484 = DIRECTION ( 'NONE',  ( 2.168404344971008868E-16, -1.000000000000000000, 0.000000000000000000 ) ) ;
#2485 = CARTESIAN_POINT ( 'NONE',  ( -0.4313500654417707914, 0.2940915056559035290, 0.000000000000000000 ) ) ;
#2486 = CARTESIAN_POINT ( 'NONE',  ( 0.1918026825495636190, 0.2600103686658725710, 0.01000000000000000021 ) ) ;
#2487 = CARTESIAN_POINT ( 'NONE',  ( 0.2835568519439041202, 0.1677556208704023277, 0.01000000000000000021 ) ) ;
#2488 = FACE_OUTER_BOUND ( 'NONE', #1388, .T. ) ;
#2489 = ORIENTED_EDGE ( 'NONE', *, *, #3624, .F. ) ;
#2490 = UNCERTAINTY_MEASURE_WITH_UNIT (LENGTH_MEASURE( 1.000000000000000082E-05 ), #606, 'distance_accuracy_value', 'NONE');
#2491 = EDGE_CURVE ( 'NONE', #415, #784, #826, .T. ) ;
#2492 = VERTEX_POINT ( 'NONE', #2823 ) ;
#2493 = EDGE_LOOP ( 'NONE', ( #4026, #4171, #2833, #3653, #2653, #3606 ) ) ;
#2494 = CARTESIAN_POINT ( 'NONE',  ( 0.2570293412885913398, 0.1496995192307692124, 0.01000000000000000021 ) ) ;
#2495 = CARTESIAN_POINT ( 'NONE',  ( 0.1756116127124369153, 0.03191678572324568169, 0.000000000000000000 ) ) ;
#2496 = CARTESIAN_POINT ( 'NONE',  ( 0.1223538605193605355, 0.02307692307692307473, 0.01000000000000000021 ) ) ;
#2497 = ADVANCED_FACE ( 'NONE', ( #3362 ), #2200, .F. ) ;
#2498 = CARTESIAN_POINT ( 'NONE',  ( -0.5247056127295570693, 0.07557024522254575383, 5.082197683525802034E-18 ) ) ;
#2499 = ORIENTED_EDGE ( 'NONE', *, *, #1973, .T. ) ;
#2500 = CARTESIAN_POINT ( 'NONE',  ( 0.1225341489808990103, 0.3076923076923076539, 1.694065894508600678E-18 ) ) ;
#2501 = SURFACE_SIDE_STYLE ('',( #1287 ) ) ;
#2502 =( NAMED_UNIT ( * ) PLANE_ANGLE_UNIT ( ) SI_UNIT ( $, .RADIAN. ) );
#2503 = DIRECTION ( 'NONE',  ( -1.000000000000000000, 0.000000000000000000, 0.000000000000000000 ) ) ;
#2504 = CARTESIAN_POINT ( 'NONE',  ( 0.1068080835553458230, 0.02350658327324756103, 0.01000000000000000021 ) ) ;
#2505 = ORIENTED_EDGE ( 'NONE', *, *, #1711, .F. ) ;
#2506 = AXIS2_PLACEMENT_3D ( 'NONE', #3718, #752, #453 ) ;
#2507 = CARTESIAN_POINT ( 'NONE',  ( 0.01520241821166827892, 0.07307692307692308098, 0.000000000000000000 ) ) ;
#2508 = CARTESIAN_POINT ( 'NONE',  ( 0.2476429210934351088, 0.09998780225323310178, 0.000000000000000000 ) ) ;
#2509 = EDGE_LOOP ( 'NONE', ( #1789, #3175, #485, #1827 ) ) ;
#2510 = EDGE_LOOP ( 'NONE', ( #1890, #82, #3591, #988 ) ) ;
#2511 = STYLED_ITEM ( 'NONE', ( #4183 ), #2982 ) ;
#2512 = CARTESIAN_POINT ( 'NONE',  ( -0.5247056127295570693, 0.07557024522254575383, 0.01000000000000000021 ) ) ;
#2513 = LINE ( 'NONE', #2144, #2081 ) ;
#2514 = B_SPLINE_SURFACE_WITH_KNOTS ( 'NONE', 3, 1, ( 
 ( #2630, #3017 ),
 ( #975, #3287 ),
 ( #1326, #4279 ),
 ( #1343, #3613 ),
 ( #1660, #2301 ),
 ( #3959, #673 ),
 ( #324, #1010 ),
 ( #5, #1986 ),
 ( #2645, #2318 ),
 ( #21, #2332 ),
 ( #1357, #3643 ),
 ( #1686, #3974 ),
 ( #356, #33 ),
 ( #2675, #686 ),
 ( #2999, #3331 ) ),
 .UNSPECIFIED., .F., .F., .F.,
 ( 4, 1, 1, 1, 1, 1, 1, 1, 1, 1, 1, 1, 4 ),
 ( 2, 2 ),
 ( 0.000000000000000000, 0.06316325936347030878, 0.1254749410306407742, 0.1871212198160328022, 0.2482943461142989305, 0.3092948562551207647, 0.3698500660670929197, 0.4309733755473815209, 0.4924559896728168407, 0.6161479662918551981, 0.7408436984673626435, 0.8681826486700430223, 1.000000000000000000 ),
 ( 0.000000000000000000, 1.000000000000000000 ),
 .UNSPECIFIED. ) ;
#2515 = CARTESIAN_POINT ( 'NONE',  ( -0.008355274096024017938, 0.2449519230769230393, 0.01000000000000000021 ) ) ;
#2516 = UNCERTAINTY_MEASURE_WITH_UNIT (LENGTH_MEASURE( 1.000000000000000082E-05 ), #2978, 'distance_accuracy_value', 'NONE');
#2517 = CARTESIAN_POINT ( 'NONE',  ( -0.3859394087114086380, 0.000000000000000000, 0.01000000000000000021 ) ) ;
#2518 = CARTESIAN_POINT ( 'NONE',  ( 0.1393209603480366487, 0.3072818608994830614, 0.01000000000000000021 ) ) ;
#2519 = ORIENTED_EDGE ( 'NONE', *, *, #3468, .T. ) ;
#2520 = VECTOR ( 'NONE', #267, 1000.000000000000000 ) ;
#2521 = CARTESIAN_POINT ( 'NONE',  ( 0.2091180838179756696, 0.05070890662273244004, 0.01000000000000000021 ) ) ;
#2522 = CARTESIAN_POINT ( 'NONE',  ( -0.06989373563448562920, 0.2999999999999999889, 0.01000000000000000021 ) ) ;
#2523 = EDGE_LOOP ( 'NONE', ( #3328, #1757, #4082, #2574 ) ) ;
#2524 = CARTESIAN_POINT ( 'NONE',  ( -0.5390705933670448813, 0.1425058361516889915, 0.01000000000000000021 ) ) ;
#2525 = DIRECTION ( 'NONE',  ( 2.168404344971008868E-16, -1.000000000000000000, 0.000000000000000000 ) ) ;
#2526 = CARTESIAN_POINT ( 'NONE',  ( -3.150000000000000355, 1.539999999999999369, -0.4000000000000001332 ) ) ;
#2527 = PLANE ( 'NONE',  #2339 ) ;
#2528 = CARTESIAN_POINT ( 'NONE',  ( 0.2262803813203690118, 0.2733703196177220129, 0.01000000000000000021 ) ) ;
#2529 = CARTESIAN_POINT ( 'NONE',  ( -0.5111112084366418173, 0.1268223909131852567, 0.01000000000000000021 ) ) ;
#2530 = ORIENTED_EDGE ( 'NONE', *, *, #3396, .F. ) ;
#2531 = VECTOR ( 'NONE', #1291, 1000.000000000000114 ) ;
#2532 = FACE_OUTER_BOUND ( 'NONE', #2726, .T. ) ;
#2533 = CARTESIAN_POINT ( 'NONE',  ( 0.2548189783698076027, 0.1238078464896212594, 0.01000000000000000021 ) ) ;
#2534 = ADVANCED_FACE ( 'NONE', ( #373 ), #2887, .T. ) ;
#2535 = VECTOR ( 'NONE', #3670, 1000.000000000000000 ) ;
#2536 = EDGE_CURVE ( 'NONE', #3689, #2990, #2376, .T. ) ;
#2537 = VECTOR ( 'NONE', #2763, 1000.000000000000000 ) ;
#2538 = CARTESIAN_POINT ( 'NONE',  ( -0.5344772265215361751, 0.1038991827851072913, 0.01000000000000000021 ) ) ;
#2539 = B_SPLINE_CURVE_WITH_KNOTS ( 'NONE', 3,
 ( #1441, #4063, #2063, #1784, #2079, #2453, #1744, #756, #3382, #100, #3087, #1120, #116, #4034, #2434, #4090, #2793, #457, #2777 ),
 .UNSPECIFIED., .F., .F.,
 ( 4, 1, 1, 1, 1, 1, 1, 1, 1, 1, 1, 1, 1, 1, 1, 1, 4 ),
 ( 0.000000000000000000, 0.06854753670890291473, 0.1356829456230483621, 0.2012149895263285748, 0.2656822347546962670, 0.3292668348172589909, 0.3923954278443287369, 0.4550697616521436339, 0.5171268500645063160, 0.5787900352866524045, 0.6397398633435414927, 0.7001915036663084457, 0.7598062425966705113, 0.8196283192750080104, 0.8793547910462767847, 0.9395116077646613606, 1.000000000000000000 ),
 .UNSPECIFIED. ) ;
#2540 = UNCERTAINTY_MEASURE_WITH_UNIT (LENGTH_MEASURE( 1.000000000000000082E-05 ), #301, 'distance_accuracy_value', 'NONE');
#2541 = FACE_OUTER_BOUND ( 'NONE', #3854, .T. ) ;
#2542 = EDGE_LOOP ( 'NONE', ( #3417, #1738, #530, #35 ) ) ;
#2543 =( NAMED_UNIT ( * ) SI_UNIT ( $, .STERADIAN. ) SOLID_ANGLE_UNIT ( ) );
#2544 = FILL_AREA_STYLE ('',( #3538 ) ) ;
#2545 = DIRECTION ( 'NONE',  ( 0.000000000000000000, -1.000000000000000000, 0.000000000000000000 ) ) ;
#2546 = CARTESIAN_POINT ( 'NONE',  ( 0.2777441726584845005, 0.1982635081968912583, 0.01000000000000000021 ) ) ;
#2547 =( NAMED_UNIT ( * ) PLANE_ANGLE_UNIT ( ) SI_UNIT ( $, .RADIAN. ) );
#2548 = VECTOR ( 'NONE', #867, 1000.000000000000000 ) ;
#2549 = CARTESIAN_POINT ( 'NONE',  ( -0.5075214708252290263, 0.1087636533408199574, 0.01000000000000000021 ) ) ;
#2550 = CARTESIAN_POINT ( 'NONE',  ( -0.4211364704605603526, 0.2959343974568476310, 0.01000000000000000021 ) ) ;
#2551 = LINE ( 'NONE', #1592, #104 ) ;
#2552 = FILL_AREA_STYLE_COLOUR ( '', #514 ) ;
#2553 = CARTESIAN_POINT ( 'NONE',  ( -3.150000000000000799, 3.474214125298947131, 0.1999999999999997613 ) ) ;
#2554 = VERTEX_POINT ( 'NONE', #2901 ) ;
#2555 = CARTESIAN_POINT ( 'NONE',  ( 0.05551907973142115871, 0.2951131832830706792, 3.388131789017201356E-18 ) ) ;
#2556 = ORIENTED_EDGE ( 'NONE', *, *, #490, .F. ) ;
#2557 =( NAMED_UNIT ( * ) PLANE_ANGLE_UNIT ( ) SI_UNIT ( $, .RADIAN. ) );
#2558 = CARTESIAN_POINT ( 'NONE',  ( -0.7237398894806394978, 0.2999999999999999889, 0.01000000000000000021 ) ) ;
#2559 = DIRECTION ( 'NONE',  ( -2.168404344971008868E-16, 1.000000000000000000, -0.000000000000000000 ) ) ;
#2560 = FILL_AREA_STYLE_COLOUR ( '', #208 ) ;
#2561 = ORIENTED_EDGE ( 'NONE', *, *, #3845, .T. ) ;
#2562 = ORIENTED_EDGE ( 'NONE', *, *, #2786, .F. ) ;
#2563 = DIRECTION ( 'NONE',  ( 0.000000000000000000, 0.000000000000000000, -1.000000000000000000 ) ) ;
#2564 = CARTESIAN_POINT ( 'NONE',  ( -0.4428244743619709212, 0.03936586158564101684, 0.01000000000000000021 ) ) ;
#2565 = EDGE_CURVE ( 'NONE', #550, #4194, #1317, .T. ) ;
#2566 = CARTESIAN_POINT ( 'NONE',  ( -0.4306591730883424507, 0.2615130015098490746, 6.776263578034402713E-18 ) ) ;
#2567 = CARTESIAN_POINT ( 'NONE',  ( -2.293928171141428773, 1.539999999999999369, 0.1999999999999996503 ) ) ;
#2568 = AXIS2_PLACEMENT_3D ( 'NONE', #3275, #3614, #645 ) ;
#2569 = CARTESIAN_POINT ( 'NONE',  ( -0.5100902121498139818, 0.05087798439135420014, 0.01000000000000000021 ) ) ;
#2570 = CARTESIAN_POINT ( 'NONE',  ( 0.01520241821166827892, 0.2269230769230768940, 0.000000000000000000 ) ) ;
#2571 =( LENGTH_UNIT ( ) NAMED_UNIT ( * ) SI_UNIT ( .MILLI., .METRE. ) );
#2572 = CARTESIAN_POINT ( 'NONE',  ( 0.2746711196727237292, 0.09365209332148413668, 0.01000000000000000021 ) ) ;
#2573 = CARTESIAN_POINT ( 'NONE',  ( -0.2391245048652548000, 0.000000000000000000, 0.000000000000000000 ) ) ;
#2574 = ORIENTED_EDGE ( 'NONE', *, *, #2818, .F. ) ;
#2575 = FILL_AREA_STYLE ('',( #253 ) ) ;
#2576 = EDGE_CURVE ( 'NONE', #4194, #3461, #419, .T. ) ;
#2577 = DIRECTION ( 'NONE',  ( 1.000000000000000000, 0.000000000000000000, 0.000000000000000000 ) ) ;
#2578 = CARTESIAN_POINT ( 'NONE',  ( -0.4879971309131752033, 0.07059055964805269201, 0.01000000000000000021 ) ) ;
#2579 = ADVANCED_FACE ( 'NONE', ( #2647 ), #1298, .T. ) ;
#2580 = ORIENTED_EDGE ( 'NONE', *, *, #1282, .T. ) ;
#2581 = CARTESIAN_POINT ( 'NONE',  ( 0.2355229261123981399, 0.2211972708066480831, 0.01000000000000000021 ) ) ;
#2582 = CARTESIAN_POINT ( 'NONE',  ( -0.3409874856344856653, 0.2692307692307692735, 6.776263578034402713E-18 ) ) ;
#2583 = DIRECTION ( 'NONE',  ( -0.000000000000000000, -0.000000000000000000, -1.000000000000000000 ) ) ;
#2584 = CARTESIAN_POINT ( 'NONE',  ( 0.1190871942426355162, 0.3076509815616618737, 0.01000000000000000021 ) ) ;
#2585 = ORIENTED_EDGE ( 'NONE', *, *, #220, .T. ) ;
#2586 = EDGE_CURVE ( 'NONE', #1479, #2965, #937, .T. ) ;
#2587 = DIRECTION ( 'NONE',  ( 2.168404344971008868E-16, -1.000000000000000000, 0.000000000000000000 ) ) ;
#2588 = CARTESIAN_POINT ( 'NONE',  ( -0.5775860433267933081, 0.000000000000000000, 0.000000000000000000 ) ) ;
#2589 = DIRECTION ( 'NONE',  ( -0.6110827052537922688, -8.833829288059742757E-17, -0.7915667548221735350 ) ) ;
#2590 = VECTOR ( 'NONE', #1012, 1000.000000000000000 ) ;
#2591 = FILL_AREA_STYLE ('',( #1337 ) ) ;
#2592 = DIRECTION ( 'NONE',  ( -0.000000000000000000, -0.000000000000000000, -1.000000000000000000 ) ) ;
#2593 = ORIENTED_EDGE ( 'NONE', *, *, #2025, .T. ) ;
#2594 = EDGE_CURVE ( 'NONE', #2118, #122, #1727, .T. ) ;
#2595 = ORIENTED_EDGE ( 'NONE', *, *, #933, .T. ) ;
#2596 = CARTESIAN_POINT ( 'NONE',  ( -0.5202441945674878276, 0.06687731871610497203, 0.01000000000000000021 ) ) ;
#2597 = ADVANCED_FACE ( 'NONE', ( #3360 ), #3970, .T. ) ;
#2598 = CARTESIAN_POINT ( 'NONE',  ( 1.499999999999999556, 1.550000000000000044, 0.5999999999999999778 ) ) ;
#2599 = CARTESIAN_POINT ( 'NONE',  ( 0.1412002670949567273, -0.006906117594939763932, 0.01000000000000000021 ) ) ;
#2600 = PLANE ( 'NONE',  #1215 ) ;
#2601 = VECTOR ( 'NONE', #1156, 1000.000000000000000 ) ;
#2602 = CARTESIAN_POINT ( 'NONE',  ( 0.2567088355767033758, 0.1365596131074418851, 5.082197683525802034E-18 ) ) ;
#2603 = CARTESIAN_POINT ( 'NONE',  ( 0.09229776282671561805, 0.2740091526484658702, 0.01000000000000000021 ) ) ;
#2604 = DIRECTION ( 'NONE',  ( 0.000000000000000000, -0.000000000000000000, 1.000000000000000000 ) ) ;
#2605 = ORIENTED_EDGE ( 'NONE', *, *, #4205, .F. ) ;
#2606 = CARTESIAN_POINT ( 'NONE',  ( -0.5093970698688266019, 0.1765156679297915643, 0.01000000000000000021 ) ) ;
#2607 = CARTESIAN_POINT ( 'NONE',  ( -0.4331749856344855321, 0.2608173076923076539, 6.776263578034402713E-18 ) ) ;
#2608 = CARTESIAN_POINT ( 'NONE',  ( 0.1221735720578221163, -0.007692307692307691867, 0.000000000000000000 ) ) ;
#2609 = AXIS2_PLACEMENT_3D ( 'NONE', #1065, #376, #4033 ) ;
#2610 = CARTESIAN_POINT ( 'NONE',  ( 0.03874792616141315565, 0.2869338797963786325, 0.01000000000000000021 ) ) ;
#2611 = ORIENTED_EDGE ( 'NONE', *, *, #1169, .F. ) ;
#2612 = DIRECTION ( 'NONE',  ( -0.000000000000000000, 0.000000000000000000, -1.000000000000000000 ) ) ;
#2613 = DIRECTION ( 'NONE',  ( -1.000000000000000000, 0.000000000000000000, 0.000000000000000000 ) ) ;
#2614 = LINE ( 'NONE', #3158, #599 ) ;
#2615 = DIRECTION ( 'NONE',  ( 0.000000000000000000, -0.000000000000000000, 1.000000000000000000 ) ) ;
#2616 = ADVANCED_FACE ( 'NONE', ( #1 ), #2514, .T. ) ;
#2617 = FACE_OUTER_BOUND ( 'NONE', #1557, .T. ) ;
#2618 = CARTESIAN_POINT ( 'NONE',  ( -0.4859546622019734752, 0.2266206737727478326, 0.01000000000000000021 ) ) ;
#2619 = DIRECTION ( 'NONE',  ( -1.000000000000000000, 0.000000000000000000, 0.000000000000000000 ) ) ;
#2620 = DIRECTION ( 'NONE',  ( 1.000000000000000000, 2.168404344971008868E-16, -0.000000000000000000 ) ) ;
#2621 = EDGE_LOOP ( 'NONE', ( #3852, #2585, #2294, #2737 ) ) ;
#2622 = STYLED_ITEM ( 'NONE', ( #2139 ), #3881 ) ;
#2623 = UNCERTAINTY_MEASURE_WITH_UNIT (LENGTH_MEASURE( 1.000000000000000082E-05 ), #2951, 'distance_accuracy_value', 'NONE');
#2624 = CYLINDRICAL_SURFACE ( 'NONE', #2164, 0.1000000000000000472 ) ;
#2625 = AXIS2_PLACEMENT_3D ( 'NONE', #3428, #1460, #3093 ) ;
#2626 = ORIENTED_EDGE ( 'NONE', *, *, #282, .T. ) ;
#2627 = DIRECTION ( 'NONE',  ( 0.000000000000000000, 0.000000000000000000, 1.000000000000000000 ) ) ;
#2628 = CARTESIAN_POINT ( 'NONE',  ( 0.07342470210940676978, 0.3013854829658297874, 0.01000000000000000021 ) ) ;
#2629 = ORIENTED_EDGE ( 'NONE', *, *, #1123, .T. ) ;
#2630 = CARTESIAN_POINT ( 'NONE',  ( 0.01520241821166827892, 0.2269230769230768940, 0.01000000000000000021 ) ) ;
#2631 = PLANE ( 'NONE',  #2568 ) ;
#2632 = DIRECTION ( 'NONE',  ( -0.000000000000000000, -0.000000000000000000, -1.000000000000000000 ) ) ;
#2633 = EDGE_LOOP ( 'NONE', ( #3528, #1354, #1775, #205 ) ) ;
#2634 = CARTESIAN_POINT ( 'NONE',  ( 0.4339524182116682449, 0.2999999999999999889, 0.01000000000000000021 ) ) ;
#2635 = SURFACE_SIDE_STYLE ('',( #1910 ) ) ;
#2636 = VECTOR ( 'NONE', #3475, 1000.000000000000000 ) ;
#2637 =( NAMED_UNIT ( * ) PLANE_ANGLE_UNIT ( ) SI_UNIT ( $, .RADIAN. ) );
#2638 = COLOUR_RGB ( '',0.6470588235294117974, 0.6196078431372549211, 0.5882352941176470784 ) ;
#2639 = ADVANCED_FACE ( 'NONE', ( #3407 ), #1705, .T. ) ;
#2640 = VECTOR ( 'NONE', #1413, 1000.000000000000000 ) ;
#2641 = CARTESIAN_POINT ( 'NONE',  ( -1.747188556591410258, 1.539999999999999591, 0.5899999999999999689 ) ) ;
#2642 = CARTESIAN_POINT ( 'NONE',  ( 0.1923180657172617325, 0.005330421090255068294, 6.776263578034402713E-18 ) ) ;
#2643 = LINE ( 'NONE', #2109, #1672 ) ;
#2644 = MECHANICAL_DESIGN_GEOMETRIC_PRESENTATION_REPRESENTATION (  '', ( #3457 ), #1971 ) ;
#2645 = CARTESIAN_POINT ( 'NONE',  ( 0.05610966951252229634, 0.2608852350117489283, 0.01000000000000000021 ) ) ;
#2646 = EDGE_LOOP ( 'NONE', ( #1118, #2449, #505, #4135 ) ) ;
#2648 = EDGE_CURVE ( 'NONE', #946, #1925, #726, .T. ) ;
#2647 = FACE_OUTER_BOUND ( 'NONE', #2276, .T. ) ;
#2649 = CARTESIAN_POINT ( 'NONE',  ( 0.2661982663813088901, 0.2261492817528862609, 0.01000000000000000021 ) ) ;
#2650 =( GEOMETRIC_REPRESENTATION_CONTEXT ( 3 ) GLOBAL_UNCERTAINTY_ASSIGNED_CONTEXT ( ( #4012 ) ) GLOBAL_UNIT_ASSIGNED_CONTEXT ( ( #4262, #2637, #2313 ) ) REPRESENTATION_CONTEXT ( 'NONE', 'WORKASPACE' ) );
#2651 = CARTESIAN_POINT ( 'NONE',  ( 0.1923180657172617325, 0.005330421090255068294, 0.000000000000000000 ) ) ;
#2652 = DIRECTION ( 'NONE',  ( 1.205012674960150487E-16, 2.612954720128728571E-32, -1.000000000000000000 ) ) ;
#2653 = ORIENTED_EDGE ( 'NONE', *, *, #4264, .F. ) ;
#2654 = B_SPLINE_SURFACE_WITH_KNOTS ( 'NONE', 3, 1, ( 
 ( #2496, #2814 ),
 ( #3773, #2130 ),
 ( #817, #1172 ),
 ( #3788, #3145 ),
 ( #471, #1176 ),
 ( #2820, #3448 ),
 ( #2842, #4102 ),
 ( #3118, #1843 ),
 ( #3806, #3434 ),
 ( #1811, #2467 ),
 ( #129, #1526 ) ),
 .UNSPECIFIED., .F., .F., .F.,
 ( 4, 1, 1, 1, 1, 1, 1, 1, 4 ),
 ( 2, 2 ),
 ( 0.000000000000000000, 0.1285151895116614373, 0.2529486363526579629, 0.3747547340060043974, 0.4959397538670500816, 0.6171806414298928178, 0.7409094692781376112, 0.8678111481862029741, 1.000000000000000000 ),
 ( 0.000000000000000000, 1.000000000000000000 ),
 .UNSPECIFIED. ) ;
#2655 = FILL_AREA_STYLE_COLOUR ( '', #1871 ) ;
#2656 = APPLICATION_PROTOCOL_DEFINITION ( 'draft international standard', 'automotive_design', 1998, #3942 ) ;
#2657 = LINE ( 'NONE', #947, #882 ) ;
#2658 = ORIENTED_EDGE ( 'NONE', *, *, #1212, .F. ) ;
#2659 = CARTESIAN_POINT ( 'NONE',  ( 0.1985968342527826835, 0.04327314249319098166, 5.082197683525802034E-18 ) ) ;
#2660 = SURFACE_STYLE_USAGE ( .BOTH. , #994 ) ;
#2661 = VERTEX_POINT ( 'NONE', #387 ) ;
#2662 = CARTESIAN_POINT ( 'NONE',  ( -1.500000000000000444, -1.550000000000000488, 0.5999999999999999778 ) ) ;
#2663 = CARTESIAN_POINT ( 'NONE',  ( 0.1592657705236724119, -0.004446986054314545911, 0.01000000000000000021 ) ) ;
#2664 = ADVANCED_FACE ( 'NONE', ( #3010 ), #1399, .T. ) ;
#2665 = ORIENTED_EDGE ( 'NONE', *, *, #3410, .T. ) ;
#2666 = FILL_AREA_STYLE_COLOUR ( '', #568 ) ;
#2667 = ORIENTED_EDGE ( 'NONE', *, *, #1691, .T. ) ;
#2668 = CARTESIAN_POINT ( 'NONE',  ( 0.01883089460400073911, 0.06909370175367775258, -0.000000000000000000 ) ) ;
#2669 = CARTESIAN_POINT ( 'NONE',  ( -0.4487398894806394201, 0.2891826923076923350, 0.01000000000000000021 ) ) ;
#2670 = EDGE_CURVE ( 'NONE', #2070, #384, #1048, .T. ) ;
#2671 = SURFACE_STYLE_USAGE ( .BOTH. , #989 ) ;
#2672 = STYLED_ITEM ( 'NONE', ( #3704 ), #1307 ) ;
#2673 = VECTOR ( 'NONE', #851, 1000.000000000000227 ) ;
#2674 = CARTESIAN_POINT ( 'NONE',  ( 0.2488245158618008490, 0.2513799678531679072, 0.000000000000000000 ) ) ;
#2675 = CARTESIAN_POINT ( 'NONE',  ( 0.1187585083791466573, 0.2767850969750489942, 0.01000000000000000021 ) ) ;
#2676 = CARTESIAN_POINT ( 'NONE',  ( 1.747188556591409370, 1.539999999999999813, 0.5899999999999999689 ) ) ;
#2677 = FACE_OUTER_BOUND ( 'NONE', #2970, .T. ) ;
#2678 = CARTESIAN_POINT ( 'NONE',  ( 0.04949269420910074740, 0.2571765717595325129, 0.000000000000000000 ) ) ;
#2679 = CARTESIAN_POINT ( 'NONE',  ( 0.1712428703971816124, 0.3016701206442397032, 0.01000000000000000021 ) ) ;
#2680 = ORIENTED_EDGE ( 'NONE', *, *, #1251, .T. ) ;
#2681 = CARTESIAN_POINT ( 'NONE',  ( -0.4946757513436185749, 0.2613742511092934651, 6.776263578034402713E-18 ) ) ;
#2682 = EDGE_CURVE ( 'NONE', #524, #3393, #4030, .T. ) ;
#2683 = DIRECTION ( 'NONE',  ( -0.000000000000000000, -0.000000000000000000, -1.000000000000000000 ) ) ;
#2684 = CARTESIAN_POINT ( 'NONE',  ( -0.2391245048652548000, 0.03076923076923076747, 0.000000000000000000 ) ) ;
#2685 = CARTESIAN_POINT ( 'NONE',  ( 0.1171164871770531551, 0.02322167562700078527, -0.000000000000000000 ) ) ;
#2686 = ORIENTED_EDGE ( 'NONE', *, *, #3845, .F. ) ;
#2687 = VERTEX_POINT ( 'NONE', #2022 ) ;
#2688 = PLANE ( 'NONE',  #2811 ) ;
#2689 = CARTESIAN_POINT ( 'NONE',  ( 0.2380718672032050842, 0.2628669465358136614, 0.000000000000000000 ) ) ;
#2690 = VERTEX_POINT ( 'NONE', #3674 ) ;
#2691 = CARTESIAN_POINT ( 'NONE',  ( 0.1501166770267959305, 0.02516071276677626575, 0.01000000000000000021 ) ) ;
#2692 = VECTOR ( 'NONE', #4245, 1000.000000000000000 ) ;
#2693 = CARTESIAN_POINT ( 'NONE',  ( -0.7215163317883317440, 0.2415264423076922684, -0.000000000000000000 ) ) ;
#2694 = EDGE_CURVE ( 'NONE', #481, #2383, #3765, .T. ) ;
#2695 =( LENGTH_UNIT ( ) NAMED_UNIT ( * ) SI_UNIT ( .MILLI., .METRE. ) );
#2696 = CARTESIAN_POINT ( 'NONE',  ( -0.3957937812440531777, 0.2672340583770219657, 0.000000000000000000 ) ) ;
#2697 = VECTOR ( 'NONE', #512, 1000.000000000000000 ) ;
#2698 = VECTOR ( 'NONE', #402, 1000.000000000000000 ) ;
#2699 = CARTESIAN_POINT ( 'NONE',  ( -0.4963534276480899288, 0.2116148902130454146, 0.01000000000000000021 ) ) ;
#2700 = CARTESIAN_POINT ( 'NONE',  ( 0.2136530544155964273, 0.2826108513675786860, 0.000000000000000000 ) ) ;
#2701 = ORIENTED_EDGE ( 'NONE', *, *, #3550, .T. ) ;
#2702 = B_SPLINE_SURFACE_WITH_KNOTS ( 'NONE', 3, 1, ( 
 ( #126, #4031 ),
 ( #72, #1755 ),
 ( #2381, #3053 ),
 ( #3391, #1451 ),
 ( #1437, #4060 ),
 ( #97, #3732 ),
 ( #2816, #3790 ),
 ( #2461, #4112 ),
 ( #2512, #2498 ),
 ( #538, #2478 ),
 ( #3127, #1536 ),
 ( #483, #188 ),
 ( #1851, #847 ),
 ( #1173, #159 ),
 ( #3464, #4148 ),
 ( #1159, #1523 ),
 ( #1806, #1510 ),
 ( #3141, #3490 ),
 ( #1839, #2838 ),
 ( #2853, #1498 ),
 ( #2160, #4099 ),
 ( #1213, #3505 ),
 ( #863, #493 ),
 ( #4159, #3169 ),
 ( #3179, #4130 ),
 ( #2131, #1821 ),
 ( #808, #523 ) ),
 .UNSPECIFIED., .F., .F., .F.,
 ( 4, 1, 1, 1, 1, 1, 1, 1, 1, 1, 1, 1, 1, 1, 1, 1, 1, 1, 1, 1, 1, 1, 1, 1, 4 ),
 ( 2, 2 ),
 ( 0.000000000000000000, 0.04608068338724804341, 0.09080679960761617320, 0.1342952705290696158, 0.1770243856662441773, 0.2188227336826556180, 0.2602441163273732649, 0.3010798671134451432, 0.3416138942851570381, 0.3815834185517461563, 0.4201195913296164597, 0.4580746185423136274, 0.4947384876076564297, 0.5311946228937133307, 0.5669336984503777765, 0.6027126507379958475, 0.6383266061284350590, 0.6748532488548240060, 0.7134673707840595291, 0.7544418038483806654, 0.7978153607124992552, 0.8439894562081103890, 0.8930715698796477531, 0.9449633461781441479, 1.000000000000000000 ),
 ( 0.000000000000000000, 1.000000000000000000 ),
 .UNSPECIFIED. ) ;
#2703 = CARTESIAN_POINT ( 'NONE',  ( 0.2570293412885913398, 0.1496995192307692124, 0.01000000000000000021 ) ) ;
#2704 = ORIENTED_EDGE ( 'NONE', *, *, #2670, .T. ) ;
#2705 = CARTESIAN_POINT ( 'NONE',  ( -0.5366238720504268311, 0.1139796713601984035, 0.000000000000000000 ) ) ;
#2706 = EDGE_CURVE ( 'NONE', #4089, #1454, #2806, .T. ) ;
#2707 = CARTESIAN_POINT ( 'NONE',  ( 0.2817463135213846837, 0.1216586277487263085, 0.000000000000000000 ) ) ;
#2708 = ORIENTED_EDGE ( 'NONE', *, *, #2207, .F. ) ;
#2709 = VECTOR ( 'NONE', #1527, 1000.000000000000000 ) ;
#2710 =( GEOMETRIC_REPRESENTATION_CONTEXT ( 3 ) GLOBAL_UNCERTAINTY_ASSIGNED_CONTEXT ( ( #3690 ) ) GLOBAL_UNIT_ASSIGNED_CONTEXT ( ( #407, #1739, #4028 ) ) REPRESENTATION_CONTEXT ( 'NONE', 'WORKASPACE' ) );
#2711 =( NAMED_UNIT ( * ) SI_UNIT ( $, .STERADIAN. ) SOLID_ANGLE_UNIT ( ) );
#2712 = MECHANICAL_DESIGN_GEOMETRIC_PRESENTATION_REPRESENTATION (  '', ( #1825 ), #838 ) ;
#2713 = PLANE ( 'NONE',  #2165 ) ;
#2714 = VERTEX_POINT ( 'NONE', #2684 ) ;
#2715 = CARTESIAN_POINT ( 'NONE',  ( -0.4799222725447530036, 0.2333025236799476931, 6.776263578034402713E-18 ) ) ;
#2716 = CARTESIAN_POINT ( 'NONE',  ( -2.146530383509390294, 3.474214125298947131, -0.4000000000000000222 ) ) ;
#2717 = EDGE_CURVE ( 'NONE', #776, #864, #519, .T. ) ;
#2718 = CARTESIAN_POINT ( 'NONE',  ( 0.1839496907026298422, 0.2639282195193217717, 6.776263578034402713E-18 ) ) ;
#2719 = ORIENTED_EDGE ( 'NONE', *, *, #3620, .F. ) ;
#2720 = VECTOR ( 'NONE', #3795, 1000.000000000000000 ) ;
#2721 = CARTESIAN_POINT ( 'NONE',  ( -0.7237398894806394978, 0.2999999999999999889, 0.01000000000000000021 ) ) ;
#2722 = DIRECTION ( 'NONE',  ( 0.000000000000000000, -1.000000000000000000, 0.000000000000000000 ) ) ;
#2723 = FACE_OUTER_BOUND ( 'NONE', #823, .T. ) ;
#2724 =( GEOMETRIC_REPRESENTATION_CONTEXT ( 3 ) GLOBAL_UNCERTAINTY_ASSIGNED_CONTEXT ( ( #2208 ) ) GLOBAL_UNIT_ASSIGNED_CONTEXT ( ( #2571, #2557, #912 ) ) REPRESENTATION_CONTEXT ( 'NONE', 'WORKASPACE' ) );
#2725 = ADVANCED_FACE ( 'NONE', ( #3815, #626, #1873, #2277, #1419, #3052 ), #3370, .T. ) ;
#2726 = EDGE_LOOP ( 'NONE', ( #3740, #2983, #1931, #3552 ) ) ;
#2727 = CARTESIAN_POINT ( 'NONE',  ( 0.2440152344028799769, 0.04262311397521736933, 0.01000000000000000021 ) ) ;
#2728 = SURFACE_SIDE_STYLE ('',( #3129 ) ) ;
#2729 = CARTESIAN_POINT ( 'NONE',  ( 0.1272239812320551389, 0.2768884515650906208, 0.01000000000000000021 ) ) ;
#2730 = EDGE_LOOP ( 'NONE', ( #1448, #11, #2866, #2519 ) ) ;
#2731 = PRESENTATION_LAYER_ASSIGNMENT (  '', '', ( #2511 ) ) ;
#2732 = CARTESIAN_POINT ( 'NONE',  ( -1.829903681580517638, 1.539999999999999591, -0.2444330821015152644 ) ) ;
#2733 = ORIENTED_EDGE ( 'NONE', *, *, #2706, .T. ) ;
#2734 = ORIENTED_EDGE ( 'NONE', *, *, #801, .T. ) ;
#2735 = CARTESIAN_POINT ( 'NONE',  ( -0.3543288317883316885, 0.03076923076923076747, 6.776263578034402713E-18 ) ) ;
#2736 = CARTESIAN_POINT ( 'NONE',  ( -0.3543288317883316885, 0.03076923076923076747, 0.000000000000000000 ) ) ;
#2737 = ORIENTED_EDGE ( 'NONE', *, *, #4067, .F. ) ;
#2738 = PRESENTATION_STYLE_ASSIGNMENT (( #907 ) ) ;
#2739 = DIRECTION ( 'NONE',  ( 1.000000000000000000, 0.000000000000000000, 0.000000000000000000 ) ) ;
#2740 = DIRECTION ( 'NONE',  ( 0.000000000000000000, 0.000000000000000000, -1.000000000000000000 ) ) ;
#2741 = SURFACE_STYLE_USAGE ( .BOTH. , #2045 ) ;
#2742 = SURFACE_STYLE_FILL_AREA ( #2591 ) ;
#2743 = VECTOR ( 'NONE', #1785, 1000.000000000000000 ) ;
#2744 = CARTESIAN_POINT ( 'NONE',  ( -0.5122014279421779337, 0.1462740384615384415, 0.000000000000000000 ) ) ;
#2745 = ADVANCED_FACE ( 'NONE', ( #3208 ), #693, .T. ) ;
#2746 = LINE ( 'NONE', #249, #1253 ) ;
#2747 = CARTESIAN_POINT ( 'NONE',  ( 0.09229776282671561805, 0.2740091526484658702, 0.000000000000000000 ) ) ;
#2748 = CARTESIAN_POINT ( 'NONE',  ( 1.829903681580516972, 1.539999999999999813, -0.2444330821015155419 ) ) ;
#2749 = DIRECTION ( 'NONE',  ( -0.000000000000000000, -0.000000000000000000, -1.000000000000000000 ) ) ;
#2750 = LINE ( 'NONE', #1395, #1154 ) ;
#2751 = ORIENTED_EDGE ( 'NONE', *, *, #455, .F. ) ;
#2752 = VECTOR ( 'NONE', #4007, 1000.000000000000000 ) ;
#2753 = DIRECTION ( 'NONE',  ( 1.000000000000000000, 0.000000000000000000, 0.000000000000000000 ) ) ;
#2754 = AXIS2_PLACEMENT_3D ( 'NONE', #1670, #958, #3988 ) ;
#2755 = SURFACE_STYLE_FILL_AREA ( #1492 ) ;
#2756 = CARTESIAN_POINT ( 'NONE',  ( -0.09681681255756247051, 0.2692307692307692180, 0.01000000000000000021 ) ) ;
#2757 = CARTESIAN_POINT ( 'NONE',  ( -0.4400860433267932414, 0.03840144230769230310, 0.000000000000000000 ) ) ;
#2758 = CARTESIAN_POINT ( 'NONE',  ( 0.1221735720578221163, -0.007692307692307691867, 0.01000000000000000021 ) ) ;
#2759 = CARTESIAN_POINT ( 'NONE',  ( 0.04744927089375411411, 0.008620697071204143358, 0.000000000000000000 ) ) ;
#2760 = CARTESIAN_POINT ( 'NONE',  ( 0.1677237191143954309, 0.2703379555579192295, 0.01000000000000000021 ) ) ;
#2761 = ORIENTED_EDGE ( 'NONE', *, *, #3192, .T. ) ;
#2762 = EDGE_CURVE ( 'NONE', #2327, #2017, #4129, .T. ) ;
#2763 = DIRECTION ( 'NONE',  ( 1.000000000000000000, 0.000000000000000000, 0.000000000000000000 ) ) ;
#2764 = VECTOR ( 'NONE', #4163, 1000.000000000000000 ) ;
#2765 =( NAMED_UNIT ( * ) PLANE_ANGLE_UNIT ( ) SI_UNIT ( $, .RADIAN. ) );
#2766 = DIRECTION ( 'NONE',  ( -1.000000000000000000, 0.000000000000000000, 0.000000000000000000 ) ) ;
#2767 = VERTEX_POINT ( 'NONE', #3337 ) ;
#2768 = AXIS2_PLACEMENT_3D ( 'NONE', #4241, #2260, #2604 ) ;
#2769 = CARTESIAN_POINT ( 'NONE',  ( -0.3543288317883316885, 0.03076923076923075359, 0.01000000000000000021 ) ) ;
#2770 = EDGE_LOOP ( 'NONE', ( #99, #20, #137, #1483 ) ) ;
#2771 = ORIENTED_EDGE ( 'NONE', *, *, #3985, .F. ) ;
#2772 = CARTESIAN_POINT ( 'NONE',  ( -0.3409874856344856653, 0.2692307692307692735, 0.01000000000000000021 ) ) ;
#2773 = CARTESIAN_POINT ( 'NONE',  ( -0.7215163317883317440, 0.2415264423076922962, 0.01000000000000000021 ) ) ;
#2774 = FILL_AREA_STYLE_COLOUR ( '', #25 ) ;
#2775 = FILL_AREA_STYLE ('',( #3744 ) ) ;
#2776 = VECTOR ( 'NONE', #468, 1000.000000000000000 ) ;
#2777 = CARTESIAN_POINT ( 'NONE',  ( -0.008355274096024017938, 0.2449519230769230393, 0.000000000000000000 ) ) ;
#2778 = CARTESIAN_POINT ( 'NONE',  ( -3.149999999999999467, -1.540000000000000702, -0.4000000000000001332 ) ) ;
#2779 = CARTESIAN_POINT ( 'NONE',  ( -0.3198937356344855321, 0.03076923076923075359, 0.000000000000000000 ) ) ;
#2780 = VECTOR ( 'NONE', #641, 1000.000000000000000 ) ;
#2781 = CARTESIAN_POINT ( 'NONE',  ( -0.3949829943237055940, 0.03177675224323132236, 0.01000000000000000021 ) ) ;
#2782 = ORIENTED_EDGE ( 'NONE', *, *, #1767, .T. ) ;
#2783 = CARTESIAN_POINT ( 'NONE',  ( -0.3535475817883317884, 0.2999999999999999889, 0.01000000000000000021 ) ) ;
#2784 = CARTESIAN_POINT ( 'NONE',  ( 0.06465581784303603419, 0.001474610086933198600, 0.01000000000000000021 ) ) ;
#2785 = ORIENTED_EDGE ( 'NONE', *, *, #2413, .T. ) ;
#2786 = EDGE_CURVE ( 'NONE', #4168, #630, #152, .T. ) ;
#2787 = CARTESIAN_POINT ( 'NONE',  ( 0.03140154134424945342, 0.01769936639644365331, 0.000000000000000000 ) ) ;
#2788 = ORIENTED_EDGE ( 'NONE', *, *, #2357, .F. ) ;
#2789 = AXIS2_PLACEMENT_3D ( 'NONE', #268, #2910, #3835 ) ;
#2790 = CARTESIAN_POINT ( 'NONE',  ( 0.1242168412885913259, 0.2769230769230768829, 0.000000000000000000 ) ) ;
#2791 = MECHANICAL_DESIGN_GEOMETRIC_PRESENTATION_REPRESENTATION (  '', ( #2418 ), #1473 ) ;
#2792 = ORIENTED_EDGE ( 'NONE', *, *, #278, .F. ) ;
#2793 = CARTESIAN_POINT ( 'NONE',  ( -0.002853398989587255935, 0.2522106297489393745, 0.000000000000000000 ) ) ;
#2794 = SURFACE_STYLE_USAGE ( .BOTH. , #2501 ) ;
#2795 = CARTESIAN_POINT ( 'NONE',  ( 0.05610966951252229634, 0.2608852350117489283, 0.000000000000000000 ) ) ;
#2796 = LINE ( 'NONE', #2263, #1615 ) ;
#2797 = CARTESIAN_POINT ( 'NONE',  ( 0.1332103520238454575, 0.2768195222051002546, 0.01000000000000000021 ) ) ;
#2798 = VECTOR ( 'NONE', #2913, 1000.000000000000000 ) ;
#2799 = EDGE_CURVE ( 'NONE', #1683, #3946, #803, .T. ) ;
#2800 = FACE_OUTER_BOUND ( 'NONE', #1348, .T. ) ;
#2801 = CARTESIAN_POINT ( 'NONE',  ( 0.07364129574337878459, -0.001364666158712416963, 6.776263578034402713E-18 ) ) ;
#2802 = FACE_OUTER_BOUND ( 'NONE', #3040, .T. ) ;
#2803 = CARTESIAN_POINT ( 'NONE',  ( -0.2929706587114087046, 0.000000000000000000, 0.01000000000000000021 ) ) ;
#2804 = ORIENTED_EDGE ( 'NONE', *, *, #1014, .F. ) ;
#2805 = DIRECTION ( 'NONE',  ( -2.168404344971008868E-16, 1.000000000000000000, -0.000000000000000000 ) ) ;
#2806 = LINE ( 'NONE', #3043, #3460 ) ;
#2807 = CARTESIAN_POINT ( 'NONE',  ( 0.2459115528270528761, 0.04477163461538460898, 0.01000000000000000021 ) ) ;
#2808 = CARTESIAN_POINT ( 'NONE',  ( 0.2528512691976013138, 0.1837245679359472972, 0.01000000000000000021 ) ) ;
#2809 = EDGE_CURVE ( 'NONE', #1594, #3048, #777, .T. ) ;
#2810 = B_SPLINE_CURVE_WITH_KNOTS ( 'NONE', 3,
 ( #2330, #697, #3989, #2032, #43, #2380, #2348, #386, #2674, #2689, #709, #2700, #4001, #3679, #3015, #1039, #2021, #1725, #1684 ),
 .UNSPECIFIED., .F., .F.,
 ( 4, 1, 1, 1, 1, 1, 1, 1, 1, 1, 1, 1, 1, 1, 1, 1, 4 ),
 ( 0.000000000000000000, 0.06455784592971904046, 0.1270135315497586959, 0.1879548102020903999, 0.2480139127896340556, 0.3077476818488372734, 0.3682345146974852490, 0.4294698439426692937, 0.4927434367465849951, 0.5562577687060832332, 0.6182167855431435211, 0.6796554755875550136, 0.7412455456206294979, 0.8034152647056966856, 0.8668154615439921384, 0.9323283119492651316, 1.000000000000000000 ),
 .UNSPECIFIED. ) ;
#2811 = AXIS2_PLACEMENT_3D ( 'NONE', #1714, #696, #3014 ) ;
#2812 = DIRECTION ( 'NONE',  ( -1.445602896647339163E-16, 1.000000000000000000, -0.000000000000000000 ) ) ;
#2813 = CARTESIAN_POINT ( 'NONE',  ( -1.663507616997318195, 3.474214125298947131, -0.02889172947462113200 ) ) ;
#2814 = CARTESIAN_POINT ( 'NONE',  ( 0.1223538605193605355, 0.02307692307692307473, 6.776263578034402713E-18 ) ) ;
#2815 = ORIENTED_EDGE ( 'NONE', *, *, #1611, .F. ) ;
#2816 = CARTESIAN_POINT ( 'NONE',  ( -0.5318712967983471041, 0.09409962125205974248, 0.01000000000000000021 ) ) ;
#2817 = SURFACE_SIDE_STYLE ('',( #2911 ) ) ;
#2818 = EDGE_CURVE ( 'NONE', #415, #1532, #2899, .T. ) ;
#2819 = CARTESIAN_POINT ( 'NONE',  ( 0.1918026825495636190, 0.2600103686658725710, 0.000000000000000000 ) ) ;
#2820 = CARTESIAN_POINT ( 'NONE',  ( 0.06339239396864571052, 0.03531073378271068486, 0.01000000000000000021 ) ) ;
#2821 = CARTESIAN_POINT ( 'NONE',  ( 0.2693246121774525159, 0.08050181371191328372, 6.776263578034402713E-18 ) ) ;
#2822 = CARTESIAN_POINT ( 'NONE',  ( -0.09681681255756247051, 0.2692307692307692180, 0.01000000000000000021 ) ) ;
#2823 = CARTESIAN_POINT ( 'NONE',  ( -0.2391245048652548000, 0.1461538461538461620, 0.01000000000000000021 ) ) ;
#2824 = DIRECTION ( 'NONE',  ( -1.000000000000000000, 0.000000000000000000, 0.000000000000000000 ) ) ;
#2825 = CARTESIAN_POINT ( 'NONE',  ( -0.6069730625575624483, 0.000000000000000000, 0.000000000000000000 ) ) ;
#2826 = DIRECTION ( 'NONE',  ( -1.000000000000000000, 0.000000000000000000, 0.000000000000000000 ) ) ;
#2827 = EDGE_LOOP ( 'NONE', ( #2140, #2124, #2804, #434 ) ) ;
#2828 = EDGE_LOOP ( 'NONE', ( #1182, #3655, #3023, #518 ) ) ;
#2829 = FACE_OUTER_BOUND ( 'NONE', #3297, .T. ) ;
#2830 = CARTESIAN_POINT ( 'NONE',  ( 1.499999999999999556, -1.550000000000000044, 0.5999999999999999778 ) ) ;
#2831 = CARTESIAN_POINT ( 'NONE',  ( 2.146530383509389850, -1.539999999999999591, -0.4000000000000000222 ) ) ;
#2832 = AXIS2_PLACEMENT_3D ( 'NONE', #2958, #2615, #2989 ) ;
#2833 = ORIENTED_EDGE ( 'NONE', *, *, #1641, .F. ) ;
#2834 = CARTESIAN_POINT ( 'NONE',  ( 0.2582245566236362477, 0.2390785278826080273, 6.776263578034402713E-18 ) ) ;
#2835 = VERTEX_POINT ( 'NONE', #717 ) ;
#2836 = CARTESIAN_POINT ( 'NONE',  ( 0.2569211853722566663, 0.1452654060945363645, 0.01000000000000000021 ) ) ;
#2837 = CARTESIAN_POINT ( 'NONE',  ( 0.2189242966170531490, 0.05915294021971212457, 0.000000000000000000 ) ) ;
#2838 = CARTESIAN_POINT ( 'NONE',  ( -0.4628227026022970203, 0.01224608900503937683, 5.082197683525802034E-18 ) ) ;
#2839 = ORIENTED_EDGE ( 'NONE', *, *, #1398, .T. ) ;
#2840 = MECHANICAL_DESIGN_GEOMETRIC_PRESENTATION_REPRESENTATION (  '', ( #2622 ), #2710 ) ;
#2841 = STYLED_ITEM ( 'NONE', ( #2738 ), #1779 ) ;
#2842 = CARTESIAN_POINT ( 'NONE',  ( 0.05024942429394531340, 0.04243061560294506679, 0.01000000000000000021 ) ) ;
#2843 = FACE_OUTER_BOUND ( 'NONE', #3343, .T. ) ;
#2844 = CARTESIAN_POINT ( 'NONE',  ( 0.2549869059979873454, 0.05592288312897580882, 6.776263578034402713E-18 ) ) ;
#2845 = CARTESIAN_POINT ( 'NONE',  ( 0.2488245158618008490, 0.2513799678531679072, 6.776263578034402713E-18 ) ) ;
#2846 = SURFACE_STYLE_FILL_AREA ( #3808 ) ;
#2847 = FACE_OUTER_BOUND ( 'NONE', #110, .T. ) ;
#2848 = ORIENTED_EDGE ( 'NONE', *, *, #1097, .T. ) ;
#2849 = ORIENTED_EDGE ( 'NONE', *, *, #643, .T. ) ;
#2850 = PRESENTATION_STYLE_ASSIGNMENT (( #4193 ) ) ;
#2851 = CARTESIAN_POINT ( 'NONE',  ( -1.747188556591409370, -1.540000000000000480, 0.5900000000000000799 ) ) ;
#2852 = DIRECTION ( 'NONE',  ( -0.000000000000000000, -0.000000000000000000, -1.000000000000000000 ) ) ;
#2853 = CARTESIAN_POINT ( 'NONE',  ( -0.4540681997858397323, 0.008952088164728786573, 0.01000000000000000021 ) ) ;
#2854 = ORIENTED_EDGE ( 'NONE', *, *, #3685, .F. ) ;
#2855 = COLOUR_RGB ( '',0.6470588235294117974, 0.6196078431372549211, 0.5882352941176470784 ) ;
#2856 = FILL_AREA_STYLE ('',( #2162 ) ) ;
#2857 = UNCERTAINTY_MEASURE_WITH_UNIT (LENGTH_MEASURE( 1.000000000000000082E-05 ), #1347, 'distance_accuracy_value', 'NONE');
#2858 = DIRECTION ( 'NONE',  ( 0.6110827052537914916, 0.000000000000000000, 0.7915667548221740901 ) ) ;
#2859 = ORIENTED_EDGE ( 'NONE', *, *, #3676, .T. ) ;
#2860 = CARTESIAN_POINT ( 'NONE',  ( -0.4016038932105922554, 0.2981648677838047989, 0.01000000000000000021 ) ) ;
#2861 = VECTOR ( 'NONE', #848, 1000.000000000000000 ) ;
#2862 = ORIENTED_EDGE ( 'NONE', *, *, #2350, .T. ) ;
#2863 = CARTESIAN_POINT ( 'NONE',  ( -0.4404745348332977928, 0.2919153767657858833, 0.01000000000000000021 ) ) ;
#2864 = EDGE_CURVE ( 'NONE', #322, #1981, #1921, .T. ) ;
#2865 = CARTESIAN_POINT ( 'NONE',  ( 0.2189242966170531490, 0.05915294021971212457, 0.01000000000000000021 ) ) ;
#2866 = ORIENTED_EDGE ( 'NONE', *, *, #3439, .T. ) ;
#2867 = VERTEX_POINT ( 'NONE', #1429 ) ;
#2868 = AXIS2_PLACEMENT_3D ( 'NONE', #3125, #450, #1299 ) ;
#2869 = CARTESIAN_POINT ( 'NONE',  ( -0.4708520851050412848, 0.01613926233517631176, 0.01000000000000000021 ) ) ;
#2870 = B_SPLINE_CURVE_WITH_KNOTS ( 'NONE', 3,
 ( #4156, #1207, #212, #4199, #3802, #183, #2550, #1521, #2863, #2891, #579 ),
 .UNSPECIFIED., .F., .F.,
 ( 4, 1, 1, 1, 1, 1, 1, 1, 4 ),
 ( 0.000000000000000000, 0.1642892164747617734, 0.3174059112304908892, 0.4588436116410197774, 0.5893665423053098262, 0.7078313187781728466, 0.8157700306990046668, 0.9128799029021262834, 1.000000000000000000 ),
 .UNSPECIFIED. ) ;
#2871 = CARTESIAN_POINT ( 'NONE',  ( -0.5391245048652548721, 0.1462139423076923017, 0.01000000000000000021 ) ) ;
#2872 = SURFACE_STYLE_USAGE ( .BOTH. , #605 ) ;
#2873 = DIRECTION ( 'NONE',  ( 0.6110827052537922688, 0.000000000000000000, -0.7915667548221734240 ) ) ;
#2874 = CIRCLE ( 'NONE', #1635, 0.4000000000000001887 ) ;
#2875 = DIRECTION ( 'NONE',  ( 0.000000000000000000, 1.000000000000000000, 0.000000000000000000 ) ) ;
#2876 = CARTESIAN_POINT ( 'NONE',  ( -0.5111112084366418173, 0.1268223909131852567, 0.01000000000000000021 ) ) ;
#2877 = ORIENTED_EDGE ( 'NONE', *, *, #2694, .T. ) ;
#2878 = CARTESIAN_POINT ( 'NONE',  ( 1.663507616997316862, 3.474214125298948019, -0.02889172947462112159 ) ) ;
#2879 = CARTESIAN_POINT ( 'NONE',  ( -0.3461560996296150217, 0.2692152562885843925, 6.776263578034402713E-18 ) ) ;
#2880 = CARTESIAN_POINT ( 'NONE',  ( -3.149999999999999467, -1.540000000000000702, 0.1999999999999997613 ) ) ;
#2881 = ORIENTED_EDGE ( 'NONE', *, *, #1691, .F. ) ;
#2882 = CARTESIAN_POINT ( 'NONE',  ( 0.1021712099820192704, 0.3067715113238134172, 3.388131789017201356E-18 ) ) ;
#2883 = EDGE_CURVE ( 'NONE', #2714, #3419, #4083, .T. ) ;
#2884 = CARTESIAN_POINT ( 'NONE',  ( 1.499999999999999556, 1.550000000000000044, 0.000000000000000000 ) ) ;
#2885 = CARTESIAN_POINT ( 'NONE',  ( -0.2391245048652548000, 0.000000000000000000, 0.01000000000000000021 ) ) ;
#2886 = ORIENTED_EDGE ( 'NONE', *, *, #1469, .F. ) ;
#2887 = PLANE ( 'NONE',  #3168 ) ;
#2888 = ORIENTED_EDGE ( 'NONE', *, *, #809, .T. ) ;
#2889 = CARTESIAN_POINT ( 'NONE',  ( -0.4824786907965933902, 0.06434757892761271136, 0.01000000000000000021 ) ) ;
#2890 = SURFACE_STYLE_FILL_AREA ( #4287 ) ;
#2891 = CARTESIAN_POINT ( 'NONE',  ( -0.4460862011695178597, 0.2900600524590512541, 0.01000000000000000021 ) ) ;
#2892 = CARTESIAN_POINT ( 'NONE',  ( -0.4165807684334618122, 0.2646058408029558495, 6.776263578034402713E-18 ) ) ;
#2893 = LINE ( 'NONE', #2246, #2005 ) ;
#2894 = EDGE_CURVE ( 'NONE', #3270, #864, #2159, .T. ) ;
#2895 = CARTESIAN_POINT ( 'NONE',  ( 0.01620420967665794909, 0.2714731994140603955, 0.01000000000000000021 ) ) ;
#2896 = ADVANCED_FACE ( 'NONE', ( #1468 ), #2093, .T. ) ;
#2897 = LINE ( 'NONE', #3462, #570 ) ;
#2898 = CARTESIAN_POINT ( 'NONE',  ( 0.2788507825145491448, 0.1073687265135241653, 0.01000000000000000021 ) ) ;
#2899 = LINE ( 'NONE', #1721, #3665 ) ;
#2900 = CARTESIAN_POINT ( 'NONE',  ( -1.584350941515099365, -1.540000000000000480, -0.09000000000000002442 ) ) ;
#2901 = CARTESIAN_POINT ( 'NONE',  ( -0.3409874856344856653, 0.2692307692307692735, 0.01000000000000000021 ) ) ;
#2902 = COLOUR_RGB ( '',0.6470588235294117974, 0.6196078431372549211, 0.5882352941176470784 ) ;
#2903 = CARTESIAN_POINT ( 'NONE',  ( -0.5122014279421779337, 0.1462740384615384415, 1.016439536705160407E-17 ) ) ;
#2904 = CARTESIAN_POINT ( 'NONE',  ( -0.3561146025313061680, 0.2691853670997404469, 6.776263578034402713E-18 ) ) ;
#2905 = SURFACE_SIDE_STYLE ('',( #3347 ) ) ;
#2906 = ORIENTED_EDGE ( 'NONE', *, *, #500, .T. ) ;
#2907 = CARTESIAN_POINT ( 'NONE',  ( 0.1225341489808990103, 0.3076923076923076539, 3.388131789017201356E-18 ) ) ;
#2908 = ORIENTED_EDGE ( 'NONE', *, *, #855, .T. ) ;
#2909 = SURFACE_STYLE_USAGE ( .BOTH. , #4222 ) ;
#2910 = DIRECTION ( 'NONE',  ( -1.445602896647339163E-16, 1.000000000000000000, -0.000000000000000000 ) ) ;
#2911 = SURFACE_STYLE_FILL_AREA ( #2856 ) ;
#2912 = DIRECTION ( 'NONE',  ( -1.000000000000000000, 0.000000000000000000, -0.000000000000000000 ) ) ;
#2913 = DIRECTION ( 'NONE',  ( -1.000000000000000000, 0.000000000000000000, 0.000000000000000000 ) ) ;
#2914 = ADVANCED_FACE ( 'NONE', ( #3811 ), #1106, .T. ) ;
#2915 = CARTESIAN_POINT ( 'NONE',  ( 0.2569261821660983602, 0.1584930907881931250, 6.776263578034402713E-18 ) ) ;
#2916 = EDGE_CURVE ( 'NONE', #39, #3091, #467, .T. ) ;
#2917 = CARTESIAN_POINT ( 'NONE',  ( -0.5152926870495144751, 0.2361982156385858955, 0.000000000000000000 ) ) ;
#2918 = CARTESIAN_POINT ( 'NONE',  ( -0.2391245048652548000, 0.03076923076923076747, 0.01000000000000000021 ) ) ;
#2919 = STYLED_ITEM ( 'NONE', ( #3570 ), #3561 ) ;
#2920 = AXIS2_PLACEMENT_3D ( 'NONE', #318, #3999, #652 ) ;
#2921 = CARTESIAN_POINT ( 'NONE',  ( 0.08277806921251289196, 0.3036318248060793090, 3.388131789017201356E-18 ) ) ;
#2922 = LINE ( 'NONE', #4013, #3430 ) ;
#2923 =( NAMED_UNIT ( * ) PLANE_ANGLE_UNIT ( ) SI_UNIT ( $, .RADIAN. ) );
#2924 = CARTESIAN_POINT ( 'NONE',  ( 0.1923180657172617325, 0.005330421090255068294, 0.01000000000000000021 ) ) ;
#2925 = CARTESIAN_POINT ( 'NONE',  ( -0.4428244743619709212, 0.03936586158564101684, 0.01000000000000000021 ) ) ;
#2926 = ORIENTED_EDGE ( 'NONE', *, *, #2586, .F. ) ;
#2927 = VECTOR ( 'NONE', #929, 1000.000000000000000 ) ;
#2928 = EDGE_CURVE ( 'NONE', #2241, #39, #4237, .T. ) ;
#2929 =( LENGTH_UNIT ( ) NAMED_UNIT ( * ) SI_UNIT ( .MILLI., .METRE. ) );
#2930 = CARTESIAN_POINT ( 'NONE',  ( -0.3973152643688854235, 0.2986020454359282761, 0.01000000000000000021 ) ) ;
#2931 = VERTEX_POINT ( 'NONE', #1646 ) ;
#2932 = CARTESIAN_POINT ( 'NONE',  ( 0.2560271703494431672, 0.1671188347536713414, 6.776263578034402713E-18 ) ) ;
#2933 = PLANE ( 'NONE',  #528 ) ;
#2934 = UNCERTAINTY_MEASURE_WITH_UNIT (LENGTH_MEASURE( 1.000000000000000082E-05 ), #4175, 'distance_accuracy_value', 'NONE');
#2935 = ADVANCED_FACE ( 'NONE', ( #1309 ), #2631, .T. ) ;
#2936 = CARTESIAN_POINT ( 'NONE',  ( 0.2073115095313626532, 0.01272822749926884323, 6.776263578034402713E-18 ) ) ;
#2937 = ORIENTED_EDGE ( 'NONE', *, *, #1238, .F. ) ;
#2938 = CARTESIAN_POINT ( 'NONE',  ( 0.3185678028270528261, 0.03076923076923076747, 0.01000000000000000021 ) ) ;
#2939 = LINE ( 'NONE', #924, #4018 ) ;
#2940 =( NAMED_UNIT ( * ) PLANE_ANGLE_UNIT ( ) SI_UNIT ( $, .RADIAN. ) );
#2941 = EDGE_CURVE ( 'NONE', #2163, #1763, #930, .T. ) ;
#2942 = FACE_OUTER_BOUND ( 'NONE', #736, .T. ) ;
#2943 = CARTESIAN_POINT ( 'NONE',  ( -2.063815258520282914, 3.474214125298947131, 0.4344330821015152666 ) ) ;
#2944 = FACE_OUTER_BOUND ( 'NONE', #2408, .T. ) ;
#2945 = COLOUR_RGB ( '',0.6470588235294117974, 0.6196078431372549211, 0.5882352941176470784 ) ;
#2946 =( GEOMETRIC_REPRESENTATION_CONTEXT ( 3 ) GLOBAL_UNCERTAINTY_ASSIGNED_CONTEXT ( ( #196 ) ) GLOBAL_UNIT_ASSIGNED_CONTEXT ( ( #1137, #3427, #1477 ) ) REPRESENTATION_CONTEXT ( 'NONE', 'WORKASPACE' ) );
#2947 = FACE_OUTER_BOUND ( 'NONE', #625, .T. ) ;
#2948 = DIRECTION ( 'NONE',  ( 0.000000000000000000, 0.000000000000000000, 1.000000000000000000 ) ) ;
#2949 = PRESENTATION_STYLE_ASSIGNMENT (( #1434 ) ) ;
#2950 = ORIENTED_EDGE ( 'NONE', *, *, #3180, .F. ) ;
#2951 =( LENGTH_UNIT ( ) NAMED_UNIT ( * ) SI_UNIT ( .MILLI., .METRE. ) );
#2952 = CARTESIAN_POINT ( 'NONE',  ( 0.1190871942426355162, 0.3076509815616618737, 0.01000000000000000021 ) ) ;
#2953 = VERTEX_POINT ( 'NONE', #297 ) ;
#2954 = LINE ( 'NONE', #1481, #2601 ) ;
#2955 = CARTESIAN_POINT ( 'NONE',  ( 0.2278621039994344899, 0.06839662145529275261, 0.01000000000000000021 ) ) ;
#2956 = CARTESIAN_POINT ( 'NONE',  ( 0.07722963376330498064, 0.2700745899655911941, 0.01000000000000000021 ) ) ;
#2957 = UNCERTAINTY_MEASURE_WITH_UNIT (LENGTH_MEASURE( 1.000000000000000082E-05 ), #296, 'distance_accuracy_value', 'NONE');
#2958 = CARTESIAN_POINT ( 'NONE',  ( 0.000000000000000000, 0.000000000000000000, 0.01000000000000000021 ) ) ;
#2959 = ADVANCED_FACE ( 'NONE', ( #620 ), #1620, .T. ) ;
#2960 = EDGE_LOOP ( 'NONE', ( #3320, #3365, #4243, #1217 ) ) ;
#2961 = CARTESIAN_POINT ( 'NONE',  ( -0.4331749856344855321, 0.2608173076923076539, 0.01000000000000000021 ) ) ;
#2962 = CARTESIAN_POINT ( 'NONE',  ( 2.146530383509389850, -1.539999999999999591, -0.4000000000000000222 ) ) ;
#2963 = VECTOR ( 'NONE', #3525, 1000.000000000000000 ) ;
#2964 = EDGE_CURVE ( 'NONE', #2690, #556, #1493, .T. ) ;
#2965 = VERTEX_POINT ( 'NONE', #1935 ) ;
#2966 = DIRECTION ( 'NONE',  ( 1.000000000000000000, 0.000000000000000000, 0.000000000000000000 ) ) ;
#2967 = ORIENTED_EDGE ( 'NONE', *, *, #1662, .T. ) ;
#2968 = CARTESIAN_POINT ( 'NONE',  ( -0.5122014279421779337, 0.1462740384615384415, 0.01000000000000000021 ) ) ;
#2969 = CARTESIAN_POINT ( 'NONE',  ( 0.2073115095313626532, 0.01272822749926884323, 0.01000000000000000021 ) ) ;
#2970 = EDGE_LOOP ( 'NONE', ( #1095, #4153, #2937, #2199 ) ) ;
#2971 = CARTESIAN_POINT ( 'NONE',  ( 0.1364476488625027961, 0.02333995443463759284, 0.01000000000000000021 ) ) ;
#2972 = COLOUR_RGB ( '',0.7529411764705882248, 0.7529411764705882248, 0.7529411764705882248 ) ;
#2973 = CARTESIAN_POINT ( 'NONE',  ( -0.4590741121884633902, 0.2852447894741382828, 0.01000000000000000021 ) ) ;
#2974 = CARTESIAN_POINT ( 'NONE',  ( 0.1861130716743210900, 0.2967291666611674983, 0.01000000000000000021 ) ) ;
#2975 = VECTOR ( 'NONE', #609, 1000.000000000000000 ) ;
#2976 = CARTESIAN_POINT ( 'NONE',  ( -0.5332688616705441031, 0.1947776856131563095, 0.01000000000000000021 ) ) ;
#2977 = EDGE_CURVE ( 'NONE', #630, #3188, #678, .T. ) ;
#2978 =( LENGTH_UNIT ( ) NAMED_UNIT ( * ) SI_UNIT ( .MILLI., .METRE. ) );
#2979 = VECTOR ( 'NONE', #1248, 1000.000000000000000 ) ;
#2980 = AXIS2_PLACEMENT_3D ( 'NONE', #2813, #504, #876 ) ;
#2981 = FILL_AREA_STYLE_COLOUR ( '', #2972 ) ;
#2982 = ADVANCED_FACE ( 'NONE', ( #1370 ), #3586, .T. ) ;
#2983 = ORIENTED_EDGE ( 'NONE', *, *, #3232, .T. ) ;
#2984 = CARTESIAN_POINT ( 'NONE',  ( 0.01620420967665794909, 0.2714731994140603955, 0.01000000000000000021 ) ) ;
#2985 = CARTESIAN_POINT ( 'NONE',  ( 0.2423355739025361555, 0.08885280013397579835, 0.01000000000000000021 ) ) ;
#2986 = CARTESIAN_POINT ( 'NONE',  ( -0.5153463615668992803, 0.05864160108727537596, 0.000000000000000000 ) ) ;
#2987 = CARTESIAN_POINT ( 'NONE',  ( 0.03701098693885505886, 0.2486318973014458589, 0.000000000000000000 ) ) ;
#2988 = UNCERTAINTY_MEASURE_WITH_UNIT (LENGTH_MEASURE( 1.000000000000000082E-05 ), #1284, 'distance_accuracy_value', 'NONE');
#2989 = DIRECTION ( 'NONE',  ( 1.000000000000000000, 0.000000000000000000, -0.000000000000000000 ) ) ;
#2990 = VERTEX_POINT ( 'NONE', #7 ) ;
#2991 = CARTESIAN_POINT ( 'NONE',  ( -0.5377455807483076944, 0.1712996647098235237, 0.01000000000000000021 ) ) ;
#2992 = PLANE ( 'NONE',  #1515 ) ;
#2993 = EDGE_LOOP ( 'NONE', ( #1519, #1529, #1313, #2419, #1223, #4111, #2499, #2143, #810, #3278, #3925 ) ) ;
#2994 = PLANE ( 'NONE',  #16 ) ;
#2995 = VECTOR ( 'NONE', #2011, 1000.000000000000000 ) ;
#2996 = CARTESIAN_POINT ( 'NONE',  ( -0.4664259678604784631, 0.2449711190746580447, 0.01000000000000000021 ) ) ;
#2997 = CARTESIAN_POINT ( 'NONE',  ( -1.500000000000000444, 0.5133333333333328641, 0.009999999999999998473 ) ) ;
#2998 = LINE ( 'NONE', #3828, #871 ) ;
#2999 = CARTESIAN_POINT ( 'NONE',  ( 0.1242168412885913259, 0.2769230769230768829, 0.01000000000000000021 ) ) ;
#3000 = CARTESIAN_POINT ( 'NONE',  ( -0.5022192853495254239, 0.2537407866270664503, 0.01000000000000000021 ) ) ;
#3001 = FACE_OUTER_BOUND ( 'NONE', #2542, .T. ) ;
#3002 = EDGE_CURVE ( 'NONE', #4168, #3642, #3154, .T. ) ;
#3003 = CARTESIAN_POINT ( 'NONE',  ( 0.1393209603480366487, 0.3072818608994830614, 0.01000000000000000021 ) ) ;
#3004 = PRESENTATION_LAYER_ASSIGNMENT (  '', '', ( #2919 ) ) ;
#3005 = CARTESIAN_POINT ( 'NONE',  ( -0.5090434045326451828, 0.2452903574658287511, 0.01000000000000000021 ) ) ;
#3006 = FILL_AREA_STYLE ('',( #2666 ) ) ;
#3007 = VECTOR ( 'NONE', #2545, 1000.000000000000000 ) ;
#3008 = AXIS2_PLACEMENT_3D ( 'NONE', #2257, #283, #1593 ) ;
#3009 = FACE_OUTER_BOUND ( 'NONE', #3473, .T. ) ;
#3010 = FACE_OUTER_BOUND ( 'NONE', #3259, .T. ) ;
#3011 = DIRECTION ( 'NONE',  ( 0.6110827052537914916, 8.833829288059732896E-17, 0.7915667548221740901 ) ) ;
#3012 = LINE ( 'NONE', #2186, #997 ) ;
#3013 = ORIENTED_EDGE ( 'NONE', *, *, #3103, .T. ) ;
#3014 = DIRECTION ( 'NONE',  ( 0.000000000000000000, -0.000000000000000000, 1.000000000000000000 ) ) ;
#3015 = CARTESIAN_POINT ( 'NONE',  ( 0.1712428703971816124, 0.3016701206442397032, 0.000000000000000000 ) ) ;
#3016 = EDGE_CURVE ( 'NONE', #39, #662, #4025, .T. ) ;
#3017 = CARTESIAN_POINT ( 'NONE',  ( 0.01520241821166827892, 0.2269230769230768940, 6.776263578034402713E-18 ) ) ;
#3018 = CARTESIAN_POINT ( 'NONE',  ( 1.663507616997317307, 1.539999999999999813, -0.02889172947462113547 ) ) ;
#3019 = ORIENTED_EDGE ( 'NONE', *, *, #3873, .F. ) ;
#3020 = VERTEX_POINT ( 'NONE', #3383 ) ;
#3021 = SURFACE_SIDE_STYLE ('',( #1199 ) ) ;
#3023 = ORIENTED_EDGE ( 'NONE', *, *, #1235, .T. ) ;
#3022 = CARTESIAN_POINT ( 'NONE',  ( -0.3461560996296150217, 0.2692152562885843925, -0.000000000000000000 ) ) ;
#3024 = CARTESIAN_POINT ( 'NONE',  ( -0.4664259678604784631, 0.2449711190746580447, 0.000000000000000000 ) ) ;
#3025 = EDGE_CURVE ( 'NONE', #1453, #3958, #3919, .T. ) ;
#3026 =( GEOMETRIC_REPRESENTATION_CONTEXT ( 3 ) GLOBAL_UNCERTAINTY_ASSIGNED_CONTEXT ( ( #2988 ) ) GLOBAL_UNIT_ASSIGNED_CONTEXT ( ( #1284, #1231, #2543 ) ) REPRESENTATION_CONTEXT ( 'NONE', 'WORKASPACE' ) );
#3027 = CARTESIAN_POINT ( 'NONE',  ( -0.4963534276480899288, 0.2116148902130454146, 6.776263578034402713E-18 ) ) ;
#3028 = DIRECTION ( 'NONE',  ( 0.7970624896273532656, 0.6038968352533776729, 0.000000000000000000 ) ) ;
#3029 = DIRECTION ( 'NONE',  ( 0.4283511191562797693, -0.9036123719369729690, 0.000000000000000000 ) ) ;
#3030 = PRODUCT_DEFINITION_FORMATION_WITH_SPECIFIED_SOURCE ( '任何', '', #166, .NOT_KNOWN. ) ;
#3031 = CARTESIAN_POINT ( 'NONE',  ( 0.2693246121774525159, 0.08050181371191328372, 0.000000000000000000 ) ) ;
#3032 = ORIENTED_EDGE ( 'NONE', *, *, #980, .F. ) ;
#3033 = FILL_AREA_STYLE_COLOUR ( '', #3705 ) ;
#3034 = EDGE_CURVE ( 'NONE', #1454, #4271, #3202, .T. ) ;
#3035 = VECTOR ( 'NONE', #3889, 1000.000000000000114 ) ;
#3036 = CARTESIAN_POINT ( 'NONE',  ( -0.06989373563448562920, 0.000000000000000000, 0.01000000000000000021 ) ) ;
#3037 = VERTEX_POINT ( 'NONE', #786 ) ;
#3038 = SURFACE_SIDE_STYLE ('',( #3687 ) ) ;
#3039 = CARTESIAN_POINT ( 'NONE',  ( 0.2193962401633072212, 0.2400422829993799356, 0.01000000000000000021 ) ) ;
#3040 = EDGE_LOOP ( 'NONE', ( #1333, #2217, #4093, #1117 ) ) ;
#3041 = COLOUR_RGB ( '',0.6470588235294117974, 0.6196078431372549211, 0.5882352941176470784 ) ;
#3042 = CARTESIAN_POINT ( 'NONE',  ( -0.7198937356344856653, 0.3000000000000000999, 0.000000000000000000 ) ) ;
#3043 = CARTESIAN_POINT ( 'NONE',  ( -0.7744009471729470517, 0.1269230769230769162, 0.000000000000000000 ) ) ;
#3044 = CARTESIAN_POINT ( 'NONE',  ( 2.214771495659211276, -1.539999999999999591, 0.2388917294746209508 ) ) ;
#3045 = PRESENTATION_LAYER_ASSIGNMENT (  '', '', ( #4208 ) ) ;
#3046 = SURFACE_STYLE_FILL_AREA ( #663 ) ;
#3047 = SURFACE_STYLE_FILL_AREA ( #745 ) ;
#3048 = VERTEX_POINT ( 'NONE', #1080 ) ;
#3049 = CARTESIAN_POINT ( 'NONE',  ( -0.4421999854700472410, 0.2578596546440548587, 6.776263578034402713E-18 ) ) ;
#3050 = LINE ( 'NONE', #334, #3260 ) ;
#3051 = ORIENTED_EDGE ( 'NONE', *, *, #2222, .F. ) ;
#3052 = FACE_BOUND ( 'NONE', #4197, .T. ) ;
#3053 = CARTESIAN_POINT ( 'NONE',  ( -0.5389643551289232670, 0.1351986256704066636, 5.082197683525802034E-18 ) ) ;
#3054 = CARTESIAN_POINT ( 'NONE',  ( 0.1918026825495636190, 0.2600103686658725710, 6.776263578034402713E-18 ) ) ;
#3055 = VECTOR ( 'NONE', #1788, 1000.000000000000000 ) ;
#3056 = CARTESIAN_POINT ( 'NONE',  ( -0.5775860433267933081, 0.000000000000000000, 0.01000000000000000021 ) ) ;
#3057 = PLANE ( 'NONE',  #828 ) ;
#3058 = DIRECTION ( 'NONE',  ( 0.000000000000000000, -1.000000000000000000, 0.000000000000000000 ) ) ;
#3059 =( GEOMETRIC_REPRESENTATION_CONTEXT ( 3 ) GLOBAL_UNCERTAINTY_ASSIGNED_CONTEXT ( ( #2540 ) ) GLOBAL_UNIT_ASSIGNED_CONTEXT ( ( #301, #3250, #3893 ) ) REPRESENTATION_CONTEXT ( 'NONE', 'WORKASPACE' ) );
#3060 = CARTESIAN_POINT ( 'NONE',  ( -0.4362160401123201248, 0.2598207000235928654, -0.000000000000000000 ) ) ;
#3061 = ORIENTED_EDGE ( 'NONE', *, *, #2437, .F. ) ;
#3062 = UNCERTAINTY_MEASURE_WITH_UNIT (LENGTH_MEASURE( 1.000000000000000082E-05 ), #1422, 'distance_accuracy_value', 'NONE');
#3063 = CARTESIAN_POINT ( 'NONE',  ( -0.002676841083462754185, 0.04790162325340480143, 0.01000000000000000021 ) ) ;
#3064 = CARTESIAN_POINT ( 'NONE',  ( -0.4824786907965933902, 0.06434757892761271136, 0.000000000000000000 ) ) ;
#3065 = CARTESIAN_POINT ( 'NONE',  ( -0.002676841083462754185, 0.04790162325340480143, 6.776263578034402713E-18 ) ) ;
#3066 = VERTEX_POINT ( 'NONE', #3056 ) ;
#3067 = CARTESIAN_POINT ( 'NONE',  ( -1.663507616997317085, -1.540000000000000480, -0.02889172947462113200 ) ) ;
#3068 = CARTESIAN_POINT ( 'NONE',  ( -0.4232823187021286238, 0.002138246980842503035, 0.000000000000000000 ) ) ;
#3069 = VERTEX_POINT ( 'NONE', #3412 ) ;
#3070 = ORIENTED_EDGE ( 'NONE', *, *, #1916, .F. ) ;
#3071 = CARTESIAN_POINT ( 'NONE',  ( -0.4688461512656643682, 0.2803113922170010208, 6.776263578034402713E-18 ) ) ;
#3072 = CARTESIAN_POINT ( 'NONE',  ( -0.09681681255756247051, 0.03076923076923076747, 0.01000000000000000021 ) ) ;
#3073 = SURFACE_STYLE_FILL_AREA ( #3327 ) ;
#3074 = CARTESIAN_POINT ( 'NONE',  ( -0.3837047704644246382, 0.2680986859206195838, 0.01000000000000000021 ) ) ;
#3075 = CARTESIAN_POINT ( 'NONE',  ( -0.4211364704605603526, 0.2959343974568476310, 6.776263578034402713E-18 ) ) ;
#3076 = CARTESIAN_POINT ( 'NONE',  ( -0.4799222725447530036, 0.2333025236799476931, 0.000000000000000000 ) ) ;
#3077 = ORIENTED_EDGE ( 'NONE', *, *, #646, .F. ) ;
#3078 = DIRECTION ( 'NONE',  ( -0.000000000000000000, -0.000000000000000000, -1.000000000000000000 ) ) ;
#3079 = CARTESIAN_POINT ( 'NONE',  ( -0.4428244743619709212, 0.03936586158564101684, -0.000000000000000000 ) ) ;
#3080 = CARTESIAN_POINT ( 'NONE',  ( -0.3409874856344856653, 0.2692307692307692735, 0.000000000000000000 ) ) ;
#3081 = EDGE_CURVE ( 'NONE', #3582, #1625, #2214, .T. ) ;
#3082 = CARTESIAN_POINT ( 'NONE',  ( 0.4608754951347451834, 0.2999999999999999889, 0.000000000000000000 ) ) ;
#3083 = CARTESIAN_POINT ( 'NONE',  ( -0.4708520851050412848, 0.01613926233517631176, 0.000000000000000000 ) ) ;
#3084 = VERTEX_POINT ( 'NONE', #4079 ) ;
#3085 = MECHANICAL_DESIGN_GEOMETRIC_PRESENTATION_REPRESENTATION (  '', ( #3907 ), #2650 ) ;
#3086 = AXIS2_PLACEMENT_3D ( 'NONE', #3932, #633, #675 ) ;
#3087 = CARTESIAN_POINT ( 'NONE',  ( 0.03874792616141315565, 0.2869338797963786325, 0.000000000000000000 ) ) ;
#3088 = CARTESIAN_POINT ( 'NONE',  ( 2.214771495659211276, -1.539999999999999591, 0.2388917294746209230 ) ) ;
#3089 = SURFACE_STYLE_USAGE ( .BOTH. , #3721 ) ;
#3090 = CARTESIAN_POINT ( 'NONE',  ( -0.4400860433267932414, 0.03840144230769230310, 0.01000000000000000021 ) ) ;
#3091 = VERTEX_POINT ( 'NONE', #130 ) ;
#3092 = VERTEX_POINT ( 'NONE', #2065 ) ;
#3093 = DIRECTION ( 'NONE',  ( 1.000000000000000000, 0.000000000000000000, 0.000000000000000000 ) ) ;
#3094 = CARTESIAN_POINT ( 'NONE',  ( 0.1187663559442608957, -0.007653739789768460380, 0.01000000000000000021 ) ) ;
#3095 = LINE ( 'NONE', #1840, #2051 ) ;
#3096 = PLANE ( 'NONE',  #2409 ) ;
#3097 = VECTOR ( 'NONE', #1679, 1000.000000000000000 ) ;
#3098 = VECTOR ( 'NONE', #1758, 1000.000000000000000 ) ;
#3099 = CARTESIAN_POINT ( 'NONE',  ( -0.4487398894806394201, 0.2891826923076923350, 0.01000000000000000021 ) ) ;
#3100 = LINE ( 'NONE', #3130, #3310 ) ;
#3101 = DIRECTION ( 'NONE',  ( -0.6110827052537914916, 0.000000000000000000, 0.7915667548221739791 ) ) ;
#3102 = CARTESIAN_POINT ( 'NONE',  ( -0.3592769778517615475, 0.03079049617272227451, 0.01000000000000000021 ) ) ;
#3103 = EDGE_CURVE ( 'NONE', #1532, #3393, #2643, .T. ) ;
#3104 = FILL_AREA_STYLE_COLOUR ( '', #3411 ) ;
#3105 = LINE ( 'NONE', #1155, #872 ) ;
#3106 = VERTEX_POINT ( 'NONE', #1690 ) ;
#3107 = CARTESIAN_POINT ( 'NONE',  ( -0.4063076951288357441, 0.03259747319825878620, 0.01000000000000000021 ) ) ;
#3108 =( GEOMETRIC_REPRESENTATION_CONTEXT ( 3 ) GLOBAL_UNCERTAINTY_ASSIGNED_CONTEXT ( ( #2074 ) ) GLOBAL_UNIT_ASSIGNED_CONTEXT ( ( #2695, #680, #2711 ) ) REPRESENTATION_CONTEXT ( 'NONE', 'WORKASPACE' ) );
#3109 = CARTESIAN_POINT ( 'NONE',  ( 0.03927602984470044550, 0.01296014774366909157, 0.01000000000000000021 ) ) ;
#3110 = CARTESIAN_POINT ( 'NONE',  ( -0.3859394087114086380, 0.000000000000000000, 0.000000000000000000 ) ) ;
#3111 = SURFACE_STYLE_USAGE ( .BOTH. , #2728 ) ;
#3112 = VERTEX_POINT ( 'NONE', #1772 ) ;
#3113 = FACE_OUTER_BOUND ( 'NONE', #2960, .T. ) ;
#3114 = DIRECTION ( 'NONE',  ( -1.000000000000000000, -2.532970098855156145E-16, 0.000000000000000000 ) ) ;
#3115 = VERTEX_POINT ( 'NONE', #1104 ) ;
#3116 = EDGE_CURVE ( 'NONE', #2767, #3066, #1771, .T. ) ;
#3117 = DIRECTION ( 'NONE',  ( 2.168404344971008868E-16, -1.000000000000000000, 0.000000000000000000 ) ) ;
#3118 = CARTESIAN_POINT ( 'NONE',  ( 0.03776971055317279724, 0.05106186223786592787, 0.01000000000000000021 ) ) ;
#3119 = DIRECTION ( 'NONE',  ( 0.000000000000000000, -0.000000000000000000, 1.000000000000000000 ) ) ;
#3120 = CARTESIAN_POINT ( 'NONE',  ( 0.1839496907026298422, 0.2639282195193217717, 0.01000000000000000021 ) ) ;
#3121 = ORIENTED_EDGE ( 'NONE', *, *, #220, .F. ) ;
#3122 = ORIENTED_EDGE ( 'NONE', *, *, #710, .F. ) ;
#3123 = VERTEX_POINT ( 'NONE', #101 ) ;
#3124 = DIRECTION ( 'NONE',  ( -1.000000000000000000, 0.000000000000000000, 0.000000000000000000 ) ) ;
#3125 = CARTESIAN_POINT ( 'NONE',  ( 0.04932475448787059652, 0.2922793724851617814, 0.01000000000000000021 ) ) ;
#3126 = CARTESIAN_POINT ( 'NONE',  ( 0.05591258056229378437, 0.004770647326248448651, 6.776263578034402713E-18 ) ) ;
#3127 = CARTESIAN_POINT ( 'NONE',  ( -0.5153463615668992803, 0.05864160108727537596, 0.01000000000000000021 ) ) ;
#3128 = DIRECTION ( 'NONE',  ( 0.4285960263555440020, -0.9034962347415941286, 0.000000000000000000 ) ) ;
#3129 = SURFACE_STYLE_FILL_AREA ( #795 ) ;
#3130 = CARTESIAN_POINT ( 'NONE',  ( -1.500000000000001332, 1.539999999999999591, 0.009999999999999998473 ) ) ;
#3131 = CARTESIAN_POINT ( 'NONE',  ( -0.7885836394806394756, 0.09615384615384615918, 0.000000000000000000 ) ) ;
#3132 = CARTESIAN_POINT ( 'NONE',  ( 0.2746711196727237292, 0.09365209332148413668, 0.01000000000000000021 ) ) ;
#3133 = CARTESIAN_POINT ( 'NONE',  ( 0.2570293412885913398, 0.1496995192307692124, 0.01000000000000000021 ) ) ;
#3134 = FILL_AREA_STYLE_COLOUR ( '', #2855 ) ;
#3135 = B_SPLINE_CURVE_WITH_KNOTS ( 'NONE', 3,
 ( #4047, #409, #2400, #740, #1130, #441, #1145, #2787, #427, #2759, #1077, #3743, #3378, #768, #1423, #2432, #2102, #2088, #3420 ),
 .UNSPECIFIED., .F., .F.,
 ( 4, 1, 1, 1, 1, 1, 1, 1, 1, 1, 1, 1, 1, 1, 1, 1, 4 ),
 ( 0.000000000000000000, 0.06167423887742583266, 0.1230530616348055467, 0.1834750007317018927, 0.2437265005106115101, 0.3042789165122535833, 0.3648629209606825685, 0.4259462039686192081, 0.4873912299654076241, 0.5492203840754763533, 0.6111435886926027683, 0.6735285303101515852, 0.7369614566573037262, 0.8007852828728397876, 0.8660125956416145909, 0.9321007477905784988, 1.000000000000000000 ),
 .UNSPECIFIED. ) ;
#3136 = ORIENTED_EDGE ( 'NONE', *, *, #2044, .F. ) ;
#3137 = CARTESIAN_POINT ( 'NONE',  ( 0.2519471134022092662, 0.1115917887370263678, 0.01000000000000000021 ) ) ;
#3138 = CARTESIAN_POINT ( 'NONE',  ( 0.2519471134022092662, 0.1115917887370263678, 0.000000000000000000 ) ) ;
#3139 = ORIENTED_EDGE ( 'NONE', *, *, #2012, .T. ) ;
#3140 = EDGE_CURVE ( 'NONE', #2767, #1625, #4284, .T. ) ;
#3141 = CARTESIAN_POINT ( 'NONE',  ( -0.4708520851050412848, 0.01613926233517631176, 0.01000000000000000021 ) ) ;
#3142 = CARTESIAN_POINT ( 'NONE',  ( 0.2252395500206335055, 0.2341586863871911450, 0.01000000000000000021 ) ) ;
#3143 = CARTESIAN_POINT ( 'NONE',  ( 0.1839496907026298422, 0.2639282195193217717, 0.000000000000000000 ) ) ;
#3144 = AXIS2_PLACEMENT_3D ( 'NONE', #3756, #1803, #765 ) ;
#3145 = CARTESIAN_POINT ( 'NONE',  ( 0.09169082415466305036, 0.02592023319806468010, 6.776263578034402713E-18 ) ) ;
#3146 = CARTESIAN_POINT ( 'NONE',  ( -1.584350941515098921, -1.540000000000000480, 0.009999999999999989800 ) ) ;
#3147 = LINE ( 'NONE', #3922, #41 ) ;
#3148 = CARTESIAN_POINT ( 'NONE',  ( 0.2547305134974319762, 0.1755351880065266490, 0.01000000000000000021 ) ) ;
#3149 = CARTESIAN_POINT ( 'NONE',  ( 0.2002146018179422615, 0.2903009241675001961, 0.01000000000000000021 ) ) ;
#3150 = VECTOR ( 'NONE', #2448, 1000.000000000000000 ) ;
#3151 = CARTESIAN_POINT ( 'NONE',  ( 0.2459115528270528761, 0.04477163461538460898, 0.000000000000000000 ) ) ;
#3152 = DIRECTION ( 'NONE',  ( 0.000000000000000000, -0.000000000000000000, -1.000000000000000000 ) ) ;
#3153 = FACE_OUTER_BOUND ( 'NONE', #2346, .T. ) ;
#3154 = LINE ( 'NONE', #2274, #2269 ) ;
#3155 = CARTESIAN_POINT ( 'NONE',  ( -0.09681681255756247051, 0.1461538461538461620, 0.01000000000000000021 ) ) ;
#3156 = ORIENTED_EDGE ( 'NONE', *, *, #4087, .F. ) ;
#3157 = ORIENTED_EDGE ( 'NONE', *, *, #3396, .T. ) ;
#3158 = CARTESIAN_POINT ( 'NONE',  ( -0.2391245048652548000, 0.000000000000000000, 0.000000000000000000 ) ) ;
#3159 = VECTOR ( 'NONE', #3557, 1000.000000000000000 ) ;
#3160 = CARTESIAN_POINT ( 'NONE',  ( 0.2627119645880857113, 0.06794739580827154068, 0.01000000000000000021 ) ) ;
#3161 = ADVANCED_FACE ( 'NONE', ( #1868 ), #2420, .T. ) ;
#3162 = CARTESIAN_POINT ( 'NONE',  ( 0.2726530107789131852, 0.2125095434472810130, 0.01000000000000000021 ) ) ;
#3163 = VECTOR ( 'NONE', #1295, 1000.000000000000000 ) ;
#3164 = MECHANICAL_DESIGN_GEOMETRIC_PRESENTATION_REPRESENTATION (  '', ( #3244 ), #2187 ) ;
#3165 = EDGE_CURVE ( 'NONE', #889, #1236, #1152, .T. ) ;
#3166 = CARTESIAN_POINT ( 'NONE',  ( 0.2567088355767033758, 0.1365596131074418851, 0.01000000000000000021 ) ) ;
#3167 = ORIENTED_EDGE ( 'NONE', *, *, #3192, .F. ) ;
#3168 = AXIS2_PLACEMENT_3D ( 'NONE', #900, #3215, #3273 ) ;
#3169 = CARTESIAN_POINT ( 'NONE',  ( -0.4115018359171911944, 0.0009274133433240911405, 5.082197683525802034E-18 ) ) ;
#3170 = VECTOR ( 'NONE', #3478, 1000.000000000000000 ) ;
#3171 = VERTEX_POINT ( 'NONE', #773 ) ;
#3172 = UNCERTAINTY_MEASURE_WITH_UNIT (LENGTH_MEASURE( 1.000000000000000082E-05 ), #2178, 'distance_accuracy_value', 'NONE');
#3173 = CARTESIAN_POINT ( 'NONE',  ( 0.2627119645880857113, 0.06794739580827154068, 6.776263578034402713E-18 ) ) ;
#3174 = CARTESIAN_POINT ( 'NONE',  ( 0.1171164871770531551, 0.02322167562700078527, 0.01000000000000000021 ) ) ;
#3175 = ORIENTED_EDGE ( 'NONE', *, *, #3515, .F. ) ;
#3176 = ORIENTED_EDGE ( 'NONE', *, *, #2122, .T. ) ;
#3177 = CARTESIAN_POINT ( 'NONE',  ( -0.8622014279421779115, 0.000000000000000000, 0.01000000000000000021 ) ) ;
#3178 = DIRECTION ( 'NONE',  ( 0.000000000000000000, -0.000000000000000000, -1.000000000000000000 ) ) ;
#3179 = CARTESIAN_POINT ( 'NONE',  ( -0.3989718396581019011, 0.0001085905410398046485, 0.01000000000000000021 ) ) ;
#3180 = EDGE_CURVE ( 'NONE', #3642, #3171, #3402, .T. ) ;
#3181 = EDGE_CURVE ( 'NONE', #2043, #630, #770, .T. ) ;
#3182 = FACE_OUTER_BOUND ( 'NONE', #1029, .T. ) ;
#3183 =( NAMED_UNIT ( * ) PLANE_ANGLE_UNIT ( ) SI_UNIT ( $, .RADIAN. ) );
#3184 = SURFACE_SIDE_STYLE ('',( #1580 ) ) ;
#3185 = ORIENTED_EDGE ( 'NONE', *, *, #482, .T. ) ;
#3186 = CARTESIAN_POINT ( 'NONE',  ( 0.2838191159067764424, 0.1571389701936481420, 6.776263578034402713E-18 ) ) ;
#3187 = PLANE ( 'NONE',  #4100 ) ;
#3188 = VERTEX_POINT ( 'NONE', #3736 ) ;
#3189 = CARTESIAN_POINT ( 'NONE',  ( -0.3957937812440531777, 0.2672340583770219657, 6.776263578034402713E-18 ) ) ;
#3190 = ORIENTED_EDGE ( 'NONE', *, *, #3727, .T. ) ;
#3191 = ORIENTED_EDGE ( 'NONE', *, *, #2112, .T. ) ;
#3192 = EDGE_CURVE ( 'NONE', #2176, #2953, #982, .T. ) ;
#3193 = CARTESIAN_POINT ( 'NONE',  ( -0.4921227797423073924, 0.03102917762772413809, 0.01000000000000000021 ) ) ;
#3194 = ORIENTED_EDGE ( 'NONE', *, *, #195, .T. ) ;
#3195 = CARTESIAN_POINT ( 'NONE',  ( -0.2929706587114087046, 0.000000000000000000, 0.01000000000000000021 ) ) ;
#3196 = B_SPLINE_CURVE_WITH_KNOTS ( 'NONE', 3,
 ( #380, #2322, #999, #2340, #1681, #1998, #3307, #1403, #1988, #2651, #12, #3966, #38, #347, #4006, #2365, #2354, #2374, #26 ),
 .UNSPECIFIED., .F., .F.,
 ( 4, 1, 1, 1, 1, 1, 1, 1, 1, 1, 1, 1, 1, 1, 1, 1, 4 ),
 ( 0.000000000000000000, 0.06966280089907717077, 0.1377495622582725898, 0.2039167435177823839, 0.2687798623293365385, 0.3324137064772237360, 0.3947535404471391729, 0.4561800316591683169, 0.5169956491967196976, 0.5773959379659517888, 0.6371983435092750669, 0.6969991842614545741, 0.7567561942255591756, 0.8165539052726074054, 0.8769479965978698166, 0.9381317879205948174, 1.000000000000000000 ),
 .UNSPECIFIED. ) ;
#3197 = PRESENTATION_LAYER_ASSIGNMENT (  '', '', ( #2841 ) ) ;
#3198 = VECTOR ( 'NONE', #656, 1000.000000000000000 ) ;
#3199 = DIRECTION ( 'NONE',  ( -0.000000000000000000, -0.000000000000000000, -1.000000000000000000 ) ) ;
#3200 = CARTESIAN_POINT ( 'NONE',  ( -0.8329346010191007732, 0.000000000000000000, 0.01000000000000000021 ) ) ;
#3201 = VECTOR ( 'NONE', #4270, 1000.000000000000000 ) ;
#3202 = LINE ( 'NONE', #1360, #2426 ) ;
#3203 = SURFACE_SIDE_STYLE ('',( #1271 ) ) ;
#3204 = LINE ( 'NONE', #1824, #515 ) ;
#3205 = CARTESIAN_POINT ( 'NONE',  ( -0.3949829943237055940, 0.03177675224323132236, 0.000000000000000000 ) ) ;
#3206 = SURFACE_STYLE_FILL_AREA ( #1649 ) ;
#3207 = ORIENTED_EDGE ( 'NONE', *, *, #2189, .T. ) ;
#3208 = FACE_OUTER_BOUND ( 'NONE', #974, .T. ) ;
#3209 = CARTESIAN_POINT ( 'NONE',  ( 0.1501166770267959305, 0.02516071276677626575, 0.01000000000000000021 ) ) ;
#3210 = CARTESIAN_POINT ( 'NONE',  ( 0.09234472481545728806, 0.3054417736472029854, 0.01000000000000000021 ) ) ;
#3211 = VECTOR ( 'NONE', #2749, 1000.000000000000000 ) ;
#3212 = DIRECTION ( 'NONE',  ( -1.000000000000000000, 0.000000000000000000, 1.205012674960150487E-16 ) ) ;
#3213 = PLANE ( 'NONE',  #486 ) ;
#3214 = LINE ( 'NONE', #3912, #1478 ) ;
#3215 = DIRECTION ( 'NONE',  ( 0.000000000000000000, 1.000000000000000000, 0.000000000000000000 ) ) ;
#3216 = VERTEX_POINT ( 'NONE', #3796 ) ;
#3217 = DIRECTION ( 'NONE',  ( 0.000000000000000000, -0.000000000000000000, 1.000000000000000000 ) ) ;
#3218 = CARTESIAN_POINT ( 'NONE',  ( -0.5120381848189120566, 0.1364192436437385858, 1.016439536705160407E-17 ) ) ;
#3219 = ADVANCED_FACE ( 'NONE', ( #2054 ), #1797, .T. ) ;
#3220 = ORIENTED_EDGE ( 'NONE', *, *, #1569, .T. ) ;
#3221 = CARTESIAN_POINT ( 'NONE',  ( 0.2474766093531734490, 0.1994321619810706936, 6.776263578034402713E-18 ) ) ;
#3222 = EDGE_CURVE ( 'NONE', #3066, #3326, #4177, .T. ) ;
#3223 = PLANE ( 'NONE',  #747 ) ;
#3224 = DIRECTION ( 'NONE',  ( 2.168404344971008868E-16, -1.000000000000000000, 0.000000000000000000 ) ) ;
#3225 = ADVANCED_FACE ( 'NONE', ( #1088 ), #4164, .T. ) ;
#3226 = EDGE_LOOP ( 'NONE', ( #246, #1021, #894, #1976, #2236, #330, #4240, #1885 ) ) ;
#3227 = AXIS2_PLACEMENT_3D ( 'NONE', #1893, #3555, #3212 ) ;
#3228 = ORIENTED_EDGE ( 'NONE', *, *, #1480, .F. ) ;
#3229 = CARTESIAN_POINT ( 'NONE',  ( 0.003083264852835830225, 0.2590792432481395235, 0.01000000000000000021 ) ) ;
#3230 = DIRECTION ( 'NONE',  ( 0.000000000000000000, -1.000000000000000000, 0.000000000000000000 ) ) ;
#3231 = CARTESIAN_POINT ( 'NONE',  ( 0.2549869059979873454, 0.05592288312897580882, 0.01000000000000000021 ) ) ;
#3232 = EDGE_CURVE ( 'NONE', #1793, #1047, #580, .T. ) ;
#3233 = CARTESIAN_POINT ( 'NONE',  ( -0.4975270690866755996, 0.08462181312262011257, 0.01000000000000000021 ) ) ;
#3234 = CARTESIAN_POINT ( 'NONE',  ( -0.5120381848189120566, 0.1364192436437385858, 0.01000000000000000021 ) ) ;
#3235 = COLOUR_RGB ( '',0.6470588235294117974, 0.6196078431372549211, 0.5882352941176470784 ) ;
#3236 = CARTESIAN_POINT ( 'NONE',  ( -0.5090434045326451828, 0.2452903574658287511, 0.000000000000000000 ) ) ;
#3237 = CARTESIAN_POINT ( 'NONE',  ( 1.499999999999999556, 1.550000000000000044, 0.000000000000000000 ) ) ;
#3238 = ORIENTED_EDGE ( 'NONE', *, *, #2864, .T. ) ;
#3239 = CARTESIAN_POINT ( 'NONE',  ( 0.08277806921251289196, 0.3036318248060793090, 0.01000000000000000021 ) ) ;
#3240 = ADVANCED_FACE ( 'NONE', ( #1208 ), #511, .T. ) ;
#3241 = EDGE_CURVE ( 'NONE', #1377, #2492, #160, .T. ) ;
#3242 = ORIENTED_EDGE ( 'NONE', *, *, #3834, .T. ) ;
#3243 = CARTESIAN_POINT ( 'NONE',  ( -0.2391245048652548000, 0.000000000000000000, 0.01000000000000000021 ) ) ;
#3244 = STYLED_ITEM ( 'NONE', ( #462 ), #618 ) ;
#3245 = ADVANCED_FACE ( 'NONE', ( #3875 ), #1085, .T. ) ;
#3246 = CARTESIAN_POINT ( 'NONE',  ( 0.2569211853722566663, 0.1452654060945363645, 0.01000000000000000021 ) ) ;
#3247 = DIRECTION ( 'NONE',  ( 0.000000000000000000, 1.000000000000000000, 0.000000000000000000 ) ) ;
#3248 = CARTESIAN_POINT ( 'NONE',  ( -0.09681681255756247051, 0.2692307692307692180, 0.000000000000000000 ) ) ;
#3249 = CARTESIAN_POINT ( 'NONE',  ( -0.5109846317687727346, 0.1667887550276296871, 0.01000000000000000021 ) ) ;
#3250 =( NAMED_UNIT ( * ) PLANE_ANGLE_UNIT ( ) SI_UNIT ( $, .RADIAN. ) );
#3251 = UNCERTAINTY_MEASURE_WITH_UNIT (LENGTH_MEASURE( 1.000000000000000082E-05 ), #840, 'distance_accuracy_value', 'NONE');
#3252 = EDGE_CURVE ( 'NONE', #1950, #3115, #1781, .T. ) ;
#3253 = CARTESIAN_POINT ( 'NONE',  ( 0.009508534441567212392, 0.2654390371887396238, 3.388131789017201356E-18 ) ) ;
#3254 = FACE_OUTER_BOUND ( 'NONE', #3671, .T. ) ;
#3255 = CARTESIAN_POINT ( 'NONE',  ( 1.747188556591409148, 3.474214125298948019, 0.5899999999999999689 ) ) ;
#3256 = CARTESIAN_POINT ( 'NONE',  ( 0.1317803740996316419, -0.007625446230164882079, 0.01000000000000000021 ) ) ;
#3257 = DIRECTION ( 'NONE',  ( -0.000000000000000000, -0.000000000000000000, -1.000000000000000000 ) ) ;
#3258 = CARTESIAN_POINT ( 'NONE',  ( -2.146530383509390294, 3.474214125298947131, -0.4000000000000000222 ) ) ;
#3259 = EDGE_LOOP ( 'NONE', ( #2127, #1102, #1798, #2782 ) ) ;
#3260 = VECTOR ( 'NONE', #3011, 999.9999999999998863 ) ;
#3261 = ORIENTED_EDGE ( 'NONE', *, *, #469, .T. ) ;
#3262 = CARTESIAN_POINT ( 'NONE',  ( -0.4063076951288357441, 0.03259747319825878620, 0.000000000000000000 ) ) ;
#3263 = ADVANCED_FACE ( 'NONE', ( #2018 ), #2527, .T. ) ;
#3264 = CARTESIAN_POINT ( 'NONE',  ( -0.5071013253512199892, 0.1858566561063861589, 0.01000000000000000021 ) ) ;
#3265 = ORIENTED_EDGE ( 'NONE', *, *, #2122, .F. ) ;
#3266 = VECTOR ( 'NONE', #4080, 1000.000000000000000 ) ;
#3267 = FILL_AREA_STYLE ('',( #3293 ) ) ;
#3268 = CARTESIAN_POINT ( 'NONE',  ( -0.7198937356344854432, 0.2999999999999999889, 0.01000000000000000021 ) ) ;
#3269 = PRESENTATION_LAYER_ASSIGNMENT (  '', '', ( #1009 ) ) ;
#3270 = VERTEX_POINT ( 'NONE', #4104 ) ;
#3271 = CARTESIAN_POINT ( 'NONE',  ( 0.06435611003410063313, 0.2984591716815507279, 0.01000000000000000021 ) ) ;
#3272 = DIRECTION ( 'NONE',  ( 1.000000000000000000, 0.000000000000000000, -0.000000000000000000 ) ) ;
#3273 = DIRECTION ( 'NONE',  ( 0.000000000000000000, -0.000000000000000000, 1.000000000000000000 ) ) ;
#3274 = ORIENTED_EDGE ( 'NONE', *, *, #2864, .F. ) ;
#3275 = CARTESIAN_POINT ( 'NONE',  ( -0.7744009471729470517, 0.1269230769230769162, 0.01000000000000000021 ) ) ;
#3276 = UNCERTAINTY_MEASURE_WITH_UNIT (LENGTH_MEASURE( 1.000000000000000082E-05 ), #2929, 'distance_accuracy_value', 'NONE');
#3277 = CARTESIAN_POINT ( 'NONE',  ( 0.1679337112419405087, -0.002703185478267240358, 0.01000000000000000021 ) ) ;
#3278 = ORIENTED_EDGE ( 'NONE', *, *, #922, .T. ) ;
#3279 = CARTESIAN_POINT ( 'NONE',  ( 0.2528512691976013138, 0.1837245679359472972, 0.01000000000000000021 ) ) ;
#3280 = EDGE_LOOP ( 'NONE', ( #3941, #592, #2629, #4278, #1535, #3710, #4217, #327, #355, #3848, #2665, #76 ) ) ;
#3281 = CARTESIAN_POINT ( 'NONE',  ( 0.01520241821166827892, 0.07307692307692308098, 0.000000000000000000 ) ) ;
#3282 = FACE_OUTER_BOUND ( 'NONE', #31, .T. ) ;
#3283 = PRESENTATION_LAYER_ASSIGNMENT (  '', '', ( #1525 ) ) ;
#3284 = STYLED_ITEM ( 'NONE', ( #358 ), #1941 ) ;
#3285 = PRODUCT_CONTEXT ( 'NONE', #3942, 'mechanical' ) ;
#3286 = ADVANCED_FACE ( 'NONE', ( #2440 ), #3213, .T. ) ;
#3287 = CARTESIAN_POINT ( 'NONE',  ( 0.01688292292791431295, 0.2289258743371738736, 6.776263578034402713E-18 ) ) ;
#3288 = LINE ( 'NONE', #2197, #79 ) ;
#3289 = CARTESIAN_POINT ( 'NONE',  ( 0.2143939465941328559, 0.01707238732737900028, 0.01000000000000000021 ) ) ;
#3290 = ORIENTED_EDGE ( 'NONE', *, *, #2818, .T. ) ;
#3291 = CARTESIAN_POINT ( 'NONE',  ( -0.4508010430000920499, 0.2541725782435884651, 0.01000000000000000021 ) ) ;
#3292 = EDGE_LOOP ( 'NONE', ( #1838, #531, #3185, #2309 ) ) ;
#3293 = FILL_AREA_STYLE_COLOUR ( '', #1963 ) ;
#3294 =( NAMED_UNIT ( * ) PLANE_ANGLE_UNIT ( ) SI_UNIT ( $, .RADIAN. ) );
#3295 = EDGE_LOOP ( 'NONE', ( #56, #3290, #1335, #449 ) ) ;
#3296 = CARTESIAN_POINT ( 'NONE',  ( 0.2212686969531550141, 0.02173995964940570597, 6.776263578034402713E-18 ) ) ;
#3297 = EDGE_LOOP ( 'NONE', ( #3688, #2242, #2839, #3955 ) ) ;
#3298 = STYLED_ITEM ( 'NONE', ( #1168 ), #247 ) ;
#3299 = CARTESIAN_POINT ( 'NONE',  ( 0.1223538605193605355, 0.02307692307692307473, 0.01000000000000000021 ) ) ;
#3300 = CARTESIAN_POINT ( 'NONE',  ( -0.5318712967983471041, 0.09409962125205974248, 0.000000000000000000 ) ) ;
#3301 = FACE_OUTER_BOUND ( 'NONE', #3507, .T. ) ;
#3302 = CARTESIAN_POINT ( 'NONE',  ( 0.1187585083791466573, 0.2767850969750489942, 0.01000000000000000021 ) ) ;
#3303 = UNCERTAINTY_MEASURE_WITH_UNIT (LENGTH_MEASURE( 1.000000000000000082E-05 ), #4286, 'distance_accuracy_value', 'NONE');
#3304 = EDGE_CURVE ( 'NONE', #3020, #85, #3416, .T. ) ;
#3305 = CARTESIAN_POINT ( 'NONE',  ( 0.1225341489808990103, 0.3076923076923076539, 0.01000000000000000021 ) ) ;
#3306 = ADVANCED_FACE ( 'NONE', ( #1108 ), #2600, .T. ) ;
#3307 = CARTESIAN_POINT ( 'NONE',  ( 0.1679337112419405087, -0.002703185478267240358, 0.000000000000000000 ) ) ;
#3308 = VECTOR ( 'NONE', #3101, 1000.000000000000114 ) ;
#3309 =( GEOMETRIC_REPRESENTATION_CONTEXT ( 3 ) GLOBAL_UNCERTAINTY_ASSIGNED_CONTEXT ( ( #3276 ) ) GLOBAL_UNIT_ASSIGNED_CONTEXT ( ( #2929, #2940, #951 ) ) REPRESENTATION_CONTEXT ( 'NONE', 'WORKASPACE' ) );
#3310 = VECTOR ( 'NONE', #1119, 1000.000000000000000 ) ;
#3311 = CIRCLE ( 'NONE', #2069, 0.4000000000000001887 ) ;
#3312 = ORIENTED_EDGE ( 'NONE', *, *, #291, .T. ) ;
#3313 =( LENGTH_UNIT ( ) NAMED_UNIT ( * ) SI_UNIT ( .MILLI., .METRE. ) );
#3314 = CARTESIAN_POINT ( 'NONE',  ( 0.04696934474487004380, 0.2912596004883941103, 0.01000000000000000021 ) ) ;
#3315 = VECTOR ( 'NONE', #4152, 1000.000000000000000 ) ;
#3316 = CARTESIAN_POINT ( 'NONE',  ( 0.2278621039994344899, 0.06839662145529275261, 5.082197683525802034E-18 ) ) ;
#3317 = DIRECTION ( 'NONE',  ( -0.000000000000000000, -0.000000000000000000, -1.000000000000000000 ) ) ;
#3318 = DIRECTION ( 'NONE',  ( 2.168404344971008868E-16, -1.000000000000000000, 0.000000000000000000 ) ) ;
#3319 = COLOUR_RGB ( '',0.6470588235294117974, 0.6196078431372549211, 0.5882352941176470784 ) ;
#3320 = ORIENTED_EDGE ( 'NONE', *, *, #2307, .F. ) ;
#3321 = CARTESIAN_POINT ( 'NONE',  ( -0.5298922993908486978, 0.2058206982981014010, 6.776263578034402713E-18 ) ) ;
#3322 =( NAMED_UNIT ( * ) PLANE_ANGLE_UNIT ( ) SI_UNIT ( $, .RADIAN. ) );
#3323 = EDGE_CURVE ( 'NONE', #4050, #273, #1883, .T. ) ;
#3324 = FILL_AREA_STYLE_COLOUR ( '', #1718 ) ;
#3325 = EDGE_CURVE ( 'NONE', #122, #3791, #1260, .T. ) ;
#3326 = VERTEX_POINT ( 'NONE', #2588 ) ;
#3327 = FILL_AREA_STYLE ('',( #2981 ) ) ;
#3328 = ORIENTED_EDGE ( 'NONE', *, *, #500, .F. ) ;
#3329 = FILL_AREA_STYLE ('',( #2361 ) ) ;
#3330 = ORIENTED_EDGE ( 'NONE', *, *, #1037, .F. ) ;
#3331 = CARTESIAN_POINT ( 'NONE',  ( 0.1242168412885913259, 0.2769230769230768829, 6.776263578034402713E-18 ) ) ;
#3332 = CARTESIAN_POINT ( 'NONE',  ( -0.5298922993908486978, 0.2058206982981014010, 0.01000000000000000021 ) ) ;
#3333 = CARTESIAN_POINT ( 'NONE',  ( 0.2488245158618008490, 0.2513799678531679072, 0.01000000000000000021 ) ) ;
#3334 = LINE ( 'NONE', #2830, #231 ) ;
#3335 = CARTESIAN_POINT ( 'NONE',  ( -0.5152926870495144751, 0.2361982156385858955, 0.01000000000000000021 ) ) ;
#3336 = EDGE_CURVE ( 'NONE', #3886, #1161, #3516, .T. ) ;
#3337 = CARTESIAN_POINT ( 'NONE',  ( -0.6069730625575624483, 0.000000000000000000, 0.01000000000000000021 ) ) ;
#3338 =( LENGTH_UNIT ( ) NAMED_UNIT ( * ) SI_UNIT ( .MILLI., .METRE. ) );
#3339 = PRESENTATION_STYLE_ASSIGNMENT (( #3654 ) ) ;
#3340 = VERTEX_POINT ( 'NONE', #881 ) ;
#3341 = CARTESIAN_POINT ( 'NONE',  ( -0.4508010430000920499, 0.2541725782435884651, 0.01000000000000000021 ) ) ;
#3342 = CARTESIAN_POINT ( 'NONE',  ( -0.4522108671355594689, 0.2878600603953604953, 0.01000000000000000021 ) ) ;
#3343 = EDGE_LOOP ( 'NONE', ( #3265, #1802, #2849, #1626 ) ) ;
#3344 = CARTESIAN_POINT ( 'NONE',  ( -1.500000000000000444, -1.550000000000000488, 0.5999999999999999778 ) ) ;
#3345 = CARTESIAN_POINT ( 'NONE',  ( -0.5389430941657467056, 0.1588985913332284228, 6.776263578034402713E-18 ) ) ;
#3346 = CARTESIAN_POINT ( 'NONE',  ( 1.499999999999999556, -1.550000000000000044, 0.000000000000000000 ) ) ;
#3347 = SURFACE_STYLE_FILL_AREA ( #3876 ) ;
#3348 = CARTESIAN_POINT ( 'NONE',  ( -0.5005248521567977615, 0.2033859014525161157, 6.776263578034402713E-18 ) ) ;
#3349 =( NAMED_UNIT ( * ) PLANE_ANGLE_UNIT ( ) SI_UNIT ( $, .RADIAN. ) );
#3350 = VECTOR ( 'NONE', #3128, 1000.000000000000114 ) ;
#3351 = CARTESIAN_POINT ( 'NONE',  ( -0.7198937356344854432, 0.2999999999999999889, 0.000000000000000000 ) ) ;
#3352 = CARTESIAN_POINT ( 'NONE',  ( -0.5247056127295570693, 0.07557024522254575383, 0.000000000000000000 ) ) ;
#3354 = EDGE_CURVE ( 'NONE', #607, #139, #2551, .T. ) ;
#3353 = PRESENTATION_STYLE_ASSIGNMENT (( #51 ) ) ;
#3355 = ORIENTED_EDGE ( 'NONE', *, *, #720, .F. ) ;
#3356 = CARTESIAN_POINT ( 'NONE',  ( -0.5359299866025577508, 0.1832751389435782197, 6.776263578034402713E-18 ) ) ;
#3357 = CARTESIAN_POINT ( 'NONE',  ( -0.4306591730883424507, 0.2615130015098490746, -0.000000000000000000 ) ) ;
#3358 =( GEOMETRIC_REPRESENTATION_CONTEXT ( 3 ) GLOBAL_UNCERTAINTY_ASSIGNED_CONTEXT ( ( #520 ) ) GLOBAL_UNIT_ASSIGNED_CONTEXT ( ( #4055, #2067, #775 ) ) REPRESENTATION_CONTEXT ( 'NONE', 'WORKASPACE' ) );
#3359 = ORIENTED_EDGE ( 'NONE', *, *, #700, .T. ) ;
#3360 = FACE_OUTER_BOUND ( 'NONE', #2828, .T. ) ;
#3361 = DIRECTION ( 'NONE',  ( -0.000000000000000000, -0.000000000000000000, -1.000000000000000000 ) ) ;
#3362 = FACE_OUTER_BOUND ( 'NONE', #1751, .T. ) ;
#3363 = CARTESIAN_POINT ( 'NONE',  ( -1.500000000000000444, -1.545000000000000595, 0.005000000000000013982 ) ) ;
#3364 = CARTESIAN_POINT ( 'NONE',  ( 0.2193962401633072212, 0.2400422829993799356, 6.776263578034402713E-18 ) ) ;
#3365 = ORIENTED_EDGE ( 'NONE', *, *, #3996, .F. ) ;
#3366 = DIRECTION ( 'NONE',  ( -0.000000000000000000, -0.000000000000000000, -1.000000000000000000 ) ) ;
#3367 = ORIENTED_EDGE ( 'NONE', *, *, #855, .F. ) ;
#3368 = VECTOR ( 'NONE', #1537, 1000.000000000000000 ) ;
#3369 = CARTESIAN_POINT ( 'NONE',  ( -0.3592769778517615475, 0.03079049617272227451, 6.776263578034402713E-18 ) ) ;
#3370 = PLANE ( 'NONE',  #1978 ) ;
#3371 = CARTESIAN_POINT ( 'NONE',  ( -1.584350941515100031, 1.539999999999999591, -0.09000000000000002442 ) ) ;
#3372 = ORIENTED_EDGE ( 'NONE', *, *, #1462, .T. ) ;
#3373 = VERTEX_POINT ( 'NONE', #2211 ) ;
#3374 = PRESENTATION_LAYER_ASSIGNMENT (  '', '', ( #3457 ) ) ;
#3375 = CARTESIAN_POINT ( 'NONE',  ( -0.4362160401123201248, 0.2598207000235928654, 0.01000000000000000021 ) ) ;
#3376 = DIRECTION ( 'NONE',  ( 2.168404344971008868E-16, -1.000000000000000000, 0.000000000000000000 ) ) ;
#3377 = EDGE_CURVE ( 'NONE', #2990, #691, #3762, .T. ) ;
#3378 = CARTESIAN_POINT ( 'NONE',  ( 0.07364129574337878459, -0.001364666158712416963, -0.000000000000000000 ) ) ;
#3379 = CARTESIAN_POINT ( 'NONE',  ( 0.1420945068953160251, 0.2759101686161062328, 0.01000000000000000021 ) ) ;
#3380 = VECTOR ( 'NONE', #1052, 1000.000000000000000 ) ;
#3381 =( GEOMETRIC_REPRESENTATION_CONTEXT ( 3 ) GLOBAL_UNCERTAINTY_ASSIGNED_CONTEXT ( ( #2957 ) ) GLOBAL_UNIT_ASSIGNED_CONTEXT ( ( #296, #631, #3885 ) ) REPRESENTATION_CONTEXT ( 'NONE', 'WORKASPACE' ) );
#3382 = CARTESIAN_POINT ( 'NONE',  ( 0.05551907973142115871, 0.2951131832830706792, 0.000000000000000000 ) ) ;
#3383 = CARTESIAN_POINT ( 'NONE',  ( -0.008355274096024017938, 0.2449519230769230393, 0.01000000000000000021 ) ) ;
#3384 = EDGE_LOOP ( 'NONE', ( #3524, #312, #3877, #1167, #2076, #3176, #1141 ) ) ;
#3385 = CARTESIAN_POINT ( 'NONE',  ( -0.4306591730883424507, 0.2615130015098490746, 0.01000000000000000021 ) ) ;
#3386 = LINE ( 'NONE', #1608, #3035 ) ;
#3387 = VERTEX_POINT ( 'NONE', #1905 ) ;
#3388 = FILL_AREA_STYLE ('',( #3739 ) ) ;
#3389 = CARTESIAN_POINT ( 'NONE',  ( -0.4975270690866755996, 0.08462181312262011257, 0.000000000000000000 ) ) ;
#3390 = CARTESIAN_POINT ( 'NONE',  ( 0.01672810386416273901, 0.02853847755763280411, 6.776263578034402713E-18 ) ) ;
#3391 = CARTESIAN_POINT ( 'NONE',  ( -0.5380104137686970711, 0.1244294060468676411, 0.01000000000000000021 ) ) ;
#3392 = CARTESIAN_POINT ( 'NONE',  ( -0.4921227797423073924, 0.03102917762772413809, 0.000000000000000000 ) ) ;
#3393 = VERTEX_POINT ( 'NONE', #3866 ) ;
#3394 = DIRECTION ( 'NONE',  ( 1.000000000000000000, 0.000000000000000000, -0.000000000000000000 ) ) ;
#3395 = CARTESIAN_POINT ( 'NONE',  ( -0.3461560996296150217, 0.2692152562885843925, 0.01000000000000000021 ) ) ;
#3396 = EDGE_CURVE ( 'NONE', #1479, #3123, #2015, .T. ) ;
#3397 = SURFACE_SIDE_STYLE ('',( #2755 ) ) ;
#3398 = LINE ( 'NONE', #2641, #45 ) ;
#3399 = CARTESIAN_POINT ( 'NONE',  ( -0.5005248521567977615, 0.2033859014525161157, 0.000000000000000000 ) ) ;
#3400 = AXIS2_PLACEMENT_3D ( 'NONE', #3817, #846, #156 ) ;
#3401 = COLOUR_RGB ( '',0.6470588235294117974, 0.6196078431372549211, 0.5882352941176470784 ) ;
#3402 = LINE ( 'NONE', #3072, #3611 ) ;
#3403 = CARTESIAN_POINT ( 'NONE',  ( -0.4632906224802038619, 0.04886592765869830768, 0.000000000000000000 ) ) ;
#3404 = CARTESIAN_POINT ( 'NONE',  ( 0.07364129574337878459, -0.001364666158712416963, 0.01000000000000000021 ) ) ;
#3405 = LINE ( 'NONE', #3798, #2697 ) ;
#3406 = VERTEX_POINT ( 'NONE', #573 ) ;
#3407 = FACE_OUTER_BOUND ( 'NONE', #1945, .T. ) ;
#3408 = CARTESIAN_POINT ( 'NONE',  ( -2.146530383509387185, -1.540000000000000480, 0.000000000000000000 ) ) ;
#3409 = CARTESIAN_POINT ( 'NONE',  ( -0.3989718396581019011, 0.0001085905410398046485, 0.000000000000000000 ) ) ;
#3410 = EDGE_CURVE ( 'NONE', #2378, #1067, #1975, .T. ) ;
#3411 = COLOUR_RGB ( '',0.6470588235294117974, 0.6196078431372549211, 0.5882352941176470784 ) ;
#3412 = CARTESIAN_POINT ( 'NONE',  ( -0.4487398894806394201, 0.2891826923076923350, 0.000000000000000000 ) ) ;
#3413 = SURFACE_STYLE_USAGE ( .BOTH. , #118 ) ;
#3414 = CARTESIAN_POINT ( 'NONE',  ( 1.499999999999999556, -1.550000000000000044, 0.5999999999999999778 ) ) ;
#3415 = DIRECTION ( 'NONE',  ( 0.000000000000000000, -1.000000000000000000, 0.000000000000000000 ) ) ;
#3416 = LINE ( 'NONE', #1922, #321 ) ;
#3417 = ORIENTED_EDGE ( 'NONE', *, *, #1929, .F. ) ;
#3418 = CARTESIAN_POINT ( 'NONE',  ( 0.04744927089375411411, 0.008620697071204143358, 0.01000000000000000021 ) ) ;
#3419 = VERTEX_POINT ( 'NONE', #2573 ) ;
#3420 = CARTESIAN_POINT ( 'NONE',  ( 0.1221735720578221163, -0.007692307692307691867, 0.000000000000000000 ) ) ;
#3421 = CARTESIAN_POINT ( 'NONE',  ( -0.4540681997858397323, 0.008952088164728786573, 0.000000000000000000 ) ) ;
#3422 = ORIENTED_EDGE ( 'NONE', *, *, #1024, .F. ) ;
#3423 = VERTEX_POINT ( 'NONE', #1269 ) ;
#3424 = CARTESIAN_POINT ( 'NONE',  ( -0.7744009471729470517, 0.1269230769230769162, 0.01000000000000000021 ) ) ;
#3425 = CARTESIAN_POINT ( 'NONE',  ( -0.2391245048652548000, 0.1461538461538461620, 0.000000000000000000 ) ) ;
#3426 = CARTESIAN_POINT ( 'NONE',  ( -0.3949829943237055940, 0.03177675224323132236, 0.01000000000000000021 ) ) ;
#3427 =( NAMED_UNIT ( * ) PLANE_ANGLE_UNIT ( ) SI_UNIT ( $, .RADIAN. ) );
#3428 = CARTESIAN_POINT ( 'NONE',  ( 1.584350941515099143, 3.474214125298948019, -0.09000000000000002442 ) ) ;
#3429 = DIRECTION ( 'NONE',  ( 1.000000000000000000, 0.000000000000000000, 0.000000000000000000 ) ) ;
#3430 = VECTOR ( 'NONE', #396, 1000.000000000000000 ) ;
#3431 = EDGE_CURVE ( 'NONE', #477, #834, #4088, .T. ) ;
#3432 = ORIENTED_EDGE ( 'NONE', *, *, #2964, .T. ) ;
#3433 =( GEOMETRIC_REPRESENTATION_CONTEXT ( 3 ) GLOBAL_UNCERTAINTY_ASSIGNED_CONTEXT ( ( #1415 ) ) GLOBAL_UNIT_ASSIGNED_CONTEXT ( ( #1220, #3183, #4207 ) ) REPRESENTATION_CONTEXT ( 'NONE', 'WORKASPACE' ) );
#3434 = CARTESIAN_POINT ( 'NONE',  ( 0.02594271879569134964, 0.06128657647449026191, 6.776263578034402713E-18 ) ) ;
#3435 = DIRECTION ( 'NONE',  ( -1.000000000000000000, -2.168404344971008868E-16, 0.000000000000000000 ) ) ;
#3436 = DIRECTION ( 'NONE',  ( -0.000000000000000000, -0.000000000000000000, -1.000000000000000000 ) ) ;
#3437 = VERTEX_POINT ( 'NONE', #1286 ) ;
#3438 = DIRECTION ( 'NONE',  ( 0.000000000000000000, -1.000000000000000000, 0.000000000000000000 ) ) ;
#3439 = EDGE_CURVE ( 'NONE', #1074, #3340, #2337, .T. ) ;
#3440 = VERTEX_POINT ( 'NONE', #960 ) ;
#3441 = CARTESIAN_POINT ( 'NONE',  ( -1.747188556591411590, 1.539999999999999591, 0.1899999999999998912 ) ) ;
#3442 = FACE_OUTER_BOUND ( 'NONE', #2510, .T. ) ;
#3443 = CARTESIAN_POINT ( 'NONE',  ( 0.05591258056229378437, 0.004770647326248448651, 0.01000000000000000021 ) ) ;
#3444 = DIRECTION ( 'NONE',  ( 1.000000000000000000, 0.000000000000000000, 0.000000000000000000 ) ) ;
#3445 = CARTESIAN_POINT ( 'NONE',  ( -0.09681681255756247051, 0.1769230769230769051, 0.01000000000000000021 ) ) ;
#3446 = FACE_OUTER_BOUND ( 'NONE', #939, .T. ) ;
#3447 = CARTESIAN_POINT ( 'NONE',  ( -2.214771495659210387, -1.540000000000000480, 0.2388917294746209230 ) ) ;
#3448 = CARTESIAN_POINT ( 'NONE',  ( 0.06339239396864571052, 0.03531073378271068486, 6.776263578034402713E-18 ) ) ;
#3449 = LINE ( 'NONE', #1822, #4022 ) ;
#3450 = CARTESIAN_POINT ( 'NONE',  ( -3.150000000000000799, 3.474214125298947131, -0.4000000000000001332 ) ) ;
#3451 = CARTESIAN_POINT ( 'NONE',  ( -0.4097809380044901140, 0.2974046574815328858, 0.000000000000000000 ) ) ;
#3452 = CARTESIAN_POINT ( 'NONE',  ( 0.1759602107200207710, 0.2674729200787451799, 0.01000000000000000021 ) ) ;
#3453 = EDGE_CURVE ( 'NONE', #1741, #4220, #2657, .T. ) ;
#3454 = CARTESIAN_POINT ( 'NONE',  ( 0.2838191159067764424, 0.1571389701936481420, 0.01000000000000000021 ) ) ;
#3455 = B_SPLINE_CURVE_WITH_KNOTS ( 'NONE', 3,
 ( #32, #2997, #1995, #3363 ),
 .UNSPECIFIED., .F., .F.,
 ( 4, 4 ),
 ( 0.000000000000000000, 1.000000000000000000 ),
 .UNSPECIFIED. ) ;
#3456 = VECTOR ( 'NONE', #2303, 1000.000000000000000 ) ;
#3457 = STYLED_ITEM ( 'NONE', ( #219 ), #10 ) ;
#3458 = ORIENTED_EDGE ( 'NONE', *, *, #3034, .T. ) ;
#3459 = ORIENTED_EDGE ( 'NONE', *, *, #36, .T. ) ;
#3460 = VECTOR ( 'NONE', #2030, 1000.000000000000000 ) ;
#3461 = VERTEX_POINT ( 'NONE', #1310 ) ;
#3462 = CARTESIAN_POINT ( 'NONE',  ( -3.150000000000000799, 3.474214125298947131, 0.1999999999999997613 ) ) ;
#3463 = PRODUCT_RELATED_PRODUCT_CATEGORY ( 'part', '', ( #166 ) ) ;
#3464 = CARTESIAN_POINT ( 'NONE',  ( -0.4921227797423073924, 0.03102917762772413809, 0.01000000000000000021 ) ) ;
#3465 = LINE ( 'NONE', #1558, #1733 ) ;
#3466 = CARTESIAN_POINT ( 'NONE',  ( 1.747188556591410258, 1.539999999999999813, 0.5899999999999999689 ) ) ;
#3467 = CARTESIAN_POINT ( 'NONE',  ( -0.4946757513436185749, 0.2613742511092934651, 0.01000000000000000021 ) ) ;
#3468 = EDGE_CURVE ( 'NONE', #3340, #3440, #4192, .T. ) ;
#3469 = CARTESIAN_POINT ( 'NONE',  ( 0.1993266149205903948, 0.2555851591164461922, 0.000000000000000000 ) ) ;
#3470 = DIRECTION ( 'NONE',  ( -0.000000000000000000, -0.000000000000000000, -1.000000000000000000 ) ) ;
#3471 = FILL_AREA_STYLE_COLOUR ( '', #1566 ) ;
#3472 = CARTESIAN_POINT ( 'NONE',  ( -2.293928171141428329, -1.540000000000000480, 0.1999999999999997613 ) ) ;
#3473 = EDGE_LOOP ( 'NONE', ( #2001, #1862, #377, #4096 ) ) ;
#3474 = CARTESIAN_POINT ( 'NONE',  ( 1.500000000000000666, 1.539999999999999813, 0.5899999999999999689 ) ) ;
#3475 = DIRECTION ( 'NONE',  ( -0.000000000000000000, -0.000000000000000000, 1.000000000000000000 ) ) ;
#3476 = VERTEX_POINT ( 'NONE', #3583 ) ;
#3477 = LINE ( 'NONE', #2515, #2673 ) ;
#3478 = DIRECTION ( 'NONE',  ( 1.000000000000000000, 0.000000000000000000, 0.000000000000000000 ) ) ;
#3479 = CARTESIAN_POINT ( 'NONE',  ( -0.7237398894806394978, 0.2999999999999999889, 0.000000000000000000 ) ) ;
#3480 = CARTESIAN_POINT ( 'NONE',  ( 0.2817463135213846837, 0.1216586277487263085, 6.776263578034402713E-18 ) ) ;
#3481 = STYLED_ITEM ( 'NONE', ( #510 ), #945 ) ;
#3482 = CARTESIAN_POINT ( 'NONE',  ( 0.2380718672032050842, 0.2628669465358136614, 6.776263578034402713E-18 ) ) ;
#3483 = LINE ( 'NONE', #2716, #3380 ) ;
#3484 = ORIENTED_EDGE ( 'NONE', *, *, #2335, .T. ) ;
#3485 = VECTOR ( 'NONE', #2180, 1000.000000000000000 ) ;
#3486 = DIRECTION ( 'NONE',  ( -1.000000000000000000, 0.000000000000000000, 0.000000000000000000 ) ) ;
#3487 = CARTESIAN_POINT ( 'NONE',  ( 0.2278621039994344899, 0.06839662145529275261, 0.01000000000000000021 ) ) ;
#3488 = CARTESIAN_POINT ( 'NONE',  ( 0.1223538605193605355, 0.02307692307692307473, 0.000000000000000000 ) ) ;
#3489 = EDGE_LOOP ( 'NONE', ( #2184, #3491, #961, #3459 ) ) ;
#3490 = CARTESIAN_POINT ( 'NONE',  ( -0.4708520851050412848, 0.01613926233517631176, 5.082197683525802034E-18 ) ) ;
#3491 = ORIENTED_EDGE ( 'NONE', *, *, #3985, .T. ) ;
#3492 = MECHANICAL_DESIGN_GEOMETRIC_PRESENTATION_REPRESENTATION (  '', ( #1525 ), #319 ) ;
#3493 = AXIS2_PLACEMENT_3D ( 'NONE', #2553, #2204, #1522 ) ;
#3494 = CARTESIAN_POINT ( 'NONE',  ( -1.829903681580517860, 3.474214125298947131, -0.2444330821015155419 ) ) ;
#3495 = CARTESIAN_POINT ( 'NONE',  ( 0.2817463135213846837, 0.1216586277487263085, 0.01000000000000000021 ) ) ;
#3496 = CARTESIAN_POINT ( 'NONE',  ( 0.09169082415466305036, 0.02592023319806468010, 0.01000000000000000021 ) ) ;
#3497 = CARTESIAN_POINT ( 'NONE',  ( -0.4701571960761591340, 0.05344326542867885305, 0.01000000000000000021 ) ) ;
#3498 = ORIENTED_EDGE ( 'NONE', *, *, #132, .F. ) ;
#3499 = LINE ( 'NONE', #582, #2531 ) ;
#3500 = LINE ( 'NONE', #127, #3150 ) ;
#3501 = CARTESIAN_POINT ( 'NONE',  ( 0.1873867524427171860, 0.03707472399607270735, 0.01000000000000000021 ) ) ;
#3502 = DIRECTION ( 'NONE',  ( 0.000000000000000000, -1.000000000000000000, 0.000000000000000000 ) ) ;
#3503 = VECTOR ( 'NONE', #968, 1000.000000000000000 ) ;
#3504 = VECTOR ( 'NONE', #3706, 1000.000000000000114 ) ;
#3505 = CARTESIAN_POINT ( 'NONE',  ( -0.4342951882227275573, 0.003944872921836337608, 5.082197683525802034E-18 ) ) ;
#3506 = LINE ( 'NONE', #1762, #3615 ) ;
#3507 = EDGE_LOOP ( 'NONE', ( #3568, #764, #4154, #3220 ) ) ;
#3508 = DIRECTION ( 'NONE',  ( 1.000000000000000000, 0.000000000000000000, 0.000000000000000000 ) ) ;
#3509 = CARTESIAN_POINT ( 'NONE',  ( 0.2839524182116682227, 0.1517427884615384359, 0.01000000000000000021 ) ) ;
#3510 = DIRECTION ( 'NONE',  ( -0.000000000000000000, -0.000000000000000000, -1.000000000000000000 ) ) ;
#3511 = CARTESIAN_POINT ( 'NONE',  ( 0.1556357244721444377, 0.3051289652174923872, 6.776263578034402713E-18 ) ) ;
#3512 = CARTESIAN_POINT ( 'NONE',  ( -0.5048404486009859804, 0.1003028683133619370, 0.01000000000000000021 ) ) ;
#3513 = ORIENTED_EDGE ( 'NONE', *, *, #3910, .T. ) ;
#3514 =( GEOMETRIC_REPRESENTATION_CONTEXT ( 3 ) GLOBAL_UNCERTAINTY_ASSIGNED_CONTEXT ( ( #4069 ) ) GLOBAL_UNIT_ASSIGNED_CONTEXT ( ( #674, #2023, #47 ) ) REPRESENTATION_CONTEXT ( 'NONE', 'WORKASPACE' ) );
#3515 = EDGE_CURVE ( 'NONE', #3112, #1190, #3214, .T. ) ;
#3516 = CIRCLE ( 'NONE', #1666, 0.1000000000000002554 ) ;
#3517 = CARTESIAN_POINT ( 'NONE',  ( -0.4306591730883424507, 0.2615130015098490746, 0.01000000000000000021 ) ) ;
#3518 = SURFACE_STYLE_USAGE ( .BOTH. , #215 ) ;
#3519 = ADVANCED_FACE ( 'NONE', ( #378 ), #1628, .T. ) ;
#3520 = ORIENTED_EDGE ( 'NONE', *, *, #600, .F. ) ;
#3521 = CARTESIAN_POINT ( 'NONE',  ( -0.3989718396581019011, 0.0001085905410398046485, 0.01000000000000000021 ) ) ;
#3522 = SURFACE_STYLE_FILL_AREA ( #2196 ) ;
#3523 = B_SPLINE_CURVE_WITH_KNOTS ( 'NONE', 3,
 ( #1913, #4244, #923, #563, #1888, #890, #1599, #4215, #3236, #2917, #1623, #4185, #1280, #943, #3563, #875, #275, #613, #2202 ),
 .UNSPECIFIED., .F., .F.,
 ( 4, 1, 1, 1, 1, 1, 1, 1, 1, 1, 1, 1, 1, 1, 1, 1, 4 ),
 ( 0.000000000000000000, 0.06154496601632365033, 0.1216942964020307216, 0.1811548554526329902, 0.2398753889119570326, 0.2987019424504284704, 0.3576474237092014397, 0.4176048428493669418, 0.4784940407282913255, 0.5404070506371326799, 0.6023449938728028252, 0.6650043279232334958, 0.7285593088233758285, 0.7936505420268854527, 0.8605342675902674099, 0.9292359605619636698, 0.9999999999999998890 ),
 .UNSPECIFIED. ) ;
#3524 = ORIENTED_EDGE ( 'NONE', *, *, #2462, .T. ) ;
#3525 = DIRECTION ( 'NONE',  ( -0.000000000000000000, -0.000000000000000000, -1.000000000000000000 ) ) ;
#3526 = DIRECTION ( 'NONE',  ( 0.000000000000000000, 0.000000000000000000, -1.000000000000000000 ) ) ;
#3527 = DIRECTION ( 'NONE',  ( -0.7941277684358851729, 0.6077508431907281405, 0.000000000000000000 ) ) ;
#3528 = ORIENTED_EDGE ( 'NONE', *, *, #3325, .F. ) ;
#3529 = ORIENTED_EDGE ( 'NONE', *, *, #269, .F. ) ;
#3530 = DIRECTION ( 'NONE',  ( 0.000000000000000000, -0.000000000000000000, -1.000000000000000000 ) ) ;
#3531 = CARTESIAN_POINT ( 'NONE',  ( -0.5048404486009859804, 0.1003028683133619370, 0.01000000000000000021 ) ) ;
#3532 = CARTESIAN_POINT ( 'NONE',  ( 0.2839524182116682227, 0.1517427884615384359, 0.01000000000000000021 ) ) ;
#3533 = CARTESIAN_POINT ( 'NONE',  ( 0.03874792616141315565, 0.2869338797963786325, 3.388131789017201356E-18 ) ) ;
#3534 = EDGE_CURVE ( 'NONE', #3423, #379, #1815, .T. ) ;
#3535 = ORIENTED_EDGE ( 'NONE', *, *, #2357, .T. ) ;
#3536 = EDGE_CURVE ( 'NONE', #784, #3886, #942, .T. ) ;
#3537 = CARTESIAN_POINT ( 'NONE',  ( 0.2569261821660983602, 0.1584930907881931250, 0.000000000000000000 ) ) ;
#3538 = FILL_AREA_STYLE_COLOUR ( '', #963 ) ;
#3539 = DIRECTION ( 'NONE',  ( 1.445602896647339163E-16, -1.000000000000000000, 0.000000000000000000 ) ) ;
#3540 =( GEOMETRIC_REPRESENTATION_CONTEXT ( 3 ) GLOBAL_UNCERTAINTY_ASSIGNED_CONTEXT ( ( #1466 ) ) GLOBAL_UNIT_ASSIGNED_CONTEXT ( ( #102, #2765, #1083 ) ) REPRESENTATION_CONTEXT ( 'NONE', 'WORKASPACE' ) );
#3541 = ADVANCED_FACE ( 'NONE', ( #3113 ), #1869, .T. ) ;
#3542 = VERTEX_POINT ( 'NONE', #4210 ) ;
#3543 = DIRECTION ( 'NONE',  ( 2.168404344971008868E-16, -1.000000000000000000, 0.000000000000000000 ) ) ;
#3544 = CARTESIAN_POINT ( 'NONE',  ( -0.6525860433267932637, 0.09615384615384615918, 0.000000000000000000 ) ) ;
#3545 = CARTESIAN_POINT ( 'NONE',  ( -0.4164467543543213246, 0.03368335450011646776, 0.000000000000000000 ) ) ;
#3546 = ORIENTED_EDGE ( 'NONE', *, *, #446, .T. ) ;
#3547 = DIRECTION ( 'NONE',  ( 0.4285842068721729126, -0.9035018415143106774, 0.000000000000000000 ) ) ;
#3548 = EDGE_LOOP ( 'NONE', ( #3874, #2859, #3167, #2686 ) ) ;
#3549 = CARTESIAN_POINT ( 'NONE',  ( 0.4339524182116682449, 0.03076923076923076747, 0.000000000000000000 ) ) ;
#3550 = EDGE_CURVE ( 'NONE', #155, #1067, #3012, .T. ) ;
#3551 = CARTESIAN_POINT ( 'NONE',  ( 0.09234472481545728806, 0.3054417736472029854, 3.388131789017201356E-18 ) ) ;
#3552 = ORIENTED_EDGE ( 'NONE', *, *, #3834, .F. ) ;
#3553 = LINE ( 'NONE', #1650, #140 ) ;
#3554 = CARTESIAN_POINT ( 'NONE',  ( 0.2474766093531734490, 0.1994321619810706936, 0.000000000000000000 ) ) ;
#3555 = DIRECTION ( 'NONE',  ( -1.205012674960150487E-16, -2.612954720128728571E-32, -1.000000000000000000 ) ) ;
#3556 = FACE_OUTER_BOUND ( 'NONE', #1500, .T. ) ;
#3557 = DIRECTION ( 'NONE',  ( -0.000000000000000000, -0.000000000000000000, -1.000000000000000000 ) ) ;
#3558 = CARTESIAN_POINT ( 'NONE',  ( -0.2391245048652548000, 0.1461538461538461620, 0.01000000000000000021 ) ) ;
#3559 = VECTOR ( 'NONE', #3486, 1000.000000000000000 ) ;
#3560 = CARTESIAN_POINT ( 'NONE',  ( -0.5122014279421779337, 0.1462740384615384415, 0.01000000000000000021 ) ) ;
#3561 = ADVANCED_FACE ( 'NONE', ( #2231 ), #2624, .F. ) ;
#3562 = VECTOR ( 'NONE', #1381, 1000.000000000000000 ) ;
#3563 = CARTESIAN_POINT ( 'NONE',  ( -0.5359299866025577508, 0.1832751389435782197, 0.000000000000000000 ) ) ;
#3564 = ADVANCED_FACE ( 'NONE', ( #3902, #2141 ), #3187, .T. ) ;
#3565 = ORIENTED_EDGE ( 'NONE', *, *, #3624, .T. ) ;
#3566 = CARTESIAN_POINT ( 'NONE',  ( -0.4984662982951044707, 0.03707765577577403632, 0.01000000000000000021 ) ) ;
#3567 = SURFACE_STYLE_FILL_AREA ( #2575 ) ;
#3568 = ORIENTED_EDGE ( 'NONE', *, *, #1251, .F. ) ;
#3569 = CARTESIAN_POINT ( 'NONE',  ( -1.500000000000000222, 1.549999999999999600, 0.5999999999999999778 ) ) ;
#3570 = PRESENTATION_STYLE_ASSIGNMENT (( #2234 ) ) ;
#3571 = CARTESIAN_POINT ( 'NONE',  ( 0.1221735720578221163, -0.007692307692307691867, 0.01000000000000000021 ) ) ;
#3572 = CARTESIAN_POINT ( 'NONE',  ( -0.4701571960761591340, 0.05344326542867885305, 0.01000000000000000021 ) ) ;
#3573 = ORIENTED_EDGE ( 'NONE', *, *, #3002, .F. ) ;
#3574 = CARTESIAN_POINT ( 'NONE',  ( 0.2440883339768106508, 0.2069814537329421056, 0.01000000000000000021 ) ) ;
#3575 = EDGE_CURVE ( 'NONE', #3106, #264, #1544, .T. ) ;
#3576 = DIRECTION ( 'NONE',  ( -1.000000000000000000, 0.000000000000000000, 0.000000000000000000 ) ) ;
#3577 = CARTESIAN_POINT ( 'NONE',  ( 1.500000000000000222, 3.474214125298948019, 0.009999999999999998473 ) ) ;
#3578 = PRESENTATION_LAYER_ASSIGNMENT (  '', '', ( #758 ) ) ;
#3579 = PRESENTATION_LAYER_ASSIGNMENT (  '', '', ( #1825 ) ) ;
#3580 = ADVANCED_FACE ( 'NONE', ( #1444 ), #1206, .T. ) ;
#3581 = CARTESIAN_POINT ( 'NONE',  ( 0.1679337112419405087, -0.002703185478267240358, 6.776263578034402713E-18 ) ) ;
#3582 = VERTEX_POINT ( 'NONE', #3544 ) ;
#3583 = CARTESIAN_POINT ( 'NONE',  ( 0.4608754951347451834, 0.000000000000000000, 0.000000000000000000 ) ) ;
#3584 = CARTESIAN_POINT ( 'NONE',  ( 0.2570293412885913398, 0.1496995192307692124, 0.01000000000000000021 ) ) ;
#3585 = VECTOR ( 'NONE', #825, 1000.000000000000000 ) ;
#3586 = PLANE ( 'NONE',  #862 ) ;
#3587 = CARTESIAN_POINT ( 'NONE',  ( -0.3687940748585751272, 0.03083139733152467227, 0.000000000000000000 ) ) ;
#3588 = LINE ( 'NONE', #1766, #1647 ) ;
#3589 = CARTESIAN_POINT ( 'NONE',  ( -0.5041758214501846913, 0.1948299434356964288, 0.01000000000000000021 ) ) ;
#3590 = SURFACE_SIDE_STYLE ('',( #3046 ) ) ;
#3591 = ORIENTED_EDGE ( 'NONE', *, *, #3241, .T. ) ;
#3592 = VECTOR ( 'NONE', #902, 1000.000000000000000 ) ;
#3593 = ORIENTED_EDGE ( 'NONE', *, *, #575, .T. ) ;
#3594 = ORIENTED_EDGE ( 'NONE', *, *, #4205, .T. ) ;
#3595 = CARTESIAN_POINT ( 'NONE',  ( 0.009508534441567212392, 0.2654390371887396238, 0.01000000000000000021 ) ) ;
#3596 = CARTESIAN_POINT ( 'NONE',  ( -0.4400860433267932414, 0.03840144230769230310, 0.01000000000000000021 ) ) ;
#3597 = ORIENTED_EDGE ( 'NONE', *, *, #146, .F. ) ;
#3598 = VERTEX_POINT ( 'NONE', #576 ) ;
#3599 = CARTESIAN_POINT ( 'NONE',  ( 0.2189242966170531490, 0.05915294021971212457, 0.01000000000000000021 ) ) ;
#3600 = CARTESIAN_POINT ( 'NONE',  ( 0.04949269420910074740, 0.2571765717595325129, 0.01000000000000000021 ) ) ;
#3601 = EDGE_CURVE ( 'NONE', #3326, #946, #3386, .T. ) ;
#3602 = CARTESIAN_POINT ( 'NONE',  ( 0.2278342041252995054, 0.02688087123830100109, 0.01000000000000000021 ) ) ;
#3603 = ADVANCED_FACE ( 'NONE', ( #125, #4267 ), #270, .T. ) ;
#3604 = CARTESIAN_POINT ( 'NONE',  ( -0.4799222725447530036, 0.2333025236799476931, 0.01000000000000000021 ) ) ;
#3605 = PRESENTATION_LAYER_ASSIGNMENT (  '', '', ( #1243 ) ) ;
#3606 = ORIENTED_EDGE ( 'NONE', *, *, #3620, .T. ) ;
#3607 = SURFACE_SIDE_STYLE ('',( #3206 ) ) ;
#3608 = CARTESIAN_POINT ( 'NONE',  ( 0.09169082415466305036, 0.02592023319806468010, 0.000000000000000000 ) ) ;
#3609 = CARTESIAN_POINT ( 'NONE',  ( -3.150000000000000355, 1.539999999999999369, 0.1999999999999997613 ) ) ;
#3610 = DIRECTION ( 'NONE',  ( 0.000000000000000000, -1.000000000000000000, 0.000000000000000000 ) ) ;
#3611 = VECTOR ( 'NONE', #458, 1000.000000000000000 ) ;
#3612 = SURFACE_STYLE_FILL_AREA ( #2436 ) ;
#3613 = CARTESIAN_POINT ( 'NONE',  ( 0.02559206430067122173, 0.2384912852113059423, 6.776263578034402713E-18 ) ) ;
#3614 = DIRECTION ( 'NONE',  ( -0.9079872537420923262, 0.4189977888269737494, 0.000000000000000000 ) ) ;
#3615 = VECTOR ( 'NONE', #3361, 1000.000000000000000 ) ;
#3616 = ORIENTED_EDGE ( 'NONE', *, *, #1330, .T. ) ;
#3617 = VECTOR ( 'NONE', #3543, 1000.000000000000000 ) ;
#3618 = CARTESIAN_POINT ( 'NONE',  ( 0.2582245566236362477, 0.2390785278826080273, 0.01000000000000000021 ) ) ;
#3619 = DIRECTION ( 'NONE',  ( 0.000000000000000000, 1.000000000000000000, 0.000000000000000000 ) ) ;
#3620 = EDGE_CURVE ( 'NONE', #1983, #936, #1183, .T. ) ;
#3621 = FACE_OUTER_BOUND ( 'NONE', #3295, .T. ) ;
#3622 = CARTESIAN_POINT ( 'NONE',  ( -1.747188556591410480, 3.474214125298947131, 0.5899999999999999689 ) ) ;
#3623 = DIRECTION ( 'NONE',  ( -2.168404344971008868E-16, 1.000000000000000000, 0.000000000000000000 ) ) ;
#3624 = EDGE_CURVE ( 'NONE', #2306, #1925, #850, .T. ) ;
#3625 = PRESENTATION_STYLE_ASSIGNMENT (( #281 ) ) ;
#3626 = AXIS2_PLACEMENT_3D ( 'NONE', #1185, #2190, #815 ) ;
#3627 = ADVANCED_FACE ( 'NONE', ( #2677 ), #555, .T. ) ;
#3628 = ORIENTED_EDGE ( 'NONE', *, *, #4046, .F. ) ;
#3629 = CARTESIAN_POINT ( 'NONE',  ( 0.2143939465941328559, 0.01707238732737900028, 0.01000000000000000021 ) ) ;
#3630 = CARTESIAN_POINT ( 'NONE',  ( 0.2476429210934351088, 0.09998780225323310178, 5.082197683525802034E-18 ) ) ;
#3631 = LINE ( 'NONE', #1111, #2388 ) ;
#3632 = FILL_AREA_STYLE_COLOUR ( '', #1195 ) ;
#3633 = VERTEX_POINT ( 'NONE', #2884 ) ;
#3634 = CARTESIAN_POINT ( 'NONE',  ( -0.2929706587114087046, 0.000000000000000000, 0.01000000000000000021 ) ) ;
#3635 = ORIENTED_EDGE ( 'NONE', *, *, #426, .F. ) ;
#3636 = CARTESIAN_POINT ( 'NONE',  ( -0.5389430941657467056, 0.1588985913332284228, 0.01000000000000000021 ) ) ;
#3637 = EDGE_CURVE ( 'NONE', #2835, #3419, #496, .T. ) ;
#3638 = ORIENTED_EDGE ( 'NONE', *, *, #3816, .T. ) ;
#3639 = FACE_OUTER_BOUND ( 'NONE', #1642, .T. ) ;
#3640 = LINE ( 'NONE', #2447, #2776 ) ;
#3641 = CARTESIAN_POINT ( 'NONE',  ( 0.4608754951347451834, 0.000000000000000000, 0.01000000000000000021 ) ) ;
#3642 = VERTEX_POINT ( 'NONE', #3850 ) ;
#3643 = CARTESIAN_POINT ( 'NONE',  ( 0.07722963376330498064, 0.2700745899655911941, 6.776263578034402713E-18 ) ) ;
#3644 = CARTESIAN_POINT ( 'NONE',  ( -0.5100902121498139818, 0.05087798439135420014, 0.000000000000000000 ) ) ;
#3645 = PRESENTATION_STYLE_ASSIGNMENT (( #1268 ) ) ;
#3646 = DIRECTION ( 'NONE',  ( -0.000000000000000000, 0.000000000000000000, -1.000000000000000000 ) ) ;
#3647 = CARTESIAN_POINT ( 'NONE',  ( 0.2402435756893009644, 0.03834984083158610169, 0.01000000000000000021 ) ) ;
#3648 = ADVANCED_FACE ( 'NONE', ( #3182 ), #1555, .T. ) ;
#3649 = ORIENTED_EDGE ( 'NONE', *, *, #36, .F. ) ;
#3650 = CARTESIAN_POINT ( 'NONE',  ( 2.214771495659209943, 3.474214125298948019, 0.2388917294746209230 ) ) ;
#3651 = CARTESIAN_POINT ( 'NONE',  ( 3.149999999999999023, 3.474214125298948019, -0.4000000000000001332 ) ) ;
#3652 = ORIENTED_EDGE ( 'NONE', *, *, #2258, .F. ) ;
#3653 = ORIENTED_EDGE ( 'NONE', *, *, #3025, .F. ) ;
#3654 = SURFACE_STYLE_USAGE ( .BOTH. , #685 ) ;
#3655 = ORIENTED_EDGE ( 'NONE', *, *, #2670, .F. ) ;
#3656 = CARTESIAN_POINT ( 'NONE',  ( -0.5389430941657467056, 0.1588985913332284228, 0.01000000000000000021 ) ) ;
#3657 = EDGE_CURVE ( 'NONE', #3171, #2714, #3288, .T. ) ;
#3658 = CARTESIAN_POINT ( 'NONE',  ( 2.293928171141427885, 3.474214125298948019, 0.1999999999999997613 ) ) ;
#3659 = FACE_OUTER_BOUND ( 'NONE', #1027, .T. ) ;
#3660 = CARTESIAN_POINT ( 'NONE',  ( -0.5298922993908486978, 0.2058206982981014010, 0.01000000000000000021 ) ) ;
#3661 = DIRECTION ( 'NONE',  ( -0.7970624896273533766, -0.6038968352533777839, 0.000000000000000000 ) ) ;
#3662 =( GEOMETRIC_REPRESENTATION_CONTEXT ( 3 ) GLOBAL_UNCERTAINTY_ASSIGNED_CONTEXT ( ( #970 ) ) GLOBAL_UNIT_ASSIGNED_CONTEXT ( ( #852, #2502, #148 ) ) REPRESENTATION_CONTEXT ( 'NONE', 'WORKASPACE' ) );
#3663 = FACE_OUTER_BOUND ( 'NONE', #2058, .T. ) ;
#3664 = VECTOR ( 'NONE', #2110, 1000.000000000000000 ) ;
#3665 = VECTOR ( 'NONE', #734, 1000.000000000000000 ) ;
#3666 = CARTESIAN_POINT ( 'NONE',  ( 0.2440152344028799769, 0.04262311397521736933, 6.776263578034402713E-18 ) ) ;
#3667 = EDGE_CURVE ( 'NONE', #3112, #1891, #2471, .T. ) ;
#3668 = ORIENTED_EDGE ( 'NONE', *, *, #3431, .T. ) ;
#3669 = CARTESIAN_POINT ( 'NONE',  ( -0.5390634414212827075, 0.1504836372990880078, 0.01000000000000000021 ) ) ;
#3670 = DIRECTION ( 'NONE',  ( -0.000000000000000000, -0.000000000000000000, -1.000000000000000000 ) ) ;
#3671 = EDGE_LOOP ( 'NONE', ( #3827, #3013, #2595, #941, #2848, #3668, #533, #81, #3593, #683, #1985, #2761 ) ) ;
#3672 = VECTOR ( 'NONE', #629, 1000.000000000000000 ) ;
#3673 = CARTESIAN_POINT ( 'NONE',  ( -0.5152926870495144751, 0.2361982156385858955, 6.776263578034402713E-18 ) ) ;
#3674 = CARTESIAN_POINT ( 'NONE',  ( 0.01520241821166827892, 0.2269230769230768940, 0.01000000000000000021 ) ) ;
#3675 = CARTESIAN_POINT ( 'NONE',  ( 0.1221735720578221163, -0.007692307692307691867, 0.01000000000000000021 ) ) ;
#3676 = EDGE_CURVE ( 'NONE', #784, #2953, #3692, .T. ) ;
#3677 = ORIENTED_EDGE ( 'NONE', *, *, #455, .T. ) ;
#3678 = PRESENTATION_LAYER_ASSIGNMENT (  '', '', ( #340 ) ) ;
#3679 = CARTESIAN_POINT ( 'NONE',  ( 0.1861130716743210900, 0.2967291666611674983, 0.000000000000000000 ) ) ;
#3680 = CARTESIAN_POINT ( 'NONE',  ( 1.500000000000000666, 1.539999999999999813, 0.5899999999999999689 ) ) ;
#3681 = AXIS2_PLACEMENT_3D ( 'NONE', #3895, #1567, #2966 ) ;
#3682 = CARTESIAN_POINT ( 'NONE',  ( 0.2627119645880857113, 0.06794739580827154068, 0.000000000000000000 ) ) ;
#3683 = LINE ( 'NONE', #2142, #3585 ) ;
#3684 = CARTESIAN_POINT ( 'NONE',  ( -0.5332688616705441031, 0.1947776856131563095, 6.776263578034402713E-18 ) ) ;
#3685 = EDGE_CURVE ( 'NONE', #2383, #4009, #2195, .T. ) ;
#3686 = CARTESIAN_POINT ( 'NONE',  ( -0.4331749856344855321, 0.2608173076923076539, 0.000000000000000000 ) ) ;
#3687 = SURFACE_STYLE_FILL_AREA ( #1703 ) ;
#3688 = ORIENTED_EDGE ( 'NONE', *, *, #922, .F. ) ;
#3689 = VERTEX_POINT ( 'NONE', #2526 ) ;
#3690 = UNCERTAINTY_MEASURE_WITH_UNIT (LENGTH_MEASURE( 1.000000000000000082E-05 ), #407, 'distance_accuracy_value', 'NONE');
#3691 = DIRECTION ( 'NONE',  ( 2.168404344971008868E-16, -1.000000000000000000, 0.000000000000000000 ) ) ;
#3692 = LINE ( 'NONE', #866, #3485 ) ;
#3693 = CARTESIAN_POINT ( 'NONE',  ( -0.4115018359171911944, 0.0009274133433240911405, 0.000000000000000000 ) ) ;
#3694 = ORIENTED_EDGE ( 'NONE', *, *, #3336, .T. ) ;
#3695 = PLANE ( 'NONE',  #1494 ) ;
#3696 = ORIENTED_EDGE ( 'NONE', *, *, #3181, .F. ) ;
#3697 = CARTESIAN_POINT ( 'NONE',  ( -0.3824790460547761728, 0.03119030045723342540, 0.01000000000000000021 ) ) ;
#3698 = CARTESIAN_POINT ( 'NONE',  ( -1.663507616997317751, 1.539999999999999591, -0.02889172947462112159 ) ) ;
#3699 = EDGE_LOOP ( 'NONE', ( #346, #3513, #2375, #1005, #1211, #753 ) ) ;
#3700 = VECTOR ( 'NONE', #4216, 1000.000000000000000 ) ;
#3701 = DIRECTION ( 'NONE',  ( 2.168404344971008868E-16, -1.000000000000000000, 0.000000000000000000 ) ) ;
#3702 = PRESENTATION_STYLE_ASSIGNMENT (( #2660 ) ) ;
#3703 = CARTESIAN_POINT ( 'NONE',  ( 0.2131337305518910263, 0.2455838064031915235, 0.01000000000000000021 ) ) ;
#3704 = PRESENTATION_STYLE_ASSIGNMENT (( #1952 ) ) ;
#3705 = COLOUR_RGB ( '',0.2039215686274509776, 0.2039215686274509776, 0.2039215686274509776 ) ;
#3706 = DIRECTION ( 'NONE',  ( 0.4285960263555440020, -0.9034962347415941286, 0.000000000000000000 ) ) ;
#3707 = VERTEX_POINT ( 'NONE', #898 ) ;
#3708 = CARTESIAN_POINT ( 'NONE',  ( -0.4254213614871165672, 0.03489406044990245315, 0.01000000000000000021 ) ) ;
#3709 = MECHANICAL_DESIGN_GEOMETRIC_PRESENTATION_REPRESENTATION (  '', ( #3284 ), #2482 ) ;
#3710 = ORIENTED_EDGE ( 'NONE', *, *, #1907, .T. ) ;
#3711 = UNCERTAINTY_MEASURE_WITH_UNIT (LENGTH_MEASURE( 1.000000000000000082E-05 ), #1700, 'distance_accuracy_value', 'NONE');
#3712 = B_SPLINE_SURFACE_WITH_KNOTS ( 'NONE', 3, 1, ( 
 ( #1769, #1782 ),
 ( #2729, #2089 ),
 ( #2075, #2382 ),
 ( #3379, #410 ),
 ( #2415, #1064 ),
 ( #2373, #741 ),
 ( #2760, #113 ),
 ( #4032, #1131 ),
 ( #62, #2718 ),
 ( #2433, #3054 ),
 ( #1471, #2035 ),
 ( #1424, #727 ),
 ( #3703, #1756 ),
 ( #3039, #3364 ),
 ( #3142, #2248 ),
 ( #1636, #953 ),
 ( #2581, #1937 ),
 ( #1964, #3891 ),
 ( #3574, #1911 ),
 ( #904, #3221 ),
 ( #286, #274 ),
 ( #3279, #612 ),
 ( #921, #1256 ),
 ( #4273, #2932 ),
 ( #4214, #2915 ),
 ( #940, #2237 ),
 ( #258, #596 ) ),
 .UNSPECIFIED., .F., .F., .F.,
 ( 4, 1, 1, 1, 1, 1, 1, 1, 1, 1, 1, 1, 1, 1, 1, 1, 1, 1, 1, 1, 1, 1, 1, 1, 4 ),
 ( 2, 2 ),
 ( 0.000000000000000000, 0.04395490890619424551, 0.08750187479760458686, 0.1304626267314903665, 0.1727520205665173114, 0.2154030673796032969, 0.2576498297432395224, 0.3001527489572939356, 0.3431214895020866518, 0.3859251632064335524, 0.4276857274028015854, 0.4688179504865897518, 0.5094918001549958442, 0.5498830310733487936, 0.5899800229668862306, 0.6304052300068400116, 0.6708686260826384196, 0.7113839438381757141, 0.7516272580635841027, 0.7917755768651915105, 0.8324589188037422316, 0.8733190450172880759, 0.9145429556263491300, 0.9569235582098846171, 1.000000000000000000 ),
 ( 0.000000000000000000, 1.000000000000000000 ),
 .UNSPECIFIED. ) ;
#3713 = ORIENTED_EDGE ( 'NONE', *, *, #232, .F. ) ;
#3714 = LINE ( 'NONE', #475, #3266 ) ;
#3715 = CARTESIAN_POINT ( 'NONE',  ( -0.4482359290634546078, 0.04127166500694872536, 0.000000000000000000 ) ) ;
#3716 = CARTESIAN_POINT ( 'NONE',  ( 0.1187663559442608957, -0.007653739789768460380, 6.776263578034402713E-18 ) ) ;
#3717 = CARTESIAN_POINT ( 'NONE',  ( -0.8329346010191007732, 0.000000000000000000, 0.000000000000000000 ) ) ;
#3718 = CARTESIAN_POINT ( 'NONE',  ( 0.3185678028270528261, 0.000000000000000000, 0.01000000000000000021 ) ) ;
#3719 = EDGE_LOOP ( 'NONE', ( #1406, #2047, #3677, #559 ) ) ;
#3720 = CARTESIAN_POINT ( 'NONE',  ( -0.3409874856344856653, 0.2692307692307692735, 0.01000000000000000021 ) ) ;
#3721 = SURFACE_SIDE_STYLE ('',( #525 ) ) ;
#3722 = ORIENTED_EDGE ( 'NONE', *, *, #2331, .T. ) ;
#3723 = B_SPLINE_SURFACE_WITH_KNOTS ( 'NONE', 3, 1, ( 
 ( #2968, #2315 ),
 ( #338, #1051 ),
 ( #1408, #60 ),
 ( #83, #1075 ),
 ( #708, #2020 ),
 ( #2347, #395 ),
 ( #42, #385 ),
 ( #4027, #3348 ),
 ( #2699, #3027 ),
 ( #1038, #1062 ),
 ( #2056, #1371 ),
 ( #1397, #2715 ),
 ( #406, #1386 ),
 ( #2996, #1752 ),
 ( #2397, #1421 ),
 ( #3341, #738 ),
 ( #1702, #3049 ),
 ( #3375, #4043 ),
 ( #424, #684 ) ),
 .UNSPECIFIED., .F., .F., .F.,
 ( 4, 1, 1, 1, 1, 1, 1, 1, 1, 1, 1, 1, 1, 1, 1, 1, 4 ),
 ( 2, 2 ),
 ( 0.000000000000000000, 0.07015117599727851982, 0.1378126061901916166, 0.2032262471813942040, 0.2671740552944739666, 0.3300240034081788343, 0.3917942717866855773, 0.4530843989971402586, 0.5143339076458773862, 0.5749999928182691900, 0.6348654826222128733, 0.6941163151896413419, 0.7534416217804381644, 0.8131258003036119231, 0.8740796856370746104, 0.9360070132744069404, 1.000000000000000000 ),
 ( 0.000000000000000000, 1.000000000000000000 ),
 .UNSPECIFIED. ) ;
#3724 = DIRECTION ( 'NONE',  ( -1.000000000000000000, -1.445602896647339163E-16, 0.000000000000000000 ) ) ;
#3725 = ORIENTED_EDGE ( 'NONE', *, *, #2207, .T. ) ;
#3726 = ORIENTED_EDGE ( 'NONE', *, *, #2941, .T. ) ;
#3727 = EDGE_CURVE ( 'NONE', #725, #776, #3841, .T. ) ;
#3728 = CARTESIAN_POINT ( 'NONE',  ( -0.3689955892330983311, 0.2998887760350053555, 0.01000000000000000021 ) ) ;
#3729 = CARTESIAN_POINT ( 'NONE',  ( -0.4765280522559638410, 0.05864149417298700900, 0.000000000000000000 ) ) ;
#3730 = CARTESIAN_POINT ( 'NONE',  ( 0.08286942503584233954, -0.003700546449330856680, 0.01000000000000000021 ) ) ;
#3731 = EDGE_CURVE ( 'NONE', #1737, #936, #1992, .T. ) ;
#3732 = CARTESIAN_POINT ( 'NONE',  ( -0.5344772265215361751, 0.1038991827851072913, 5.082197683525802034E-18 ) ) ;
#3733 = DIRECTION ( 'NONE',  ( -1.080453413504671813E-16, -2.342859876382288876E-32, -1.000000000000000000 ) ) ;
#3734 = CIRCLE ( 'NONE', #1188, 0.1000000000000002554 ) ;
#3735 = CARTESIAN_POINT ( 'NONE',  ( -0.008355274096024017938, 0.2449519230769230393, 0.000000000000000000 ) ) ;
#3736 = CARTESIAN_POINT ( 'NONE',  ( -0.09681681255756247051, 0.03076923076923076747, 0.000000000000000000 ) ) ;
#3737 = CARTESIAN_POINT ( 'NONE',  ( -0.4400860433267932414, 0.03840144230769230310, 0.01000000000000000021 ) ) ;
#3738 = CARTESIAN_POINT ( 'NONE',  ( -0.4400860433267932414, 0.03840144230769230310, 0.01000000000000000021 ) ) ;
#3739 = FILL_AREA_STYLE_COLOUR ( '', #311 ) ;
#3740 = ORIENTED_EDGE ( 'NONE', *, *, #241, .F. ) ;
#3741 = CARTESIAN_POINT ( 'NONE',  ( 0.1120428055620552171, -0.007577632719592775068, 0.01000000000000000021 ) ) ;
#3742 = CARTESIAN_POINT ( 'NONE',  ( -0.006459436106213869988, 0.05278221236261709109, 6.776263578034402713E-18 ) ) ;
#3743 = CARTESIAN_POINT ( 'NONE',  ( 0.06465581784303603419, 0.001474610086933198600, 0.000000000000000000 ) ) ;
#3744 = FILL_AREA_STYLE_COLOUR ( '', #360 ) ;
#3745 = ORIENTED_EDGE ( 'NONE', *, *, #4269, .F. ) ;
#3746 = EDGE_LOOP ( 'NONE', ( #487, #2233, #856, #739 ) ) ;
#3747 = DIRECTION ( 'NONE',  ( 0.4283511191562797693, -0.9036123719369729690, 0.000000000000000000 ) ) ;
#3748 = FACE_OUTER_BOUND ( 'NONE', #763, .T. ) ;
#3749 = CARTESIAN_POINT ( 'NONE',  ( -0.4379103353671311982, 0.03776963846453124107, 0.01000000000000000021 ) ) ;
#3750 = EDGE_CURVE ( 'NONE', #1068, #3115, #1070, .T. ) ;
#3751 = B_SPLINE_CURVE_WITH_KNOTS ( 'NONE', 3,
 ( #1749, #435, #1107, #1722, #4039, #762, #1405, #3399, #1086, #420, #1049, #3076, #2042, #3024, #2052, #2068, #746, #3060, #3686 ),
 .UNSPECIFIED., .F., .F.,
 ( 4, 1, 1, 1, 1, 1, 1, 1, 1, 1, 1, 1, 1, 1, 1, 1, 4 ),
 ( 0.000000000000000000, 0.07015117599727851982, 0.1378126061901916166, 0.2032262471813942040, 0.2671740552944739666, 0.3300240034081788343, 0.3917942717866855773, 0.4530843989971402586, 0.5143339076458773862, 0.5749999928182691900, 0.6348654826222128733, 0.6941163151896413419, 0.7534416217804381644, 0.8131258003036119231, 0.8740796856370746104, 0.9360070132744069404, 1.000000000000000000 ),
 .UNSPECIFIED. ) ;
#3752 = VECTOR ( 'NONE', #4036, 1000.000000000000000 ) ;
#3753 =( GEOMETRIC_REPRESENTATION_CONTEXT ( 3 ) GLOBAL_UNCERTAINTY_ASSIGNED_CONTEXT ( ( #2857 ) ) GLOBAL_UNIT_ASSIGNED_CONTEXT ( ( #1347, #3322, #1031 ) ) REPRESENTATION_CONTEXT ( 'NONE', 'WORKASPACE' ) );
#3754 = VECTOR ( 'NONE', #1391, 1000.000000000000000 ) ;
#3755 = PRESENTATION_STYLE_ASSIGNMENT (( #1030 ) ) ;
#3756 = CARTESIAN_POINT ( 'NONE',  ( -0.2391245048652548000, 0.03076923076923076747, 0.01000000000000000021 ) ) ;
#3757 = DIRECTION ( 'NONE',  ( 0.000000000000000000, -0.000000000000000000, 1.000000000000000000 ) ) ;
#3758 = VECTOR ( 'NONE', #3058, 1000.000000000000000 ) ;
#3759 = CARTESIAN_POINT ( 'NONE',  ( -0.6671894087114085270, 0.1269230769230769162, 0.000000000000000000 ) ) ;
#3760 = EDGE_CURVE ( 'NONE', #2292, #4062, #4161, .T. ) ;
#3761 = CARTESIAN_POINT ( 'NONE',  ( -2.063815258520282470, 1.539999999999999591, 0.4344330821015151001 ) ) ;
#3762 = LINE ( 'NONE', #3851, #2116 ) ;
#3763 = VECTOR ( 'NONE', #2377, 1000.000000000000000 ) ;
#3764 = CARTESIAN_POINT ( 'NONE',  ( -0.4331749856344855321, 0.2608173076923076539, 0.01000000000000000021 ) ) ;
#3765 = LINE ( 'NONE', #711, #2752 ) ;
#3766 = DIRECTION ( 'NONE',  ( -0.000000000000000000, -0.000000000000000000, -1.000000000000000000 ) ) ;
#3767 = CARTESIAN_POINT ( 'NONE',  ( 0.2355229261123981399, 0.2211972708066480831, 0.01000000000000000021 ) ) ;
#3768 = VERTEX_POINT ( 'NONE', #3641 ) ;
#3769 = ORIENTED_EDGE ( 'NONE', *, *, #2706, .F. ) ;
#3770 = PRODUCT_DEFINITION_CONTEXT ( 'detailed design', #303, 'design' ) ;
#3771 = CARTESIAN_POINT ( 'NONE',  ( -1.747188556591410924, -1.540000000000000480, 0.1899999999999998912 ) ) ;
#3772 = DIRECTION ( 'NONE',  ( 0.000000000000000000, -0.000000000000000000, -1.000000000000000000 ) ) ;
#3773 = CARTESIAN_POINT ( 'NONE',  ( 0.1171164871770531551, 0.02322167562700078527, 0.01000000000000000021 ) ) ;
#3774 = ORIENTED_EDGE ( 'NONE', *, *, #3325, .T. ) ;
#3775 = DIRECTION ( 'NONE',  ( 0.000000000000000000, 0.000000000000000000, 1.000000000000000000 ) ) ;
#3776 = CARTESIAN_POINT ( 'NONE',  ( -0.6525860433267932637, 0.09615384615384615918, 0.01000000000000000021 ) ) ;
#3777 = LINE ( 'NONE', #552, #1786 ) ;
#3778 = CARTESIAN_POINT ( 'NONE',  ( 0.1508127684208618036, 0.2746320648980008494, 0.000000000000000000 ) ) ;
#3779 = CARTESIAN_POINT ( 'NONE',  ( -1.500000000000000222, 1.549999999999999600, 0.5999999999999999778 ) ) ;
#3780 = CARTESIAN_POINT ( 'NONE',  ( 0.2693246121774525159, 0.08050181371191328372, 0.01000000000000000021 ) ) ;
#3781 = CARTESIAN_POINT ( 'NONE',  ( -0.4211364704605603526, 0.2959343974568476310, 0.000000000000000000 ) ) ;
#3782 = CARTESIAN_POINT ( 'NONE',  ( 0.2569947687575894202, 0.1526465782783854863, 0.01000000000000000021 ) ) ;
#3783 = DIRECTION ( 'NONE',  ( 1.000000000000000000, 0.000000000000000000, 0.000000000000000000 ) ) ;
#3784 = B_SPLINE_CURVE_WITH_KNOTS ( 'NONE', 3,
 ( #1643, #2952, #670, #280, #973, #4236, #2628, #3271, #3897, #3314, #2610, #1308, #959, #2984, #3595, #654, #323, #4250, #1956 ),
 .UNSPECIFIED., .F., .F.,
 ( 4, 1, 1, 1, 1, 1, 1, 1, 1, 1, 1, 1, 1, 1, 1, 1, 4 ),
 ( 0.000000000000000000, 0.06854753670890291473, 0.1356829456230483621, 0.2012149895263285748, 0.2656822347546962670, 0.3292668348172589909, 0.3923954278443287369, 0.4550697616521436339, 0.5171268500645063160, 0.5787900352866524045, 0.6397398633435414927, 0.7001915036663084457, 0.7598062425966705113, 0.8196283192750080104, 0.8793547910462767847, 0.9395116077646613606, 1.000000000000000000 ),
 .UNSPECIFIED. ) ;
#3785 = FACE_OUTER_BOUND ( 'NONE', #3489, .T. ) ;
#3786 = DIRECTION ( 'NONE',  ( 1.000000000000000000, 0.000000000000000000, -1.205012674960150487E-16 ) ) ;
#3787 =( LENGTH_UNIT ( ) NAMED_UNIT ( * ) SI_UNIT ( .MILLI., .METRE. ) );
#3788 = CARTESIAN_POINT ( 'NONE',  ( 0.09169082415466305036, 0.02592023319806468010, 0.01000000000000000021 ) ) ;
#3789 = EDGE_CURVE ( 'NONE', #607, #3020, #3784, .T. ) ;
#3790 = CARTESIAN_POINT ( 'NONE',  ( -0.5318712967983471041, 0.09409962125205974248, 5.082197683525802034E-18 ) ) ;
#3791 = VERTEX_POINT ( 'NONE', #294 ) ;
#3792 = CARTESIAN_POINT ( 'NONE',  ( 0.2131337305518910263, 0.2455838064031915235, 0.000000000000000000 ) ) ;
#3793 = VECTOR ( 'NONE', #1232, 1000.000000000000000 ) ;
#3794 = STYLED_ITEM ( 'NONE', ( #1142 ), #1962 ) ;
#3795 = DIRECTION ( 'NONE',  ( 2.168404344971008868E-16, -1.000000000000000000, 0.000000000000000000 ) ) ;
#3796 = CARTESIAN_POINT ( 'NONE',  ( -0.2391245048652548000, 0.1769230769230769051, 0.000000000000000000 ) ) ;
#3797 = CARTESIAN_POINT ( 'NONE',  ( -0.4867213947947788832, 0.2684683381219553633, 0.01000000000000000021 ) ) ;
#3798 = CARTESIAN_POINT ( 'NONE',  ( 0.4339524182116682449, 0.03076923076923076747, 0.000000000000000000 ) ) ;
#3799 = ADVANCED_FACE ( 'NONE', ( #2829 ), #1264, .T. ) ;
#3800 = ORIENTED_EDGE ( 'NONE', *, *, #1390, .T. ) ;
#3801 = CARTESIAN_POINT ( 'NONE',  ( 0.1281898952923798407, 0.3075540215768681751, 6.776263578034402713E-18 ) ) ;
#3802 = CARTESIAN_POINT ( 'NONE',  ( -0.3973152643688854235, 0.2986020454359282761, 0.01000000000000000021 ) ) ;
#3803 = CARTESIAN_POINT ( 'NONE',  ( -0.5122014279421779337, 0.1462740384615384415, 0.000000000000000000 ) ) ;
#3804 = ORIENTED_EDGE ( 'NONE', *, *, #2189, .F. ) ;
#3805 = DIRECTION ( 'NONE',  ( 1.000000000000000000, 1.445602896647339163E-16, 0.000000000000000000 ) ) ;
#3806 = CARTESIAN_POINT ( 'NONE',  ( 0.02594271879569134964, 0.06128657647449026191, 0.01000000000000000021 ) ) ;
#3807 = VECTOR ( 'NONE', #2352, 1000.000000000000000 ) ;
#3808 = FILL_AREA_STYLE ('',( #3471 ) ) ;
#3809 = CARTESIAN_POINT ( 'NONE',  ( 0.1281898952923798407, 0.3075540215768681751, 0.01000000000000000021 ) ) ;
#3810 = PRESENTATION_STYLE_ASSIGNMENT (( #3953 ) ) ;
#3811 = FACE_OUTER_BOUND ( 'NONE', #908, .T. ) ;
#3812 = EDGE_CURVE ( 'NONE', #4062, #1377, #2036, .T. ) ;
#3813 = VECTOR ( 'NONE', #2632, 1000.000000000000000 ) ;
#3814 = ORIENTED_EDGE ( 'NONE', *, *, #2883, .F. ) ;
#3816 = EDGE_CURVE ( 'NONE', #3791, #691, #3483, .T. ) ;
#3815 = FACE_BOUND ( 'NONE', #3226, .T. ) ;
#3817 = CARTESIAN_POINT ( 'NONE',  ( -0.6069730625575624483, 0.000000000000000000, 0.01000000000000000021 ) ) ;
#3818 = PRESENTATION_LAYER_ASSIGNMENT (  '', '', ( #2418 ) ) ;
#3819 = CARTESIAN_POINT ( 'NONE',  ( -0.5391245048652548721, 0.1462139423076923017, 0.01000000000000000021 ) ) ;
#3820 = PRESENTATION_STYLE_ASSIGNMENT (( #1443 ) ) ;
#3821 = DIRECTION ( 'NONE',  ( 1.000000000000000000, 0.000000000000000000, -0.000000000000000000 ) ) ;
#3822 = DIRECTION ( 'NONE',  ( -1.000000000000000000, 0.000000000000000000, -0.000000000000000000 ) ) ;
#3823 = CARTESIAN_POINT ( 'NONE',  ( 0.2002146018179422615, 0.2903009241675001961, 6.776263578034402713E-18 ) ) ;
#3824 = ORIENTED_EDGE ( 'NONE', *, *, #3983, .F. ) ;
#3825 = CARTESIAN_POINT ( 'NONE',  ( -0.5122014279421779337, 0.1462740384615384415, 0.01000000000000000021 ) ) ;
#3826 = LINE ( 'NONE', #2871, #2963 ) ;
#3827 = ORIENTED_EDGE ( 'NONE', *, *, #792, .T. ) ;
#3828 = CARTESIAN_POINT ( 'NONE',  ( -0.7744009471729470517, 0.1269230769230769162, 0.01000000000000000021 ) ) ;
#3829 = CARTESIAN_POINT ( 'NONE',  ( 0.2278621039994344899, 0.06839662145529275261, 0.000000000000000000 ) ) ;
#3830 = ORIENTED_EDGE ( 'NONE', *, *, #1123, .F. ) ;
#3831 = VERTEX_POINT ( 'NONE', #1387 ) ;
#3832 = CARTESIAN_POINT ( 'NONE',  ( 0.03085738457473382115, 0.2821839692066955840, 0.01000000000000000021 ) ) ;
#3833 = EDGE_CURVE ( 'NONE', #936, #3958, #3455, .T. ) ;
#3834 = EDGE_CURVE ( 'NONE', #3978, #1759, #2922, .T. ) ;
#3835 = DIRECTION ( 'NONE',  ( 1.000000000000000000, 0.000000000000000000, 8.881784197001254296E-16 ) ) ;
#3836 = MECHANICAL_DESIGN_GEOMETRIC_PRESENTATION_REPRESENTATION (  '', ( #222 ), #2441 ) ;
#3837 = ADVANCED_FACE ( 'NONE', ( #393 ), #2247, .F. ) ;
#3838 = CARTESIAN_POINT ( 'NONE',  ( -0.4487398894806394201, 0.2891826923076923350, 0.01000000000000000021 ) ) ;
#3839 = LINE ( 'NONE', #3558, #2975 ) ;
#3840 = CARTESIAN_POINT ( 'NONE',  ( -0.5014246030360069994, 0.09229657029451239503, 0.01000000000000000021 ) ) ;
#3841 = LINE ( 'NONE', #1920, #2979 ) ;
#3842 = CARTESIAN_POINT ( 'NONE',  ( -0.4067566127680841692, 0.2660290835758288286, 6.776263578034402713E-18 ) ) ;
#3843 = CARTESIAN_POINT ( 'NONE',  ( 0.2569211853722566663, 0.1452654060945363645, -0.000000000000000000 ) ) ;
#3844 = ORIENTED_EDGE ( 'NONE', *, *, #2928, .T. ) ;
#3845 = EDGE_CURVE ( 'NONE', #3886, #2176, #1707, .T. ) ;
#3846 = SHAPE_DEFINITION_REPRESENTATION ( #2472, #309 ) ;
#3847 = CARTESIAN_POINT ( 'NONE',  ( 0.1225341489808990103, 0.3076923076923076539, 0.01000000000000000021 ) ) ;
#3848 = ORIENTED_EDGE ( 'NONE', *, *, #4119, .T. ) ;
#3849 = B_SPLINE_CURVE_WITH_KNOTS ( 'NONE', 3,
 ( #23, #8, #1331, #361, #2293, #313, #2649, #3618, #3333, #3949, #1974, #658, #4282, #2974, #2679, #689, #3003, #996, #3305 ),
 .UNSPECIFIED., .F., .F.,
 ( 4, 1, 1, 1, 1, 1, 1, 1, 1, 1, 1, 1, 1, 1, 1, 1, 4 ),
 ( 0.000000000000000000, 0.06455784592971904046, 0.1270135315497586959, 0.1879548102020903999, 0.2480139127896340556, 0.3077476818488372734, 0.3682345146974852490, 0.4294698439426692937, 0.4927434367465849951, 0.5562577687060832332, 0.6182167855431435211, 0.6796554755875550136, 0.7412455456206294979, 0.8034152647056966856, 0.8668154615439921384, 0.9323283119492651316, 1.000000000000000000 ),
 .UNSPECIFIED. ) ;
#3850 = CARTESIAN_POINT ( 'NONE',  ( -0.09681681255756247051, 0.03076923076923076747, 0.01000000000000000021 ) ) ;
#3851 = CARTESIAN_POINT ( 'NONE',  ( -2.146530383509388962, -1.540000000000000480, -0.4000000000000000222 ) ) ;
#3852 = ORIENTED_EDGE ( 'NONE', *, *, #2594, .F. ) ;
#3853 = CARTESIAN_POINT ( 'NONE',  ( 0.2569211853722566663, 0.1452654060945363645, 5.082197683525802034E-18 ) ) ;
#3854 = EDGE_LOOP ( 'NONE', ( #1425, #2792, #398, #3261 ) ) ;
#3855 = CARTESIAN_POINT ( 'NONE',  ( -0.4765280522559638410, 0.05864149417298700900, 1.016439536705160407E-17 ) ) ;
#3856 = CIRCLE ( 'NONE', #2457, 0.4000000000000001887 ) ;
#3857 = DIRECTION ( 'NONE',  ( -0.000000000000000000, -0.000000000000000000, -1.000000000000000000 ) ) ;
#3858 = DIRECTION ( 'NONE',  ( -1.000000000000000000, 0.000000000000000000, 0.000000000000000000 ) ) ;
#3859 = DIRECTION ( 'NONE',  ( -1.000000000000000000, 0.000000000000000000, 0.000000000000000000 ) ) ;
#3860 = LINE ( 'NONE', #3872, #2798 ) ;
#3861 = CARTESIAN_POINT ( 'NONE',  ( 0.02336039668550575141, 0.2770157573063153356, 3.388131789017201356E-18 ) ) ;
#3862 = VECTOR ( 'NONE', #874, 1000.000000000000000 ) ;
#3863 = CARTESIAN_POINT ( 'NONE',  ( 0.2570293412885913398, 0.1496995192307692124, 0.000000000000000000 ) ) ;
#3864 = FACE_OUTER_BOUND ( 'NONE', #1034, .T. ) ;
#3865 = CARTESIAN_POINT ( 'NONE',  ( 3.150000000000000355, -1.539999999999999591, 0.1999999999999997613 ) ) ;
#3866 = CARTESIAN_POINT ( 'NONE',  ( 1.500000000000001332, -1.539999999999999591, 0.5899999999999999689 ) ) ;
#3867 = DIRECTION ( 'NONE',  ( -2.168404344971008868E-16, 1.000000000000000000, 0.000000000000000000 ) ) ;
#3868 = VECTOR ( 'NONE', #4226, 999.9999999999998863 ) ;
#3869 = CARTESIAN_POINT ( 'NONE',  ( 2.214771495659210387, 1.539999999999999813, 0.2388917294746209785 ) ) ;
#3870 = VECTOR ( 'NONE', #4056, 1000.000000000000000 ) ;
#3871 = LINE ( 'NONE', #854, #2548 ) ;
#3872 = CARTESIAN_POINT ( 'NONE',  ( -0.7198937356344854432, 0.2999999999999999889, 0.01000000000000000021 ) ) ;
#3873 = EDGE_CURVE ( 'NONE', #3092, #139, #2810, .T. ) ;
#3874 = ORIENTED_EDGE ( 'NONE', *, *, #3536, .F. ) ;
#3875 = FACE_OUTER_BOUND ( 'NONE', #2509, .T. ) ;
#3876 = FILL_AREA_STYLE ('',( #1303 ) ) ;
#3877 = ORIENTED_EDGE ( 'NONE', *, *, #2762, .T. ) ;
#3878 = MECHANICAL_DESIGN_GEOMETRIC_PRESENTATION_REPRESENTATION (  '', ( #1694 ), #2389 ) ;
#3879 = CARTESIAN_POINT ( 'NONE',  ( -0.3859394087114086380, 0.000000000000000000, 0.01000000000000000021 ) ) ;
#3880 = VECTOR ( 'NONE', #972, 1000.000000000000000 ) ;
#3881 = ADVANCED_FACE ( 'NONE', ( #30 ), #180, .T. ) ;
#3882 = ORIENTED_EDGE ( 'NONE', *, *, #3731, .T. ) ;
#3883 = CARTESIAN_POINT ( 'NONE',  ( 0.2836278796194821039, 0.1365084513660569654, 0.01000000000000000021 ) ) ;
#3884 = FILL_AREA_STYLE_COLOUR ( '', #3319 ) ;
#3885 =( NAMED_UNIT ( * ) SI_UNIT ( $, .STERADIAN. ) SOLID_ANGLE_UNIT ( ) );
#3886 = VERTEX_POINT ( 'NONE', #425 ) ;
#3887 = VERTEX_POINT ( 'NONE', #2773 ) ;
#3888 = EDGE_CURVE ( 'NONE', #2492, #4168, #4107, .T. ) ;
#3889 = DIRECTION ( 'NONE',  ( -0.4285842068721728571, 0.9035018415143106774, 0.000000000000000000 ) ) ;
#3890 = CARTESIAN_POINT ( 'NONE',  ( -0.4930263573123941367, 0.07736268778201155216, 1.016439536705160407E-17 ) ) ;
#3891 = CARTESIAN_POINT ( 'NONE',  ( 0.2400415282606900846, 0.2142275501587895814, 6.776263578034402713E-18 ) ) ;
#3892 = CARTESIAN_POINT ( 'NONE',  ( 0.1631808029479847877, 0.02795192335276981688, 0.01000000000000000021 ) ) ;
#3893 =( NAMED_UNIT ( * ) SI_UNIT ( $, .STERADIAN. ) SOLID_ANGLE_UNIT ( ) );
#3894 = B_SPLINE_SURFACE_WITH_KNOTS ( 'NONE', 3, 1, ( 
 ( #2123, #150 ),
 ( #3454, #3186 ),
 ( #2487, #192 ),
 ( #2153, #1193 ),
 ( #2546, #4120 ),
 ( #3162, #2138 ),
 ( #884, #1884 ),
 ( #1528, #2834 ),
 ( #831, #2845 ),
 ( #513, #3482 ),
 ( #2528, #1856 ),
 ( #557, #1205 ),
 ( #3149, #3823 ),
 ( #164, #842 ),
 ( #2170, #1222 ),
 ( #179, #3511 ),
 ( #2518, #1517 ),
 ( #3809, #3801 ),
 ( #1847, #502 ) ),
 .UNSPECIFIED., .F., .F., .F.,
 ( 4, 1, 1, 1, 1, 1, 1, 1, 1, 1, 1, 1, 1, 1, 1, 1, 4 ),
 ( 2, 2 ),
 ( 0.000000000000000000, 0.06455784592971904046, 0.1270135315497586959, 0.1879548102020903999, 0.2480139127896340556, 0.3077476818488372734, 0.3682345146974852490, 0.4294698439426692937, 0.4927434367465849951, 0.5562577687060832332, 0.6182167855431435211, 0.6796554755875550136, 0.7412455456206294979, 0.8034152647056966856, 0.8668154615439921384, 0.9323283119492651316, 1.000000000000000000 ),
 ( 0.000000000000000000, 1.000000000000000000 ),
 .UNSPECIFIED. ) ;
#3895 = CARTESIAN_POINT ( 'NONE',  ( 0.000000000000000000, 0.000000000000000000, 0.000000000000000000 ) ) ;
#3896 = EDGE_CURVE ( 'NONE', #2835, #1074, #3588, .T. ) ;
#3897 = CARTESIAN_POINT ( 'NONE',  ( 0.05551907973142115871, 0.2951131832830706792, 0.01000000000000000021 ) ) ;
#3898 = CARTESIAN_POINT ( 'NONE',  ( 1.663507616997317973, -1.539999999999999591, -0.02889172947462113200 ) ) ;
#3899 = STYLED_ITEM ( 'NONE', ( #3702 ), #583 ) ;
#3900 = EDGE_LOOP ( 'NONE', ( #3814, #114, #545, #954 ) ) ;
#3901 = CARTESIAN_POINT ( 'NONE',  ( 0.2567088355767033758, 0.1365596131074418851, 0.01000000000000000021 ) ) ;
#3902 = FACE_BOUND ( 'NONE', #885, .T. ) ;
#3903 = CARTESIAN_POINT ( 'NONE',  ( -0.3859394087114086380, 0.000000000000000000, 0.01000000000000000021 ) ) ;
#3904 = CARTESIAN_POINT ( 'NONE',  ( -0.4975270690866755996, 0.08462181312262011257, 1.016439536705160407E-17 ) ) ;
#3905 = ADVANCED_FACE ( 'NONE', ( #73 ), #4103, .T. ) ;
#3906 = VERTEX_POINT ( 'NONE', #1129 ) ;
#3907 = STYLED_ITEM ( 'NONE', ( #1011 ), #309 ) ;
#3908 = CARTESIAN_POINT ( 'NONE',  ( -0.4067566127680841692, 0.2660290835758288286, 0.01000000000000000021 ) ) ;
#3909 = CARTESIAN_POINT ( 'NONE',  ( -0.7198937356344854432, 0.2999999999999999889, 0.01000000000000000021 ) ) ;
#3910 = EDGE_CURVE ( 'NONE', #3831, #662, #1540, .T. ) ;
#3911 = CARTESIAN_POINT ( 'NONE',  ( 0.2278342041252995054, 0.02688087123830100109, 0.01000000000000000021 ) ) ;
#3912 = CARTESIAN_POINT ( 'NONE',  ( 0.2459115528270528761, 0.04477163461538460898, 0.01000000000000000021 ) ) ;
#3913 = ORIENTED_EDGE ( 'NONE', *, *, #4087, .T. ) ;
#3914 = CARTESIAN_POINT ( 'NONE',  ( 0.2519471134022092662, 0.1115917887370263678, 5.082197683525802034E-18 ) ) ;
#3915 = B_SPLINE_SURFACE_WITH_KNOTS ( 'NONE', 3, 1, ( 
 ( #1773, #2735 ),
 ( #3102, #3369 ),
 ( #88, #1136 ),
 ( #3697, #4054 ),
 ( #3426, #2049 ),
 ( #77, #131 ),
 ( #1746, #2066 ),
 ( #3708, #2390 ),
 ( #1428, #432 ),
 ( #3749, #416 ),
 ( #3737, #732 ) ),
 .UNSPECIFIED., .F., .F., .F.,
 ( 4, 1, 1, 1, 1, 1, 1, 1, 4 ),
 ( 2, 2 ),
 ( 0.000000000000000000, 0.1719006646132703042, 0.3306279320958812051, 0.4755488358809185634, 0.6067461903123636535, 0.7250238034674899579, 0.8297423869584560352, 0.9213228203439749464, 1.000000000000000000 ),
 ( 0.000000000000000000, 1.000000000000000000 ),
 .UNSPECIFIED. ) ;
#3916 = CARTESIAN_POINT ( 'NONE',  ( 0.03701098693885505886, 0.2486318973014458589, 0.01000000000000000021 ) ) ;
#3917 = CARTESIAN_POINT ( 'NONE',  ( -0.4632906224802038619, 0.04886592765869830768, 1.016439536705160407E-17 ) ) ;
#3918 = CARTESIAN_POINT ( 'NONE',  ( -0.5122014279421779337, 0.1462740384615384415, 0.01000000000000000021 ) ) ;
#3919 = LINE ( 'NONE', #2662, #2743 ) ;
#3920 = FACE_OUTER_BOUND ( 'NONE', #4227, .T. ) ;
#3921 =( NAMED_UNIT ( * ) PLANE_ANGLE_UNIT ( ) SI_UNIT ( $, .RADIAN. ) );
#3922 = CARTESIAN_POINT ( 'NONE',  ( -0.09681681255756247051, 0.03076923076923076747, 0.000000000000000000 ) ) ;
#3923 = ORIENTED_EDGE ( 'NONE', *, *, #2012, .F. ) ;
#3924 = VECTOR ( 'NONE', #719, 1000.000000000000000 ) ;
#3925 = ORIENTED_EDGE ( 'NONE', *, *, #1545, .T. ) ;
#3926 = DIRECTION ( 'NONE',  ( 0.000000000000000000, -1.000000000000000000, 0.000000000000000000 ) ) ;
#3927 = VECTOR ( 'NONE', #3661, 1000.000000000000000 ) ;
#3928 = ADVANCED_FACE ( 'NONE', ( #2723 ), #1482, .F. ) ;
#3929 = CARTESIAN_POINT ( 'NONE',  ( 0.1254001720913394957, -0.007669851187525756307, 6.776263578034402713E-18 ) ) ;
#3930 = LINE ( 'NONE', #1774, #317 ) ;
#3931 = CARTESIAN_POINT ( 'NONE',  ( 0.1271074145862156057, 0.02316563831442575161, 0.01000000000000000021 ) ) ;
#3932 = CARTESIAN_POINT ( 'NONE',  ( -0.6525860433267932637, 0.09615384615384615918, 0.01000000000000000021 ) ) ;
#3933 = CARTESIAN_POINT ( 'NONE',  ( 0.2341473634407918725, 0.03242372562432704192, 0.01000000000000000021 ) ) ;
#3934 = ORIENTED_EDGE ( 'NONE', *, *, #2883, .T. ) ;
#3935 = CARTESIAN_POINT ( 'NONE',  ( -0.4664259678604784631, 0.2449711190746580447, 0.01000000000000000021 ) ) ;
#3936 = ORIENTED_EDGE ( 'NONE', *, *, #2894, .F. ) ;
#3937 = PLANE ( 'NONE',  #448 ) ;
#3938 = SURFACE_STYLE_USAGE ( .BOTH. , #1367 ) ;
#3939 = COLOUR_RGB ( '',0.6470588235294117974, 0.6196078431372549211, 0.5882352941176470784 ) ;
#3940 = AXIS2_PLACEMENT_3D ( 'NONE', #2371, #3376, #2739 ) ;
#3941 = ORIENTED_EDGE ( 'NONE', *, *, #1641, .T. ) ;
#3942 = APPLICATION_CONTEXT ( 'automotive_design' ) ;
#3943 = ORIENTED_EDGE ( 'NONE', *, *, #3789, .F. ) ;
#3944 = DIRECTION ( 'NONE',  ( 1.000000000000000000, 1.445602896647339163E-16, 0.000000000000000000 ) ) ;
#3945 = CARTESIAN_POINT ( 'NONE',  ( 0.1503708025922407820, -0.005924711574083567182, 0.01000000000000000021 ) ) ;
#3946 = VERTEX_POINT ( 'NONE', #3080 ) ;
#3947 = CARTESIAN_POINT ( 'NONE',  ( 0.1501166770267959305, 0.02516071276677626575, 5.082197683525802034E-18 ) ) ;
#3948 = CARTESIAN_POINT ( 'NONE',  ( 0.01688292292791431295, 0.2289258743371738736, 0.01000000000000000021 ) ) ;
#3949 = CARTESIAN_POINT ( 'NONE',  ( 0.2380718672032050842, 0.2628669465358136614, 0.01000000000000000021 ) ) ;
#3950 = ADVANCED_FACE ( 'NONE', ( #2617 ), #121, .T. ) ;
#3951 = SURFACE_STYLE_FILL_AREA ( #3329 ) ;
#3952 = CARTESIAN_POINT ( 'NONE',  ( -0.4362160401123201248, 0.2598207000235928654, 0.01000000000000000021 ) ) ;
#3953 = SURFACE_STYLE_USAGE ( .BOTH. , #1664 ) ;
#3954 = FILL_AREA_STYLE ('',( #2356 ) ) ;
#3955 = ORIENTED_EDGE ( 'NONE', *, *, #3515, .T. ) ;
#3956 = CARTESIAN_POINT ( 'NONE',  ( 0.1317803740996316419, -0.007625446230164882079, 6.776263578034402713E-18 ) ) ;
#3957 = AXIS2_PLACEMENT_3D ( 'NONE', #175, #3117, #1219 ) ;
#3958 = VERTEX_POINT ( 'NONE', #2475 ) ;
#3959 = CARTESIAN_POINT ( 'NONE',  ( 0.03701098693885505886, 0.2486318973014458589, 0.01000000000000000021 ) ) ;
#3960 = CARTESIAN_POINT ( 'NONE',  ( 0.1225341489808990103, 0.3076923076923076539, 0.01000000000000000021 ) ) ;
#3961 = DIRECTION ( 'NONE',  ( 0.000000000000000000, -1.000000000000000000, 0.000000000000000000 ) ) ;
#3962 = EDGE_CURVE ( 'NONE', #3689, #2867, #901, .T. ) ;
#3963 = CARTESIAN_POINT ( 'NONE',  ( 0.1221735720578221163, -0.007692307692307691867, 0.01000000000000000021 ) ) ;
#3964 = ORIENTED_EDGE ( 'NONE', *, *, #3750, .F. ) ;
#3965 = ORIENTED_EDGE ( 'NONE', *, *, #1834, .F. ) ;
#3966 = CARTESIAN_POINT ( 'NONE',  ( 0.2073115095313626532, 0.01272822749926884323, 0.000000000000000000 ) ) ;
#3967 = DIRECTION ( 'NONE',  ( 0.000000000000000000, -1.000000000000000000, 0.000000000000000000 ) ) ;
#3968 = ORIENTED_EDGE ( 'NONE', *, *, #241, .T. ) ;
#3969 = DIRECTION ( 'NONE',  ( 1.000000000000000000, 0.000000000000000000, -0.000000000000000000 ) ) ;
#3970 = B_SPLINE_SURFACE_WITH_KNOTS ( 'NONE', 3, 1, ( 
 ( #3584, #932 ),
 ( #3246, #3853 ),
 ( #3901, #2602 ),
 ( #616, #949 ),
 ( #1631, #3914 ),
 ( #1946, #3630 ),
 ( #2985, #374 ),
 ( #1374, #644 ),
 ( #2955, #3316 ),
 ( #3599, #993 ),
 ( #655, #1025 ),
 ( #1674, #2659 ),
 ( #4266, #2290 ),
 ( #1040, #698 ),
 ( #1312, #1645 ),
 ( #2691, #3947 ),
 ( #2971, #2351 ),
 ( #3931, #1958 ),
 ( #3299, #342 ) ),
 .UNSPECIFIED., .F., .F., .F.,
 ( 4, 1, 1, 1, 1, 1, 1, 1, 1, 1, 1, 1, 1, 1, 1, 1, 4 ),
 ( 2, 2 ),
 ( 0.000000000000000000, 0.06432321657984210739, 0.1262901037035558394, 0.1867264692161327844, 0.2461464323353445560, 0.3055756426461386233, 0.3654293856180518274, 0.4263263089482599022, 0.4888399064006411776, 0.5517249718140472270, 0.6139185964661588724, 0.6754837657683960828, 0.7373338970992854291, 0.8002290443945262455, 0.8645022981233226878, 0.9310407391556970724, 1.000000000000000000 ),
 ( 0.000000000000000000, 1.000000000000000000 ),
 .UNSPECIFIED. ) ;
#3971 = LINE ( 'NONE', #2333, #2590 ) ;
#3972 = ADVANCED_FACE ( 'NONE', ( #1701 ), #2654, .T. ) ;
#3973 = CARTESIAN_POINT ( 'NONE',  ( 0.2459115528270528761, 0.04477163461538460898, 6.776263578034402713E-18 ) ) ;
#3974 = CARTESIAN_POINT ( 'NONE',  ( 0.09229776282671561805, 0.2740091526484658702, 6.776263578034402713E-18 ) ) ;
#3975 = CARTESIAN_POINT ( 'NONE',  ( 3.150000000000000355, -1.539999999999999591, -0.4000000000000001332 ) ) ;
#3976 = CARTESIAN_POINT ( 'NONE',  ( -0.6069730625575624483, 0.000000000000000000, 0.01000000000000000021 ) ) ;
#3977 = VECTOR ( 'NONE', #521, 1000.000000000000000 ) ;
#3978 = VERTEX_POINT ( 'NONE', #492 ) ;
#3979 = CARTESIAN_POINT ( 'NONE',  ( 0.2459115528270528761, 0.04477163461538460898, 0.01000000000000000021 ) ) ;
#3980 = CARTESIAN_POINT ( 'NONE',  ( 1.500000000000001332, -1.539999999999999591, 0.5899999999999999689 ) ) ;
#3981 = CARTESIAN_POINT ( 'NONE',  ( -0.7215163317883317440, 0.2415264423076922962, 0.01000000000000000021 ) ) ;
#3982 = DIRECTION ( 'NONE',  ( -1.000000000000000000, 0.000000000000000000, -0.000000000000000000 ) ) ;
#3983 = EDGE_CURVE ( 'NONE', #3768, #550, #3683, .T. ) ;
#3984 = CARTESIAN_POINT ( 'NONE',  ( 0.02594271879569134964, 0.06128657647449026191, 0.000000000000000000 ) ) ;
#3985 = EDGE_CURVE ( 'NONE', #1453, #4050, #3334, .T. ) ;
#3986 = AXIS2_PLACEMENT_3D ( 'NONE', #1440, #2417, #443 ) ;
#3987 = ORIENTED_EDGE ( 'NONE', *, *, #1611, .T. ) ;
#3988 = DIRECTION ( 'NONE',  ( -0.000000000000000000, 0.000000000000000000, -1.000000000000000000 ) ) ;
#3989 = CARTESIAN_POINT ( 'NONE',  ( 0.2835568519439041202, 0.1677556208704023277, 0.000000000000000000 ) ) ;
#3990 = CARTESIAN_POINT ( 'NONE',  ( 0.01520241821166827892, 0.07307692307692308098, 0.01000000000000000021 ) ) ;
#3991 = PRESENTATION_STYLE_ASSIGNMENT (( #4190 ) ) ;
#3992 = CARTESIAN_POINT ( 'NONE',  ( 1.747188556591411812, -1.539999999999999591, 0.1899999999999998912 ) ) ;
#3993 = EDGE_LOOP ( 'NONE', ( #2395, #2273, #2580, #1467 ) ) ;
#3994 = ORIENTED_EDGE ( 'NONE', *, *, #2044, .T. ) ;
#3995 = CARTESIAN_POINT ( 'NONE',  ( -0.5209271721455044357, 0.2265714683056021250, 6.776263578034402713E-18 ) ) ;
#3996 = EDGE_CURVE ( 'NONE', #702, #4271, #1601, .T. ) ;
#3998 = ORIENTED_EDGE ( 'NONE', *, *, #1991, .F. ) ;
#3997 = DIRECTION ( 'NONE',  ( 0.4190581774617469502, 0.9079593845004516606, 0.000000000000000000 ) ) ;
#3999 = DIRECTION ( 'NONE',  ( 1.445602896647339163E-16, -1.000000000000000000, 0.000000000000000000 ) ) ;
#4000 = LINE ( 'NONE', #2168, #796 ) ;
#4001 = CARTESIAN_POINT ( 'NONE',  ( 0.2002146018179422615, 0.2903009241675001961, 0.000000000000000000 ) ) ;
#4002 = DIRECTION ( 'NONE',  ( -0.9080590238365501277, 0.4188422247446069169, 0.000000000000000000 ) ) ;
#4003 = CARTESIAN_POINT ( 'NONE',  ( -0.09681681255756247051, 0.1461538461538461620, 0.000000000000000000 ) ) ;
#4004 = CARTESIAN_POINT ( 'NONE',  ( 0.2549869059979873454, 0.05592288312897580882, 0.000000000000000000 ) ) ;
#4005 = VERTEX_POINT ( 'NONE', #3131 ) ;
#4006 = CARTESIAN_POINT ( 'NONE',  ( 0.2278342041252995054, 0.02688087123830100109, 0.000000000000000000 ) ) ;
#4007 = DIRECTION ( 'NONE',  ( -0.000000000000000000, -0.000000000000000000, -1.000000000000000000 ) ) ;
#4008 = CARTESIAN_POINT ( 'NONE',  ( 0.3185678028270528261, 0.000000000000000000, 0.000000000000000000 ) ) ;
#4009 = VERTEX_POINT ( 'NONE', #4116 ) ;
#4010 = ADVANCED_FACE ( 'NONE', ( #70 ), #509, .F. ) ;
#4011 = ORIENTED_EDGE ( 'NONE', *, *, #2809, .T. ) ;
#4012 = UNCERTAINTY_MEASURE_WITH_UNIT (LENGTH_MEASURE( 1.000000000000000082E-05 ), #4262, 'distance_accuracy_value', 'NONE');
#4013 = CARTESIAN_POINT ( 'NONE',  ( -2.214771495659211720, 3.474214125298947131, 0.2388917294746209508 ) ) ;
#4014 = DIRECTION ( 'NONE',  ( -0.000000000000000000, -0.000000000000000000, -1.000000000000000000 ) ) ;
#4015 = PLANE ( 'NONE',  #4179 ) ;
#4016 = CARTESIAN_POINT ( 'NONE',  ( 2.146530383509388518, 3.474214125298948019, -0.4000000000000000222 ) ) ;
#4017 = AXIS2_PLACEMENT_3D ( 'NONE', #1465, #3757, #1804 ) ;
#4018 = VECTOR ( 'NONE', #276, 1000.000000000000000 ) ;
#4019 = CARTESIAN_POINT ( 'NONE',  ( -0.5022192853495254239, 0.2537407866270664503, 0.01000000000000000021 ) ) ;
#4020 = CARTESIAN_POINT ( 'NONE',  ( -0.3561146025313061680, 0.2691853670997404469, 0.000000000000000000 ) ) ;
#4021 = AXIS2_PLACEMENT_3D ( 'NONE', #3651, #2620, #3623 ) ;
#4022 = VECTOR ( 'NONE', #821, 1000.000000000000000 ) ;
#4023 = CARTESIAN_POINT ( 'NONE',  ( -0.2391245048652548000, 0.1461538461538461620, 0.000000000000000000 ) ) ;
#4024 = VECTOR ( 'NONE', #198, 1000.000000000000114 ) ;
#4025 = LINE ( 'NONE', #3634, #1411 ) ;
#4026 = ORIENTED_EDGE ( 'NONE', *, *, #3731, .F. ) ;
#4027 = CARTESIAN_POINT ( 'NONE',  ( -0.5005248521567977615, 0.2033859014525161157, 0.01000000000000000021 ) ) ;
#4028 =( NAMED_UNIT ( * ) SI_UNIT ( $, .STERADIAN. ) SOLID_ANGLE_UNIT ( ) );
#4029 = ORIENTED_EDGE ( 'NONE', *, *, #3002, .T. ) ;
#4030 = LINE ( 'NONE', #61, #154 ) ;
#4031 = CARTESIAN_POINT ( 'NONE',  ( -0.5391245048652548721, 0.1462139423076923017, 5.082197683525802034E-18 ) ) ;
#4032 = CARTESIAN_POINT ( 'NONE',  ( 0.1759602107200207710, 0.2674729200787451799, 0.01000000000000000021 ) ) ;
#4033 = DIRECTION ( 'NONE',  ( -1.000000000000000000, 0.000000000000000000, 0.000000000000000000 ) ) ;
#4034 = CARTESIAN_POINT ( 'NONE',  ( 0.01620420967665794909, 0.2714731994140603955, 0.000000000000000000 ) ) ;
#4035 = LINE ( 'NONE', #1761, #3055 ) ;
#4036 = DIRECTION ( 'NONE',  ( 0.000000000000000000, 0.000000000000000000, -1.000000000000000000 ) ) ;
#4037 = DIRECTION ( 'NONE',  ( -0.000000000000000000, -0.000000000000000000, -1.000000000000000000 ) ) ;
#4038 = UNCERTAINTY_MEASURE_WITH_UNIT (LENGTH_MEASURE( 1.000000000000000082E-05 ), #1817, 'distance_accuracy_value', 'NONE');
#4039 = CARTESIAN_POINT ( 'NONE',  ( -0.5093970698688266019, 0.1765156679297915643, 0.000000000000000000 ) ) ;
#4040 = ORIENTED_EDGE ( 'NONE', *, *, #2894, .T. ) ;
#4041 = EDGE_CURVE ( 'NONE', #3419, #1292, #2614, .T. ) ;
#4042 = LINE ( 'NONE', #539, #325 ) ;
#4043 = CARTESIAN_POINT ( 'NONE',  ( -0.4362160401123201248, 0.2598207000235928654, 6.776263578034402713E-18 ) ) ;
#4044 = CARTESIAN_POINT ( 'NONE',  ( 0.01672810386416273901, 0.02853847755763280411, 0.01000000000000000021 ) ) ;
#4045 = ORIENTED_EDGE ( 'NONE', *, *, #879, .F. ) ;
#4046 = EDGE_CURVE ( 'NONE', #1925, #2383, #956, .T. ) ;
#4047 = CARTESIAN_POINT ( 'NONE',  ( -0.008355274096024017938, 0.05522836538461538269, 0.000000000000000000 ) ) ;
#4048 = CARTESIAN_POINT ( 'NONE',  ( -0.4445512416730844074, 0.006222378275781071354, 0.000000000000000000 ) ) ;
#4049 = EDGE_LOOP ( 'NONE', ( #910, #2203, #3432, #635 ) ) ;
#4050 = VERTEX_POINT ( 'NONE', #1853 ) ;
#4051 = MECHANICAL_DESIGN_GEOMETRIC_PRESENTATION_REPRESENTATION (  '', ( #927 ), #3381 ) ;
#4052 = CARTESIAN_POINT ( 'NONE',  ( 1.829903681580516528, 3.474214125298948019, -0.2444330821015155419 ) ) ;
#4053 = CARTESIAN_POINT ( 'NONE',  ( 0.06525981819641647752, 0.2653820623931156808, 0.000000000000000000 ) ) ;
#4054 = CARTESIAN_POINT ( 'NONE',  ( -0.3824790460547761728, 0.03119030045723342540, 6.776263578034402713E-18 ) ) ;
#4055 =( LENGTH_UNIT ( ) NAMED_UNIT ( * ) SI_UNIT ( .MILLI., .METRE. ) );
#4056 = DIRECTION ( 'NONE',  ( -1.000000000000000000, -1.445602896647339163E-16, 1.205012674960150487E-16 ) ) ;
#4057 = ORIENTED_EDGE ( 'NONE', *, *, #1365, .T. ) ;
#4058 = CARTESIAN_POINT ( 'NONE',  ( 0.4608754951347451834, 0.000000000000000000, 0.01000000000000000021 ) ) ;
#4059 = CARTESIAN_POINT ( 'NONE',  ( 0.009900471577858236186, 0.03454941651998851004, 6.776263578034402713E-18 ) ) ;
#4060 = CARTESIAN_POINT ( 'NONE',  ( -0.5366238720504268311, 0.1139796713601984035, 5.082197683525802034E-18 ) ) ;
#4061 = CARTESIAN_POINT ( 'NONE',  ( 2.146530383509388518, 3.474214125298948019, -0.4000000000000000222 ) ) ;
#4062 = VERTEX_POINT ( 'NONE', #811 ) ;
#4063 = CARTESIAN_POINT ( 'NONE',  ( 0.1190871942426355162, 0.3076509815616618737, -0.000000000000000000 ) ) ;
#4064 = CARTESIAN_POINT ( 'NONE',  ( -0.6069730625575624483, 0.000000000000000000, 0.01000000000000000021 ) ) ;
#4065 = ORIENTED_EDGE ( 'NONE', *, *, #3354, .T. ) ;
#4066 = CARTESIAN_POINT ( 'NONE',  ( -0.4331749856344855321, 0.2608173076923076539, 0.01000000000000000021 ) ) ;
#4067 = EDGE_CURVE ( 'NONE', #122, #2404, #1940, .T. ) ;
#4068 = CARTESIAN_POINT ( 'NONE',  ( -0.4460862011695178597, 0.2900600524590512541, 0.01000000000000000021 ) ) ;
#4069 = UNCERTAINTY_MEASURE_WITH_UNIT (LENGTH_MEASURE( 1.000000000000000082E-05 ), #674, 'distance_accuracy_value', 'NONE');
#4070 = MECHANICAL_DESIGN_GEOMETRIC_PRESENTATION_REPRESENTATION (  '', ( #2672 ), #2 ) ;
#4071 = ORIENTED_EDGE ( 'NONE', *, *, #2101, .T. ) ;
#4072 = CARTESIAN_POINT ( 'NONE',  ( 0.06465581784303603419, 0.001474610086933198600, 6.776263578034402713E-18 ) ) ;
#4073 = VECTOR ( 'NONE', #2103, 1000.000000000000000 ) ;
#4074 = DIRECTION ( 'NONE',  ( -1.000000000000000000, 0.000000000000000000, 1.080453413504671813E-16 ) ) ;
#4075 = SURFACE_STYLE_FILL_AREA ( #3267 ) ;
#4076 = EDGE_CURVE ( 'NONE', #1759, #1047, #3734, .T. ) ;
#4077 = CARTESIAN_POINT ( 'NONE',  ( -0.5075214708252290263, 0.1087636533408199574, 0.000000000000000000 ) ) ;
#4078 = LINE ( 'NONE', #3532, #2108 ) ;
#4079 = CARTESIAN_POINT ( 'NONE',  ( -1.500000000000000444, -1.540000000000000480, 0.5899999999999999689 ) ) ;
#4080 = DIRECTION ( 'NONE',  ( -1.000000000000000000, 0.000000000000000000, 0.000000000000000000 ) ) ;
#4081 = STYLED_ITEM ( 'NONE', ( #1577 ), #2329 ) ;
#4082 = ORIENTED_EDGE ( 'NONE', *, *, #3103, .F. ) ;
#4083 = LINE ( 'NONE', #78, #2328 ) ;
#4084 = DIRECTION ( 'NONE',  ( -1.000000000000000000, 0.000000000000000000, 0.000000000000000000 ) ) ;
#4085 = CARTESIAN_POINT ( 'NONE',  ( 0.1020768162575665938, -0.006742611482320524582, 0.01000000000000000021 ) ) ;
#4086 = CARTESIAN_POINT ( 'NONE',  ( 0.03140154134424945342, 0.01769936639644365331, 6.776263578034402713E-18 ) ) ;
#4087 = EDGE_CURVE ( 'NONE', #3020, #2690, #3477, .T. ) ;
#4088 = LINE ( 'NONE', #3898, #1833 ) ;
#4089 = VERTEX_POINT ( 'NONE', #1164 ) ;
#4090 = CARTESIAN_POINT ( 'NONE',  ( 0.003083264852835830225, 0.2590792432481395235, 0.000000000000000000 ) ) ;
#4091 = CARTESIAN_POINT ( 'NONE',  ( 0.1080272855539761018, 0.2765138248499778295, 0.000000000000000000 ) ) ;
#4092 = CARTESIAN_POINT ( 'NONE',  ( -0.3704802829228174277, 0.2687476557441080827, 0.01000000000000000021 ) ) ;
#4093 = ORIENTED_EDGE ( 'NONE', *, *, #3116, .T. ) ;
#4094 = B_SPLINE_CURVE_WITH_KNOTS ( 'NONE', 3,
 ( #805, #1495, #3063, #2086, #123, #2410, #108, #93, #3109, #3418, #3443, #439, #1464, #1764, #1091, #4085, #3741, #2444, #465 ),
 .UNSPECIFIED., .F., .F.,
 ( 4, 1, 1, 1, 1, 1, 1, 1, 1, 1, 1, 1, 1, 1, 1, 1, 4 ),
 ( 0.000000000000000000, 0.06167423887742583266, 0.1230530616348055467, 0.1834750007317018927, 0.2437265005106115101, 0.3042789165122535833, 0.3648629209606825685, 0.4259462039686192081, 0.4873912299654076241, 0.5492203840754763533, 0.6111435886926027683, 0.6735285303101515852, 0.7369614566573037262, 0.8007852828728397876, 0.8660125956416145909, 0.9321007477905784988, 1.000000000000000000 ),
 .UNSPECIFIED. ) ;
#4095 = VERTEX_POINT ( 'NONE', #3764 ) ;
#4096 = ORIENTED_EDGE ( 'NONE', *, *, #1350, .F. ) ;
#4097 = DIRECTION ( 'NONE',  ( 0.000000000000000000, 0.000000000000000000, 1.000000000000000000 ) ) ;
#4098 = EDGE_CURVE ( 'NONE', #3642, #3188, #4000, .T. ) ;
#4099 = CARTESIAN_POINT ( 'NONE',  ( -0.4445512416730844074, 0.006222378275781071354, 5.082197683525802034E-18 ) ) ;
#4100 = AXIS2_PLACEMENT_3D ( 'NONE', #226, #2563, #2912 ) ;
#4101 = AXIS2_PLACEMENT_3D ( 'NONE', #3450, #3435, #2484 ) ;
#4102 = CARTESIAN_POINT ( 'NONE',  ( 0.05024942429394531340, 0.04243061560294506679, 6.776263578034402713E-18 ) ) ;
#4103 = B_SPLINE_SURFACE_WITH_KNOTS ( 'NONE', 3, 1, ( 
 ( #466, #124 ),
 ( #1778, #3742 ),
 ( #2398, #3065 ),
 ( #1093, #2429 ),
 ( #94, #4059 ),
 ( #4044, #3390 ),
 ( #1112, #1436 ),
 ( #1144, #4086 ),
 ( #2412, #2100 ),
 ( #480, #1450 ),
 ( #142, #3126 ),
 ( #2784, #4072 ),
 ( #3404, #2801 ),
 ( #3730, #2072 ),
 ( #2445, #2087 ),
 ( #440, #109 ),
 ( #451, #794 ),
 ( #3094, #3716 ),
 ( #2758, #766 ) ),
 .UNSPECIFIED., .F., .F., .F.,
 ( 4, 1, 1, 1, 1, 1, 1, 1, 1, 1, 1, 1, 1, 1, 1, 1, 4 ),
 ( 2, 2 ),
 ( 0.000000000000000000, 0.06167423887742583266, 0.1230530616348055467, 0.1834750007317018927, 0.2437265005106115101, 0.3042789165122535833, 0.3648629209606825685, 0.4259462039686192081, 0.4873912299654076241, 0.5492203840754763533, 0.6111435886926027683, 0.6735285303101515852, 0.7369614566573037262, 0.8007852828728397876, 0.8660125956416145909, 0.9321007477905784988, 1.000000000000000000 ),
 ( 0.000000000000000000, 1.000000000000000000 ),
 .UNSPECIFIED. ) ;
#4104 = CARTESIAN_POINT ( 'NONE',  ( -0.008355274096024017938, 0.05522836538461538269, 0.01000000000000000021 ) ) ;
#4105 = CARTESIAN_POINT ( 'NONE',  ( 0.2440883339768106508, 0.2069814537329421056, 0.01000000000000000021 ) ) ;
#4106 = CARTESIAN_POINT ( 'NONE',  ( -0.8622014279421779115, 0.000000000000000000, 0.000000000000000000 ) ) ;
#4107 = LINE ( 'NONE', #806, #1497 ) ;
#4108 = ORIENTED_EDGE ( 'NONE', *, *, #3377, .F. ) ;
#4109 = EDGE_CURVE ( 'NONE', #2492, #2043, #3839, .T. ) ;
#4110 = CARTESIAN_POINT ( 'NONE',  ( -0.3859394087114086380, 0.000000000000000000, 0.01000000000000000021 ) ) ;
#4111 = ORIENTED_EDGE ( 'NONE', *, *, #1619, .T. ) ;
#4112 = CARTESIAN_POINT ( 'NONE',  ( -0.5285315124017853083, 0.08468542887962622612, 5.082197683525802034E-18 ) ) ;
#4113 = CARTESIAN_POINT ( 'NONE',  ( -0.3198937356344855321, 0.03076923076923076747, 0.01000000000000000021 ) ) ;
#4114 = EDGE_LOOP ( 'NONE', ( #536, #2562, #4029, #4265 ) ) ;
#4115 = CARTESIAN_POINT ( 'NONE',  ( 0.2400415282606900846, 0.2142275501587895814, 0.000000000000000000 ) ) ;
#4116 = CARTESIAN_POINT ( 'NONE',  ( -0.8329346010191007732, 0.000000000000000000, 0.000000000000000000 ) ) ;
#4117 = DIRECTION ( 'NONE',  ( 0.000000000000000000, -1.000000000000000000, 0.000000000000000000 ) ) ;
#4118 = DIRECTION ( 'NONE',  ( 1.000000000000000000, 0.000000000000000000, 0.000000000000000000 ) ) ;
#4119 = EDGE_CURVE ( 'NONE', #2404, #2378, #172, .T. ) ;
#4120 = CARTESIAN_POINT ( 'NONE',  ( 0.2777441726584845005, 0.1982635081968912583, 6.776263578034402713E-18 ) ) ;
#4121 = B_SPLINE_CURVE_WITH_KNOTS ( 'NONE', 3,
 ( #3819, #2524, #1283, #217, #1892, #2538, #265, #245, #944, #2596, #233, #2569, #877, #3566, #3193, #585, #551, #2869, #1613, #1229, #1877, #1602, #1915, #2193, #3521, #277, #3879 ),
 .UNSPECIFIED., .F., .F.,
 ( 4, 1, 1, 1, 1, 1, 1, 1, 1, 1, 1, 1, 1, 1, 1, 1, 1, 1, 1, 1, 1, 1, 1, 1, 4 ),
 ( 0.000000000000000000, 0.04608068338724804341, 0.09080679960761617320, 0.1342952705290696158, 0.1770243856662441773, 0.2188227336826556180, 0.2602441163273732649, 0.3010798671134451432, 0.3416138942851570381, 0.3815834185517461563, 0.4201195913296164597, 0.4580746185423136274, 0.4947384876076564297, 0.5311946228937133307, 0.5669336984503777765, 0.6027126507379958475, 0.6383266061284350590, 0.6748532488548240060, 0.7134673707840595291, 0.7544418038483806654, 0.7978153607124992552, 0.8439894562081103890, 0.8930715698796477531, 0.9449633461781441479, 1.000000000000000000 ),
 .UNSPECIFIED. ) ;
#4122 = EDGE_CURVE ( 'NONE', #4009, #4005, #4261, .T. ) ;
#4123 = VECTOR ( 'NONE', #3029, 1000.000000000000227 ) ;
#4124 = CARTESIAN_POINT ( 'NONE',  ( -0.06989373563448562920, 0.000000000000000000, 0.01000000000000000021 ) ) ;
#4125 = CARTESIAN_POINT ( 'NONE',  ( 0.2091180838179756696, 0.05070890662273244004, 0.000000000000000000 ) ) ;
#4126 = DIRECTION ( 'NONE',  ( 0.000000000000000000, 0.000000000000000000, 1.000000000000000000 ) ) ;
#4127 = ADVANCED_FACE ( 'NONE', ( #3785 ), #1098, .F. ) ;
#4128 = PRESENTATION_LAYER_ASSIGNMENT (  '', '', ( #3907 ) ) ;
#4129 = LINE ( 'NONE', #1032, #2698 ) ;
#4130 = CARTESIAN_POINT ( 'NONE',  ( -0.3989718396581019011, 0.0001085905410398046485, 5.082197683525802034E-18 ) ) ;
#4131 = ORIENTED_EDGE ( 'NONE', *, *, #905, .T. ) ;
#4132 = EDGE_CURVE ( 'NONE', #864, #1763, #3135, .T. ) ;
#4133 = CARTESIAN_POINT ( 'NONE',  ( 0.2252395500206335055, 0.2341586863871911450, 0.000000000000000000 ) ) ;
#4134 = FACE_OUTER_BOUND ( 'NONE', #2730, .T. ) ;
#4135 = ORIENTED_EDGE ( 'NONE', *, *, #2033, .F. ) ;
#4136 = CARTESIAN_POINT ( 'NONE',  ( -0.2391245048652548000, 0.2999999999999999889, 0.01000000000000000021 ) ) ;
#4137 = DIRECTION ( 'NONE',  ( -0.4190581774617470057, -0.9079593845004516606, 0.000000000000000000 ) ) ;
#4138 = VECTOR ( 'NONE', #4014, 1000.000000000000000 ) ;
#4139 = CARTESIAN_POINT ( 'NONE',  ( -0.2391245048652548000, 0.1769230769230769051, 0.01000000000000000021 ) ) ;
#4140 = ORIENTED_EDGE ( 'NONE', *, *, #1378, .F. ) ;
#4141 = CARTESIAN_POINT ( 'NONE',  ( 0.1593594655253158798, 0.2727356086217052056, 0.01000000000000000021 ) ) ;
#4142 = CARTESIAN_POINT ( 'NONE',  ( 0.1223538605193605355, 0.02307692307692307473, 0.01000000000000000021 ) ) ;
#4143 = LINE ( 'NONE', #2772, #211 ) ;
#4144 = CARTESIAN_POINT ( 'NONE',  ( -0.2929706587114087046, 0.2999999999999999889, 0.000000000000000000 ) ) ;
#4145 = DIRECTION ( 'NONE',  ( 1.000000000000000000, 0.000000000000000000, 0.000000000000000000 ) ) ;
#4146 = CARTESIAN_POINT ( 'NONE',  ( -0.09681681255756247051, 0.1769230769230769051, 0.01000000000000000021 ) ) ;
#4147 = ORIENTED_EDGE ( 'NONE', *, *, #3534, .F. ) ;
#4148 = CARTESIAN_POINT ( 'NONE',  ( -0.4921227797423073924, 0.03102917762772413809, 5.082197683525802034E-18 ) ) ;
#4149 = VECTOR ( 'NONE', #75, 1000.000000000000000 ) ;
#4150 = B_SPLINE_SURFACE_WITH_KNOTS ( 'NONE', 3, 1, ( 
 ( #3847, #2907 ),
 ( #2584, #4204 ),
 ( #2224, #928 ),
 ( #895, #2882 ),
 ( #3210, #3551 ),
 ( #3239, #2921 ),
 ( #1930, #4188 ),
 ( #2205, #4232 ),
 ( #4173, #2555 ),
 ( #567, #1244 ),
 ( #2253, #3533 ),
 ( #3832, #1293 ),
 ( #1585, #3861 ),
 ( #2895, #1902 ),
 ( #909, #3253 ),
 ( #3229, #1262 ),
 ( #601, #4219 ),
 ( #1550, #2243 ),
 ( #1322, #351 ) ),
 .UNSPECIFIED., .F., .F., .F.,
 ( 4, 1, 1, 1, 1, 1, 1, 1, 1, 1, 1, 1, 1, 1, 1, 1, 4 ),
 ( 2, 2 ),
 ( 0.000000000000000000, 0.06854753670890291473, 0.1356829456230483621, 0.2012149895263285748, 0.2656822347546962670, 0.3292668348172589909, 0.3923954278443287369, 0.4550697616521436339, 0.5171268500645063160, 0.5787900352866524045, 0.6397398633435414927, 0.7001915036663084457, 0.7598062425966705113, 0.8196283192750080104, 0.8793547910462767847, 0.9395116077646613606, 1.000000000000000000 ),
 ( 0.000000000000000000, 1.000000000000000000 ),
 .UNSPECIFIED. ) ;
#4151 = CARTESIAN_POINT ( 'NONE',  ( 0.2838430472292969853, 0.1466087475369048654, 0.01000000000000000021 ) ) ;
#4152 = DIRECTION ( 'NONE',  ( -0.000000000000000000, -0.000000000000000000, -1.000000000000000000 ) ) ;
#4153 = ORIENTED_EDGE ( 'NONE', *, *, #1350, .T. ) ;
#4154 = ORIENTED_EDGE ( 'NONE', *, *, #3812, .T. ) ;
#4155 = FACE_OUTER_BOUND ( 'NONE', #4114, .T. ) ;
#4156 = CARTESIAN_POINT ( 'NONE',  ( -0.3535475817883317884, 0.2999999999999999889, 0.01000000000000000021 ) ) ;
#4157 = DIRECTION ( 'NONE',  ( 2.168404344971008868E-16, -1.000000000000000000, 0.000000000000000000 ) ) ;
#4158 = CARTESIAN_POINT ( 'NONE',  ( 0.1985968342527826835, 0.04327314249319098166, 0.000000000000000000 ) ) ;
#4159 = CARTESIAN_POINT ( 'NONE',  ( -0.4115018359171911944, 0.0009274133433240911405, 0.01000000000000000021 ) ) ;
#4160 = MECHANICAL_DESIGN_GEOMETRIC_PRESENTATION_REPRESENTATION (  '', ( #837 ), #1162 ) ;
#4161 = LINE ( 'NONE', #1932, #2407 ) ;
#4162 = PRESENTATION_LAYER_ASSIGNMENT (  '', '', ( #3794 ) ) ;
#4163 = DIRECTION ( 'NONE',  ( 2.168404344971008868E-16, -1.000000000000000000, 0.000000000000000000 ) ) ;
#4164 = PLANE ( 'NONE',  #4101 ) ;
#4165 = ORIENTED_EDGE ( 'NONE', *, *, #344, .F. ) ;
#4166 = CARTESIAN_POINT ( 'NONE',  ( 0.06339239396864571052, 0.03531073378271068486, 0.01000000000000000021 ) ) ;
#4167 = CARTESIAN_POINT ( 'NONE',  ( -0.4879971309131752033, 0.07059055964805269201, 0.01000000000000000021 ) ) ;
#4168 = VERTEX_POINT ( 'NONE', #1470 ) ;
#4169 = CARTESIAN_POINT ( 'NONE',  ( -0.4487398894806394201, 0.2891826923076923350, 6.776263578034402713E-18 ) ) ;
#4170 = CARTESIAN_POINT ( 'NONE',  ( -0.8329346010191007732, 0.000000000000000000, 0.01000000000000000021 ) ) ;
#4171 = ORIENTED_EDGE ( 'NONE', *, *, #146, .T. ) ;
#4172 = CARTESIAN_POINT ( 'NONE',  ( 0.1271074145862156057, 0.02316563831442575161, -0.000000000000000000 ) ) ;
#4173 = CARTESIAN_POINT ( 'NONE',  ( 0.05551907973142115871, 0.2951131832830706792, 0.01000000000000000021 ) ) ;
#4174 = ORIENTED_EDGE ( 'NONE', *, *, #1282, .F. ) ;
#4175 =( LENGTH_UNIT ( ) NAMED_UNIT ( * ) SI_UNIT ( .MILLI., .METRE. ) );
#4176 = LINE ( 'NONE', #1015, #2213 ) ;
#4177 = LINE ( 'NONE', #497, #671 ) ;
#4178 = CARTESIAN_POINT ( 'NONE',  ( -1.584350941515100475, 3.474214125298947131, -0.09000000000000002442 ) ) ;
#4179 = AXIS2_PLACEMENT_3D ( 'NONE', #3992, #2008, #34 ) ;
#4180 = LINE ( 'NONE', #4144, #3559 ) ;
#4181 = FACE_OUTER_BOUND ( 'NONE', #165, .T. ) ;
#4182 = EDGE_LOOP ( 'NONE', ( #553, #1724, #3694, #4248, #640, #128, #2667, #3372, #1274, #4071, #731, #2906 ) ) ;
#4184 = EDGE_CURVE ( 'NONE', #691, #2404, #2874, .T. ) ;
#4183 = PRESENTATION_STYLE_ASSIGNMENT (( #4255 ) ) ;
#4185 = CARTESIAN_POINT ( 'NONE',  ( -0.5258248142477498499, 0.2164284589889742538, 0.000000000000000000 ) ) ;
#4186 = PRESENTATION_LAYER_ASSIGNMENT (  '', '', ( #728 ) ) ;
#4187 = AXIS2_PLACEMENT_3D ( 'NONE', #1475, #4117, #2149 ) ;
#4188 = CARTESIAN_POINT ( 'NONE',  ( 0.07342470210940676978, 0.3013854829658297874, 3.388131789017201356E-18 ) ) ;
#4189 = B_SPLINE_CURVE_WITH_KNOTS ( 'NONE', 3,
 ( #2757, #3079, #3715, #2411, #3403, #1449, #3729, #3064, #750, #1092, #3389, #1435, #2402, #4077, #413, #771, #744, #86, #2744 ),
 .UNSPECIFIED., .F., .F.,
 ( 4, 1, 1, 1, 1, 1, 1, 1, 1, 1, 1, 1, 1, 1, 1, 1, 4 ),
 ( 0.000000000000000000, 0.06241450026327793887, 0.1233382314733143803, 0.1831245376921939449, 0.2417829946389432882, 0.3005788825509778661, 0.3596800748966264560, 0.4188816408500465327, 0.4795306644577831401, 0.5408505357600388308, 0.6023033958983802227, 0.6644632119464733977, 0.7278057226670118229, 0.7928948147812348024, 0.8596723283028316898, 0.9284644007334887927, 1.000000000000000000 ),
 .UNSPECIFIED. ) ;
#4190 = SURFACE_STYLE_USAGE ( .BOTH. , #250 ) ;
#4191 = DIRECTION ( 'NONE',  ( 0.000000000000000000, 1.000000000000000000, 0.000000000000000000 ) ) ;
#4192 = LINE ( 'NONE', #4251, #9 ) ;
#4193 = SURFACE_STYLE_USAGE ( .BOTH. , #608 ) ;
#4194 = VERTEX_POINT ( 'NONE', #3082 ) ;
#4195 = DIRECTION ( 'NONE',  ( 0.000000000000000000, -1.000000000000000000, 0.000000000000000000 ) ) ;
#4196 = CARTESIAN_POINT ( 'NONE',  ( -0.4560257363666805341, 0.04474803596587993010, 1.016439536705160407E-17 ) ) ;
#4197 = EDGE_LOOP ( 'NONE', ( #495, #743, #225, #1542, #2431, #3722 ) ) ;
#4198 = UNCERTAINTY_MEASURE_WITH_UNIT (LENGTH_MEASURE( 1.000000000000000082E-05 ), #1452, 'distance_accuracy_value', 'NONE');
#4199 = CARTESIAN_POINT ( 'NONE',  ( -0.3837052275857417705, 0.2994240853657677559, 0.01000000000000000021 ) ) ;
#4200 = CARTESIAN_POINT ( 'NONE',  ( -0.4253098653499333137, 0.2629922374439583321, 0.01000000000000000021 ) ) ;
#4201 = DIRECTION ( 'NONE',  ( 1.000000000000000000, 0.000000000000000000, 0.000000000000000000 ) ) ;
#4202 = ORIENTED_EDGE ( 'NONE', *, *, #646, .T. ) ;
#4203 = EDGE_LOOP ( 'NONE', ( #3070, #2185, #1708, #1661 ) ) ;
#4204 = CARTESIAN_POINT ( 'NONE',  ( 0.1190871942426355162, 0.3076509815616618737, 3.388131789017201356E-18 ) ) ;
#4205 = EDGE_CURVE ( 'NONE', #478, #1981, #3640, .T. ) ;
#4206 = PLANE ( 'NONE',  #1896 ) ;
#4207 =( NAMED_UNIT ( * ) SI_UNIT ( $, .STERADIAN. ) SOLID_ANGLE_UNIT ( ) );
#4208 = STYLED_ITEM ( 'NONE', ( #3755 ), #925 ) ;
#4209 = COLOUR_RGB ( '',0.2039215686274509776, 0.2039215686274509776, 0.2039215686274509776 ) ;
#4210 = CARTESIAN_POINT ( 'NONE',  ( -0.5391245048652548721, 0.1462139423076923017, 0.000000000000000000 ) ) ;
#4211 = CARTESIAN_POINT ( 'NONE',  ( -0.3592769778517615475, 0.03079049617272227451, -0.000000000000000000 ) ) ;
#4212 = ADVANCED_FACE ( 'NONE', ( #337 ), #2702, .T. ) ;
#4213 = VECTOR ( 'NONE', #3691, 1000.000000000000000 ) ;
#4214 = CARTESIAN_POINT ( 'NONE',  ( 0.2569261821660983602, 0.1584930907881931250, 0.01000000000000000021 ) ) ;
#4215 = CARTESIAN_POINT ( 'NONE',  ( -0.5022192853495254239, 0.2537407866270664503, 0.000000000000000000 ) ) ;
#4216 = DIRECTION ( 'NONE',  ( 0.000000000000000000, -1.000000000000000000, 0.000000000000000000 ) ) ;
#4217 = ORIENTED_EDGE ( 'NONE', *, *, #1014, .T. ) ;
#4218 = EDGE_CURVE ( 'NONE', #556, #1236, #2513, .T. ) ;
#4219 = CARTESIAN_POINT ( 'NONE',  ( -0.002853398989587255935, 0.2522106297489393745, 3.388131789017201356E-18 ) ) ;
#4220 = VERTEX_POINT ( 'NONE', #2115 ) ;
#4221 = CARTESIAN_POINT ( 'NONE',  ( 0.2528512691976013138, 0.1837245679359472972, 0.000000000000000000 ) ) ;
#4222 = SURFACE_SIDE_STYLE ('',( #3522 ) ) ;
#4223 = CARTESIAN_POINT ( 'NONE',  ( 0.2459115528270528761, 0.04477163461538460898, 0.01000000000000000021 ) ) ;
#4224 =( NAMED_UNIT ( * ) PLANE_ANGLE_UNIT ( ) SI_UNIT ( $, .RADIAN. ) );
#4225 = SURFACE_SIDE_STYLE ('',( #3567 ) ) ;
#4226 = DIRECTION ( 'NONE',  ( 0.6110827052537914916, 8.833829288059732896E-17, -0.7915667548221740901 ) ) ;
#4227 = EDGE_LOOP ( 'NONE', ( #1022, #1571, #3207, #193 ) ) ;
#4228 = VECTOR ( 'NONE', #3224, 1000.000000000000000 ) ;
#4229 = CARTESIAN_POINT ( 'NONE',  ( -0.3957937812440531777, 0.2672340583770219657, 0.01000000000000000021 ) ) ;
#4230 = CARTESIAN_POINT ( 'NONE',  ( -1.500000000000000444, 1.539999999999999591, 0.5899999999999999689 ) ) ;
#4231 = LINE ( 'NONE', #260, #1359 ) ;
#4232 = CARTESIAN_POINT ( 'NONE',  ( 0.06435611003410063313, 0.2984591716815507279, 3.388131789017201356E-18 ) ) ;
#4233 = VECTOR ( 'NONE', #2117, 1000.000000000000000 ) ;
#4234 = ADVANCED_FACE ( 'NONE', ( #3282 ), #1198, .T. ) ;
#4235 = LINE ( 'NONE', #2778, #2326 ) ;
#4236 = CARTESIAN_POINT ( 'NONE',  ( 0.08277806921251289196, 0.3036318248060793090, 0.01000000000000000021 ) ) ;
#4237 = LINE ( 'NONE', #3903, #2010 ) ;
#4238 = ORIENTED_EDGE ( 'NONE', *, *, #809, .F. ) ;
#4239 = CARTESIAN_POINT ( 'NONE',  ( 0.01520241821166827892, 0.2269230769230768940, 0.01000000000000000021 ) ) ;
#4240 = ORIENTED_EDGE ( 'NONE', *, *, #3081, .T. ) ;
#4241 = CARTESIAN_POINT ( 'NONE',  ( -0.7885836394806394756, 0.09615384615384615918, 0.01000000000000000021 ) ) ;
#4242 = VERTEX_POINT ( 'NONE', #1115 ) ;
#4243 = ORIENTED_EDGE ( 'NONE', *, *, #1037, .T. ) ;
#4244 = CARTESIAN_POINT ( 'NONE',  ( -0.4522108671355594689, 0.2878600603953604953, -0.000000000000000000 ) ) ;
#4245 = DIRECTION ( 'NONE',  ( -1.000000000000000000, -2.532970098855156145E-16, -0.000000000000000000 ) ) ;
#4246 = PRESENTATION_LAYER_ASSIGNMENT (  '', '', ( #623 ) ) ;
#4247 = PRESENTATION_LAYER_ASSIGNMENT (  '', '', ( #3284 ) ) ;
#4248 = ORIENTED_EDGE ( 'NONE', *, *, #1929, .T. ) ;
#4249 = DIRECTION ( 'NONE',  ( 1.000000000000000000, 0.000000000000000000, -0.000000000000000000 ) ) ;
#4250 = CARTESIAN_POINT ( 'NONE',  ( -0.006517958560511499105, 0.2473759211281731096, 0.01000000000000000021 ) ) ;
#4251 = CARTESIAN_POINT ( 'NONE',  ( -0.06989373563448562920, 0.2999999999999999889, 0.01000000000000000021 ) ) ;
#4252 = ORIENTED_EDGE ( 'NONE', *, *, #446, .F. ) ;
#4253 = DIRECTION ( 'NONE',  ( 1.080453413504671813E-16, 2.342859876382288876E-32, -1.000000000000000000 ) ) ;
#4254 = LINE ( 'NONE', #1810, #14 ) ;
#4255 = SURFACE_STYLE_USAGE ( .BOTH. , #284 ) ;
#4256 = CARTESIAN_POINT ( 'NONE',  ( -0.4879971309131752033, 0.07059055964805269201, 1.016439536705160407E-17 ) ) ;
#4257 = ADVANCED_FACE ( 'NONE', ( #4155 ), #144, .T. ) ;
#4258 = ORIENTED_EDGE ( 'NONE', *, *, #1796, .F. ) ;
#4259 = VERTEX_POINT ( 'NONE', #3803 ) ;
#4260 = CARTESIAN_POINT ( 'NONE',  ( 3.149999999999999023, 3.474214125298948019, 0.1999999999999997613 ) ) ;
#4261 = LINE ( 'NONE', #3717, #2085 ) ;
#4262 =( LENGTH_UNIT ( ) NAMED_UNIT ( * ) SI_UNIT ( .MILLI., .METRE. ) );
#4263 = CARTESIAN_POINT ( 'NONE',  ( 0.1762960470554399972, -0.0003656491961053246419, 0.01000000000000000021 ) ) ;
#4264 = EDGE_CURVE ( 'NONE', #1983, #1453, #117, .T. ) ;
#4265 = ORIENTED_EDGE ( 'NONE', *, *, #4098, .T. ) ;
#4266 = CARTESIAN_POINT ( 'NONE',  ( 0.1873867524427171860, 0.03707472399607270735, 0.01000000000000000021 ) ) ;
#4267 = FACE_OUTER_BOUND ( 'NONE', #238, .T. ) ;
#4268 = DIRECTION ( 'NONE',  ( -0.000000000000000000, -0.000000000000000000, -1.000000000000000000 ) ) ;
#4269 = EDGE_CURVE ( 'NONE', #2687, #2241, #4121, .T. ) ;
#4270 = DIRECTION ( 'NONE',  ( -0.000000000000000000, -0.000000000000000000, -1.000000000000000000 ) ) ;
#4271 = VERTEX_POINT ( 'NONE', #3759 ) ;
#4272 = AXIS2_PLACEMENT_3D ( 'NONE', #3155, #1189, #1861 ) ;
#4273 = CARTESIAN_POINT ( 'NONE',  ( 0.2560271703494431672, 0.1671188347536713414, 0.01000000000000000021 ) ) ;
#4274 =( NAMED_UNIT ( * ) SI_UNIT ( $, .STERADIAN. ) SOLID_ANGLE_UNIT ( ) );
#4275 = CARTESIAN_POINT ( 'NONE',  ( -0.6069730625575624483, 0.000000000000000000, 0.000000000000000000 ) ) ;
#4276 = ADVANCED_FACE ( 'NONE', ( #3639 ), #4150, .T. ) ;
#4277 = CARTESIAN_POINT ( 'NONE',  ( 0.1592657705236724119, -0.004446986054314545911, 0.01000000000000000021 ) ) ;
#4278 = ORIENTED_EDGE ( 'NONE', *, *, #781, .T. ) ;
#4279 = CARTESIAN_POINT ( 'NONE',  ( 0.02022127551290826483, 0.2329044671134591071, 6.776263578034402713E-18 ) ) ;
#4280 = CARTESIAN_POINT ( 'NONE',  ( -0.5258248142477498499, 0.2164284589889742538, 0.01000000000000000021 ) ) ;
#4281 = CARTESIAN_POINT ( 'NONE',  ( 0.1080272855539761018, 0.2765138248499778295, 0.01000000000000000021 ) ) ;
#4282 = CARTESIAN_POINT ( 'NONE',  ( 0.2002146018179422615, 0.2903009241675001961, 0.01000000000000000021 ) ) ;
#4283 = LINE ( 'NONE', #2336, #254 ) ;
#4284 = LINE ( 'NONE', #3976, #869 ) ;
#4285 = SURFACE_STYLE_FILL_AREA ( #3006 ) ;
#4286 =( LENGTH_UNIT ( ) NAMED_UNIT ( * ) SI_UNIT ( .MILLI., .METRE. ) );
#4287 = FILL_AREA_STYLE ('',( #3324 ) ) ;
#4288 = EDGE_CURVE ( 'NONE', #181, #2327, #1339, .T. ) ;
#4289 = VECTOR ( 'NONE', #859, 1000.000000000000000 ) ;
#4290 = ORIENTED_EDGE ( 'NONE', *, *, #733, .F. ) ;
#4291 =( NAMED_UNIT ( * ) SI_UNIT ( $, .STERADIAN. ) SOLID_ANGLE_UNIT ( ) );
ENDSEC;
END-ISO-10303-21;
