#VRML V2.0 utf8
# 3D model generated by easyeda2kicad.py (https://github.com/uPesy/easyeda2kicad.py)

Shape{
    appearance Appearance {
        material  Material 	{
            diffuseColor 0.25098039215686274 0.25098039215686274 0.25098039215686274
            specularColor 0.12549019607843137 0.12549019607843137 0.12549019607843137
            ambientIntensity 0.2
            transparency 0
            shininess 0.5
        }
    }
    geometry IndexedFaceSet {
        ccw TRUE
        solid FALSE
        coord DEF co Coordinate {
            point [
                1.7908 -1.5514 0.7087, 1.7908 -1.4634 0.7087, 1.4768 -1.4634 0.7087, 1.7908 -0.9934 0.7087, 1.4768 -0.9934 0.7087, 1.3405 -1.7596 0.7087, 1.3384 -1.7598 0.7087, 1.3578 -1.7598 0.7087, 1.3234 -1.7596 0.7087, 1.3212 -1.7588 0.7087, 1.3212 -1.7598 0.7087, 1.4207 -1.5538 0.7087, 1.4207 -1.5538 0.7087, 1.4207 -1.5514 0.7087, -1.6075 -1.4816 0.7087, -1.5936 -1.4634 0.7087, -1.7106 -1.4634 0.7087, 1.2999 -1.6323 0.7087, 1.2947 -1.6328 0.7087, 1.3132 -1.6328 0.7087, 1.1292 -1.6437 0.7087, 1.1343 -1.6563 0.7087, 1.1716 -1.6563 0.7087, 1.0517 -1.5602 0.7087, 1.0706 -1.5821 0.7087, 1.1716 -1.5514 0.7087, 1.0825 -1.6051 0.7087, 1.0852 -1.6061 0.7087, 0.9199 -1.5441 0.7087, 0.9461 -1.534 0.7087, 0.6831 -1.4634 0.7087, 0.9743 -1.5306 0.7087, 0.9982 -1.5331 0.7087, 1.1716 -1.4634 0.7087, 1.0267 -1.5433 0.7087, 1.0387 -1.5514 0.7087, 0.9082 -1.5514 0.7087, 0.6831 -1.5514 0.7087, 0.906 -1.5528 0.7087, 0.6831 -1.6328 0.7087, 0.7837 -1.6328 0.7087, 0.7887 -1.6216 0.7087, 0.8024 -1.604 0.7087, 0.8454 -1.5794 0.7087, 0.8678 -1.5767 0.7087, 0.8926 -1.5642 0.7087, 0.8744 -1.577 0.7087, 0.8809 -1.5778 0.7087, 0.8062 -1.6004 0.7087, 0.8243 -1.5876 0.7087, 0.8451 -1.7583 0.7087, 0.8378 -1.7561 0.7087, 0.6831 -1.7598 0.7087, 0.8173 -1.7461 0.7087, 0.7995 -1.7309 0.7087, 0.7865 -1.7124 0.7087, 0.7784 -1.6912 0.7087, 0.6831 -1.6563 0.7087, 0.7756 -1.6689 0.7087, 0.7758 -1.6634 0.7087, 0.7771 -1.6563 0.7087, 0.7796 -1.6421 0.7087, 0.8704 -1.7893 0.7087, 0.8593 -1.781 0.7087, 0.6831 -1.7915 0.7087, 0.8508 -1.7705 0.7087, 0.8458 -1.7598 0.7087, 0.6831 -1.8853 0.7087, 0.8835 -1.7949 0.7087, 0.8756 -1.7915 0.7087, 0.9227 -1.7915 0.7087, 0.9129 -1.7953 0.7087, 1.1716 -1.8853 0.7087, 0.8991 -1.797 0.7087, 0.897 -1.7969 0.7087, 0.9525 -1.7598 0.7087, 0.9524 -1.7601 0.7087, 1.1716 -1.7915 0.7087, 0.9457 -1.7728 0.7087, 0.937 -1.7825 0.7087, 0.9256 -1.7904 0.7087, 1.0252 -1.7262 0.7087, 1.0291 -1.7247 0.7087, 1.0358 -1.6922 0.7087, 1.1178 -1.7338 0.7087, 1.1023 -1.7469 0.7087, 1.1716 -1.7598 0.7087, 0.9418 -1.7019 0.7087, 1.0181 -1.6621 0.7087, 0.9319 -1.6928 0.7087, 0.9198 -1.6864 0.7087, 1.0217 -1.7287 0.7087, 1.1291 -1.718 0.7087, 1.1032 -1.6752 0.7087, 1.1005 -1.6643 0.7087, 1.0962 -1.6563 0.7087, 0.8129 -1.6563 0.7087, 1.1362 -1.6611 0.7087, 1.1388 -1.6797 0.7087, 1.1362 -1.7 0.7087, 1.0335 -1.7241 0.7087, 1.034 -1.7242 0.7087, 1.0358 -1.7245 0.7087, 0.8163 -1.6905 0.7087, 0.823 -1.702 0.7087, 0.8519 -1.7079 0.7087, 0.8332 -1.7125 0.7087, 0.8456 -1.7201 0.7087, 0.873 -1.6891 0.7087, 0.8613 -1.6971 0.7087, 0.8115 -1.6678 0.7087, 0.8122 -1.6766 0.7087, 0.8855 -1.6842 0.7087, 0.8991 -1.6826 0.7087, 0.906 -1.683 0.7087, 1.0158 -1.7418 0.7087, 1.016 -1.7395 0.7087, 0.9561 -1.7344 0.7087, 1.0171 -1.7352 0.7087, 1.0193 -1.7313 0.7087, 1.092 -1.7104 0.7087, 1.0982 -1.7015 0.7087, 1.1021 -1.6914 0.7087, 1.1035 -1.6803 0.7087, 1.0292 -1.7589 0.7087, 1.0254 -1.7574 0.7087, 1.0217 -1.7548 0.7087, 1.0204 -1.7534 0.7087, 1.0179 -1.7499 0.7087, 1.0164 -1.746 0.7087, 0.9558 -1.7461 0.7087, 0.9561 -1.7401 0.7087, 1.0849 -1.7554 0.7087, 1.0659 -1.7594 0.7087, 1.0324 -1.7594 0.7087, 1.0369 -1.7247 0.7087, 1.0625 -1.7247 0.7087, 1.0728 -1.7227 0.7087, 1.0828 -1.718 0.7087, 1.0912 -1.7112 0.7087, 1.0546 -1.6359 0.7087, 0.8181 -1.6413 0.7087, 0.8132 -1.654 0.7087, 1.0591 -1.6359 0.7087, 1.0952 -1.6545 0.7087, 1.0887 -1.6472 0.7087, 1.0799 -1.641 0.7087, 1.07 -1.6372 0.7087, 1.0422 -1.6016 0.7087, 1.0294 -1.5863 0.7087, 0.8986 -1.6194 0.7087, 1.028 -1.585 0.7087, 1.012 -1.5739 0.7087, 0.9073 -1.6013 0.7087, 0.824 -1.6328 0.7087, 0.8946 -1.6172 0.7087, 1.0539 -1.6328 0.7087, 1.051 -1.6199 0.7087, 0.8818 -1.6125 0.7087, 0.8684 -1.6108 0.7087, 0.8624 -1.6111 0.7087, 0.9201 -1.5861 0.7087, 0.9942 -1.5671 0.7087, 0.9353 -1.575 0.7087, 0.9749 -1.5647 0.7087, 0.9539 -1.5674 0.7087, 0.8484 -1.6145 0.7087, 0.8357 -1.6212 0.7087, 0.826 -1.6299 0.7087, 1.1022 -1.6145 0.7087, 1.1176 -1.6275 0.7087, 1.1716 -1.6328 0.7087, 1.1214 -1.6328 0.7087, 1.247 -1.7598 0.7087, 1.2044 -1.7591 0.7087, 1.247 -1.7591 0.7087, 1.2044 -1.6791 0.7087, 1.247 -1.6563 0.7087, 1.2456 -1.6791 0.7087, 1.2456 -1.6883 0.7087, 1.2147 -1.6883 0.7087, 1.2147 -1.7139 0.7087, 1.2147 -1.7231 0.7087, 1.2147 -1.75 0.7087, 1.2434 -1.7231 0.7087, 1.247 -1.75 0.7087, 1.2434 -1.7139 0.7087, 1.2487 -1.6563 0.7087, 1.2475 -1.7591 0.7087, 1.2487 -1.7598 0.7087, 1.2475 -1.75 0.7087, 1.5061 -1.6102 0.7087, 1.4768 -1.6102 0.7087, 1.5143 -1.6321 0.7087, 1.4768 -1.6328 0.7087, 1.5257 -1.6321 0.7087, 1.7908 -1.6328 0.7087, 1.4952 -1.552 0.7087, 1.4768 -1.5514 0.7087, 1.4728 -1.6102 0.7087, 1.4651 -1.6321 0.7087, 1.4515 -1.6328 0.7087, 1.4537 -1.6321 0.7087, 1.4515 -1.5514 0.7087, 1.4768 -1.5715 0.7087, 1.4842 -1.552 0.7087, 1.3578 -1.596 0.7087, 1.3362 -1.596 0.7087, 1.3578 -1.623 0.7087, 1.3362 -1.623 0.7087, 1.3765 -1.5514 0.7087, 1.3578 -1.5514 0.7087, 1.3671 -1.552 0.7087, 1.3578 -1.552 0.7087, 1.3648 -1.596 0.7087, 1.3689 -1.623 0.7087, 1.3648 -1.5869 0.7087, 1.3671 -1.5613 0.7087, 1.3578 -1.5869 0.7087, 1.3578 -1.5613 0.7087, 1.3362 -1.5613 0.7087, 1.3362 -1.5869 0.7087, 1.3765 -1.6328 0.7087, 1.3689 -1.6321 0.7087, 1.3578 -1.6328 0.7087, 1.3578 -1.6321 0.7087, 1.3259 -1.6321 0.7087, 1.3259 -1.552 0.7087, 1.3212 -1.5514 0.7087, 1.3212 -1.6328 0.7087, 1.3132 -1.5514 0.7087, 1.3098 -1.5648 0.7087, 1.3098 -1.554 0.7087, 1.2892 -1.6243 0.7087, 1.2938 -1.624 0.7087, 1.3085 -1.6295 0.7087, 1.3027 -1.6222 0.7087, 1.3098 -1.6189 0.7087, 1.3098 -1.6288 0.7087, 1.281 -1.5615 0.7087, 1.2747 -1.5644 0.7087, 1.2691 -1.5689 0.7087, 1.3079 -1.5638 0.7087, 1.2685 -1.5696 0.7087, 1.2647 -1.5752 0.7087, 1.262 -1.5821 0.7087, 1.2607 -1.593 0.7087, 1.2607 -1.594 0.7087, 1.262 -1.6037 0.7087, 1.2704 -1.6176 0.7087, 1.2757 -1.6212 0.7087, 1.2814 -1.6234 0.7087, 1.2997 -1.5609 0.7087, 1.291 -1.56 0.7087, 1.288 -1.5601 0.7087, 1.2646 -1.6102 0.7087, 1.2686 -1.6158 0.7087, 1.2853 -1.5514 0.7087, 1.2909 -1.5507 0.7087, 1.3132 -1.4634 0.7087, 1.2922 -1.5507 0.7087, 1.2989 -1.5514 0.7087, 1.3025 -1.5517 0.7087, 1.2736 -1.6313 0.7087, 1.2661 -1.6276 0.7087, 1.2487 -1.6328 0.7087, 1.2602 -1.6225 0.7087, 1.2594 -1.6217 0.7087, 1.2547 -1.6149 0.7087, 1.2487 -1.5514 0.7087, 1.2522 -1.5778 0.7087, 1.2563 -1.569 0.7087, 1.2514 -1.6065 0.7087, 1.2499 -1.5936 0.7087, 1.2502 -1.5879 0.7087, 1.2615 -1.5625 0.7087, 1.2632 -1.5608 0.7087, 1.271 -1.5553 0.7087, 1.2822 -1.6332 0.7087, 1.2805 -1.6328 0.7087, 1.2877 -1.6335 0.7087, 1.3132 -1.6563 0.7087, 1.7908 -0.5556 0.7087, 1.6333 -0.5556 0.7087, 1.6333 1.0596 0.7087, -1.7106 -0.5556 0.7087, -1.7106 -0.9934 0.7087, -1.6333 -0.5556 0.7087, -0.9397 -0.9934 0.7087, -1.6333 1.0596 0.7087, -0.9397 1.8853 0.7087, -1.7106 1.0596 0.7087, -1.7106 1.8853 0.7087, -1.7908 1.8853 0.7087, -1.7908 1.0596 0.7087, -0.9397 -1.6328 0.7087, -0.9397 -1.5514 0.7087, -1.2888 -1.567 0.7087, -1.3257 -1.4634 0.7087, -1.3117 -1.4816 0.7087, -0.9397 -1.4634 0.7087, -1.2946 -1.5228 0.7087, -1.2909 -1.5514 0.7087, -1.5804 -1.4462 0.7087, -1.545 -1.419 0.7087, -1.3388 -1.4462 0.7087, -1.3742 -1.419 0.7087, -1.5038 -1.402 0.7087, -1.4596 -1.3962 0.7087, -1.4154 -1.402 0.7087, -1.7106 -1.5514 0.7087, -1.6284 -1.5514 0.7087, -1.6246 -1.5228 0.7087, -1.7106 -1.6328 0.7087, -1.6246 -1.6112 0.7087, -1.6304 -1.567 0.7087, -1.7106 -1.6563 0.7087, -1.6075 -1.6524 0.7087, -1.6157 -1.6328 0.7087, -0.9397 -1.7598 0.7087, -1.3742 -1.7149 0.7087, -1.4154 -1.732 0.7087, -1.7106 -1.7598 0.7087, -1.4596 -1.7378 0.7087, -1.5038 -1.732 0.7087, -0.9397 -1.6563 0.7087, -1.3147 -1.6563 0.7087, -1.3388 -1.6877 0.7087, -1.545 -1.7149 0.7087, -1.5804 -1.6877 0.7087, -1.6046 -1.6563 0.7087, -1.2946 -1.6112 0.7087, -1.3036 -1.6328 0.7087, -1.3117 -1.6524 0.7087, 1.44 -1.5655 0.7087, 1.445 -1.5725 0.7087, 1.4467 -1.6065 0.7087, 1.4426 -1.6147 0.7087, 1.4372 -1.5626 0.7087, 1.4207 -1.63 0.7087, 1.4207 -1.6328 0.7087, 1.4287 -1.6269 0.7087, 1.4372 -1.6209 0.7087, 1.4301 -1.5577 0.7087, 1.4479 -1.5801 0.7087, 1.4492 -1.5911 0.7087, 1.4489 -1.5973 0.7087, 1.4069 -1.552 0.7087, 1.4086 -1.5521 0.7087, 1.4196 -1.6305 0.7087, 1.4061 -1.6321 0.7087, 1.3841 -1.6321 0.7087, 1.3841 -1.552 0.7087, 1.2692 -1.7598 0.7087, 1.2653 -1.7583 0.7087, 1.2626 -1.706 0.7087, 1.2626 -1.7157 0.7087, 1.3132 -1.7598 0.7087, 1.303 -1.7591 0.7087, 1.293 -1.7591 0.7087, 1.288 -1.7561 0.7087, 1.2844 -1.7584 0.7087, 1.2806 -1.7598 0.7087, 1.2588 -1.7518 0.7087, 1.2575 -1.7484 0.7087, 1.262 -1.756 0.7087, 1.2608 -1.7548 0.7087, 1.2609 -1.7321 0.7087, 1.2639 -1.7294 0.7087, 1.2681 -1.7272 0.7087, 1.2692 -1.7115 0.7087, 1.276 -1.7252 0.7087, 1.2848 -1.7091 0.7087, 1.2814 -1.7088 0.7087, 1.2755 -1.7094 0.7087, 1.2984 -1.7067 0.7087, 1.3005 -1.7098 0.7087, 1.3021 -1.7142 0.7087, 1.303 -1.7223 0.7087, 1.2571 -1.7438 0.7087, 1.2576 -1.739 0.7087, 1.2588 -1.7353 0.7087, 1.293 -1.7503 0.7087, 1.2927 -1.7503 0.7087, 1.2911 -1.7527 0.7087, 1.293 -1.7228 0.7087, 1.2926 -1.7183 0.7087, 1.2916 -1.7148 0.7087, 1.2904 -1.7127 0.7087, 1.2884 -1.7012 0.7087, 1.2926 -1.7025 0.7087, 1.296 -1.7044 0.7087, 1.2889 -1.7111 0.7087, 1.2871 -1.71 0.7087, 1.2659 -1.7042 0.7087, 1.2736 -1.7015 0.7087, 1.2823 -1.7006 0.7087, 1.2804 -1.7599 0.7087, 1.3132 -1.7915 0.7087, 1.2487 -1.7915 0.7087, 1.2752 -1.7605 0.7087, 1.2694 -1.7598 0.7087, 1.3166 -1.7571 0.7087, 1.3166 -1.7468 0.7087, 1.3167 -1.7174 0.7087, 1.317 -1.7138 0.7087, 1.3182 -1.7243 0.7087, 1.3171 -1.7213 0.7087, 1.3212 -1.7494 0.7087, 1.3212 -1.7282 0.7087, 1.32 -1.7489 0.7087, 1.3211 -1.7281 0.7087, 1.3195 -1.7264 0.7087, 1.3212 -1.7915 0.7087, 1.3321 -1.7605 0.7087, 1.3258 -1.7598 0.7087, 1.3578 -1.7915 0.7087, 1.3525 -1.7032 0.7087, 1.3525 -1.7129 0.7087, 1.3231 -1.7052 0.7087, 1.3258 -1.7036 0.7087, 1.3212 -1.6563 0.7087, 1.3547 -1.7476 0.7087, 1.3535 -1.7508 0.7087, 1.3516 -1.7534 0.7087, 1.3182 -1.7106 0.7087, 1.3201 -1.7079 0.7087, 1.3212 -1.7068 0.7087, 1.3312 -1.7015 0.7087, 1.3389 -1.7006 0.7087, 1.3578 -1.6563 0.7087, 1.3452 -1.7011 0.7087, 1.3519 -1.7341 0.7087, 1.3537 -1.7369 0.7087, 1.3548 -1.7398 0.7087, 1.3552 -1.7436 0.7087, 1.3488 -1.7559 0.7087, 1.3459 -1.7576 0.7087, 1.3379 -1.7088 0.7087, 1.335 -1.709 0.7087, 1.327 -1.7165 0.7087, 1.3323 -1.7097 0.7087, 1.33 -1.7109 0.7087, 1.3271 -1.7178 0.7087, 1.3275 -1.7194 0.7087, 1.3282 -1.7207 0.7087, 1.3292 -1.7218 0.7087, 1.3327 -1.724 0.7087, 1.345 -1.7097 0.7087, 1.3389 -1.7267 0.7087, 1.3507 -1.7119 0.7087, 1.3428 -1.7283 0.7087, 1.3495 -1.732 0.7087, 1.3285 -1.7122 0.7087, 1.3277 -1.7135 0.7087, 1.3272 -1.7149 0.7087, 1.3262 -1.7514 0.7087, 1.3318 -1.734 0.7087, 1.3259 -1.7313 0.7087, 1.3331 -1.7523 0.7087, 1.3335 -1.7523 0.7087, 1.3384 -1.7368 0.7087, 1.3387 -1.7517 0.7087, 1.3449 -1.7446 0.7087, 1.3448 -1.7433 0.7087, 1.3413 -1.7508 0.7087, 1.3422 -1.7502 0.7087, 1.3433 -1.7492 0.7087, 1.3442 -1.7479 0.7087, 1.3447 -1.7465 0.7087, 1.3444 -1.7417 0.7087, 1.3436 -1.7404 0.7087, 1.3423 -1.7391 0.7087, 1.4049 -1.7019 0.7087, 1.4153 -1.7019 0.7087, 1.4207 -1.6563 0.7087, 1.3866 -1.7449 0.7087, 1.3878 -1.7496 0.7087, 1.3881 -1.7496 0.7087, 1.3765 -1.6563 0.7087, 1.3765 -1.7159 0.7087, 1.3893 -1.745 0.7087, 1.3885 -1.7477 0.7087, 1.3765 -1.7428 0.7087, 1.3604 -1.7019 0.7087, 1.3717 -1.7019 0.7087, 1.3825 -1.7598 0.7087, 1.3829 -1.759 0.7087, 1.3765 -1.773 0.7087, 1.3765 -1.773 0.7087, 1.3765 -1.7598 0.7087, 1.3785 -1.7694 0.7087, 1.3625 -1.7763 0.7087, 1.3625 -1.7853 0.7087, 1.3646 -1.777 0.7087, 1.3682 -1.7775 0.7087, 1.3706 -1.7772 0.7087, 1.3765 -1.7843 0.7087, 1.373 -1.7856 0.7087, 1.3765 -1.7915 0.7087, 1.369 -1.7861 0.7087, 1.3668 -1.786 0.7087, 1.3728 -1.7764 0.7087, 1.3746 -1.7751 0.7087, 1.3894 -1.7678 0.7087, 1.3848 -1.7766 0.7087, 1.4207 -1.7915 0.7087, 1.3925 -1.7598 0.7087, 1.3812 -1.781 0.7087, 1.3805 -1.7816 0.7087, 1.377 -1.7841 0.7087, 1.4515 -1.7231 0.7087, 1.4365 -1.7231 0.7087, 1.4515 -1.75 0.7087, 1.4365 -1.75 0.7087, 1.4674 -1.6791 0.7087, 1.4674 -1.6883 0.7087, 1.4768 -1.6563 0.7087, 1.4692 -1.75 0.7087, 1.4768 -1.7598 0.7087, 1.4692 -1.7591 0.7087, 1.4515 -1.7598 0.7087, 1.4651 -1.7231 0.7087, 1.4651 -1.7139 0.7087, 1.4515 -1.7139 0.7087, 1.4515 -1.6883 0.7087, 1.4365 -1.6883 0.7087, 1.4365 -1.7139 0.7087, 1.4515 -1.7591 0.7087, 1.4261 -1.7591 0.7087, 1.4207 -1.7598 0.7087, 1.4261 -1.6791 0.7087, 1.4515 -1.6791 0.7087, 1.4515 -1.6563 0.7087, 1.7908 1.0596 0.7087, 1.7908 1.8853 0.7087, 1.4768 1.8853 0.7087, 1.4515 1.8853 0.7087, 1.4515 -0.9934 0.7087, 1.4207 1.8853 0.7087, 1.4207 -0.9934 0.7087, 1.3765 1.8853 0.7087, 1.3765 -0.9934 0.7087, 1.3578 1.8853 0.7087, 1.3578 -0.9934 0.7087, 1.3212 1.8853 0.7087, 1.3212 -0.9934 0.7087, 0.5321 -0.2562 0.7087, 0.4617 -0.3682 0.7087, 0.6831 -0.9934 0.7087, 0.1314 0.5757 0.7087, 0.2562 0.5321 0.7087, 0.6831 1.8853 0.7087, 0.3682 -0.4617 0.7087, 0.2562 -0.5321 0.7087, 0.1314 -0.5757 0.7087, 0.3682 0.4617 0.7087, 0.4617 0.3682 0.7087, 0.5321 0.2562 0.7087, 0.5757 0.1314 0.7087, 0.5906 0.0 0.7087, 0.5757 -0.1314 0.7087, -0.0 -0.5906 0.7087, -0.1314 -0.5757 0.7087, -0.2562 -0.5321 0.7087, -0.3682 -0.4617 0.7087, -0.4617 -0.3682 0.7087, -0.5321 -0.2562 0.7087, -0.1314 0.5757 0.7087, 0.0 0.5906 0.7087, -0.5321 0.2562 0.7087, -0.4617 0.3682 0.7087, -0.5757 -0.1314 0.7087, -0.5906 0.0 0.7087, -0.5757 0.1314 0.7087, -0.3682 0.4617 0.7087, -0.2562 0.5321 0.7087, 1.4515 -1.4634 0.7087, 1.4207 -1.4634 0.7087, 1.3765 -1.4634 0.7087, 1.3578 -1.4634 0.7087, 1.3212 -1.4634 0.7087, 1.3132 1.8853 0.7087, 1.2487 1.8853 0.7087, 1.3132 -0.9934 0.7087, 1.2487 -0.9934 0.7087, 1.2487 -1.4634 0.7087, 1.2794 -1.5521 0.7087, 1.1716 1.8853 0.7087, 1.1716 -0.9934 0.7087, 1.247 1.8853 0.7087, 1.247 -0.9934 0.7087, 1.247 -1.4634 0.7087, 1.247 -1.5514 0.7087, 1.247 -1.6328 0.7087, 1.2466 -1.623 0.7087, 1.2466 -1.6321 0.7087, 1.2044 -1.6321 0.7087, 1.2147 -1.623 0.7087, 1.2147 -1.552 0.7087, 1.2044 -1.552 0.7087, 1.5654 -1.7591 0.7087, 1.554 -1.7591 0.7087, 1.6146 -1.7591 0.7087, 1.6064 -1.7372 0.7087, 1.5731 -1.7372 0.7087, 1.626 -1.7591 0.7087, 1.7908 -1.7598 0.7087, 1.5955 -1.6791 0.7087, 1.7908 -1.6563 0.7087, 1.547 -1.7335 0.7087, 1.5491 -1.7243 0.7087, 1.5845 -1.6791 0.7087, 1.5495 -1.7181 0.7087, 1.5482 -1.7071 0.7087, 1.5428 -1.7417 0.7087, 1.5374 -1.7479 0.7087, 1.529 -1.754 0.7087, 1.5198 -1.7575 0.7087, 1.5063 -1.7591 0.7087, 1.4843 -1.7591 0.7087, 1.4843 -1.6791 0.7087, 1.5072 -1.6791 0.7087, 1.5374 -1.6897 0.7087, 1.5403 -1.6925 0.7087, 1.5453 -1.6995 0.7087, 1.5089 -1.6791 0.7087, 1.521 -1.6808 0.7087, 1.5304 -1.6847 0.7087, 1.4515 -1.7915 0.7087, 1.4768 -1.7915 0.7087, 1.7908 -1.7915 0.7087, 1.247 -1.7915 0.7087, 1.247 -1.8853 0.7087, 1.2487 -1.8853 0.7087, 1.3132 -1.8853 0.7087, 1.3212 -1.8853 0.7087, 1.3578 -1.8853 0.7087, 1.3765 -1.8853 0.7087, 1.4207 -1.8853 0.7087, 1.4515 -1.8853 0.7087, 1.4768 -1.8853 0.7087, 1.7908 -1.8853 0.7087, -0.9397 -1.7915 0.7087, -0.9397 -1.8853 0.7087, -1.7106 -1.7915 0.7087, -1.7106 -1.8853 0.7087, -1.7908 -0.5556 0.7087, -1.7908 -0.9934 0.7087, -1.7908 -1.4634 0.7087, -1.7908 -1.5514 0.7087, -1.7908 -1.6328 0.7087, -1.7908 -1.6563 0.7087, -1.7908 -1.7598 0.7087, -1.7908 -1.7915 0.7087, -1.7908 -1.8853 0.7087, -0.8465 -1.8268 -0.1969, -0.8465 -2.0433 -0.1969, -1.0433 -1.8268 -0.1969, -1.0433 -2.0433 -0.1969, -0.374 -1.8268 -0.1969, -0.374 -2.0433 -0.1969, -0.5709 -1.8268 -0.1969, -0.5709 -2.0433 -0.1969, 0.0984 -1.8268 -0.1969, 0.0984 -2.0433 -0.1969, -0.0984 -1.8268 -0.1969, -0.0984 -2.0433 -0.1969, 0.5709 -1.8268 -0.1969, 0.5709 -2.0433 -0.1969, 0.374 -1.8268 -0.1969, 0.374 -2.0433 -0.1969, 1.0433 -1.8268 -0.1969, 1.0433 -2.0433 -0.1969, 0.8465 -1.8268 -0.1969, 0.8465 -2.0433 -0.1969, 1.5157 -1.8268 -0.1969, 1.5157 -2.0433 -0.1969, 1.3189 -1.8268 -0.1969, 1.3189 -2.0433 -0.1969, 1.9291 2.0433 -0.1969, 1.9488 2.0433 -0.1969, 1.9488 -2.0039 -0.1969, -1.9488 -2.0039 -0.1969, -1.9488 2.0433 -0.1969, -1.5945 -0.4567 -0.1969, -1.9291 2.0433 -0.1969, -1.5945 2.0433 -0.1969, 1.5945 -0.4567 -0.1969, 1.7913 -1.5709 -0.1969, -1.3189 -1.5709 -0.1969, 1.9265 -2.0394 -0.1969, 1.9182 -2.0423 -0.1969, 1.9094 -2.0433 -0.1969, 1.7913 -2.0433 -0.1969, -1.9475 -2.0141 -0.1969, -1.7913 -1.5709 -0.1969, -1.5157 -1.5709 -0.1969, -1.5157 -2.0433 -0.1969, -1.3189 -2.0433 -0.1969, 1.5945 2.0433 -0.1969, 1.9478 -2.0127 -0.1969, 1.9449 -2.021 -0.1969, 1.9402 -2.0285 -0.1969, 1.934 -2.0347 -0.1969, -1.7913 -2.0433 -0.1969, -1.9094 -2.0433 -0.1969, -1.9196 -2.042 -0.1969, -1.9291 -2.038 -0.1969, -1.9373 -2.0318 -0.1969, -1.9435 -2.0236 -0.1969, -1.9435 -2.0236 -0.1969
            ]
        }
        coordIndex [
            0,1,2,-1,1,3,4,-1,5,6,7,-1,8,9,10,-1,11,12,13,-1,14,15,16,-1,17,18,19,-1,20,21,22,-1,23,24,25,-1,25,24,26,-1,25,26,27,-1,28,29,30,-1,31,32,33,-1,33,32,34,-1,33,34,25,-1,25,34,35,-1,25,35,23,-1,28,30,36,-1,36,30,37,-1,36,37,38,-1,39,40,37,-1,37,40,41,-1,37,41,42,-1,37,43,38,-1,38,43,44,-1,38,44,45,-1,45,44,46,-1,45,46,47,-1,42,48,37,-1,37,48,49,-1,37,49,43,-1,50,51,52,-1,52,51,53,-1,52,53,54,-1,54,55,52,-1,52,55,56,-1,52,56,57,-1,57,56,58,-1,58,59,57,-1,57,59,60,-1,57,60,39,-1,39,60,61,-1,39,61,40,-1,62,63,64,-1,64,63,65,-1,64,65,52,-1,52,65,66,-1,52,66,50,-1,67,68,64,-1,64,68,69,-1,64,69,62,-1,70,71,72,-1,72,71,73,-1,72,73,67,-1,67,73,74,-1,67,74,68,-1,75,76,77,-1,77,76,78,-1,78,79,77,-1,77,79,80,-1,77,80,70,-1,81,82,83,-1,84,85,86,-1,87,88,89,-1,89,88,90,-1,81,83,91,-1,84,86,92,-1,93,94,88,-1,88,94,95,-1,88,95,96,-1,21,97,22,-1,22,97,98,-1,22,98,86,-1,86,98,99,-1,86,99,92,-1,82,100,83,-1,83,100,101,-1,83,101,102,-1,103,104,105,-1,105,104,106,-1,105,106,107,-1,108,96,109,-1,109,96,110,-1,109,110,105,-1,105,110,111,-1,105,111,103,-1,108,112,96,-1,96,112,113,-1,96,113,88,-1,88,113,114,-1,88,114,90,-1,115,116,117,-1,117,116,118,-1,117,118,83,-1,83,118,119,-1,83,119,91,-1,120,121,83,-1,83,121,122,-1,83,122,88,-1,88,122,123,-1,88,123,93,-1,124,125,75,-1,75,125,126,-1,75,126,127,-1,127,128,75,-1,75,128,129,-1,75,129,130,-1,130,129,115,-1,130,115,131,-1,131,115,117,-1,85,132,86,-1,86,132,133,-1,86,133,75,-1,75,133,134,-1,75,134,124,-1,102,135,83,-1,83,135,136,-1,83,136,137,-1,137,138,83,-1,83,138,139,-1,83,139,120,-1,140,141,142,-1,142,96,140,-1,140,96,95,-1,140,95,143,-1,143,95,144,-1,144,145,143,-1,143,145,146,-1,143,146,147,-1,148,149,150,-1,149,151,150,-1,150,151,152,-1,150,152,153,-1,154,150,155,-1,141,140,154,-1,154,140,156,-1,154,156,150,-1,150,156,157,-1,150,157,148,-1,155,158,154,-1,154,158,159,-1,154,159,160,-1,153,152,161,-1,161,152,162,-1,161,162,163,-1,163,162,164,-1,163,164,165,-1,166,167,160,-1,160,167,168,-1,160,168,154,-1,27,169,25,-1,25,169,170,-1,25,170,171,-1,171,170,172,-1,171,172,20,-1,86,173,174,-1,174,173,175,-1,86,174,22,-1,22,174,176,-1,22,176,177,-1,177,176,178,-1,177,178,179,-1,179,180,181,-1,182,183,184,-1,184,183,185,-1,184,185,186,-1,181,186,179,-1,179,186,185,-1,179,185,177,-1,177,185,187,-1,175,173,188,-1,188,173,189,-1,188,189,190,-1,191,192,193,-1,193,192,194,-1,193,194,195,-1,196,0,197,-1,197,0,198,-1,192,199,194,-1,194,199,200,-1,194,200,201,-1,201,200,202,-1,201,202,203,-1,203,202,204,-1,203,204,198,-1,198,204,205,-1,198,205,197,-1,206,207,208,-1,208,207,209,-1,210,211,212,-1,212,211,213,-1,206,208,214,-1,214,208,215,-1,214,215,216,-1,216,215,217,-1,216,217,218,-1,217,219,218,-1,218,219,220,-1,218,220,221,-1,212,217,210,-1,210,217,215,-1,210,215,222,-1,222,215,223,-1,222,223,224,-1,224,223,225,-1,224,225,226,-1,213,211,227,-1,227,211,228,-1,227,228,226,-1,226,228,229,-1,226,229,224,-1,19,230,231,-1,231,230,232,-1,233,234,231,-1,17,19,235,-1,234,236,231,-1,231,236,237,-1,231,237,19,-1,19,237,238,-1,19,238,235,-1,239,240,241,-1,242,243,231,-1,231,243,244,-1,231,244,245,-1,245,246,231,-1,231,246,247,-1,231,247,248,-1,249,250,231,-1,231,250,251,-1,231,251,233,-1,242,252,243,-1,243,252,253,-1,243,253,241,-1,241,253,254,-1,241,254,239,-1,248,255,231,-1,231,255,256,-1,231,256,249,-1,257,258,259,-1,258,260,259,-1,259,260,261,-1,259,261,230,-1,230,261,262,-1,230,262,232,-1,263,264,265,-1,264,266,265,-1,265,266,267,-1,265,267,268,-1,269,270,271,-1,268,272,265,-1,265,272,273,-1,265,273,269,-1,269,273,274,-1,269,274,270,-1,271,275,269,-1,269,275,276,-1,269,276,277,-1,187,278,279,-1,278,187,280,-1,280,187,281,-1,280,281,18,-1,3,282,4,-1,4,282,283,-1,4,283,284,-1,285,286,287,-1,287,286,288,-1,287,288,289,-1,289,288,290,-1,289,290,291,-1,290,292,291,-1,291,292,293,-1,291,293,294,-1,295,296,297,-1,298,299,300,-1,300,299,301,-1,300,301,296,-1,296,301,302,-1,296,302,297,-1,16,15,286,-1,286,15,303,-1,286,303,304,-1,298,300,305,-1,305,300,288,-1,305,288,306,-1,304,307,286,-1,286,307,308,-1,286,308,288,-1,288,308,309,-1,288,309,306,-1,310,311,16,-1,16,311,312,-1,16,312,14,-1,313,314,310,-1,310,314,315,-1,310,315,311,-1,316,317,313,-1,313,317,318,-1,313,318,314,-1,319,320,321,-1,322,323,324,-1,325,326,319,-1,319,326,327,-1,319,327,320,-1,324,328,322,-1,322,328,329,-1,322,329,316,-1,316,329,330,-1,316,330,317,-1,297,331,295,-1,295,331,332,-1,295,332,325,-1,325,332,333,-1,325,333,326,-1,334,335,203,-1,201,336,337,-1,334,203,338,-1,339,340,341,-1,341,340,201,-1,341,201,342,-1,342,201,337,-1,13,12,203,-1,203,12,343,-1,203,343,338,-1,335,344,203,-1,203,344,345,-1,203,345,201,-1,201,345,346,-1,201,346,336,-1,210,347,13,-1,13,347,348,-1,13,348,11,-1,339,349,340,-1,340,349,350,-1,340,350,222,-1,222,350,351,-1,222,351,210,-1,210,351,352,-1,210,352,347,-1,353,354,189,-1,185,190,187,-1,187,190,189,-1,187,189,355,-1,355,189,356,-1,357,358,359,-1,360,361,359,-1,359,361,362,-1,359,362,357,-1,189,363,364,-1,354,365,189,-1,189,365,366,-1,189,366,363,-1,367,368,356,-1,356,368,369,-1,356,369,370,-1,370,369,371,-1,372,373,371,-1,371,373,374,-1,371,374,370,-1,375,376,281,-1,281,376,377,-1,281,377,378,-1,364,379,189,-1,189,379,380,-1,189,380,356,-1,356,380,381,-1,356,381,367,-1,382,383,359,-1,359,383,384,-1,359,384,360,-1,385,386,371,-1,371,386,387,-1,371,387,388,-1,389,390,281,-1,281,390,391,-1,281,391,375,-1,388,392,371,-1,371,392,393,-1,371,393,372,-1,355,394,187,-1,187,394,395,-1,187,395,281,-1,281,395,396,-1,281,396,389,-1,362,397,398,-1,398,397,399,-1,399,397,400,-1,399,400,401,-1,10,9,357,-1,357,9,402,-1,357,402,403,-1,404,405,281,-1,406,407,403,-1,407,404,403,-1,403,404,281,-1,403,281,357,-1,357,281,378,-1,357,378,358,-1,408,409,410,-1,410,409,411,-1,410,411,403,-1,403,411,412,-1,403,412,406,-1,413,414,415,-1,414,413,6,-1,6,413,416,-1,6,416,7,-1,417,418,7,-1,419,420,421,-1,422,423,7,-1,7,423,424,-1,405,425,281,-1,281,425,426,-1,281,426,421,-1,421,426,427,-1,421,427,419,-1,420,428,421,-1,421,428,429,-1,421,429,430,-1,430,429,431,-1,430,431,417,-1,432,433,418,-1,418,433,434,-1,418,434,7,-1,7,434,435,-1,7,435,422,-1,424,436,7,-1,7,436,437,-1,7,437,5,-1,438,439,440,-1,440,439,441,-1,440,441,442,-1,440,443,438,-1,438,443,444,-1,438,444,445,-1,445,446,438,-1,438,446,447,-1,438,447,448,-1,448,447,449,-1,448,449,450,-1,450,449,451,-1,450,451,418,-1,418,451,452,-1,418,452,432,-1,453,454,442,-1,442,454,455,-1,442,455,440,-1,456,457,408,-1,408,457,458,-1,408,458,409,-1,456,459,457,-1,457,459,460,-1,457,460,461,-1,461,460,462,-1,461,463,464,-1,462,465,461,-1,461,465,466,-1,461,466,467,-1,467,468,461,-1,461,468,469,-1,461,469,463,-1,464,470,461,-1,461,470,471,-1,461,471,472,-1,473,474,475,-1,476,477,478,-1,475,479,473,-1,473,479,480,-1,473,480,481,-1,481,480,476,-1,481,476,482,-1,482,476,478,-1,483,484,7,-1,417,7,430,-1,430,7,484,-1,430,484,479,-1,479,484,485,-1,479,485,480,-1,486,487,483,-1,488,489,490,-1,490,489,491,-1,490,491,486,-1,486,483,490,-1,490,483,7,-1,490,7,492,-1,492,7,416,-1,492,416,493,-1,492,494,490,-1,490,494,495,-1,490,495,496,-1,497,498,499,-1,499,498,500,-1,499,500,416,-1,416,500,501,-1,416,501,493,-1,496,502,490,-1,490,502,503,-1,490,503,488,-1,504,505,506,-1,504,506,507,-1,505,508,506,-1,506,508,509,-1,506,509,499,-1,499,509,510,-1,499,510,497,-1,511,512,513,-1,513,512,514,-1,515,516,517,-1,517,516,518,-1,517,518,519,-1,519,518,520,-1,519,520,521,-1,511,513,522,-1,522,513,518,-1,522,518,523,-1,523,518,516,-1,523,516,524,-1,516,525,524,-1,524,525,526,-1,524,526,527,-1,520,528,521,-1,521,528,529,-1,521,529,530,-1,530,529,531,-1,515,517,532,-1,532,517,533,-1,532,533,531,-1,531,533,475,-1,531,475,530,-1,530,475,474,-1,530,474,507,-1,534,535,284,-1,284,535,536,-1,284,536,4,-1,4,536,537,-1,4,537,538,-1,538,537,539,-1,538,539,540,-1,540,539,541,-1,540,541,542,-1,542,541,543,-1,542,543,544,-1,544,543,545,-1,544,545,546,-1,547,548,549,-1,550,551,552,-1,548,553,549,-1,549,553,554,-1,549,554,555,-1,551,556,552,-1,552,556,557,-1,552,557,558,-1,558,559,552,-1,552,559,560,-1,552,560,549,-1,549,560,561,-1,549,561,547,-1,562,563,288,-1,288,563,564,-1,564,565,288,-1,288,565,566,-1,288,566,567,-1,290,568,552,-1,552,568,569,-1,552,569,550,-1,570,571,290,-1,567,572,288,-1,288,572,573,-1,288,573,290,-1,290,573,574,-1,290,574,570,-1,571,575,290,-1,290,575,576,-1,290,576,568,-1,1,4,2,-1,2,4,538,-1,2,538,577,-1,577,538,540,-1,577,540,578,-1,578,540,542,-1,578,542,579,-1,579,542,544,-1,579,544,580,-1,580,544,546,-1,580,546,581,-1,582,583,584,-1,584,583,585,-1,584,585,259,-1,259,585,586,-1,259,586,257,-1,257,586,269,-1,257,269,587,-1,587,269,277,-1,588,552,589,-1,589,552,549,-1,589,549,33,-1,33,549,30,-1,33,30,31,-1,31,30,29,-1,0,2,198,-1,198,2,577,-1,198,577,203,-1,203,577,578,-1,203,578,13,-1,13,578,579,-1,13,579,210,-1,210,579,580,-1,210,580,211,-1,211,580,581,-1,211,581,228,-1,590,588,591,-1,591,588,589,-1,591,589,592,-1,592,589,33,-1,592,33,593,-1,593,33,25,-1,545,582,546,-1,546,582,584,-1,546,584,581,-1,581,584,259,-1,581,259,228,-1,228,259,230,-1,228,230,229,-1,229,230,19,-1,583,590,585,-1,585,590,591,-1,585,591,586,-1,586,591,592,-1,586,592,269,-1,269,592,593,-1,269,593,265,-1,265,593,594,-1,593,595,594,-1,594,595,596,-1,594,596,597,-1,598,595,599,-1,599,595,593,-1,599,593,600,-1,600,593,25,-1,600,25,597,-1,597,25,171,-1,597,171,594,-1,18,281,19,-1,19,281,421,-1,19,421,229,-1,229,421,430,-1,229,430,224,-1,224,430,479,-1,224,479,222,-1,222,479,475,-1,222,475,340,-1,340,475,533,-1,340,533,201,-1,201,533,517,-1,201,517,194,-1,20,22,171,-1,171,22,177,-1,171,177,594,-1,594,177,187,-1,594,187,265,-1,265,187,279,-1,265,279,263,-1,601,602,519,-1,603,604,605,-1,605,601,603,-1,603,601,519,-1,603,519,606,-1,606,519,607,-1,606,607,608,-1,608,607,609,-1,610,602,611,-1,611,602,612,-1,611,612,613,-1,613,612,614,-1,610,615,602,-1,602,615,616,-1,602,616,617,-1,197,195,196,-1,196,195,194,-1,196,194,609,-1,609,194,517,-1,609,517,608,-1,608,517,612,-1,617,618,602,-1,602,618,619,-1,602,619,519,-1,519,619,620,-1,519,620,517,-1,517,620,621,-1,517,621,622,-1,623,624,612,-1,612,624,625,-1,612,625,614,-1,622,626,517,-1,517,626,627,-1,517,627,612,-1,612,627,628,-1,612,628,623,-1,507,506,530,-1,530,506,629,-1,530,629,521,-1,521,629,630,-1,521,630,519,-1,519,630,631,-1,519,631,607,-1,362,398,357,-1,357,398,413,-1,357,413,10,-1,10,413,415,-1,10,415,8,-1,75,77,86,-1,86,77,632,-1,86,632,173,-1,173,632,399,-1,173,399,189,-1,189,399,401,-1,189,401,353,-1,70,72,77,-1,77,72,633,-1,77,633,632,-1,632,633,634,-1,632,634,399,-1,399,634,635,-1,399,635,398,-1,398,635,636,-1,398,636,413,-1,413,636,637,-1,413,637,416,-1,416,637,638,-1,416,638,499,-1,499,638,639,-1,499,639,506,-1,506,639,640,-1,506,640,629,-1,629,640,641,-1,629,641,630,-1,630,641,642,-1,630,642,631,-1,555,562,549,-1,549,562,288,-1,549,288,30,-1,30,288,300,-1,30,300,37,-1,37,300,296,-1,37,296,39,-1,39,296,295,-1,39,295,57,-1,57,295,325,-1,57,325,52,-1,52,325,319,-1,52,319,64,-1,64,319,643,-1,64,643,67,-1,67,643,644,-1,321,323,319,-1,319,323,322,-1,319,322,643,-1,643,322,645,-1,643,645,644,-1,644,645,646,-1,285,647,286,-1,286,647,648,-1,286,648,16,-1,16,648,649,-1,16,649,310,-1,310,649,650,-1,310,650,313,-1,313,650,651,-1,313,651,316,-1,316,651,652,-1,316,652,322,-1,322,652,653,-1,322,653,645,-1,645,653,654,-1,645,654,646,-1,646,654,655,-1,656,657,658,-1,658,657,659,-1,660,661,662,-1,662,661,663,-1,664,665,666,-1,666,665,667,-1,668,669,670,-1,670,669,671,-1,672,673,674,-1,674,673,675,-1,676,677,678,-1,678,677,679,-1,680,681,682,-1,683,684,685,-1,685,684,686,-1,685,686,687,-1,688,689,685,-1,685,689,690,-1,691,692,689,-1,689,692,693,-1,689,693,694,-1,695,683,696,-1,696,683,685,-1,696,685,697,-1,697,685,690,-1,697,690,698,-1,698,690,699,-1,700,680,688,-1,688,680,682,-1,688,682,689,-1,689,682,701,-1,689,701,702,-1,702,703,689,-1,689,703,704,-1,689,704,691,-1,705,706,696,-1,696,706,707,-1,696,707,708,-1,708,709,696,-1,696,709,710,-1,696,710,695,-1,
        ]
    }
}
Shape{
    appearance Appearance {
        material  Material 	{
            diffuseColor 0.7529411764705882 0.7529411764705882 0.7529411764705882
            specularColor 0.3764705882352941 0.3764705882352941 0.3764705882352941
            ambientIntensity 0.2
            transparency 0
            shininess 0.5
        }
    }
    geometry IndexedFaceSet {
        ccw TRUE
        solid FALSE
        coord DEF co Coordinate {
            point [
                1.5157 -1.8268 -0.1969, 1.5157 -1.8268 -0.2008, 1.5157 -2.0433 -0.1969, 1.5157 -2.2795 -0.2008, 1.5157 -2.0433 0.0, 1.5157 -2.2795 0.0, 1.0433 -1.8268 -0.1969, 1.0433 -1.8268 -0.2008, 1.0433 -2.0433 -0.1969, 1.0433 -2.2795 -0.2008, 1.0433 -2.0433 0.0, 1.0433 -2.2795 0.0, 1.3189 -1.8268 -0.2008, 1.3189 -1.8268 -0.1969, 1.3189 -2.0433 -0.1969, 1.3189 -2.0433 0.0, 1.3189 -2.2795 0.0, 1.3189 -2.2795 -0.2008, 0.5709 -1.8268 -0.1969, 0.5709 -1.8268 -0.2008, 0.5709 -2.0433 -0.1969, 0.5709 -2.2795 -0.2008, 0.5709 -2.0433 0.0, 0.5709 -2.2795 0.0, 0.8465 -1.8268 -0.2008, 0.8465 -1.8268 -0.1969, 0.8465 -2.0433 -0.1969, 0.8465 -2.0433 0.0, 0.8465 -2.2795 0.0, 0.8465 -2.2795 -0.2008, 0.0984 -1.8268 -0.1969, 0.0984 -1.8268 -0.2008, 0.0984 -2.0433 -0.1969, 0.0984 -2.2795 -0.2008, 0.0984 -2.0433 0.0, 0.0984 -2.2795 0.0, 0.374 -1.8268 -0.2008, 0.374 -1.8268 -0.1969, 0.374 -2.0433 -0.1969, 0.374 -2.0433 0.0, 0.374 -2.2795 0.0, 0.374 -2.2795 -0.2008, -0.374 -1.8268 -0.1969, -0.374 -1.8268 -0.2008, -0.374 -2.0433 -0.1969, -0.374 -2.2795 -0.2008, -0.374 -2.0433 0.0, -0.374 -2.2795 0.0, -0.0984 -1.8268 -0.2008, -0.0984 -1.8268 -0.1969, -0.0984 -2.0433 -0.1969, -0.0984 -2.0433 0.0, -0.0984 -2.2795 0.0, -0.0984 -2.2795 -0.2008, -0.8465 -1.8268 -0.1969, -0.8465 -1.8268 -0.2008, -0.8465 -2.0433 -0.1969, -0.8465 -2.2795 -0.2008, -0.8465 -2.0433 0.0, -0.8465 -2.2795 0.0, -0.5709 -1.8268 -0.2008, -0.5709 -1.8268 -0.1969, -0.5709 -2.0433 -0.1969, -0.5709 -2.0433 0.0, -0.5709 -2.2795 0.0, -0.5709 -2.2795 -0.2008, -1.0433 -1.8268 -0.2008, -1.0433 -1.8268 -0.1969, -1.0433 -2.0433 -0.1969, -1.0433 -2.0433 0.0, -1.0433 -2.2795 0.0, -1.0433 -2.2795 -0.2008, -1.0433 -2.2795 -0.2008
            ]
        }
        coordIndex [
            0,1,2,-1,2,1,3,-1,2,3,4,-1,4,3,5,-1,6,7,8,-1,8,7,9,-1,8,9,10,-1,10,9,11,-1,12,13,14,-1,15,16,14,-1,14,16,17,-1,14,17,12,-1,18,19,20,-1,20,19,21,-1,20,21,22,-1,22,21,23,-1,24,25,26,-1,27,28,26,-1,26,28,29,-1,26,29,24,-1,30,31,32,-1,32,31,33,-1,32,33,34,-1,34,33,35,-1,36,37,38,-1,39,40,38,-1,38,40,41,-1,38,41,36,-1,42,43,44,-1,44,43,45,-1,44,45,46,-1,46,45,47,-1,48,49,50,-1,51,52,50,-1,50,52,53,-1,50,53,48,-1,54,55,56,-1,56,55,57,-1,56,57,58,-1,58,57,59,-1,60,61,62,-1,63,64,62,-1,62,64,65,-1,62,65,60,-1,66,67,68,-1,69,70,68,-1,68,70,71,-1,68,71,66,-1,
        ]
    }
}
Shape{
    appearance Appearance {
        material  Material 	{
            diffuseColor 0.25098039215686274 0.25098039215686274 0.25098039215686274
            specularColor 0.12549019607843137 0.12549019607843137 0.12549019607843137
            ambientIntensity 0.2
            transparency 0
            shininess 0.5
        }
    }
    geometry IndexedFaceSet {
        ccw TRUE
        solid FALSE
        coord DEF co Coordinate {
            point [
                -1.9094 -2.0433 -0.1969, -1.7913 -2.0433 -0.1969, -1.9094 -2.0433 0.0, -1.7913 -2.0433 0.0, -1.5157 -2.0433 -0.1969, -1.3189 -2.0433 -0.1969, -1.5157 -2.0433 0.0, -1.3189 -2.0433 0.0, -1.0433 -2.0433 -0.1969, -0.8465 -2.0433 -0.1969, -1.0433 -2.0433 0.0, -0.8465 -2.0433 0.0, -0.5709 -2.0433 -0.1969, -0.374 -2.0433 -0.1969, -0.5709 -2.0433 0.0, -0.374 -2.0433 0.0, -0.0984 -2.0433 -0.1969, 0.0984 -2.0433 -0.1969, -0.0984 -2.0433 0.0, 0.0984 -2.0433 0.0, 0.374 -2.0433 -0.1969, 0.5709 -2.0433 -0.1969, 0.374 -2.0433 0.0, 0.5709 -2.0433 0.0, 0.8465 -2.0433 -0.1969, 1.0433 -2.0433 -0.1969, 0.8465 -2.0433 0.0, 1.0433 -2.0433 0.0, 1.3189 -2.0433 -0.1969, 1.5157 -2.0433 -0.1969, 1.3189 -2.0433 0.0, 1.5157 -2.0433 0.0, -1.9488 2.0433 -0.1969, -1.9488 2.0433 -0.064, -1.9291 2.0433 -0.1969, -1.9347 2.0433 -0.0292, -1.9291 2.0433 -0.0187, -1.9488 2.0045 0.0, -1.9488 0.9403 0.0, -1.8296 1.8853 0.6761, -1.8296 1.0596 0.6761, -1.7908 1.0208 0.6761, -1.91 0.9016 0.0, -1.6721 1.0208 0.6761, -1.7913 0.9016 0.0, -1.6721 -0.5169 0.6761, -1.7913 -0.3976 0.0, -1.7908 -0.5169 0.6761, -1.91 -0.3976 0.0, -1.9488 -2.0045 0.0, -1.8296 -1.8853 0.6761, -1.9488 -2.0039 0.0, -1.8296 -0.5556 0.6761, -1.9488 -0.4364 -0.0, 1.9094 -2.0433 -0.0, 1.91 -2.0433 0.0, 1.7908 -1.9241 0.6761, -1.7908 -1.9241 0.6761, -1.91 -2.0433 0.0, 1.7913 -2.0433 0.0, 1.9488 -0.4364 0.0, 1.8296 -0.5556 0.6761, 1.9488 -2.0039 0.0, 1.8296 -1.8853 0.6761, 1.9488 -2.0045 0.0, 1.7908 -0.5169 0.6761, 1.91 -0.3976 -0.0, 1.6721 -0.5169 0.6761, 1.7913 -0.3976 0.0, 1.6721 1.0208 0.6761, 1.7913 0.9016 0.0, 1.7908 1.0208 0.6761, 1.91 0.9016 0.0, 1.9488 0.9403 -0.0, 1.9488 2.0045 0.0, 1.8296 1.0596 0.6761, 1.8296 1.8853 0.6761, 1.91 2.0433 -0.0, -1.91 2.0433 -0.0, 1.7908 1.9241 0.6761, -1.7908 1.9241 0.6761, 1.9475 -0.4263 0.0, 1.9475 0.9302 0.0, 1.9337 0.9095 0.0, 1.9375 0.9129 0.0, 1.9409 0.9167 0.0, 1.9459 0.9254 0.0, 1.9437 0.9209 0.0, 1.9295 0.9067 0.0, 1.925 0.9045 0.0, 1.9202 0.9029 0.0, 1.925 -0.4006 0.0, 1.9295 -0.4028 0.0, 1.9337 -0.4056 0.0, 1.9375 -0.4089 0.0, 1.9409 -0.4127 0.0, 1.9202 -0.3989 0.0, 1.9437 -0.4169 0.0, 1.9459 -0.4215 0.0, 1.9488 2.0433 -0.1969, 1.9488 -2.0039 -0.1969, 1.9488 2.0433 -0.064, 1.9488 2.0292 -0.0292, 1.9488 2.016 -0.0074, 1.9488 2.0129 -0.0042, 1.9488 2.01 -0.0019, 1.9488 2.0072 -0.0005, 1.9488 2.0058 -0.0001, 1.9094 -2.0433 -0.1969, 1.7913 -2.0433 -0.1969, -1.9488 -2.0039 -0.1969, -1.9488 2.0058 -0.0001, -1.9488 2.0129 -0.0042, -1.9488 2.016 -0.0074, -1.9488 2.0292 -0.0292, -1.9488 2.0072 -0.0005, -1.9488 2.01 -0.0019, 1.9347 2.0433 -0.0292, 1.9291 2.0433 -0.1969, 1.9291 2.0433 -0.0187, -1.9475 0.9302 0.0, -1.9337 0.9095 0.0, -1.9375 0.9129 0.0, -1.9409 0.9167 0.0, -1.9437 -0.4169 0.0, -1.9409 -0.4127 0.0, -1.9375 -0.4089 0.0, -1.9337 -0.4056 0.0, -1.9295 -0.4028 0.0, -1.925 -0.4006 0.0, -1.9202 -0.3989 0.0, -1.9202 0.9029 0.0, -1.925 0.9045 0.0, -1.9295 0.9067 0.0, -1.9437 0.9209 0.0, -1.9459 0.9254 0.0, -1.9475 -0.4263 0.0, -1.9459 -0.4215 0.0, -1.9459 -0.4215 0.0
            ]
        }
        coordIndex [
            0,1,2,-1,2,1,3,-1,4,5,6,-1,6,5,7,-1,8,9,10,-1,10,9,11,-1,12,13,14,-1,14,13,15,-1,16,17,18,-1,18,17,19,-1,20,21,22,-1,22,21,23,-1,24,25,26,-1,26,25,27,-1,28,29,30,-1,30,29,31,-1,32,33,34,-1,34,33,35,-1,34,35,36,-1,37,38,39,-1,39,38,40,-1,41,42,43,-1,43,42,44,-1,43,44,45,-1,45,44,46,-1,45,46,47,-1,47,46,48,-1,49,50,51,-1,51,50,52,-1,51,52,53,-1,54,55,56,-1,57,58,2,-1,56,22,23,-1,2,3,57,-1,57,3,6,-1,57,6,7,-1,23,26,56,-1,56,26,27,-1,56,27,30,-1,7,10,57,-1,57,10,11,-1,57,11,14,-1,30,31,56,-1,56,31,59,-1,56,59,54,-1,14,15,57,-1,57,15,18,-1,57,18,56,-1,56,18,19,-1,56,19,22,-1,60,61,62,-1,62,61,63,-1,62,63,64,-1,65,66,67,-1,67,66,68,-1,67,68,69,-1,69,68,70,-1,69,70,71,-1,71,70,72,-1,73,74,75,-1,75,74,76,-1,77,78,79,-1,79,78,80,-1,60,73,81,-1,81,73,82,-1,83,81,84,-1,84,81,85,-1,82,86,81,-1,81,86,87,-1,81,87,85,-1,83,88,81,-1,81,88,89,-1,81,89,90,-1,91,92,90,-1,92,93,90,-1,90,93,94,-1,90,94,95,-1,70,68,72,-1,72,68,66,-1,72,66,90,-1,90,66,96,-1,90,96,91,-1,95,97,90,-1,90,97,98,-1,90,98,81,-1,74,73,99,-1,99,73,60,-1,99,60,100,-1,100,60,62,-1,99,101,102,-1,102,103,99,-1,99,103,104,-1,99,104,105,-1,105,106,99,-1,99,106,107,-1,99,107,74,-1,54,59,108,-1,108,59,109,-1,110,51,53,-1,110,53,32,-1,53,38,32,-1,32,38,37,-1,32,37,111,-1,112,113,32,-1,32,113,114,-1,32,114,33,-1,111,115,32,-1,32,115,116,-1,32,116,112,-1,101,99,117,-1,117,99,118,-1,117,118,119,-1,120,38,53,-1,48,46,44,-1,121,122,53,-1,53,122,123,-1,124,125,44,-1,125,126,44,-1,44,126,127,-1,44,127,128,-1,128,129,44,-1,44,129,130,-1,44,130,48,-1,131,132,53,-1,53,132,133,-1,53,133,121,-1,123,134,53,-1,53,134,135,-1,53,135,120,-1,131,53,42,-1,42,53,136,-1,42,136,44,-1,44,136,137,-1,44,137,124,-1,
        ]
    }
}
Shape{
    appearance Appearance {
        material  Material 	{
            diffuseColor 0.7529411764705882 0.7529411764705882 0.7529411764705882
            specularColor 0.3764705882352941 0.3764705882352941 0.3764705882352941
            ambientIntensity 0.2
            transparency 0
            shininess 0.5
        }
    }
    geometry IndexedFaceSet {
        ccw TRUE
        solid FALSE
        coord DEF co Coordinate {
            point [
                0.2362 2.2795 0.0, -0.2362 2.2795 0.0, 0.2362 2.1614 0.0, -0.2362 2.1614 0.0, 1.4567 2.2795 0.0, 1.91 2.0433 -0.0, 1.9291 2.2795 0.0, 1.9202 2.042 0.0, 1.9291 2.0384 0.0, -1.4567 2.1614 0.0, -1.4567 2.2795 0.0, -1.91 2.0433 -0.0, -1.9291 2.2795 0.0, -1.9202 2.042 0.0, -1.9291 2.0384 0.0, 1.4567 2.1614 0.0, 0.2362 2.2795 -0.2008, 0.2362 2.1614 -0.2008, -0.2362 2.2795 -0.2008, -0.2362 2.1614 -0.2008, -1.4567 2.1614 -0.2008, -1.4567 2.2795 -0.2008, -1.9291 2.2795 -0.2008, -1.9291 2.0433 -0.0187, -1.9291 2.0433 -0.1969, -1.9291 2.0433 -0.2008, -1.5945 2.0433 -0.1969, -1.5945 2.0433 -0.2008, -1.5945 -0.4567 -0.1969, -1.5945 -0.4567 -0.2008, 1.5945 -0.4567 -0.1969, 1.5945 -0.4567 -0.2008, 1.5945 2.0433 -0.1969, 1.5945 2.0433 -0.2008, 1.9291 2.0433 -0.1969, 1.9291 2.0433 -0.2008, 1.9291 2.2795 -0.2008, 1.9291 2.0433 -0.0187, 1.4567 2.2795 -0.2008, 1.4567 2.1614 -0.2008, 1.5157 -2.0433 0.0, 1.5157 -2.2795 0.0, 1.7913 -2.0433 0.0, 1.7913 -2.2795 0.0, 1.7913 -1.5709 -0.2008, 1.7913 -1.5709 -0.1969, 1.7913 -2.0433 -0.1969, 1.7913 -2.2795 -0.2008, -1.3189 -1.5709 -0.1969, -1.3189 -1.5709 -0.2008, 1.7323 -2.2795 -0.2008, 1.7323 -2.2795 -0.1024, 1.5748 -2.2795 -0.1024, 1.5748 -2.2795 -0.2008, 1.5157 -2.2795 -0.2008, 1.1024 -2.2795 -0.2008, 1.0433 -2.2795 -0.2008, 1.1024 -2.2008 -0.2008, 1.0433 -1.8268 -0.2008, 0.1575 -2.2795 -0.2008, 0.0984 -2.2795 -0.2008, 0.1575 -2.2008 -0.2008, 0.0984 -1.8268 -0.2008, -0.7874 -2.2795 -0.2008, -0.8465 -2.2795 -0.2008, -0.7874 -2.2008 -0.2008, -0.8465 -1.8268 -0.2008, -1.2598 -2.2795 -0.2008, -1.3189 -2.2795 -0.2008, -1.2598 -2.2008 -0.2008, -1.1024 -2.2008 -0.2008, 1.5748 -2.2008 -0.2008, 1.7323 -2.2008 -0.2008, 1.5157 -1.8268 -0.2008, 1.3189 -1.8268 -0.2008, 1.3189 -2.2795 -0.2008, 1.2598 -2.2008 -0.2008, 1.2598 -2.2795 -0.2008, 0.5709 -1.8268 -0.2008, 0.374 -1.8268 -0.2008, 0.6299 -2.2008 -0.2008, 0.8465 -1.8268 -0.2008, 0.7874 -2.2008 -0.2008, 0.8465 -2.2795 -0.2008, 0.7874 -2.2795 -0.2008, 0.6299 -2.2795 -0.2008, 0.5709 -2.2795 -0.2008, 0.374 -2.2795 -0.2008, 0.315 -2.2008 -0.2008, 0.315 -2.2795 -0.2008, -0.374 -1.8268 -0.2008, -0.5709 -1.8268 -0.2008, -0.315 -2.2008 -0.2008, -0.0984 -1.8268 -0.2008, -0.1575 -2.2008 -0.2008, -0.0984 -2.2795 -0.2008, -0.1575 -2.2795 -0.2008, -0.315 -2.2795 -0.2008, -0.374 -2.2795 -0.2008, -0.5709 -2.2795 -0.2008, -0.6299 -2.2008 -0.2008, -0.6299 -2.2795 -0.2008, -1.0433 -1.8268 -0.2008, -1.0433 -2.2795 -0.2008, -1.1024 -2.2795 -0.2008, 1.0433 -2.0433 0.0, 1.0433 -2.2795 0.0, 1.3189 -2.0433 0.0, 1.3189 -2.2795 0.0, 1.2598 -2.2795 -0.1024, 1.1024 -2.2795 -0.1024, 0.5709 -2.0433 0.0, 0.5709 -2.2795 0.0, 0.8465 -2.0433 0.0, 0.8465 -2.2795 0.0, 0.7874 -2.2795 -0.1024, 0.6299 -2.2795 -0.1024, 0.0984 -2.0433 0.0, 0.0984 -2.2795 0.0, 0.374 -2.0433 0.0, 0.374 -2.2795 0.0, 0.315 -2.2795 -0.1024, 0.1575 -2.2795 -0.1024, -0.374 -2.0433 0.0, -0.374 -2.2795 0.0, -0.0984 -2.0433 0.0, -0.0984 -2.2795 0.0, -0.1575 -2.2795 -0.1024, -0.315 -2.2795 -0.1024, -0.8465 -2.0433 0.0, -0.8465 -2.2795 0.0, -0.5709 -2.0433 0.0, -0.5709 -2.2795 0.0, -0.6299 -2.2795 -0.1024, -0.7874 -2.2795 -0.1024, -1.3189 -2.0433 0.0, -1.3189 -2.2795 0.0, -1.0433 -2.0433 0.0, -1.0433 -2.2795 0.0, -1.3189 -2.0433 -0.1969, -1.1024 -2.2795 -0.1024, -1.2598 -2.2795 -0.1024, -1.7913 -2.0433 0.0, -1.7913 -2.2795 0.0, -1.5157 -2.0433 0.0, -1.5157 -2.2795 0.0, -1.7913 -1.5709 -0.1969, -1.7913 -1.5709 -0.2008, -1.7913 -2.0433 -0.1969, -1.7913 -2.2795 -0.2008, -1.5157 -1.5709 -0.2008, -1.5157 -1.5709 -0.1969, -1.5157 -2.0433 -0.1969, -1.5157 -2.2795 -0.2008, -1.5748 -2.2795 -0.2008, -1.5748 -2.2795 -0.1024, -1.7323 -2.2795 -0.1024, -1.7323 -2.2795 -0.2008, -1.5748 -2.2008 -0.2008, -1.7323 -2.2008 -0.2008, 1.5748 -2.2008 -0.1024, 1.7323 -2.2008 -0.1024, -1.7323 -2.2008 -0.1024, -1.5748 -2.2008 -0.1024, -1.2598 -2.2008 -0.1024, -1.1024 -2.2008 -0.1024, -0.7874 -2.2008 -0.1024, -0.6299 -2.2008 -0.1024, -0.315 -2.2008 -0.1024, -0.1575 -2.2008 -0.1024, 0.1575 -2.2008 -0.1024, 0.315 -2.2008 -0.1024, 0.6299 -2.2008 -0.1024, 0.7874 -2.2008 -0.1024, 1.1024 -2.2008 -0.1024, 1.2598 -2.2008 -0.1024, -1.0433 -1.8268 -0.1969, -0.8465 -1.8268 -0.1969, -0.5709 -1.8268 -0.1969, -0.374 -1.8268 -0.1969, -0.0984 -1.8268 -0.1969, 0.0984 -1.8268 -0.1969, 0.374 -1.8268 -0.1969, 0.5709 -1.8268 -0.1969, 0.8465 -1.8268 -0.1969, 1.0433 -1.8268 -0.1969, 1.3189 -1.8268 -0.1969, 1.5157 -1.8268 -0.1969, 1.5157 -1.8268 -0.1969
            ]
        }
        coordIndex [
            0,1,2,-1,2,1,3,-1,4,5,6,-1,6,5,7,-1,6,7,8,-1,9,10,11,-1,11,10,12,-1,11,12,13,-1,13,12,14,-1,4,15,5,-1,5,15,2,-1,5,2,11,-1,11,2,3,-1,11,3,9,-1,16,0,17,-1,17,0,2,-1,18,1,16,-1,16,1,0,-1,19,3,18,-1,18,3,1,-1,20,9,19,-1,19,9,3,-1,21,10,20,-1,20,10,9,-1,22,12,21,-1,21,12,10,-1,23,14,12,-1,23,12,24,-1,24,12,22,-1,24,22,25,-1,24,25,26,-1,26,25,27,-1,26,27,28,-1,28,27,29,-1,28,29,30,-1,30,29,31,-1,30,31,32,-1,32,31,33,-1,32,33,34,-1,34,33,35,-1,35,36,34,-1,34,36,6,-1,34,6,37,-1,37,6,8,-1,38,4,36,-1,36,4,6,-1,39,15,38,-1,38,15,4,-1,17,2,39,-1,39,2,15,-1,36,35,33,-1,36,33,38,-1,22,21,20,-1,25,22,27,-1,27,22,20,-1,27,20,29,-1,29,20,31,-1,18,16,19,-1,19,16,17,-1,20,19,31,-1,31,19,17,-1,31,17,33,-1,33,17,39,-1,33,39,38,-1,40,41,42,-1,42,41,43,-1,44,45,46,-1,42,43,46,-1,46,43,47,-1,46,47,44,-1,48,45,49,-1,49,45,44,-1,50,47,51,-1,51,47,43,-1,51,43,52,-1,52,43,41,-1,52,41,53,-1,53,41,54,-1,55,56,57,-1,57,56,58,-1,59,60,61,-1,61,60,62,-1,63,64,65,-1,65,64,66,-1,67,68,69,-1,69,68,49,-1,69,49,70,-1,71,44,72,-1,72,44,47,-1,72,47,50,-1,53,54,71,-1,71,54,73,-1,71,73,44,-1,44,73,74,-1,44,74,49,-1,74,75,76,-1,76,75,77,-1,78,79,49,-1,80,81,82,-1,82,81,83,-1,82,83,84,-1,85,86,80,-1,80,86,78,-1,80,78,81,-1,81,78,49,-1,81,49,58,-1,58,49,74,-1,58,74,57,-1,57,74,76,-1,79,87,88,-1,88,87,89,-1,90,91,49,-1,92,93,94,-1,94,93,95,-1,94,95,96,-1,97,98,92,-1,92,98,90,-1,92,90,93,-1,93,90,49,-1,93,49,62,-1,62,49,79,-1,62,79,61,-1,61,79,88,-1,91,99,100,-1,100,99,101,-1,100,65,91,-1,91,65,66,-1,91,66,49,-1,49,66,102,-1,49,102,70,-1,70,102,103,-1,70,103,104,-1,105,106,107,-1,107,106,108,-1,77,75,109,-1,109,75,108,-1,109,108,110,-1,110,108,106,-1,110,106,55,-1,55,106,56,-1,111,112,113,-1,113,112,114,-1,84,83,115,-1,115,83,114,-1,115,114,116,-1,116,114,112,-1,116,112,85,-1,85,112,86,-1,117,118,119,-1,119,118,120,-1,89,87,121,-1,121,87,120,-1,121,120,122,-1,122,120,118,-1,122,118,59,-1,59,118,60,-1,123,124,125,-1,125,124,126,-1,96,95,127,-1,127,95,126,-1,127,126,128,-1,128,126,124,-1,128,124,97,-1,97,124,98,-1,129,130,131,-1,131,130,132,-1,101,99,133,-1,133,99,132,-1,133,132,134,-1,134,132,130,-1,134,130,63,-1,63,130,64,-1,135,136,137,-1,137,136,138,-1,48,49,139,-1,139,49,68,-1,139,68,135,-1,135,68,136,-1,104,103,140,-1,140,103,138,-1,140,138,141,-1,141,138,136,-1,141,136,67,-1,67,136,68,-1,142,143,144,-1,144,143,145,-1,146,147,148,-1,148,147,149,-1,148,149,142,-1,142,149,143,-1,150,151,152,-1,144,145,152,-1,152,145,153,-1,152,153,150,-1,151,150,146,-1,146,150,147,-1,154,153,155,-1,155,153,145,-1,155,145,156,-1,156,145,143,-1,156,143,157,-1,157,143,149,-1,153,154,158,-1,157,149,159,-1,159,149,147,-1,159,147,158,-1,158,147,150,-1,158,150,153,-1,160,52,71,-1,71,52,53,-1,51,161,50,-1,50,161,72,-1,161,160,72,-1,72,160,71,-1,161,51,160,-1,160,51,52,-1,162,156,159,-1,159,156,157,-1,155,163,154,-1,154,163,158,-1,163,162,158,-1,158,162,159,-1,163,155,162,-1,162,155,156,-1,164,141,69,-1,69,141,67,-1,140,165,104,-1,104,165,70,-1,165,164,70,-1,70,164,69,-1,165,140,164,-1,164,140,141,-1,166,134,65,-1,65,134,63,-1,133,167,101,-1,101,167,100,-1,167,166,100,-1,100,166,65,-1,167,133,166,-1,166,133,134,-1,168,128,92,-1,92,128,97,-1,127,169,96,-1,96,169,94,-1,169,168,94,-1,94,168,92,-1,169,127,168,-1,168,127,128,-1,170,122,61,-1,61,122,59,-1,121,171,89,-1,89,171,88,-1,171,170,88,-1,88,170,61,-1,171,121,170,-1,170,121,122,-1,172,116,80,-1,80,116,85,-1,115,173,84,-1,84,173,82,-1,173,172,82,-1,82,172,80,-1,173,115,172,-1,172,115,116,-1,174,110,57,-1,57,110,55,-1,109,175,77,-1,77,175,76,-1,175,174,76,-1,76,174,57,-1,175,109,174,-1,174,109,110,-1,176,102,177,-1,177,102,66,-1,178,91,179,-1,179,91,90,-1,180,93,181,-1,181,93,62,-1,182,79,183,-1,183,79,78,-1,184,81,185,-1,185,81,58,-1,186,74,187,-1,187,74,73,-1,
        ]
    }
}
Shape{
    appearance Appearance {
        material  Material 	{
            diffuseColor 0.25098039215686274 0.25098039215686274 0.25098039215686274
            specularColor 0.12549019607843137 0.12549019607843137 0.12549019607843137
            ambientIntensity 0.2
            transparency 0
            shininess 0.5
        }
    }
    geometry IndexedFaceSet {
        ccw TRUE
        solid FALSE
        coord DEF co Coordinate {
            point [
                1.9094 -2.0433 -0.0, 1.9094 -2.0433 -0.1969, 1.91 -2.0433 0.0, 1.9182 -2.0423 -0.1969, 1.9182 -2.0421 0.0006, 1.92 -2.0419 0.0008, 1.9265 -2.0394 -0.1969, 1.9264 -2.0392 0.0011, 1.9293 -2.0379 0.0012, 1.934 -2.0347 -0.1969, 1.9338 -2.0345 0.0013, 1.9373 -2.0318 0.0014, 1.9402 -2.0285 -0.1969, 1.94 -2.0283 0.0013, 1.9434 -2.0238 0.0012, 1.9449 -2.021 -0.1969, 1.9447 -2.0209 0.0011, 1.9474 -2.0145 0.0008, 1.9478 -2.0127 -0.1969, 1.9476 -2.0127 0.0006, 1.9488 -2.0039 -0.1969, 1.9488 -2.0039 0.0, 1.9488 -2.0045 0.0, -1.9488 -2.0039 0.0, -1.9488 -2.0039 -0.1969, -1.9488 -2.0045 0.0, -1.9475 -2.0141 -0.1969, -1.9474 -2.0141 0.0007, -1.9474 -2.0145 0.0008, -1.9435 -2.0236 -0.1969, -1.9435 -2.0236 0.0012, -1.9434 -2.0238 0.0012, -1.9373 -2.0318 -0.1969, -1.9373 -2.0318 0.0014, -1.9293 -2.0379 0.0012, -1.9291 -2.038 -0.1969, -1.9291 -2.038 0.0012, -1.92 -2.0419 0.0008, -1.9196 -2.042 -0.1969, -1.9196 -2.0419 0.0007, -1.9094 -2.0433 -0.1969, -1.9094 -2.0433 0.0, -1.91 -2.0433 0.0, 1.828 -1.8952 0.6776, 1.8296 -1.8853 0.6761, 1.8178 -1.9123 0.6788, 1.828 -1.8953 0.6776, 1.824 -1.9044 0.6785, 1.824 -1.9044 0.6785, 1.81 -1.9185 0.6785, 1.8099 -1.9185 0.6785, 1.8008 -1.9225 0.6776, 1.8007 -1.9225 0.6776, 1.7908 -1.9241 0.6761, -1.7908 -1.9241 0.6761, -1.7908 -1.9216 0.6846, 1.7908 -1.9216 0.6846, -1.7908 -1.9214 0.6849, 1.7908 -1.9214 0.6849, -1.7908 -1.917 0.6926, 1.7908 -1.917 0.6926, -1.7908 -1.9169 0.6928, 1.7908 -1.9169 0.6928, -1.7908 -1.9107 0.6993, 1.7908 -1.9107 0.6993, -1.7908 -1.9106 0.6994, 1.7908 -1.9106 0.6994, -1.7908 -1.9031 0.7044, 1.7908 -1.9031 0.7044, -1.7908 -1.903 0.7045, 1.7908 -1.903 0.7045, -1.7908 -1.8944 0.7076, 1.7908 -1.8944 0.7076, -1.7908 -1.8944 0.7076, 1.7908 -1.8944 0.7076, 1.7908 -1.8853 0.7087, -1.7908 -1.8853 0.7087, -1.828 -1.8952 0.6776, -1.7994 -1.9227 0.6774, -1.8007 -1.9225 0.6776, -1.8074 -1.9196 0.6783, -1.8099 -1.9185 0.6785, -1.8145 -1.9149 0.6787, -1.8178 -1.9123 0.6788, -1.8205 -1.909 0.6787, -1.824 -1.9044 0.6785, -1.8251 -1.9018 0.6783, -1.8282 -1.8939 0.6774, -1.8296 -1.8853 0.6761, 1.8224 -1.8853 0.6928, 1.8163 -1.8853 0.6993, 1.8154 -1.8919 0.6993, 1.808 -1.8899 0.7044, 1.7996 -1.8877 0.7076, 1.7987 -1.8899 0.7076, 1.7954 -1.8932 0.7076, 1.7973 -1.8918 0.7076, 1.7932 -1.8941 0.7076, 1.7999 -1.8853 0.7076, 1.8258 -1.8947 0.6846, 1.8222 -1.9034 0.6846, 1.8165 -1.911 0.6846, 1.809 -1.9167 0.6846, 1.8002 -1.9203 0.6846, 1.8161 -1.8853 0.6994, 1.8086 -1.8853 0.7044, 1.8085 -1.8853 0.7045, 1.8 -1.8853 0.7076, 1.8062 -1.8942 0.7044, 1.8034 -1.8979 0.7044, 1.7997 -1.9007 0.7044, 1.7954 -1.9025 0.7044, 1.8129 -1.898 0.6993, 1.8088 -1.9033 0.6993, 1.8035 -1.9073 0.6993, 1.7974 -1.9099 0.6993, 1.827 -1.8853 0.6849, 1.8225 -1.8853 0.6926, 1.8215 -1.8935 0.6926, 1.8183 -1.9012 0.6926, 1.8132 -1.9077 0.6926, 1.8067 -1.9128 0.6926, 1.799 -1.9159 0.6926, 1.8271 -1.8853 0.6846, -1.7979 -1.9162 0.6926, -1.7965 -1.9101 0.6993, -1.7948 -1.9026 0.7044, -1.7929 -1.8942 0.7076, -1.7948 -1.8935 0.7076, -1.7991 -1.8893 0.7076, -1.798 -1.891 0.7076, -1.7997 -1.8873 0.7076, -1.7989 -1.9207 0.6846, -1.8066 -1.918 0.6846, -1.8134 -1.9137 0.6846, -1.8192 -1.9079 0.6846, -1.8235 -1.901 0.6846, -1.8262 -1.8934 0.6846, -1.8271 -1.8853 0.6846, -1.7999 -1.8853 0.7076, -1.8019 -1.8992 0.7044, -1.8047 -1.8964 0.7044, -1.8068 -1.893 0.7044, -1.8081 -1.8893 0.7044, -1.7985 -1.9013 0.7044, -1.7965 -1.8925 0.7076, -1.8 -1.8853 0.7076, -1.8085 -1.8853 0.7045, -1.8086 -1.8853 0.7044, -1.8161 -1.8853 0.6994, -1.8019 -1.9082 0.6993, -1.8067 -1.9052 0.6993, -1.8107 -1.9012 0.6993, -1.8137 -1.8964 0.6993, -1.8156 -1.891 0.6993, -1.8046 -1.9139 0.6926, -1.8106 -1.9101 0.6926, -1.8156 -1.9051 0.6926, -1.8194 -1.8991 0.6926, -1.8217 -1.8924 0.6926, -1.8163 -1.8853 0.6993, -1.8224 -1.8853 0.6928, -1.8225 -1.8853 0.6926, -1.827 -1.8853 0.6849, 1.91 -0.3976 -0.0, 1.7908 -0.5169 0.6761, 1.7994 -0.5182 0.6774, 1.9202 -0.3989 0.0, 1.8007 -0.5184 0.6776, 1.925 -0.4006 0.0, 1.8074 -0.5213 0.6783, 1.9295 -0.4028 0.0, 1.8099 -0.5224 0.6785, 1.9337 -0.4056 0.0, 1.8145 -0.526 0.6787, 1.9375 -0.4089 0.0, 1.8178 -0.5286 0.6788, 1.9409 -0.4127 0.0, 1.8205 -0.532 0.6787, 1.9437 -0.4169 0.0, 1.824 -0.5366 0.6785, 1.9459 -0.4215 0.0, 1.8251 -0.5391 0.6783, 1.9475 -0.4263 0.0, 1.828 -0.5458 0.6776, 1.9488 -0.4364 0.0, 1.8282 -0.5471 0.6774, 1.8296 -0.5556 0.6761, 1.8271 -0.5556 0.6846, 1.827 -0.5556 0.6849, 1.8225 -0.5556 0.6926, 1.8224 -0.5556 0.6928, 1.8163 -0.5556 0.6993, 1.8161 -0.5556 0.6994, 1.8086 -0.5556 0.7044, 1.8085 -0.5556 0.7045, 1.8 -0.5556 0.7076, 1.7999 -0.5556 0.7076, 1.7908 -0.5556 0.7087, -1.8296 -0.5556 0.6761, -1.8271 -0.5556 0.6846, -1.827 -0.5556 0.6849, -1.8225 -0.5556 0.6926, -1.8224 -0.5556 0.6928, -1.8163 -0.5556 0.6993, -1.8161 -0.5556 0.6994, -1.8086 -0.5556 0.7044, -1.8085 -0.5556 0.7045, -1.8 -0.5556 0.7076, -1.7999 -0.5556 0.7076, -1.7908 -0.5556 0.7087, -1.828 -0.5458 0.6776, -1.9488 -0.4364 -0.0, -1.9475 -0.4263 0.0, -1.9459 -0.4215 0.0, -1.828 -0.5457 0.6776, -1.9437 -0.4169 0.0, -1.824 -0.5366 0.6785, -1.9409 -0.4127 0.0, -1.824 -0.5365 0.6785, -1.9375 -0.4089 0.0, -1.8178 -0.5286 0.6788, -1.9337 -0.4056 0.0, -1.81 -0.5225 0.6785, -1.9295 -0.4028 0.0, -1.8099 -0.5224 0.6785, -1.925 -0.4006 0.0, -1.8008 -0.5185 0.6776, -1.9202 -0.3989 0.0, -1.8007 -0.5184 0.6776, -1.7908 -0.5169 0.6761, -1.91 -0.3976 0.0, 1.7908 -0.5195 0.6849, 1.7908 -0.5239 0.6926, 1.7979 -0.5247 0.6926, 1.7908 -0.5241 0.6928, 1.7908 -0.5302 0.6993, 1.7965 -0.5308 0.6993, 1.7948 -0.5383 0.7044, 1.7929 -0.5467 0.7076, 1.7948 -0.5474 0.7076, 1.7991 -0.5517 0.7076, 1.798 -0.5499 0.7076, 1.7997 -0.5536 0.7076, 1.7908 -0.5466 0.7076, 1.7989 -0.5203 0.6846, 1.8066 -0.523 0.6846, 1.8134 -0.5273 0.6846, 1.8192 -0.533 0.6846, 1.8235 -0.5399 0.6846, 1.8262 -0.5476 0.6846, 1.7908 -0.5303 0.6994, 1.7908 -0.5379 0.7044, 1.7908 -0.538 0.7045, 1.7908 -0.5465 0.7076, 1.8019 -0.5417 0.7044, 1.8047 -0.5446 0.7044, 1.8068 -0.5479 0.7044, 1.8081 -0.5517 0.7044, 1.7985 -0.5396 0.7044, 1.7965 -0.5485 0.7076, 1.8019 -0.5327 0.6993, 1.8067 -0.5357 0.6993, 1.8107 -0.5398 0.6993, 1.8137 -0.5446 0.6993, 1.8156 -0.55 0.6993, 1.8046 -0.5271 0.6926, 1.8106 -0.5308 0.6926, 1.8156 -0.5359 0.6926, 1.8194 -0.5419 0.6926, 1.8217 -0.5486 0.6926, 1.7908 -0.5194 0.6846, -1.8154 -0.549 0.6993, -1.808 -0.551 0.7044, -1.7996 -0.5533 0.7076, -1.7987 -0.5511 0.7076, -1.7954 -0.5477 0.7076, -1.7973 -0.5492 0.7076, -1.7932 -0.5468 0.7076, -1.8258 -0.5462 0.6846, -1.8222 -0.5375 0.6846, -1.8165 -0.53 0.6846, -1.809 -0.5242 0.6846, -1.8002 -0.5206 0.6846, -1.7908 -0.5194 0.6846, -1.7908 -0.5466 0.7076, -1.8062 -0.5467 0.7044, -1.8034 -0.5431 0.7044, -1.7997 -0.5402 0.7044, -1.7954 -0.5385 0.7044, -1.7908 -0.5465 0.7076, -1.7908 -0.538 0.7045, -1.7908 -0.5379 0.7044, -1.7908 -0.5303 0.6994, -1.8129 -0.5429 0.6993, -1.8088 -0.5376 0.6993, -1.8035 -0.5336 0.6993, -1.7974 -0.5311 0.6993, -1.8215 -0.5474 0.6926, -1.8183 -0.5398 0.6926, -1.8132 -0.5332 0.6926, -1.8067 -0.5282 0.6926, -1.799 -0.525 0.6926, -1.7908 -0.5302 0.6993, -1.7908 -0.5241 0.6928, -1.7908 -0.5239 0.6926, -1.7908 -0.5195 0.6849, 1.6711 -0.5179 0.6806, 1.6695 -0.5195 0.6849, 1.6674 -0.5215 0.689, 1.6649 -0.524 0.6928, 1.651 -0.538 0.7045, 1.6424 -0.5465 0.7076, 1.6333 -0.5556 0.7087, 1.6587 -0.5303 0.6995, 1.6721 -0.5169 0.6761, -1.6587 -0.5303 0.6995, -1.6649 -0.524 0.6928, -1.6674 -0.5215 0.689, -1.6695 -0.5195 0.6849, -1.6711 -0.5179 0.6806, -1.6721 -0.5169 0.6761, -1.651 -0.538 0.7045, -1.6424 -0.5465 0.7076, -1.6333 -0.5556 0.7087, 1.6711 1.0219 0.6806, 1.6695 1.0234 0.6849, 1.6333 1.0596 0.7087, 1.6424 1.0505 0.7076, 1.651 1.0419 0.7045, 1.6587 1.0343 0.6995, 1.6649 1.028 0.6928, 1.6674 1.0255 0.689, 1.6721 1.0208 0.6761, -1.6711 1.0219 0.6806, -1.6721 1.0208 0.6761, -1.6695 1.0234 0.6849, -1.6649 1.028 0.6928, -1.6674 1.0255 0.689, -1.6587 1.0343 0.6995, -1.651 1.0419 0.7045, -1.6424 1.0505 0.7076, -1.6333 1.0596 0.7087, 1.8296 1.0596 0.6761, 1.828 1.0497 0.6776, 1.9488 0.9403 -0.0, 1.9475 0.9302 0.0, 1.9459 0.9254 0.0, 1.828 1.0496 0.6776, 1.9437 0.9209 0.0, 1.824 1.0405 0.6785, 1.9409 0.9167 0.0, 1.824 1.0404 0.6785, 1.9375 0.9129 0.0, 1.8178 1.0326 0.6788, 1.9337 0.9095 0.0, 1.81 1.0264 0.6785, 1.9295 0.9067 0.0, 1.8099 1.0264 0.6785, 1.925 0.9045 0.0, 1.8008 1.0224 0.6776, 1.9202 0.9029 0.0, 1.8007 1.0224 0.6776, 1.7908 1.0208 0.6761, 1.91 0.9016 0.0, 1.7908 1.028 0.6928, 1.7908 1.0279 0.6926, 1.7908 1.0234 0.6849, 1.7908 1.0233 0.6846, 1.7908 1.0341 0.6993, 1.7908 1.0343 0.6994, 1.7908 1.0418 0.7044, 1.7908 1.0419 0.7045, 1.7908 1.0504 0.7076, 1.7908 1.0505 0.7076, 1.7908 1.0596 0.7087, -1.7908 1.0234 0.6849, -1.7908 1.028 0.6928, -1.7908 1.0505 0.7076, -1.7908 1.0596 0.7087, -1.7908 1.0504 0.7076, -1.7908 1.0419 0.7045, -1.7908 1.0418 0.7044, -1.7908 1.0343 0.6994, -1.7908 1.0341 0.6993, -1.7908 1.0279 0.6926, -1.7908 1.0233 0.6846, -1.7908 1.0208 0.6761, -1.91 0.9016 0.0, -1.7994 1.0222 0.6774, -1.9202 0.9029 0.0, -1.8007 1.0224 0.6776, -1.925 0.9045 0.0, -1.8074 1.0253 0.6783, -1.9295 0.9067 0.0, -1.8099 1.0264 0.6785, -1.9337 0.9095 0.0, -1.8145 1.0299 0.6787, -1.9375 0.9129 0.0, -1.8178 1.0326 0.6788, -1.9409 0.9167 0.0, -1.8205 1.0359 0.6787, -1.9437 0.9209 0.0, -1.824 1.0405 0.6785, -1.9459 0.9254 0.0, -1.8251 1.043 0.6783, -1.9475 0.9302 0.0, -1.828 1.0497 0.6776, -1.9488 0.9403 0.0, -1.8282 1.051 0.6774, -1.8296 1.0596 0.6761, 1.8224 1.0596 0.6928, 1.8163 1.0596 0.6993, 1.8154 1.053 0.6993, 1.808 1.055 0.7044, 1.7996 1.0572 0.7076, 1.7987 1.055 0.7076, 1.7954 1.0517 0.7076, 1.7973 1.0531 0.7076, 1.7932 1.0507 0.7076, 1.7999 1.0596 0.7076, 1.8258 1.0502 0.6846, 1.8222 1.0414 0.6846, 1.8165 1.0339 0.6846, 1.809 1.0282 0.6846, 1.8002 1.0245 0.6846, 1.8161 1.0596 0.6994, 1.8086 1.0596 0.7044, 1.8085 1.0596 0.7045, 1.8 1.0596 0.7076, 1.8062 1.0507 0.7044, 1.8034 1.047 0.7044, 1.7997 1.0442 0.7044, 1.7954 1.0424 0.7044, 1.8129 1.0469 0.6993, 1.8088 1.0416 0.6993, 1.8035 1.0375 0.6993, 1.7974 1.035 0.6993, 1.827 1.0596 0.6849, 1.8225 1.0596 0.6926, 1.8215 1.0514 0.6926, 1.8183 1.0437 0.6926, 1.8132 1.0371 0.6926, 1.8067 1.0321 0.6926, 1.799 1.0289 0.6926, 1.8271 1.0596 0.6846, -1.7979 1.0287 0.6926, -1.7965 1.0348 0.6993, -1.7948 1.0422 0.7044, -1.7929 1.0507 0.7076, -1.7948 1.0513 0.7076, -1.7991 1.0556 0.7076, -1.798 1.0539 0.7076, -1.7997 1.0575 0.7076, -1.7989 1.0242 0.6846, -1.8066 1.0269 0.6846, -1.8134 1.0312 0.6846, -1.8192 1.037 0.6846, -1.8235 1.0438 0.6846, -1.8262 1.0515 0.6846, -1.8271 1.0596 0.6846, -1.7999 1.0596 0.7076, -1.8019 1.0457 0.7044, -1.8047 1.0485 0.7044, -1.8068 1.0519 0.7044, -1.8081 1.0556 0.7044, -1.7985 1.0436 0.7044, -1.7965 1.0524 0.7076, -1.8 1.0596 0.7076, -1.8085 1.0596 0.7045, -1.8086 1.0596 0.7044, -1.8161 1.0596 0.6994, -1.8019 1.0367 0.6993, -1.8067 1.0397 0.6993, -1.8107 1.0437 0.6993, -1.8137 1.0485 0.6993, -1.8156 1.0539 0.6993, -1.8046 1.031 0.6926, -1.8106 1.0348 0.6926, -1.8156 1.0398 0.6926, -1.8194 1.0458 0.6926, -1.8217 1.0525 0.6926, -1.8163 1.0596 0.6993, -1.8224 1.0596 0.6928, -1.8225 1.0596 0.6926, -1.827 1.0596 0.6849, 1.9347 2.0433 -0.0292, 1.9291 2.0433 -0.0187, 1.9291 2.0384 0.0, 1.8074 1.9196 0.6783, 1.8099 1.9185 0.6785, 1.8145 1.9149 0.6787, 1.9488 2.0433 -0.064, 1.8178 1.9123 0.6788, 1.8205 1.909 0.6787, 1.9488 2.0292 -0.0292, 1.824 1.9044 0.6785, 1.9488 2.016 -0.0074, 1.8251 1.9018 0.6783, 1.828 1.8952 0.6776, 1.9488 2.0058 -0.0001, 1.9488 2.0072 -0.0005, 1.9488 2.0045 0.0, 1.8282 1.8939 0.6774, 1.8296 1.8853 0.6761, 1.9488 2.01 -0.0019, 1.9488 2.0129 -0.0042, 1.8007 1.9225 0.6776, 1.9202 2.042 0.0, 1.7994 1.9227 0.6774, 1.91 2.0433 -0.0, 1.7908 1.9241 0.6761, 1.8271 1.8853 0.6846, 1.827 1.8853 0.6849, 1.8225 1.8853 0.6926, 1.8224 1.8853 0.6928, 1.8163 1.8853 0.6993, 1.8161 1.8853 0.6994, 1.8086 1.8853 0.7044, 1.8085 1.8853 0.7045, 1.8 1.8853 0.7076, 1.7999 1.8853 0.7076, 1.7908 1.8853 0.7087, -1.8296 1.8853 0.6761, -1.8271 1.8853 0.6846, -1.827 1.8853 0.6849, -1.8225 1.8853 0.6926, -1.8224 1.8853 0.6928, -1.8163 1.8853 0.6993, -1.8161 1.8853 0.6994, -1.8086 1.8853 0.7044, -1.8085 1.8853 0.7045, -1.8 1.8853 0.7076, -1.7999 1.8853 0.7076, -1.7908 1.8853 0.7087, -1.8008 1.9225 0.6776, -1.9202 2.042 0.0, -1.9291 2.0384 0.0, -1.9291 2.0433 -0.0187, -1.9347 2.0433 -0.0292, -1.8099 1.9185 0.6785, -1.8007 1.9225 0.6776, -1.7908 1.9241 0.6761, -1.91 2.0433 -0.0, -1.9488 2.0129 -0.0042, -1.9488 2.01 -0.0019, -1.828 1.8952 0.6776, -1.9488 2.0072 -0.0005, -1.9488 2.0058 -0.0001, -1.9488 2.0045 0.0, -1.828 1.8953 0.6776, -1.9488 2.0292 -0.0292, -1.9488 2.016 -0.0074, -1.824 1.9044 0.6785, -1.824 1.9044 0.6785, -1.9488 2.0433 -0.064, -1.8178 1.9123 0.6788, -1.81 1.9185 0.6785, 1.7908 1.9214 0.6849, 1.7908 1.917 0.6926, 1.7979 1.9162 0.6926, 1.7908 1.9169 0.6928, 1.7908 1.9107 0.6993, 1.7965 1.9101 0.6993, 1.7948 1.9026 0.7044, 1.7929 1.8942 0.7076, 1.7948 1.8935 0.7076, 1.7991 1.8893 0.7076, 1.798 1.891 0.7076, 1.7997 1.8873 0.7076, 1.7908 1.8944 0.7076, 1.7989 1.9207 0.6846, 1.8066 1.918 0.6846, 1.8134 1.9137 0.6846, 1.8192 1.9079 0.6846, 1.8235 1.901 0.6846, 1.8262 1.8934 0.6846, 1.7908 1.9106 0.6994, 1.7908 1.9031 0.7044, 1.7908 1.903 0.7045, 1.7908 1.8944 0.7076, 1.8019 1.8992 0.7044, 1.8047 1.8964 0.7044, 1.8068 1.893 0.7044, 1.8081 1.8893 0.7044, 1.7985 1.9013 0.7044, 1.7965 1.8925 0.7076, 1.8019 1.9082 0.6993, 1.8067 1.9052 0.6993, 1.8107 1.9012 0.6993, 1.8137 1.8964 0.6993, 1.8156 1.891 0.6993, 1.8046 1.9139 0.6926, 1.8106 1.9101 0.6926, 1.8156 1.9051 0.6926, 1.8194 1.8991 0.6926, 1.8217 1.8924 0.6926, 1.7908 1.9216 0.6846, -1.8154 1.8919 0.6993, -1.808 1.8899 0.7044, -1.7996 1.8877 0.7076, -1.7987 1.8899 0.7076, -1.7954 1.8932 0.7076, -1.7973 1.8918 0.7076, -1.7932 1.8941 0.7076, -1.8258 1.8947 0.6846, -1.8222 1.9034 0.6846, -1.8165 1.911 0.6846, -1.809 1.9167 0.6846, -1.8002 1.9203 0.6846, -1.7908 1.9216 0.6846, -1.7908 1.8944 0.7076, -1.8062 1.8942 0.7044, -1.8034 1.8979 0.7044, -1.7997 1.9007 0.7044, -1.7954 1.9025 0.7044, -1.7908 1.8944 0.7076, -1.7908 1.903 0.7045, -1.7908 1.9031 0.7044, -1.7908 1.9106 0.6994, -1.8129 1.898 0.6993, -1.8088 1.9033 0.6993, -1.8035 1.9073 0.6993, -1.7974 1.9099 0.6993, -1.8215 1.8935 0.6926, -1.8183 1.9012 0.6926, -1.8132 1.9077 0.6926, -1.8067 1.9128 0.6926, -1.799 1.9159 0.6926, -1.7908 1.9107 0.6993, -1.7908 1.9169 0.6928, -1.7908 1.917 0.6926, -1.7908 1.9214 0.6849, -1.2888 -1.567 0.6693, -1.2909 -1.5514 0.7087, -1.2946 -1.5228 0.6693, -1.2946 -1.5228 0.7087, -1.3117 -1.4816 0.6693, -1.3117 -1.4816 0.7087, -1.3257 -1.4634 0.7087, -1.3388 -1.4462 0.6693, -1.3388 -1.4462 0.7087, -1.3742 -1.419 0.6693, -1.3742 -1.419 0.7087, -1.4154 -1.402 0.6693, -1.4154 -1.402 0.7087, -1.4596 -1.3962 0.6693, -1.4596 -1.3962 0.7087, -1.5038 -1.402 0.6693, -1.5038 -1.402 0.7087, -1.545 -1.419 0.6693, -1.545 -1.419 0.7087, -1.5804 -1.4462 0.6693, -1.5804 -1.4462 0.7087, -1.5936 -1.4634 0.7087, -1.6075 -1.4816 0.6693, -1.6075 -1.4816 0.7087, -1.6246 -1.5228 0.6693, -1.6246 -1.5228 0.7087, -1.6284 -1.5514 0.7087, -1.6304 -1.567 0.6693, -1.6304 -1.567 0.7087, -1.6246 -1.6112 0.6693, -1.6246 -1.6112 0.7087, -1.6157 -1.6328 0.7087, -1.6075 -1.6524 0.6693, -1.6075 -1.6524 0.7087, -1.6046 -1.6563 0.7087, -1.5804 -1.6877 0.6693, -1.5804 -1.6877 0.7087, -1.545 -1.7149 0.6693, -1.545 -1.7149 0.7087, -1.5038 -1.732 0.6693, -1.5038 -1.732 0.7087, -1.4596 -1.7378 0.6693, -1.4596 -1.7378 0.7087, -1.4154 -1.732 0.6693, -1.4154 -1.732 0.7087, -1.3742 -1.7149 0.6693, -1.3742 -1.7149 0.7087, -1.3388 -1.6877 0.6693, -1.3388 -1.6877 0.7087, -1.3147 -1.6563 0.7087, -1.3117 -1.6524 0.6693, -1.3117 -1.6524 0.7087, -1.3036 -1.6328 0.7087, -1.2946 -1.6112 0.6693, -1.2946 -1.6112 0.7087, -1.2888 -1.567 0.7087, -1.2888 -1.567 0.7087
            ]
        }
        coordIndex [
            0,1,2,-1,2,1,3,-1,2,3,4,-1,4,3,5,-1,5,3,6,-1,5,6,7,-1,7,6,8,-1,8,6,9,-1,8,9,10,-1,10,9,11,-1,11,9,12,-1,11,12,13,-1,13,12,14,-1,14,12,15,-1,14,15,16,-1,16,15,17,-1,17,15,18,-1,17,18,19,-1,20,21,18,-1,18,21,22,-1,18,22,19,-1,23,24,25,-1,25,24,26,-1,25,26,27,-1,27,26,28,-1,28,26,29,-1,28,29,30,-1,30,29,31,-1,31,29,32,-1,31,32,33,-1,33,32,34,-1,34,32,35,-1,34,35,36,-1,36,35,37,-1,37,35,38,-1,37,38,39,-1,40,41,38,-1,38,41,42,-1,38,42,39,-1,14,16,43,-1,43,16,17,-1,43,17,44,-1,44,17,19,-1,44,19,22,-1,45,11,13,-1,43,46,14,-1,14,46,47,-1,14,47,13,-1,13,47,48,-1,13,48,45,-1,11,45,10,-1,10,45,49,-1,10,49,8,-1,8,49,50,-1,8,50,7,-1,7,50,51,-1,7,51,5,-1,5,51,52,-1,5,52,4,-1,4,52,53,-1,4,53,2,-1,54,53,55,-1,55,53,56,-1,55,56,57,-1,57,56,58,-1,57,58,59,-1,59,58,60,-1,59,60,61,-1,61,60,62,-1,61,62,63,-1,63,62,64,-1,63,64,65,-1,65,64,66,-1,65,66,67,-1,67,66,68,-1,67,68,69,-1,69,68,70,-1,69,70,71,-1,71,70,72,-1,71,72,73,-1,72,74,73,-1,73,74,75,-1,73,75,76,-1,27,28,77,-1,42,54,39,-1,39,54,78,-1,39,78,37,-1,37,78,79,-1,37,79,36,-1,36,79,80,-1,36,80,34,-1,80,81,34,-1,34,81,82,-1,34,82,33,-1,82,83,33,-1,33,83,84,-1,33,84,31,-1,31,84,85,-1,31,85,30,-1,30,85,28,-1,28,85,86,-1,28,86,77,-1,27,77,25,-1,25,77,87,-1,25,87,88,-1,89,90,91,-1,92,93,94,-1,75,95,96,-1,97,95,75,-1,94,93,75,-1,98,75,93,-1,99,46,43,-1,46,99,47,-1,47,99,100,-1,47,100,48,-1,48,100,101,-1,48,101,45,-1,45,101,102,-1,45,102,49,-1,49,102,50,-1,50,102,103,-1,50,103,51,-1,51,103,52,-1,52,103,56,-1,52,56,53,-1,74,97,75,-1,104,105,92,-1,92,105,106,-1,92,106,93,-1,93,106,107,-1,93,107,98,-1,108,96,109,-1,109,96,95,-1,109,95,110,-1,110,95,97,-1,110,97,111,-1,74,72,97,-1,97,72,70,-1,97,70,111,-1,111,70,68,-1,111,68,66,-1,91,108,112,-1,112,108,109,-1,112,109,113,-1,113,109,110,-1,113,110,114,-1,114,110,111,-1,114,111,115,-1,115,111,66,-1,116,117,118,-1,118,117,89,-1,89,91,118,-1,118,91,112,-1,118,112,119,-1,119,112,113,-1,119,113,120,-1,120,113,114,-1,120,114,121,-1,121,114,115,-1,121,115,122,-1,90,104,91,-1,91,104,92,-1,91,92,108,-1,108,92,94,-1,108,94,96,-1,96,94,75,-1,116,99,123,-1,123,99,43,-1,123,43,44,-1,66,64,115,-1,115,64,62,-1,115,62,122,-1,122,62,60,-1,122,60,58,-1,116,118,99,-1,99,118,119,-1,99,119,100,-1,100,119,120,-1,100,120,101,-1,101,120,121,-1,101,121,102,-1,102,121,122,-1,102,122,103,-1,103,122,58,-1,103,58,56,-1,57,59,124,-1,61,63,125,-1,126,127,128,-1,76,129,130,-1,131,129,76,-1,128,127,76,-1,73,76,127,-1,78,132,79,-1,79,132,133,-1,79,133,80,-1,80,133,81,-1,81,133,134,-1,81,134,82,-1,82,134,83,-1,83,134,135,-1,83,135,84,-1,84,135,85,-1,85,135,136,-1,85,136,86,-1,86,136,77,-1,77,136,137,-1,77,137,87,-1,87,137,138,-1,87,138,88,-1,139,131,76,-1,65,67,126,-1,126,67,69,-1,126,69,127,-1,127,69,71,-1,127,71,73,-1,140,130,141,-1,141,130,129,-1,141,129,142,-1,142,129,131,-1,142,131,143,-1,63,65,125,-1,125,65,126,-1,125,126,144,-1,144,126,128,-1,144,128,145,-1,145,128,76,-1,139,146,131,-1,131,146,147,-1,131,147,143,-1,143,147,148,-1,143,148,149,-1,150,140,151,-1,151,140,141,-1,151,141,152,-1,152,141,142,-1,152,142,153,-1,153,142,143,-1,153,143,154,-1,154,143,149,-1,124,150,155,-1,155,150,151,-1,155,151,156,-1,156,151,152,-1,156,152,157,-1,157,152,153,-1,157,153,158,-1,158,153,154,-1,158,154,159,-1,59,61,124,-1,124,61,125,-1,124,125,150,-1,150,125,144,-1,150,144,140,-1,140,144,145,-1,140,145,130,-1,130,145,76,-1,78,54,132,-1,132,54,55,-1,132,55,57,-1,149,160,154,-1,154,160,161,-1,154,161,159,-1,159,161,162,-1,159,162,163,-1,57,124,132,-1,132,124,155,-1,132,155,133,-1,133,155,156,-1,133,156,134,-1,134,156,157,-1,134,157,135,-1,135,157,158,-1,135,158,136,-1,136,158,159,-1,136,159,137,-1,137,159,163,-1,137,163,138,-1,164,165,166,-1,164,166,167,-1,167,166,168,-1,167,168,169,-1,169,168,170,-1,169,170,171,-1,171,170,172,-1,171,172,173,-1,173,172,174,-1,173,174,175,-1,175,174,176,-1,175,176,177,-1,177,176,178,-1,177,178,179,-1,179,178,180,-1,179,180,181,-1,181,180,182,-1,181,182,183,-1,183,182,184,-1,183,184,185,-1,185,184,186,-1,185,186,187,-1,44,187,123,-1,123,187,188,-1,123,188,116,-1,116,188,189,-1,116,189,117,-1,117,189,190,-1,117,190,89,-1,89,190,191,-1,89,191,90,-1,90,191,192,-1,90,192,104,-1,104,192,193,-1,104,193,105,-1,105,193,194,-1,105,194,106,-1,106,194,195,-1,106,195,107,-1,107,195,196,-1,107,196,98,-1,196,197,98,-1,98,197,198,-1,98,198,75,-1,199,88,200,-1,200,88,138,-1,200,138,201,-1,201,138,163,-1,201,163,202,-1,202,163,162,-1,202,162,203,-1,203,162,161,-1,203,161,204,-1,204,161,160,-1,204,160,205,-1,205,160,149,-1,205,149,206,-1,206,149,148,-1,206,148,207,-1,207,148,147,-1,207,147,208,-1,208,147,146,-1,208,146,209,-1,146,139,209,-1,209,139,76,-1,209,76,210,-1,199,211,212,-1,212,211,213,-1,213,211,214,-1,214,211,215,-1,214,215,216,-1,216,215,217,-1,216,217,218,-1,218,217,219,-1,218,219,220,-1,220,219,221,-1,220,221,222,-1,222,221,223,-1,222,223,224,-1,224,223,225,-1,224,225,226,-1,226,225,227,-1,226,227,228,-1,227,229,228,-1,228,229,230,-1,228,230,231,-1,232,233,234,-1,235,236,237,-1,238,239,240,-1,198,241,242,-1,243,241,198,-1,240,239,198,-1,244,198,239,-1,166,245,168,-1,168,245,246,-1,168,246,170,-1,170,246,172,-1,172,246,247,-1,172,247,174,-1,174,247,176,-1,176,247,248,-1,176,248,178,-1,178,248,180,-1,180,248,249,-1,180,249,182,-1,182,249,184,-1,184,249,250,-1,184,250,186,-1,186,250,188,-1,186,188,187,-1,197,243,198,-1,251,252,238,-1,238,252,253,-1,238,253,239,-1,239,253,254,-1,239,254,244,-1,255,242,256,-1,256,242,241,-1,256,241,257,-1,257,241,243,-1,257,243,258,-1,236,251,237,-1,237,251,238,-1,237,238,259,-1,259,238,240,-1,259,240,260,-1,260,240,198,-1,197,196,243,-1,243,196,195,-1,243,195,258,-1,258,195,194,-1,258,194,193,-1,261,255,262,-1,262,255,256,-1,262,256,263,-1,263,256,257,-1,263,257,264,-1,264,257,258,-1,264,258,265,-1,265,258,193,-1,234,261,266,-1,266,261,262,-1,266,262,267,-1,267,262,263,-1,267,263,268,-1,268,263,264,-1,268,264,269,-1,269,264,265,-1,269,265,270,-1,233,235,234,-1,234,235,237,-1,234,237,261,-1,261,237,259,-1,261,259,255,-1,255,259,260,-1,255,260,242,-1,242,260,198,-1,166,165,245,-1,245,165,271,-1,245,271,232,-1,193,192,265,-1,265,192,191,-1,265,191,270,-1,270,191,190,-1,270,190,189,-1,232,234,245,-1,245,234,266,-1,245,266,246,-1,246,266,267,-1,246,267,247,-1,247,267,268,-1,247,268,248,-1,248,268,269,-1,248,269,249,-1,249,269,270,-1,249,270,250,-1,250,270,189,-1,250,189,188,-1,203,204,272,-1,273,274,275,-1,210,276,277,-1,278,276,210,-1,275,274,210,-1,209,210,274,-1,279,215,211,-1,215,279,217,-1,217,279,280,-1,217,280,219,-1,219,280,281,-1,219,281,221,-1,221,281,282,-1,221,282,223,-1,223,282,225,-1,225,282,283,-1,225,283,227,-1,227,283,229,-1,229,283,284,-1,229,284,230,-1,285,278,210,-1,205,206,273,-1,273,206,207,-1,273,207,274,-1,274,207,208,-1,274,208,209,-1,286,277,287,-1,287,277,276,-1,287,276,288,-1,288,276,278,-1,288,278,289,-1,285,290,278,-1,278,290,291,-1,278,291,289,-1,289,291,292,-1,289,292,293,-1,272,286,294,-1,294,286,287,-1,294,287,295,-1,295,287,288,-1,295,288,296,-1,296,288,289,-1,296,289,297,-1,297,289,293,-1,201,202,298,-1,298,202,203,-1,203,272,298,-1,298,272,294,-1,298,294,299,-1,299,294,295,-1,299,295,300,-1,300,295,296,-1,300,296,301,-1,301,296,297,-1,301,297,302,-1,204,205,272,-1,272,205,273,-1,272,273,286,-1,286,273,275,-1,286,275,277,-1,277,275,210,-1,201,279,200,-1,200,279,211,-1,200,211,199,-1,293,303,297,-1,297,303,304,-1,297,304,302,-1,302,304,305,-1,302,305,306,-1,201,298,279,-1,279,298,299,-1,279,299,280,-1,280,299,300,-1,280,300,281,-1,281,300,301,-1,281,301,282,-1,282,301,302,-1,282,302,283,-1,283,302,306,-1,283,306,284,-1,307,308,232,-1,309,310,235,-1,311,312,244,-1,244,312,313,-1,244,313,198,-1,244,254,311,-1,311,254,253,-1,311,253,314,-1,253,252,314,-1,314,252,251,-1,314,251,310,-1,310,251,236,-1,310,236,235,-1,309,235,308,-1,308,235,233,-1,308,233,232,-1,307,232,315,-1,315,232,271,-1,315,271,165,-1,316,317,304,-1,304,317,318,-1,304,318,305,-1,305,318,319,-1,305,319,306,-1,306,319,320,-1,306,320,284,-1,284,320,321,-1,284,321,230,-1,304,303,316,-1,316,303,293,-1,316,293,322,-1,293,292,322,-1,322,292,291,-1,322,291,323,-1,323,291,290,-1,290,285,323,-1,323,285,210,-1,323,210,324,-1,325,326,308,-1,327,313,312,-1,327,312,328,-1,328,312,311,-1,328,311,329,-1,329,311,314,-1,329,314,330,-1,330,314,310,-1,330,310,331,-1,308,326,309,-1,309,326,310,-1,310,326,332,-1,310,332,331,-1,325,308,333,-1,333,308,307,-1,333,307,315,-1,334,335,321,-1,334,321,336,-1,336,321,320,-1,336,320,319,-1,318,337,319,-1,319,337,338,-1,319,338,336,-1,318,317,337,-1,337,317,316,-1,337,316,339,-1,339,316,322,-1,339,322,340,-1,340,322,323,-1,340,323,341,-1,341,323,324,-1,341,324,342,-1,343,344,345,-1,345,344,346,-1,346,344,347,-1,347,344,348,-1,347,348,349,-1,349,348,350,-1,349,350,351,-1,351,350,352,-1,351,352,353,-1,353,352,354,-1,353,354,355,-1,355,354,356,-1,355,356,357,-1,357,356,358,-1,357,358,359,-1,359,358,360,-1,359,360,361,-1,360,362,361,-1,361,362,363,-1,361,363,364,-1,330,331,365,-1,365,331,332,-1,365,332,366,-1,366,332,326,-1,366,326,367,-1,367,326,325,-1,367,325,368,-1,368,325,333,-1,368,333,363,-1,365,369,330,-1,330,369,370,-1,330,370,329,-1,370,371,329,-1,329,371,372,-1,329,372,328,-1,328,372,373,-1,373,374,328,-1,328,374,375,-1,328,375,327,-1,334,336,376,-1,338,337,377,-1,340,341,378,-1,378,341,342,-1,378,342,379,-1,378,380,340,-1,340,380,381,-1,340,381,339,-1,381,382,339,-1,339,382,383,-1,339,383,337,-1,337,383,384,-1,337,384,377,-1,338,377,336,-1,336,377,385,-1,336,385,376,-1,334,376,335,-1,335,376,386,-1,335,386,387,-1,388,387,389,-1,388,389,390,-1,390,389,391,-1,390,391,392,-1,392,391,393,-1,392,393,394,-1,394,393,395,-1,394,395,396,-1,396,395,397,-1,396,397,398,-1,398,397,399,-1,398,399,400,-1,400,399,401,-1,400,401,402,-1,402,401,403,-1,402,403,404,-1,404,403,405,-1,404,405,406,-1,406,405,407,-1,406,407,408,-1,408,407,409,-1,408,409,410,-1,411,412,413,-1,414,415,416,-1,375,417,418,-1,419,417,375,-1,416,415,375,-1,420,375,415,-1,421,348,344,-1,348,421,350,-1,350,421,422,-1,350,422,352,-1,352,422,423,-1,352,423,354,-1,354,423,424,-1,354,424,356,-1,356,424,358,-1,358,424,425,-1,358,425,360,-1,360,425,362,-1,362,425,368,-1,362,368,363,-1,374,419,375,-1,426,427,414,-1,414,427,428,-1,414,428,415,-1,415,428,429,-1,415,429,420,-1,430,418,431,-1,431,418,417,-1,431,417,432,-1,432,417,419,-1,432,419,433,-1,374,373,419,-1,419,373,372,-1,419,372,433,-1,433,372,371,-1,433,371,370,-1,413,430,434,-1,434,430,431,-1,434,431,435,-1,435,431,432,-1,435,432,436,-1,436,432,433,-1,436,433,437,-1,437,433,370,-1,438,439,440,-1,440,439,411,-1,411,413,440,-1,440,413,434,-1,440,434,441,-1,441,434,435,-1,441,435,442,-1,442,435,436,-1,442,436,443,-1,443,436,437,-1,443,437,444,-1,412,426,413,-1,413,426,414,-1,413,414,430,-1,430,414,416,-1,430,416,418,-1,418,416,375,-1,438,421,445,-1,445,421,344,-1,445,344,343,-1,370,369,437,-1,437,369,365,-1,437,365,444,-1,444,365,366,-1,444,366,367,-1,438,440,421,-1,421,440,441,-1,421,441,422,-1,422,441,442,-1,422,442,423,-1,423,442,443,-1,423,443,424,-1,424,443,444,-1,424,444,425,-1,425,444,367,-1,425,367,368,-1,376,385,446,-1,377,384,447,-1,448,449,450,-1,379,451,452,-1,453,451,379,-1,450,449,379,-1,378,379,449,-1,389,454,391,-1,391,454,455,-1,399,397,456,-1,456,397,395,-1,456,395,455,-1,455,395,393,-1,455,393,391,-1,399,456,401,-1,401,456,457,-1,401,457,403,-1,403,457,458,-1,403,458,405,-1,405,458,407,-1,407,458,459,-1,407,459,409,-1,409,459,460,-1,409,460,410,-1,461,453,379,-1,383,382,448,-1,448,382,381,-1,448,381,449,-1,449,381,380,-1,449,380,378,-1,462,452,463,-1,463,452,451,-1,463,451,464,-1,464,451,453,-1,464,453,465,-1,384,383,447,-1,447,383,448,-1,447,448,466,-1,466,448,450,-1,466,450,467,-1,467,450,379,-1,461,468,453,-1,453,468,469,-1,453,469,465,-1,465,469,470,-1,465,470,471,-1,472,462,473,-1,473,462,463,-1,473,463,474,-1,474,463,464,-1,474,464,475,-1,475,464,465,-1,475,465,476,-1,476,465,471,-1,446,472,477,-1,477,472,473,-1,477,473,478,-1,478,473,474,-1,478,474,479,-1,479,474,475,-1,479,475,480,-1,480,475,476,-1,480,476,481,-1,385,377,446,-1,446,377,447,-1,446,447,472,-1,472,447,466,-1,472,466,462,-1,462,466,467,-1,462,467,452,-1,452,467,379,-1,389,387,454,-1,454,387,386,-1,454,386,376,-1,471,482,476,-1,476,482,483,-1,476,483,481,-1,481,483,484,-1,481,484,485,-1,376,446,454,-1,454,446,477,-1,454,477,455,-1,455,477,478,-1,455,478,456,-1,456,478,479,-1,456,479,457,-1,457,479,480,-1,457,480,458,-1,458,480,481,-1,458,481,459,-1,459,481,485,-1,459,485,460,-1,486,487,488,-1,488,489,490,-1,488,490,486,-1,486,490,491,-1,486,491,492,-1,491,493,492,-1,492,493,494,-1,492,494,495,-1,495,494,496,-1,495,496,497,-1,497,496,498,-1,497,498,499,-1,500,501,499,-1,500,499,502,-1,502,499,503,-1,502,503,504,-1,501,505,499,-1,499,505,506,-1,499,506,497,-1,489,488,507,-1,507,488,508,-1,507,508,509,-1,509,508,510,-1,509,510,511,-1,343,504,445,-1,445,504,512,-1,445,512,438,-1,438,512,513,-1,438,513,439,-1,439,513,514,-1,439,514,411,-1,411,514,515,-1,411,515,412,-1,412,515,516,-1,412,516,426,-1,426,516,517,-1,426,517,427,-1,427,517,518,-1,427,518,428,-1,428,518,519,-1,428,519,429,-1,429,519,520,-1,429,520,420,-1,520,521,420,-1,420,521,522,-1,420,522,375,-1,523,410,524,-1,524,410,460,-1,524,460,525,-1,525,460,485,-1,525,485,526,-1,526,485,484,-1,526,484,527,-1,527,484,483,-1,527,483,528,-1,528,483,482,-1,528,482,529,-1,529,482,471,-1,529,471,530,-1,530,471,470,-1,530,470,531,-1,531,470,469,-1,531,469,532,-1,532,469,468,-1,532,468,533,-1,468,461,533,-1,533,461,379,-1,533,379,534,-1,535,536,537,-1,538,539,537,-1,537,539,540,-1,537,540,535,-1,535,541,536,-1,536,541,542,-1,536,542,543,-1,544,545,546,-1,546,545,547,-1,546,547,523,-1,523,547,548,-1,523,548,549,-1,550,551,546,-1,546,551,552,-1,546,552,544,-1,550,553,551,-1,551,553,554,-1,551,554,555,-1,555,554,556,-1,555,556,539,-1,539,556,557,-1,539,557,540,-1,558,559,560,-1,561,562,563,-1,564,565,566,-1,522,567,568,-1,569,567,522,-1,566,565,522,-1,570,522,565,-1,509,571,507,-1,507,571,572,-1,493,491,573,-1,573,491,490,-1,573,490,572,-1,572,490,489,-1,572,489,507,-1,493,573,494,-1,494,573,574,-1,494,574,496,-1,496,574,575,-1,496,575,498,-1,498,575,499,-1,499,575,576,-1,499,576,503,-1,503,576,512,-1,503,512,504,-1,521,569,522,-1,577,578,564,-1,564,578,579,-1,564,579,565,-1,565,579,580,-1,565,580,570,-1,581,568,582,-1,582,568,567,-1,582,567,583,-1,583,567,569,-1,583,569,584,-1,562,577,563,-1,563,577,564,-1,563,564,585,-1,585,564,566,-1,585,566,586,-1,586,566,522,-1,521,520,569,-1,569,520,519,-1,569,519,584,-1,584,519,518,-1,584,518,517,-1,587,581,588,-1,588,581,582,-1,588,582,589,-1,589,582,583,-1,589,583,590,-1,590,583,584,-1,590,584,591,-1,591,584,517,-1,560,587,592,-1,592,587,588,-1,592,588,593,-1,593,588,589,-1,593,589,594,-1,594,589,590,-1,594,590,595,-1,595,590,591,-1,595,591,596,-1,559,561,560,-1,560,561,563,-1,560,563,587,-1,587,563,585,-1,587,585,581,-1,581,585,586,-1,581,586,568,-1,568,586,522,-1,509,511,571,-1,571,511,597,-1,571,597,558,-1,517,516,591,-1,591,516,515,-1,591,515,596,-1,596,515,514,-1,596,514,513,-1,558,560,571,-1,571,560,592,-1,571,592,572,-1,572,592,593,-1,572,593,573,-1,573,593,594,-1,573,594,574,-1,574,594,595,-1,574,595,575,-1,575,595,596,-1,575,596,576,-1,576,596,513,-1,576,513,512,-1,527,528,598,-1,599,600,601,-1,534,602,603,-1,604,602,534,-1,601,600,534,-1,533,534,600,-1,605,550,546,-1,550,605,553,-1,553,605,606,-1,553,606,554,-1,554,606,607,-1,554,607,556,-1,556,607,608,-1,556,608,557,-1,557,608,540,-1,540,608,609,-1,540,609,535,-1,535,609,541,-1,541,609,610,-1,541,610,542,-1,611,604,534,-1,529,530,599,-1,599,530,531,-1,599,531,600,-1,600,531,532,-1,600,532,533,-1,612,603,613,-1,613,603,602,-1,613,602,614,-1,614,602,604,-1,614,604,615,-1,611,616,604,-1,604,616,617,-1,604,617,615,-1,615,617,618,-1,615,618,619,-1,598,612,620,-1,620,612,613,-1,620,613,621,-1,621,613,614,-1,621,614,622,-1,622,614,615,-1,622,615,623,-1,623,615,619,-1,525,526,624,-1,624,526,527,-1,527,598,624,-1,624,598,620,-1,624,620,625,-1,625,620,621,-1,625,621,626,-1,626,621,622,-1,626,622,627,-1,627,622,623,-1,627,623,628,-1,528,529,598,-1,598,529,599,-1,598,599,612,-1,612,599,601,-1,612,601,603,-1,603,601,534,-1,525,605,524,-1,524,605,546,-1,524,546,523,-1,619,629,623,-1,623,629,630,-1,623,630,628,-1,628,630,631,-1,628,631,632,-1,525,624,605,-1,605,624,625,-1,605,625,606,-1,606,625,626,-1,606,626,607,-1,607,626,627,-1,607,627,608,-1,608,627,628,-1,608,628,609,-1,609,628,632,-1,609,632,610,-1,511,542,597,-1,597,542,610,-1,597,610,558,-1,558,610,632,-1,558,632,559,-1,559,632,631,-1,559,631,561,-1,561,631,630,-1,561,630,562,-1,562,630,629,-1,562,629,577,-1,577,629,619,-1,577,619,578,-1,578,619,618,-1,578,618,579,-1,579,618,617,-1,579,617,580,-1,580,617,616,-1,580,616,570,-1,616,611,570,-1,570,611,534,-1,570,534,522,-1,633,634,635,-1,635,634,636,-1,635,636,637,-1,636,638,637,-1,637,638,639,-1,637,639,640,-1,640,639,641,-1,640,641,642,-1,642,641,643,-1,642,643,644,-1,644,643,645,-1,644,645,646,-1,646,645,647,-1,646,647,648,-1,648,647,649,-1,648,649,650,-1,650,649,651,-1,650,651,652,-1,651,653,652,-1,652,653,654,-1,652,654,655,-1,655,654,656,-1,655,656,657,-1,656,658,657,-1,657,658,659,-1,657,659,660,-1,660,659,661,-1,660,661,662,-1,661,663,662,-1,662,663,664,-1,662,664,665,-1,664,666,665,-1,665,666,667,-1,665,667,668,-1,668,667,669,-1,668,669,670,-1,670,669,671,-1,670,671,672,-1,672,671,673,-1,672,673,674,-1,674,673,675,-1,674,675,676,-1,676,675,677,-1,676,677,678,-1,678,677,679,-1,678,679,680,-1,679,681,680,-1,680,681,682,-1,680,682,683,-1,682,684,683,-1,683,684,685,-1,683,685,686,-1,686,685,687,-1,686,687,633,-1,633,687,688,-1,633,688,634,-1,
        ]
    }
}
Shape{
    appearance Appearance {
        material  Material 	{
            diffuseColor 0.7529411764705882 0.7529411764705882 0.7529411764705882
            specularColor 0.3764705882352941 0.3764705882352941 0.3764705882352941
            ambientIntensity 0.2
            transparency 0
            shininess 0.5
        }
    }
    geometry IndexedFaceSet {
        ccw TRUE
        solid FALSE
        coord DEF co Coordinate {
            point [
                -1.3117 -1.6524 0.6693, -1.2946 -1.6112 0.6693, -1.4596 -1.567 0.6693, -1.2888 -1.567 0.6693, -1.2946 -1.5228 0.6693, -1.4154 -1.732 0.6693, -1.3742 -1.7149 0.6693, -1.3388 -1.6877 0.6693, -1.545 -1.7149 0.6693, -1.5038 -1.732 0.6693, -1.4596 -1.7378 0.6693, -1.6246 -1.6112 0.6693, -1.6075 -1.6524 0.6693, -1.5804 -1.6877 0.6693, -1.6075 -1.4816 0.6693, -1.6246 -1.5228 0.6693, -1.6304 -1.567 0.6693, -1.5038 -1.402 0.6693, -1.545 -1.419 0.6693, -1.5804 -1.4462 0.6693, -1.3742 -1.419 0.6693, -1.4154 -1.402 0.6693, -1.4596 -1.3962 0.6693, -1.3117 -1.4816 0.6693, -1.3388 -1.4462 0.6693, -1.3388 -1.4462 0.6693
            ]
        }
        coordIndex [
            0,1,2,-1,2,1,3,-1,2,3,4,-1,5,6,2,-1,2,6,7,-1,2,7,0,-1,8,9,2,-1,2,9,10,-1,2,10,5,-1,11,12,2,-1,2,12,13,-1,2,13,8,-1,14,15,2,-1,2,15,16,-1,2,16,11,-1,17,18,2,-1,2,18,19,-1,2,19,14,-1,20,21,2,-1,2,21,22,-1,2,22,17,-1,4,23,2,-1,2,23,24,-1,2,24,20,-1,
        ]
    }
}
Shape{
    appearance Appearance {
        material  Material 	{
            diffuseColor 0.25098039215686274 0.25098039215686274 0.25098039215686274
            specularColor 0.12549019607843137 0.12549019607843137 0.12549019607843137
            ambientIntensity 0.2
            transparency 0
            shininess 0.5
        }
    }
    geometry IndexedFaceSet {
        ccw TRUE
        solid FALSE
        coord DEF co Coordinate {
            point [
                0.5906 -0.0 0.6693, 0.5906 0.0 0.7087, 0.5757 0.1314 0.6693, 0.5757 0.1314 0.7087, 0.5321 0.2562 0.6693, 0.5321 0.2562 0.7087, 0.4617 0.3682 0.6693, 0.4617 0.3682 0.7087, 0.3682 0.4617 0.6693, 0.3682 0.4617 0.7087, 0.2562 0.5321 0.6693, 0.2562 0.5321 0.7087, 0.1314 0.5757 0.6693, 0.1314 0.5757 0.7087, 0.0 0.5906 0.6693, 0.0 0.5906 0.7087, -0.1314 0.5757 0.6693, -0.1314 0.5757 0.7087, -0.2562 0.5321 0.6693, -0.2562 0.5321 0.7087, -0.3682 0.4617 0.6693, -0.3682 0.4617 0.7087, -0.4617 0.3682 0.6693, -0.4617 0.3682 0.7087, -0.5321 0.2562 0.6693, -0.5321 0.2562 0.7087, -0.5757 0.1314 0.6693, -0.5757 0.1314 0.7087, -0.5906 0.0 0.6693, -0.5906 0.0 0.7087, -0.5757 -0.1314 0.6693, -0.5757 -0.1314 0.7087, -0.5321 -0.2562 0.6693, -0.5321 -0.2562 0.7087, -0.4617 -0.3682 0.6693, -0.4617 -0.3682 0.7087, -0.3682 -0.4617 0.6693, -0.3682 -0.4617 0.7087, -0.2562 -0.5321 0.6693, -0.2562 -0.5321 0.7087, -0.1314 -0.5757 0.6693, -0.1314 -0.5757 0.7087, -0.0 -0.5906 0.6693, -0.0 -0.5906 0.7087, 0.1314 -0.5757 0.6693, 0.1314 -0.5757 0.7087, 0.2562 -0.5321 0.6693, 0.2562 -0.5321 0.7087, 0.3682 -0.4617 0.6693, 0.3682 -0.4617 0.7087, 0.4617 -0.3682 0.6693, 0.4617 -0.3682 0.7087, 0.5321 -0.2562 0.6693, 0.5321 -0.2562 0.7087, 0.5757 -0.1314 0.6693, 0.5757 -0.1314 0.7087, 0.0 0.0 0.6693, 0.0 0.0 0.6693
            ]
        }
        coordIndex [
            0,1,2,-1,2,1,3,-1,2,3,4,-1,4,3,5,-1,4,5,6,-1,6,5,7,-1,6,7,8,-1,8,7,9,-1,8,9,10,-1,10,9,11,-1,10,11,12,-1,12,11,13,-1,12,13,14,-1,14,13,15,-1,14,15,16,-1,16,15,17,-1,16,17,18,-1,18,17,19,-1,18,19,20,-1,20,19,21,-1,20,21,22,-1,22,21,23,-1,22,23,24,-1,24,23,25,-1,24,25,26,-1,26,25,27,-1,26,27,28,-1,28,27,29,-1,28,29,30,-1,30,29,31,-1,30,31,32,-1,32,31,33,-1,32,33,34,-1,34,33,35,-1,34,35,36,-1,36,35,37,-1,36,37,38,-1,38,37,39,-1,38,39,40,-1,40,39,41,-1,40,41,42,-1,42,41,43,-1,42,43,44,-1,44,43,45,-1,44,45,46,-1,46,45,47,-1,46,47,48,-1,48,47,49,-1,48,49,50,-1,50,49,51,-1,50,51,52,-1,52,51,53,-1,52,53,54,-1,54,53,55,-1,54,55,0,-1,0,55,1,-1,0,2,56,-1,50,52,56,-1,56,52,54,-1,56,54,0,-1,44,46,56,-1,56,46,48,-1,56,48,50,-1,38,40,56,-1,56,40,42,-1,56,42,44,-1,32,34,56,-1,56,34,36,-1,56,36,38,-1,26,28,56,-1,56,28,30,-1,56,30,32,-1,20,22,56,-1,56,22,24,-1,56,24,26,-1,14,16,56,-1,56,16,18,-1,56,18,20,-1,8,10,56,-1,56,10,12,-1,56,12,14,-1,2,4,56,-1,56,4,6,-1,56,6,8,-1,
        ]
    }
}
Shape{
    appearance Appearance {
        material  Material 	{
            diffuseColor 1.0 1.0 1.0
            specularColor 0.5019607843137255 0.5019607843137255 0.5019607843137255
            ambientIntensity 0.2
            transparency 0
            shininess 0.5
        }
    }
    geometry IndexedFaceSet {
        ccw TRUE
        solid FALSE
        coord DEF co Coordinate {
            point [
                1.2466 -1.623 0.7126, 1.2466 -1.6321 0.7126, 1.2466 -1.623 0.7087, 1.2466 -1.6321 0.7087, 1.2147 -1.623 0.7126, 1.2147 -1.623 0.7087, 1.2147 -1.552 0.7126, 1.2147 -1.552 0.7087, 1.2044 -1.552 0.7126, 1.2044 -1.552 0.7087, 1.2044 -1.6321 0.7126, 1.2044 -1.6321 0.7087, 1.2877 -1.6335 0.7126, 1.2877 -1.6335 0.7087, 1.2999 -1.6323 0.7126, 1.2947 -1.6328 0.7087, 1.2999 -1.6323 0.7087, 1.3085 -1.6295 0.7087, 1.3085 -1.6295 0.7126, 1.3098 -1.6288 0.7087, 1.3098 -1.6288 0.7126, 1.3098 -1.6189 0.7126, 1.3098 -1.6189 0.7087, 1.3027 -1.6222 0.7087, 1.3027 -1.6222 0.7126, 1.2938 -1.624 0.7087, 1.2938 -1.624 0.7126, 1.2892 -1.6243 0.7087, 1.2892 -1.6243 0.7126, 1.2814 -1.6234 0.7087, 1.2814 -1.6234 0.7126, 1.2757 -1.6212 0.7087, 1.2757 -1.6212 0.7126, 1.2704 -1.6176 0.7087, 1.2704 -1.6176 0.7126, 1.2686 -1.6158 0.7087, 1.2686 -1.6158 0.7126, 1.2646 -1.6102 0.7087, 1.2646 -1.6102 0.7126, 1.262 -1.6037 0.7087, 1.262 -1.6037 0.7126, 1.2607 -1.594 0.7087, 1.2607 -1.594 0.7126, 1.2607 -1.593 0.7087, 1.2607 -1.593 0.7126, 1.262 -1.5821 0.7087, 1.262 -1.5821 0.7126, 1.2647 -1.5752 0.7087, 1.2647 -1.5752 0.7126, 1.2685 -1.5696 0.7087, 1.2685 -1.5696 0.7126, 1.2691 -1.5689 0.7087, 1.2691 -1.5689 0.7126, 1.2747 -1.5644 0.7087, 1.2747 -1.5644 0.7126, 1.281 -1.5615 0.7087, 1.281 -1.5615 0.7126, 1.288 -1.5601 0.7087, 1.288 -1.5601 0.7126, 1.291 -1.56 0.7087, 1.291 -1.56 0.7126, 1.2997 -1.5609 0.7087, 1.2997 -1.5609 0.7126, 1.3079 -1.5638 0.7087, 1.3079 -1.5638 0.7126, 1.3098 -1.5648 0.7087, 1.3098 -1.5648 0.7126, 1.3098 -1.554 0.7126, 1.3098 -1.554 0.7087, 1.2909 -1.5507 0.7087, 1.2909 -1.5507 0.7126, 1.2922 -1.5507 0.7126, 1.3025 -1.5517 0.7087, 1.3025 -1.5517 0.7126, 1.2989 -1.5514 0.7087, 1.2922 -1.5507 0.7087, 1.2853 -1.5514 0.7087, 1.2794 -1.5521 0.7126, 1.2794 -1.5521 0.7087, 1.271 -1.5553 0.7087, 1.271 -1.5553 0.7126, 1.2632 -1.5608 0.7087, 1.2632 -1.5608 0.7126, 1.2615 -1.5625 0.7087, 1.2615 -1.5625 0.7126, 1.2563 -1.569 0.7087, 1.2563 -1.569 0.7126, 1.2522 -1.5778 0.7087, 1.2522 -1.5778 0.7126, 1.2502 -1.5879 0.7087, 1.2502 -1.5879 0.7126, 1.2499 -1.5936 0.7087, 1.2499 -1.5936 0.7126, 1.2514 -1.6065 0.7087, 1.2514 -1.6065 0.7126, 1.2547 -1.6149 0.7087, 1.2547 -1.6149 0.7126, 1.2594 -1.6217 0.7087, 1.2594 -1.6217 0.7126, 1.2602 -1.6225 0.7087, 1.2602 -1.6225 0.7126, 1.2822 -1.6332 0.7126, 1.2661 -1.6276 0.7087, 1.2661 -1.6276 0.7126, 1.2736 -1.6313 0.7087, 1.2736 -1.6313 0.7126, 1.2805 -1.6328 0.7087, 1.2822 -1.6332 0.7087, 1.3689 -1.623 0.7126, 1.3689 -1.6321 0.7126, 1.3689 -1.623 0.7087, 1.3689 -1.6321 0.7087, 1.3362 -1.623 0.7087, 1.3362 -1.623 0.7126, 1.3578 -1.623 0.7087, 1.3362 -1.596 0.7126, 1.3362 -1.596 0.7087, 1.3648 -1.596 0.7126, 1.3578 -1.596 0.7087, 1.3648 -1.596 0.7087, 1.3648 -1.5869 0.7126, 1.3648 -1.5869 0.7087, 1.3362 -1.5869 0.7087, 1.3362 -1.5869 0.7126, 1.3578 -1.5869 0.7087, 1.3362 -1.5613 0.7126, 1.3362 -1.5613 0.7087, 1.3671 -1.5613 0.7126, 1.3578 -1.5613 0.7087, 1.3671 -1.5613 0.7087, 1.3671 -1.552 0.7126, 1.3671 -1.552 0.7087, 1.3259 -1.552 0.7087, 1.3259 -1.552 0.7126, 1.3578 -1.552 0.7087, 1.3259 -1.6321 0.7126, 1.3259 -1.6321 0.7087, 1.3578 -1.6321 0.7087, 1.4372 -1.6209 0.7126, 1.4426 -1.6147 0.7126, 1.434 -1.6094 0.7126, 1.4367 -1.6034 0.7126, 1.4467 -1.6065 0.7126, 1.4382 -1.5959 0.7126, 1.4489 -1.5973 0.7126, 1.4384 -1.5913 0.7126, 1.4492 -1.5911 0.7126, 1.4375 -1.5825 0.7126, 1.4479 -1.5801 0.7126, 1.4354 -1.5763 0.7126, 1.445 -1.5725 0.7126, 1.4324 -1.5717 0.7126, 1.44 -1.5655 0.7126, 1.4296 -1.5688 0.7126, 1.4372 -1.5626 0.7126, 1.4237 -1.5649 0.7126, 1.4301 -1.5577 0.7126, 1.4168 -1.5624 0.7126, 1.4207 -1.5538 0.7126, 1.4086 -1.5521 0.7126, 1.4065 -1.5613 0.7126, 1.4069 -1.552 0.7126, 1.3944 -1.5613 0.7126, 1.3841 -1.552 0.7126, 1.3944 -1.623 0.7126, 1.3841 -1.6321 0.7126, 1.406 -1.623 0.7126, 1.4061 -1.6321 0.7126, 1.417 -1.6217 0.7126, 1.4196 -1.6305 0.7126, 1.4236 -1.6191 0.7126, 1.4287 -1.6269 0.7126, 1.4288 -1.6156 0.7126, 1.4298 -1.6146 0.7126, 1.4061 -1.6321 0.7087, 1.3841 -1.6321 0.7087, 1.4372 -1.6209 0.7087, 1.4196 -1.6305 0.7087, 1.4207 -1.63 0.7087, 1.4287 -1.6269 0.7087, 1.4426 -1.6147 0.7087, 1.4467 -1.6065 0.7087, 1.4489 -1.5973 0.7087, 1.4492 -1.5911 0.7087, 1.4479 -1.5801 0.7087, 1.445 -1.5725 0.7087, 1.44 -1.5655 0.7087, 1.4372 -1.5626 0.7087, 1.4301 -1.5577 0.7087, 1.4207 -1.5538 0.7087, 1.4207 -1.5538 0.7087, 1.4086 -1.5521 0.7087, 1.4069 -1.552 0.7087, 1.3841 -1.552 0.7087, 1.4065 -1.5613 0.7087, 1.3944 -1.5613 0.7087, 1.3944 -1.623 0.7087, 1.406 -1.623 0.7087, 1.4298 -1.6146 0.7087, 1.4288 -1.6156 0.7087, 1.4236 -1.6191 0.7087, 1.417 -1.6217 0.7087, 1.4384 -1.5913 0.7087, 1.4382 -1.5959 0.7087, 1.4367 -1.6034 0.7087, 1.434 -1.6094 0.7087, 1.4296 -1.5688 0.7087, 1.4324 -1.5717 0.7087, 1.4354 -1.5763 0.7087, 1.4375 -1.5825 0.7087, 1.4168 -1.5624 0.7087, 1.4237 -1.5649 0.7087, 1.4237 -1.5649 0.7087
            ]
        }
        coordIndex [
            0,1,2,-1,2,1,3,-1,4,0,5,-1,5,0,2,-1,6,4,7,-1,7,4,5,-1,8,6,9,-1,9,6,7,-1,10,8,11,-1,11,8,9,-1,1,10,3,-1,3,10,11,-1,6,8,4,-1,4,8,10,-1,4,10,0,-1,0,10,1,-1,12,13,14,-1,14,13,15,-1,15,16,14,-1,14,16,17,-1,14,17,18,-1,18,17,19,-1,18,19,20,-1,21,20,22,-1,22,20,19,-1,21,22,23,-1,21,23,24,-1,24,23,25,-1,24,25,26,-1,26,25,27,-1,26,27,28,-1,28,27,29,-1,28,29,30,-1,30,29,31,-1,30,31,32,-1,32,31,33,-1,32,33,34,-1,34,33,35,-1,34,35,36,-1,36,35,37,-1,36,37,38,-1,38,37,39,-1,38,39,40,-1,40,39,41,-1,40,41,42,-1,42,41,43,-1,42,43,44,-1,44,43,45,-1,44,45,46,-1,46,45,47,-1,46,47,48,-1,48,47,49,-1,48,49,50,-1,50,49,51,-1,50,51,52,-1,52,51,53,-1,52,53,54,-1,54,53,55,-1,54,55,56,-1,56,55,57,-1,56,57,58,-1,58,57,59,-1,58,59,60,-1,60,59,61,-1,60,61,62,-1,62,61,63,-1,62,63,64,-1,64,63,65,-1,64,65,66,-1,67,66,68,-1,68,66,65,-1,69,70,71,-1,67,68,72,-1,67,72,73,-1,73,72,74,-1,73,74,71,-1,71,74,75,-1,71,75,69,-1,70,69,76,-1,70,76,77,-1,76,78,77,-1,77,78,79,-1,77,79,80,-1,80,79,81,-1,80,81,82,-1,82,81,83,-1,82,83,84,-1,84,83,85,-1,84,85,86,-1,86,85,87,-1,86,87,88,-1,88,87,89,-1,88,89,90,-1,90,89,91,-1,90,91,92,-1,92,91,93,-1,92,93,94,-1,94,93,95,-1,94,95,96,-1,96,95,97,-1,96,97,98,-1,98,97,99,-1,98,99,100,-1,13,12,101,-1,100,99,102,-1,100,102,103,-1,103,102,104,-1,103,104,105,-1,105,104,106,-1,105,106,101,-1,101,106,107,-1,101,107,13,-1,64,66,67,-1,54,56,77,-1,46,48,86,-1,77,56,70,-1,86,48,84,-1,64,67,62,-1,77,80,54,-1,54,80,82,-1,54,82,52,-1,52,82,84,-1,52,84,50,-1,50,84,48,-1,56,58,70,-1,70,58,60,-1,70,60,71,-1,71,60,62,-1,71,62,73,-1,73,62,67,-1,92,44,90,-1,90,44,46,-1,90,46,88,-1,88,46,86,-1,20,21,18,-1,18,21,24,-1,18,24,14,-1,14,24,26,-1,14,26,12,-1,12,26,28,-1,12,28,101,-1,101,28,30,-1,101,30,105,-1,105,30,32,-1,105,32,103,-1,103,32,34,-1,103,34,100,-1,100,34,36,-1,100,36,98,-1,98,36,38,-1,98,38,96,-1,96,38,94,-1,94,38,40,-1,94,40,92,-1,92,40,42,-1,92,42,44,-1,108,109,110,-1,110,109,111,-1,112,113,114,-1,114,113,108,-1,114,108,110,-1,115,113,116,-1,116,113,112,-1,115,116,117,-1,117,116,118,-1,117,118,119,-1,120,117,121,-1,121,117,119,-1,122,123,124,-1,124,123,120,-1,124,120,121,-1,125,123,126,-1,126,123,122,-1,125,126,127,-1,127,126,128,-1,127,128,129,-1,130,127,131,-1,131,127,129,-1,132,133,134,-1,134,133,130,-1,134,130,131,-1,135,133,136,-1,136,133,132,-1,135,136,109,-1,109,136,137,-1,109,137,111,-1,135,109,108,-1,108,113,135,-1,135,113,115,-1,135,115,133,-1,127,130,125,-1,125,130,133,-1,125,133,123,-1,123,133,115,-1,123,115,120,-1,120,115,117,-1,138,139,140,-1,140,139,141,-1,141,139,142,-1,141,142,143,-1,143,142,144,-1,143,144,145,-1,145,144,146,-1,145,146,147,-1,147,146,148,-1,147,148,149,-1,149,148,150,-1,149,150,151,-1,151,150,152,-1,151,152,153,-1,153,152,154,-1,153,154,155,-1,155,154,156,-1,155,156,157,-1,156,158,157,-1,157,158,159,-1,157,159,160,-1,160,159,161,-1,160,161,162,-1,162,161,163,-1,162,163,164,-1,164,163,165,-1,164,165,166,-1,166,165,167,-1,166,167,168,-1,168,167,169,-1,168,169,170,-1,170,169,171,-1,170,171,172,-1,172,171,138,-1,172,138,173,-1,173,138,140,-1,167,165,174,-1,174,165,175,-1,176,138,171,-1,167,174,177,-1,167,177,169,-1,169,177,178,-1,169,178,171,-1,171,178,179,-1,171,179,176,-1,138,176,180,-1,138,180,139,-1,139,180,181,-1,139,181,142,-1,142,181,182,-1,142,182,144,-1,144,182,183,-1,144,183,146,-1,146,183,184,-1,146,184,148,-1,148,184,185,-1,148,185,150,-1,150,185,186,-1,150,186,152,-1,152,186,187,-1,152,187,154,-1,154,187,188,-1,154,188,156,-1,156,188,189,-1,156,189,158,-1,189,190,158,-1,158,190,191,-1,158,191,159,-1,159,191,192,-1,159,192,161,-1,163,161,193,-1,193,161,192,-1,165,163,175,-1,175,163,193,-1,160,162,194,-1,194,162,195,-1,162,164,195,-1,195,164,196,-1,164,166,196,-1,196,166,197,-1,173,198,199,-1,173,199,172,-1,172,199,200,-1,172,200,170,-1,170,200,201,-1,170,201,168,-1,168,201,197,-1,168,197,166,-1,145,202,203,-1,145,203,143,-1,143,203,204,-1,143,204,141,-1,141,204,205,-1,141,205,140,-1,140,205,198,-1,140,198,173,-1,153,206,207,-1,153,207,151,-1,151,207,208,-1,151,208,149,-1,149,208,209,-1,149,209,147,-1,147,209,202,-1,147,202,145,-1,160,194,210,-1,160,210,157,-1,157,210,211,-1,157,211,155,-1,155,211,206,-1,155,206,153,-1,
        ]
    }
}
Shape{
    appearance Appearance {
        material  Material 	{
            diffuseColor 0.25098039215686274 0.25098039215686274 0.25098039215686274
            specularColor 0.12549019607843137 0.12549019607843137 0.12549019607843137
            ambientIntensity 0.2
            transparency 0
            shininess 0.5
        }
    }
    geometry IndexedFaceSet {
        ccw TRUE
        solid FALSE
        coord DEF co Coordinate {
            point [
                1.3944 -1.5613 0.7087, 1.3944 -1.623 0.7087, 1.4065 -1.5613 0.7087, 1.406 -1.623 0.7087, 1.417 -1.6217 0.7087, 1.4236 -1.6191 0.7087, 1.4288 -1.6156 0.7087, 1.4298 -1.6146 0.7087, 1.4382 -1.5959 0.7087, 1.4384 -1.5913 0.7087, 1.4375 -1.5825 0.7087, 1.4354 -1.5763 0.7087, 1.4324 -1.5717 0.7087, 1.4296 -1.5688 0.7087, 1.4168 -1.5624 0.7087, 1.4237 -1.5649 0.7087, 1.434 -1.6094 0.7087, 1.4367 -1.6034 0.7087, 1.4367 -1.6034 0.7087
            ]
        }
        coordIndex [
            0,1,2,-1,2,1,3,-1,2,3,4,-1,4,5,2,-1,2,5,6,-1,2,6,7,-1,8,9,2,-1,2,9,10,-1,2,10,11,-1,11,12,2,-1,2,12,13,-1,2,13,14,-1,14,13,15,-1,7,16,2,-1,2,16,17,-1,2,17,8,-1,
        ]
    }
}
Shape{
    appearance Appearance {
        material  Material 	{
            diffuseColor 1.0 1.0 1.0
            specularColor 0.5019607843137255 0.5019607843137255 0.5019607843137255
            ambientIntensity 0.2
            transparency 0
            shininess 0.5
        }
    }
    geometry IndexedFaceSet {
        ccw TRUE
        solid FALSE
        coord DEF co Coordinate {
            point [
                1.4761 -1.6012 0.7126, 1.4728 -1.6102 0.7126, 1.503 -1.6012 0.7126, 1.5061 -1.6102 0.7126, 1.4881 -1.5679 0.7126, 1.4842 -1.552 0.7126, 1.4537 -1.6321 0.7126, 1.4651 -1.6321 0.7126, 1.4887 -1.5655 0.7126, 1.4894 -1.5623 0.7126, 1.4952 -1.552 0.7126, 1.4896 -1.5623 0.7126, 1.4903 -1.5657 0.7126, 1.4909 -1.5679 0.7126, 1.5257 -1.6321 0.7126, 1.5143 -1.6321 0.7126, 1.4952 -1.552 0.7087, 1.5257 -1.6321 0.7087, 1.4842 -1.552 0.7087, 1.4537 -1.6321 0.7087, 1.4768 -1.5715 0.7087, 1.4651 -1.6321 0.7087, 1.4728 -1.6102 0.7087, 1.5061 -1.6102 0.7087, 1.4768 -1.6102 0.7087, 1.5143 -1.6321 0.7087, 1.4761 -1.6012 0.7087, 1.503 -1.6012 0.7087, 1.4909 -1.5679 0.7087, 1.4896 -1.5623 0.7087, 1.4903 -1.5657 0.7087, 1.4894 -1.5623 0.7087, 1.4881 -1.5679 0.7087, 1.4887 -1.5655 0.7087, 1.4887 -1.5655 0.7087
            ]
        }
        coordIndex [
            0,1,2,-1,2,1,3,-1,4,5,0,-1,0,5,6,-1,0,6,1,-1,1,6,7,-1,4,8,5,-1,5,8,9,-1,5,9,10,-1,10,9,11,-1,10,11,12,-1,12,13,10,-1,10,13,2,-1,10,2,14,-1,14,2,3,-1,14,3,15,-1,10,14,16,-1,16,14,17,-1,5,10,18,-1,18,10,16,-1,19,6,20,-1,20,6,5,-1,20,5,18,-1,7,6,21,-1,21,6,19,-1,1,7,22,-1,22,7,21,-1,23,3,24,-1,24,3,1,-1,24,1,22,-1,15,3,25,-1,25,3,23,-1,14,15,17,-1,17,15,25,-1,0,2,26,-1,26,2,27,-1,2,13,27,-1,27,13,28,-1,11,29,30,-1,11,30,12,-1,12,30,28,-1,12,28,13,-1,11,9,29,-1,29,9,31,-1,4,32,33,-1,4,33,8,-1,8,33,31,-1,8,31,9,-1,4,0,32,-1,32,0,26,-1,
        ]
    }
}
Shape{
    appearance Appearance {
        material  Material 	{
            diffuseColor 0.25098039215686274 0.25098039215686274 0.25098039215686274
            specularColor 0.12549019607843137 0.12549019607843137 0.12549019607843137
            ambientIntensity 0.2
            transparency 0
            shininess 0.5
        }
    }
    geometry IndexedFaceSet {
        ccw TRUE
        solid FALSE
        coord DEF co Coordinate {
            point [
                1.4896 -1.5623 0.7087, 1.4894 -1.5623 0.7087, 1.4903 -1.5657 0.7087, 1.4887 -1.5655 0.7087, 1.4909 -1.5679 0.7087, 1.4881 -1.5679 0.7087, 1.503 -1.6012 0.7087, 1.4761 -1.6012 0.7087, 1.4761 -1.6012 0.7087
            ]
        }
        coordIndex [
            0,1,2,-1,2,1,3,-1,2,3,4,-1,4,3,5,-1,4,5,6,-1,6,5,7,-1,
        ]
    }
}
Shape{
    appearance Appearance {
        material  Material 	{
            diffuseColor 1.0 1.0 1.0
            specularColor 0.5019607843137255 0.5019607843137255 0.5019607843137255
            ambientIntensity 0.2
            transparency 0
            shininess 0.5
        }
    }
    geometry IndexedFaceSet {
        ccw TRUE
        solid FALSE
        coord DEF co Coordinate {
            point [
                1.2475 -1.75 0.7126, 1.2475 -1.7591 0.7126, 1.2475 -1.75 0.7087, 1.2475 -1.7591 0.7087, 1.2147 -1.75 0.7087, 1.2147 -1.75 0.7126, 1.247 -1.75 0.7087, 1.2147 -1.7231 0.7126, 1.2147 -1.7231 0.7087, 1.2434 -1.7231 0.7126, 1.2434 -1.7231 0.7087, 1.2434 -1.7139 0.7126, 1.2434 -1.7139 0.7087, 1.2147 -1.7139 0.7126, 1.2147 -1.7139 0.7087, 1.2147 -1.6883 0.7126, 1.2147 -1.6883 0.7087, 1.2456 -1.6883 0.7126, 1.2456 -1.6883 0.7087, 1.2456 -1.6791 0.7126, 1.2456 -1.6791 0.7087, 1.2044 -1.6791 0.7126, 1.2044 -1.6791 0.7087, 1.2044 -1.7591 0.7126, 1.2044 -1.7591 0.7087, 1.247 -1.7591 0.7087, 1.293 -1.7591 0.7126, 1.303 -1.7591 0.7126, 1.293 -1.7503 0.7126, 1.303 -1.7223 0.7126, 1.293 -1.7228 0.7126, 1.2712 -1.7347 0.7126, 1.2736 -1.7336 0.7126, 1.2927 -1.7503 0.7126, 1.2874 -1.7488 0.7126, 1.2911 -1.7527 0.7126, 1.2846 -1.7507 0.7126, 1.2796 -1.7322 0.7126, 1.293 -1.7304 0.7126, 1.293 -1.7359 0.7126, 1.293 -1.7366 0.7126, 1.2923 -1.7411 0.7126, 1.2908 -1.7446 0.7126, 1.2887 -1.7476 0.7126, 1.2926 -1.7183 0.7126, 1.3021 -1.7142 0.7126, 1.2916 -1.7148 0.7126, 1.3005 -1.7098 0.7126, 1.2904 -1.7127 0.7126, 1.2984 -1.7067 0.7126, 1.2889 -1.7111 0.7126, 1.296 -1.7044 0.7126, 1.2871 -1.71 0.7126, 1.2926 -1.7025 0.7126, 1.2848 -1.7091 0.7126, 1.2884 -1.7012 0.7126, 1.2814 -1.7088 0.7126, 1.2823 -1.7006 0.7126, 1.2755 -1.7094 0.7126, 1.2736 -1.7015 0.7126, 1.2692 -1.7115 0.7126, 1.2659 -1.7042 0.7126, 1.2626 -1.7157 0.7126, 1.2626 -1.706 0.7126, 1.2693 -1.7488 0.7126, 1.262 -1.756 0.7126, 1.2701 -1.7497 0.7126, 1.2653 -1.7583 0.7126, 1.2721 -1.751 0.7126, 1.2692 -1.7598 0.7126, 1.2744 -1.7519 0.7126, 1.2752 -1.7605 0.7126, 1.2778 -1.7523 0.7126, 1.2804 -1.7599 0.7126, 1.2815 -1.7518 0.7126, 1.2844 -1.7584 0.7126, 1.288 -1.7561 0.7126, 1.276 -1.7252 0.7126, 1.2681 -1.7272 0.7126, 1.2699 -1.7358 0.7126, 1.2639 -1.7294 0.7126, 1.2687 -1.7372 0.7126, 1.2609 -1.7321 0.7126, 1.2678 -1.7391 0.7126, 1.2588 -1.7353 0.7126, 1.2673 -1.7414 0.7126, 1.2576 -1.739 0.7126, 1.2672 -1.743 0.7126, 1.2571 -1.7438 0.7126, 1.2675 -1.7453 0.7126, 1.2575 -1.7484 0.7126, 1.2681 -1.7471 0.7126, 1.2588 -1.7518 0.7126, 1.2608 -1.7548 0.7126, 1.2823 -1.7006 0.7087, 1.2736 -1.7015 0.7087, 1.2659 -1.7042 0.7087, 1.2626 -1.706 0.7087, 1.2626 -1.7157 0.7087, 1.2692 -1.7115 0.7087, 1.2755 -1.7094 0.7087, 1.2814 -1.7088 0.7087, 1.2848 -1.7091 0.7087, 1.2871 -1.71 0.7087, 1.2889 -1.7111 0.7087, 1.2904 -1.7127 0.7087, 1.2916 -1.7148 0.7087, 1.2926 -1.7183 0.7087, 1.293 -1.7228 0.7087, 1.276 -1.7252 0.7087, 1.2681 -1.7272 0.7087, 1.2639 -1.7294 0.7087, 1.2609 -1.7321 0.7087, 1.2588 -1.7353 0.7087, 1.2576 -1.739 0.7087, 1.2571 -1.7438 0.7087, 1.2575 -1.7484 0.7087, 1.2588 -1.7518 0.7087, 1.2608 -1.7548 0.7087, 1.262 -1.756 0.7087, 1.2752 -1.7605 0.7087, 1.2694 -1.7598 0.7087, 1.2692 -1.7598 0.7087, 1.2653 -1.7583 0.7087, 1.2804 -1.7599 0.7087, 1.2806 -1.7598 0.7087, 1.2844 -1.7584 0.7087, 1.288 -1.7561 0.7087, 1.2911 -1.7527 0.7087, 1.2927 -1.7503 0.7087, 1.293 -1.7503 0.7087, 1.293 -1.7591 0.7087, 1.303 -1.7591 0.7087, 1.303 -1.7223 0.7087, 1.3021 -1.7142 0.7087, 1.3005 -1.7098 0.7087, 1.2984 -1.7067 0.7087, 1.296 -1.7044 0.7087, 1.2926 -1.7025 0.7087, 1.2884 -1.7012 0.7087, 1.2699 -1.7358 0.7087, 1.2712 -1.7347 0.7087, 1.2736 -1.7336 0.7087, 1.2796 -1.7322 0.7087, 1.2672 -1.743 0.7087, 1.2673 -1.7414 0.7087, 1.2678 -1.7391 0.7087, 1.2687 -1.7372 0.7087, 1.2701 -1.7497 0.7087, 1.2693 -1.7488 0.7087, 1.2681 -1.7471 0.7087, 1.2675 -1.7453 0.7087, 1.2778 -1.7523 0.7087, 1.2744 -1.7519 0.7087, 1.2721 -1.751 0.7087, 1.2887 -1.7476 0.7087, 1.2874 -1.7488 0.7087, 1.2846 -1.7507 0.7087, 1.2815 -1.7518 0.7087, 1.293 -1.7359 0.7087, 1.293 -1.7366 0.7087, 1.2923 -1.7411 0.7087, 1.2908 -1.7446 0.7087, 1.293 -1.7304 0.7087, 1.293 -1.7304 0.7087
            ]
        }
        coordIndex [
            0,1,2,-1,2,1,3,-1,4,5,6,-1,6,5,0,-1,6,0,2,-1,7,5,8,-1,8,5,4,-1,9,7,10,-1,10,7,8,-1,11,9,12,-1,12,9,10,-1,13,11,14,-1,14,11,12,-1,15,13,16,-1,16,13,14,-1,17,15,18,-1,18,15,16,-1,19,17,20,-1,20,17,18,-1,21,19,22,-1,22,19,20,-1,23,21,24,-1,24,21,22,-1,3,1,25,-1,25,1,23,-1,25,23,24,-1,23,1,0,-1,0,5,23,-1,23,5,7,-1,23,7,21,-1,17,19,15,-1,15,19,21,-1,15,21,13,-1,13,21,7,-1,13,7,11,-1,11,7,9,-1,26,27,28,-1,28,27,29,-1,30,31,32,-1,33,34,35,-1,35,34,36,-1,37,38,29,-1,29,38,39,-1,39,40,29,-1,29,40,41,-1,29,41,28,-1,28,41,42,-1,28,42,33,-1,33,42,43,-1,33,43,34,-1,32,37,30,-1,30,37,29,-1,30,29,44,-1,44,29,45,-1,44,45,46,-1,46,45,47,-1,46,47,48,-1,48,47,49,-1,48,49,50,-1,50,49,51,-1,50,51,52,-1,52,51,53,-1,52,53,54,-1,54,53,55,-1,54,55,56,-1,56,55,57,-1,56,57,58,-1,58,57,59,-1,58,59,60,-1,60,59,61,-1,60,61,62,-1,62,61,63,-1,64,65,66,-1,66,65,67,-1,66,67,68,-1,68,67,69,-1,68,69,70,-1,70,69,71,-1,70,71,72,-1,72,71,73,-1,72,73,74,-1,74,73,75,-1,74,75,36,-1,36,75,76,-1,36,76,35,-1,30,77,31,-1,31,77,78,-1,31,78,79,-1,79,78,80,-1,79,80,81,-1,81,80,82,-1,81,82,83,-1,83,82,84,-1,83,84,85,-1,85,84,86,-1,85,86,87,-1,87,86,88,-1,87,88,89,-1,89,88,90,-1,89,90,91,-1,91,90,92,-1,91,92,64,-1,64,92,93,-1,64,93,65,-1,57,94,95,-1,57,95,59,-1,59,95,96,-1,59,96,61,-1,61,96,97,-1,61,97,63,-1,62,63,98,-1,98,63,97,-1,62,98,99,-1,62,99,60,-1,60,99,100,-1,60,100,58,-1,58,100,101,-1,58,101,56,-1,56,101,102,-1,56,102,54,-1,54,102,103,-1,54,103,52,-1,52,103,104,-1,52,104,50,-1,50,104,105,-1,50,105,48,-1,48,105,106,-1,48,106,46,-1,46,106,107,-1,46,107,44,-1,44,107,108,-1,44,108,30,-1,77,30,109,-1,109,30,108,-1,77,109,110,-1,77,110,78,-1,78,110,111,-1,78,111,80,-1,80,111,112,-1,80,112,82,-1,82,112,113,-1,82,113,84,-1,84,113,114,-1,84,114,86,-1,86,114,115,-1,86,115,88,-1,88,115,116,-1,88,116,90,-1,90,116,117,-1,90,117,92,-1,92,117,118,-1,92,118,93,-1,93,118,119,-1,93,119,65,-1,120,71,121,-1,121,71,69,-1,121,69,122,-1,122,69,67,-1,122,67,123,-1,123,67,65,-1,123,65,119,-1,71,120,124,-1,71,124,73,-1,73,124,125,-1,73,125,75,-1,125,126,75,-1,75,126,127,-1,75,127,76,-1,76,127,128,-1,76,128,35,-1,35,128,129,-1,35,129,33,-1,28,33,130,-1,130,33,129,-1,26,28,131,-1,131,28,130,-1,27,26,132,-1,132,26,131,-1,29,27,133,-1,133,27,132,-1,29,133,134,-1,29,134,45,-1,45,134,135,-1,45,135,47,-1,47,135,136,-1,47,136,49,-1,49,136,137,-1,49,137,51,-1,51,137,138,-1,51,138,53,-1,53,138,139,-1,53,139,55,-1,55,139,94,-1,55,94,57,-1,79,140,141,-1,79,141,31,-1,31,141,142,-1,31,142,32,-1,32,142,143,-1,32,143,37,-1,87,144,145,-1,87,145,85,-1,85,145,146,-1,85,146,83,-1,83,146,147,-1,83,147,81,-1,81,147,140,-1,81,140,79,-1,66,148,149,-1,66,149,64,-1,64,149,150,-1,64,150,91,-1,91,150,151,-1,91,151,89,-1,89,151,144,-1,89,144,87,-1,72,152,153,-1,72,153,70,-1,70,153,154,-1,70,154,68,-1,68,154,148,-1,68,148,66,-1,43,155,156,-1,43,156,34,-1,34,156,157,-1,34,157,36,-1,36,157,158,-1,36,158,74,-1,74,158,152,-1,74,152,72,-1,39,159,160,-1,39,160,40,-1,40,160,161,-1,40,161,41,-1,41,161,162,-1,41,162,42,-1,42,162,155,-1,42,155,43,-1,39,38,159,-1,159,38,163,-1,38,37,163,-1,163,37,143,-1,
        ]
    }
}
Shape{
    appearance Appearance {
        material  Material 	{
            diffuseColor 0.25098039215686274 0.25098039215686274 0.25098039215686274
            specularColor 0.12549019607843137 0.12549019607843137 0.12549019607843137
            ambientIntensity 0.2
            transparency 0
            shininess 0.5
        }
    }
    geometry IndexedFaceSet {
        ccw TRUE
        solid FALSE
        coord DEF co Coordinate {
            point [
                1.293 -1.7304 0.7087, 1.2796 -1.7322 0.7087, 1.293 -1.7359 0.7087, 1.2736 -1.7336 0.7087, 1.2712 -1.7347 0.7087, 1.2699 -1.7358 0.7087, 1.293 -1.7366 0.7087, 1.2923 -1.7411 0.7087, 1.2687 -1.7372 0.7087, 1.2908 -1.7446 0.7087, 1.2693 -1.7488 0.7087, 1.2701 -1.7497 0.7087, 1.2874 -1.7488 0.7087, 1.2681 -1.7471 0.7087, 1.2846 -1.7507 0.7087, 1.2815 -1.7518 0.7087, 1.2778 -1.7523 0.7087, 1.2678 -1.7391 0.7087, 1.2673 -1.7414 0.7087, 1.2887 -1.7476 0.7087, 1.2672 -1.743 0.7087, 1.2675 -1.7453 0.7087, 1.2721 -1.751 0.7087, 1.2744 -1.7519 0.7087, 1.2744 -1.7519 0.7087
            ]
        }
        coordIndex [
            0,1,2,-1,2,1,3,-1,3,4,2,-1,2,4,5,-1,2,5,6,-1,6,5,7,-1,7,5,8,-1,7,8,9,-1,10,11,12,-1,10,12,13,-1,14,12,15,-1,15,12,16,-1,8,17,9,-1,9,17,18,-1,9,18,19,-1,19,18,20,-1,19,20,12,-1,12,20,21,-1,12,21,13,-1,11,22,12,-1,12,22,23,-1,12,23,16,-1,
        ]
    }
}
Shape{
    appearance Appearance {
        material  Material 	{
            diffuseColor 1.0 1.0 1.0
            specularColor 0.5019607843137255 0.5019607843137255 0.5019607843137255
            ambientIntensity 0.2
            transparency 0
            shininess 0.5
        }
    }
    geometry IndexedFaceSet {
        ccw TRUE
        solid FALSE
        coord DEF co Coordinate {
            point [
                1.3166 -1.7468 0.7087, 1.3166 -1.7468 0.7126, 1.32 -1.7489 0.7126, 1.3331 -1.7523 0.7126, 1.3331 -1.7523 0.7087, 1.3262 -1.7514 0.7087, 1.3262 -1.7514 0.7126, 1.3212 -1.7494 0.7087, 1.32 -1.7489 0.7087, 1.3166 -1.7571 0.7126, 1.3166 -1.7571 0.7087, 1.3234 -1.7596 0.7126, 1.3212 -1.7588 0.7087, 1.3321 -1.7605 0.7087, 1.3321 -1.7605 0.7126, 1.3258 -1.7598 0.7087, 1.3234 -1.7596 0.7087, 1.3384 -1.7598 0.7087, 1.3405 -1.7596 0.7126, 1.3405 -1.7596 0.7087, 1.3459 -1.7576 0.7087, 1.3459 -1.7576 0.7126, 1.3488 -1.7559 0.7087, 1.3488 -1.7559 0.7126, 1.3516 -1.7534 0.7087, 1.3516 -1.7534 0.7126, 1.3535 -1.7508 0.7087, 1.3535 -1.7508 0.7126, 1.3547 -1.7476 0.7087, 1.3547 -1.7476 0.7126, 1.3552 -1.7436 0.7087, 1.3552 -1.7436 0.7126, 1.3548 -1.7398 0.7087, 1.3548 -1.7398 0.7126, 1.3537 -1.7369 0.7087, 1.3537 -1.7369 0.7126, 1.3519 -1.7341 0.7087, 1.3519 -1.7341 0.7126, 1.3495 -1.732 0.7087, 1.3495 -1.732 0.7126, 1.3428 -1.7283 0.7087, 1.3428 -1.7283 0.7126, 1.3389 -1.7267 0.7087, 1.3389 -1.7267 0.7126, 1.3327 -1.724 0.7087, 1.3327 -1.724 0.7126, 1.3292 -1.7218 0.7087, 1.3292 -1.7218 0.7126, 1.3282 -1.7207 0.7087, 1.3282 -1.7207 0.7126, 1.3275 -1.7194 0.7087, 1.3275 -1.7194 0.7126, 1.3271 -1.7178 0.7087, 1.3271 -1.7178 0.7126, 1.327 -1.7165 0.7087, 1.327 -1.7165 0.7126, 1.3272 -1.7149 0.7087, 1.3272 -1.7149 0.7126, 1.3277 -1.7135 0.7087, 1.3277 -1.7135 0.7126, 1.3285 -1.7122 0.7087, 1.3285 -1.7122 0.7126, 1.33 -1.7109 0.7087, 1.33 -1.7109 0.7126, 1.3323 -1.7097 0.7087, 1.3323 -1.7097 0.7126, 1.335 -1.709 0.7087, 1.335 -1.709 0.7126, 1.3379 -1.7088 0.7087, 1.3379 -1.7088 0.7126, 1.345 -1.7097 0.7087, 1.345 -1.7097 0.7126, 1.3507 -1.7119 0.7087, 1.3507 -1.7119 0.7126, 1.3525 -1.7129 0.7087, 1.3525 -1.7129 0.7126, 1.3525 -1.7032 0.7126, 1.3525 -1.7032 0.7087, 1.3452 -1.7011 0.7087, 1.3452 -1.7011 0.7126, 1.3389 -1.7006 0.7087, 1.3389 -1.7006 0.7126, 1.3312 -1.7015 0.7087, 1.3312 -1.7015 0.7126, 1.3258 -1.7036 0.7087, 1.3258 -1.7036 0.7126, 1.3231 -1.7052 0.7087, 1.3231 -1.7052 0.7126, 1.3212 -1.7068 0.7087, 1.3201 -1.7079 0.7126, 1.3201 -1.7079 0.7087, 1.3182 -1.7106 0.7087, 1.3182 -1.7106 0.7126, 1.317 -1.7138 0.7087, 1.317 -1.7138 0.7126, 1.3167 -1.7174 0.7087, 1.3167 -1.7174 0.7126, 1.3171 -1.7213 0.7087, 1.3171 -1.7213 0.7126, 1.3182 -1.7243 0.7087, 1.3182 -1.7243 0.7126, 1.3195 -1.7264 0.7087, 1.3195 -1.7264 0.7126, 1.3318 -1.734 0.7087, 1.3318 -1.734 0.7126, 1.3259 -1.7313 0.7126, 1.3211 -1.7281 0.7087, 1.3211 -1.7281 0.7126, 1.3212 -1.7282 0.7087, 1.3259 -1.7313 0.7087, 1.3384 -1.7368 0.7087, 1.3384 -1.7368 0.7126, 1.3423 -1.7391 0.7087, 1.3423 -1.7391 0.7126, 1.3436 -1.7404 0.7087, 1.3436 -1.7404 0.7126, 1.3444 -1.7417 0.7087, 1.3444 -1.7417 0.7126, 1.3448 -1.7433 0.7087, 1.3448 -1.7433 0.7126, 1.3449 -1.7446 0.7087, 1.3449 -1.7446 0.7126, 1.3447 -1.7465 0.7087, 1.3447 -1.7465 0.7126, 1.3442 -1.7479 0.7087, 1.3442 -1.7479 0.7126, 1.3433 -1.7492 0.7087, 1.3433 -1.7492 0.7126, 1.3422 -1.7502 0.7087, 1.3422 -1.7502 0.7126, 1.3413 -1.7508 0.7087, 1.3413 -1.7508 0.7126, 1.3387 -1.7517 0.7087, 1.3387 -1.7517 0.7126, 1.3335 -1.7523 0.7087, 1.3335 -1.7523 0.7126, 1.4049 -1.7019 0.7126, 1.4153 -1.7019 0.7126, 1.4049 -1.7019 0.7087, 1.4153 -1.7019 0.7087, 1.3893 -1.745 0.7126, 1.3893 -1.745 0.7087, 1.3885 -1.7477 0.7087, 1.3885 -1.7477 0.7126, 1.3881 -1.7496 0.7087, 1.3881 -1.7496 0.7126, 1.3878 -1.7496 0.7126, 1.3878 -1.7496 0.7087, 1.3866 -1.7449 0.7126, 1.3866 -1.7449 0.7087, 1.3717 -1.7019 0.7087, 1.3717 -1.7019 0.7126, 1.3765 -1.7159 0.7087, 1.3604 -1.7019 0.7126, 1.3604 -1.7019 0.7087, 1.3829 -1.759 0.7087, 1.3829 -1.759 0.7126, 1.3765 -1.7428 0.7087, 1.3785 -1.7694 0.7087, 1.3785 -1.7694 0.7126, 1.3825 -1.7598 0.7087, 1.3765 -1.773 0.7087, 1.3765 -1.773 0.7126, 1.3765 -1.773 0.7087, 1.3746 -1.7751 0.7126, 1.3746 -1.7751 0.7087, 1.3728 -1.7764 0.7087, 1.3728 -1.7764 0.7126, 1.3706 -1.7772 0.7087, 1.3706 -1.7772 0.7126, 1.3682 -1.7775 0.7087, 1.3682 -1.7775 0.7126, 1.3646 -1.777 0.7087, 1.3646 -1.777 0.7126, 1.3625 -1.7763 0.7087, 1.3625 -1.7763 0.7126, 1.3625 -1.7853 0.7126, 1.3625 -1.7853 0.7087, 1.3668 -1.786 0.7087, 1.3668 -1.786 0.7126, 1.369 -1.7861 0.7087, 1.369 -1.7861 0.7126, 1.373 -1.7856 0.7087, 1.373 -1.7856 0.7126, 1.3765 -1.7843 0.7087, 1.377 -1.7841 0.7126, 1.377 -1.7841 0.7087, 1.3805 -1.7816 0.7087, 1.3805 -1.7816 0.7126, 1.3812 -1.781 0.7087, 1.3812 -1.781 0.7126, 1.3848 -1.7766 0.7087, 1.3848 -1.7766 0.7126, 1.3894 -1.7678 0.7087, 1.3894 -1.7678 0.7126, 1.3925 -1.7598 0.7087, 1.4692 -1.75 0.7126, 1.4692 -1.7591 0.7126, 1.4692 -1.75 0.7087, 1.4692 -1.7591 0.7087, 1.4365 -1.75 0.7087, 1.4365 -1.75 0.7126, 1.4515 -1.75 0.7087, 1.4365 -1.7231 0.7126, 1.4365 -1.7231 0.7087, 1.4651 -1.7231 0.7087, 1.4651 -1.7231 0.7126, 1.4515 -1.7231 0.7087, 1.4651 -1.7139 0.7126, 1.4651 -1.7139 0.7087, 1.4365 -1.7139 0.7087, 1.4365 -1.7139 0.7126, 1.4515 -1.7139 0.7087, 1.4365 -1.6883 0.7126, 1.4365 -1.6883 0.7087, 1.4674 -1.6883 0.7087, 1.4674 -1.6883 0.7126, 1.4515 -1.6883 0.7087, 1.4674 -1.6791 0.7126, 1.4674 -1.6791 0.7087, 1.4261 -1.6791 0.7087, 1.4261 -1.6791 0.7126, 1.4515 -1.6791 0.7087, 1.4261 -1.7591 0.7126, 1.4261 -1.7591 0.7087, 1.4515 -1.7591 0.7087, 1.5374 -1.7479 0.7126, 1.5428 -1.7417 0.7126, 1.5343 -1.7364 0.7126, 1.5369 -1.7304 0.7126, 1.547 -1.7335 0.7126, 1.5384 -1.723 0.7126, 1.5491 -1.7243 0.7126, 1.5386 -1.7184 0.7126, 1.5495 -1.7181 0.7126, 1.5377 -1.7095 0.7126, 1.5482 -1.7071 0.7126, 1.5356 -1.7033 0.7126, 1.5453 -1.6995 0.7126, 1.5327 -1.6987 0.7126, 1.5403 -1.6925 0.7126, 1.5299 -1.6958 0.7126, 1.5374 -1.6897 0.7126, 1.524 -1.6919 0.7126, 1.5304 -1.6847 0.7126, 1.517 -1.6894 0.7126, 1.521 -1.6808 0.7126, 1.5089 -1.6791 0.7126, 1.5068 -1.6883 0.7126, 1.5072 -1.6791 0.7126, 1.4947 -1.6883 0.7126, 1.4843 -1.6791 0.7126, 1.4947 -1.75 0.7126, 1.4843 -1.7591 0.7126, 1.5063 -1.75 0.7126, 1.5063 -1.7591 0.7126, 1.5172 -1.7487 0.7126, 1.5198 -1.7575 0.7126, 1.5239 -1.7462 0.7126, 1.529 -1.754 0.7126, 1.5291 -1.7426 0.7126, 1.5301 -1.7417 0.7126, 1.5063 -1.7591 0.7087, 1.4843 -1.7591 0.7087, 1.5198 -1.7575 0.7087, 1.529 -1.754 0.7087, 1.5374 -1.7479 0.7087, 1.5428 -1.7417 0.7087, 1.547 -1.7335 0.7087, 1.5491 -1.7243 0.7087, 1.5495 -1.7181 0.7087, 1.5482 -1.7071 0.7087, 1.5453 -1.6995 0.7087, 1.5403 -1.6925 0.7087, 1.5374 -1.6897 0.7087, 1.5304 -1.6847 0.7087, 1.521 -1.6808 0.7087, 1.5089 -1.6791 0.7087, 1.5072 -1.6791 0.7087, 1.4843 -1.6791 0.7087, 1.5068 -1.6883 0.7087, 1.4947 -1.6883 0.7087, 1.4947 -1.75 0.7087, 1.5063 -1.75 0.7087, 1.5301 -1.7417 0.7087, 1.5291 -1.7426 0.7087, 1.5239 -1.7462 0.7087, 1.5172 -1.7487 0.7087, 1.5386 -1.7184 0.7087, 1.5384 -1.723 0.7087, 1.5369 -1.7304 0.7087, 1.5343 -1.7364 0.7087, 1.5299 -1.6958 0.7087, 1.5327 -1.6987 0.7087, 1.5356 -1.7033 0.7087, 1.5377 -1.7095 0.7087, 1.517 -1.6894 0.7087, 1.524 -1.6919 0.7087, 1.524 -1.6919 0.7087
            ]
        }
        coordIndex [
            0,1,2,-1,3,4,5,-1,3,5,6,-1,6,5,7,-1,6,7,2,-1,2,7,8,-1,2,8,0,-1,9,1,10,-1,10,1,0,-1,9,10,11,-1,11,10,12,-1,13,14,15,-1,15,14,11,-1,15,11,16,-1,16,11,12,-1,13,17,14,-1,14,17,18,-1,17,19,18,-1,18,19,20,-1,18,20,21,-1,21,20,22,-1,21,22,23,-1,23,22,24,-1,23,24,25,-1,25,24,26,-1,25,26,27,-1,27,26,28,-1,27,28,29,-1,29,28,30,-1,29,30,31,-1,31,30,32,-1,31,32,33,-1,33,32,34,-1,33,34,35,-1,35,34,36,-1,35,36,37,-1,37,36,38,-1,37,38,39,-1,39,38,40,-1,39,40,41,-1,41,40,42,-1,41,42,43,-1,43,42,44,-1,43,44,45,-1,45,44,46,-1,45,46,47,-1,47,46,48,-1,47,48,49,-1,49,48,50,-1,49,50,51,-1,51,50,52,-1,51,52,53,-1,53,52,54,-1,53,54,55,-1,55,54,56,-1,55,56,57,-1,57,56,58,-1,57,58,59,-1,59,58,60,-1,59,60,61,-1,61,60,62,-1,61,62,63,-1,63,62,64,-1,63,64,65,-1,65,64,66,-1,65,66,67,-1,67,66,68,-1,67,68,69,-1,69,68,70,-1,69,70,71,-1,71,70,72,-1,71,72,73,-1,73,72,74,-1,73,74,75,-1,76,75,77,-1,77,75,74,-1,76,77,78,-1,76,78,79,-1,79,78,80,-1,79,80,81,-1,81,80,82,-1,81,82,83,-1,83,82,84,-1,83,84,85,-1,85,84,86,-1,85,86,87,-1,86,88,87,-1,87,88,89,-1,88,90,89,-1,89,90,91,-1,89,91,92,-1,92,91,93,-1,92,93,94,-1,94,93,95,-1,94,95,96,-1,96,95,97,-1,96,97,98,-1,98,97,99,-1,98,99,100,-1,100,99,101,-1,100,101,102,-1,103,104,105,-1,102,101,106,-1,102,106,107,-1,107,106,108,-1,107,108,105,-1,105,108,109,-1,105,109,103,-1,104,103,110,-1,104,110,111,-1,111,110,112,-1,111,112,113,-1,113,112,114,-1,113,114,115,-1,115,114,116,-1,115,116,117,-1,117,116,118,-1,117,118,119,-1,119,118,120,-1,119,120,121,-1,121,120,122,-1,121,122,123,-1,123,122,124,-1,123,124,125,-1,125,124,126,-1,125,126,127,-1,127,126,128,-1,127,128,129,-1,129,128,130,-1,129,130,131,-1,131,130,132,-1,131,132,133,-1,133,132,134,-1,133,134,135,-1,135,134,4,-1,135,4,3,-1,61,63,85,-1,85,63,83,-1,111,43,104,-1,104,43,45,-1,14,3,11,-1,11,3,6,-1,11,6,9,-1,9,6,2,-1,9,2,1,-1,63,65,83,-1,83,65,67,-1,83,67,81,-1,81,67,69,-1,81,69,79,-1,79,69,71,-1,79,71,76,-1,76,71,73,-1,76,73,75,-1,21,23,127,-1,127,23,25,-1,127,25,125,-1,125,25,27,-1,125,27,123,-1,123,27,29,-1,123,29,121,-1,121,29,31,-1,121,31,119,-1,119,31,33,-1,119,33,117,-1,117,33,35,-1,117,35,115,-1,115,35,37,-1,115,37,113,-1,113,37,39,-1,113,39,111,-1,111,39,41,-1,111,41,43,-1,127,129,21,-1,21,129,131,-1,21,131,18,-1,18,131,133,-1,18,133,14,-1,14,133,135,-1,14,135,3,-1,85,87,61,-1,61,87,89,-1,61,89,59,-1,59,89,92,-1,59,92,57,-1,57,92,94,-1,57,94,55,-1,55,94,96,-1,55,96,53,-1,53,96,98,-1,53,98,51,-1,51,98,100,-1,51,100,49,-1,49,100,102,-1,49,102,47,-1,47,102,107,-1,47,107,45,-1,45,107,105,-1,45,105,104,-1,136,137,138,-1,138,137,139,-1,140,136,141,-1,141,136,138,-1,140,141,142,-1,140,142,143,-1,143,142,144,-1,143,144,145,-1,146,145,147,-1,147,145,144,-1,148,146,149,-1,149,146,147,-1,150,151,152,-1,152,151,148,-1,152,148,149,-1,153,151,154,-1,154,151,150,-1,155,156,157,-1,157,156,153,-1,157,153,154,-1,158,159,160,-1,160,159,156,-1,160,156,155,-1,159,158,161,-1,159,161,162,-1,162,161,163,-1,162,163,164,-1,163,165,164,-1,164,165,166,-1,164,166,167,-1,167,166,168,-1,167,168,169,-1,169,168,170,-1,169,170,171,-1,171,170,172,-1,171,172,173,-1,173,172,174,-1,173,174,175,-1,176,175,177,-1,177,175,174,-1,176,177,178,-1,176,178,179,-1,179,178,180,-1,179,180,181,-1,181,180,182,-1,181,182,183,-1,183,182,184,-1,183,184,185,-1,184,186,185,-1,185,186,187,-1,185,187,188,-1,188,187,189,-1,188,189,190,-1,190,189,191,-1,190,191,192,-1,192,191,193,-1,192,193,194,-1,139,137,195,-1,195,137,194,-1,195,194,193,-1,143,145,194,-1,137,136,194,-1,194,136,140,-1,194,140,143,-1,151,153,148,-1,148,153,156,-1,148,156,146,-1,192,162,190,-1,190,162,164,-1,175,176,173,-1,173,176,179,-1,173,179,171,-1,171,179,181,-1,171,181,169,-1,169,181,183,-1,169,183,167,-1,167,183,185,-1,167,185,164,-1,164,185,188,-1,164,188,190,-1,145,146,194,-1,194,146,156,-1,194,156,192,-1,192,156,159,-1,192,159,162,-1,196,197,198,-1,198,197,199,-1,200,201,202,-1,202,201,196,-1,202,196,198,-1,203,201,204,-1,204,201,200,-1,205,206,207,-1,207,206,203,-1,207,203,204,-1,208,206,209,-1,209,206,205,-1,210,211,212,-1,212,211,208,-1,212,208,209,-1,213,211,214,-1,214,211,210,-1,215,216,217,-1,217,216,213,-1,217,213,214,-1,218,216,219,-1,219,216,215,-1,220,221,222,-1,222,221,218,-1,222,218,219,-1,223,221,224,-1,224,221,220,-1,199,197,225,-1,225,197,223,-1,225,223,224,-1,223,197,196,-1,196,201,223,-1,223,201,203,-1,223,203,221,-1,216,218,213,-1,213,218,221,-1,213,221,211,-1,211,221,203,-1,211,203,208,-1,208,203,206,-1,226,227,228,-1,228,227,229,-1,229,227,230,-1,229,230,231,-1,231,230,232,-1,231,232,233,-1,233,232,234,-1,233,234,235,-1,235,234,236,-1,235,236,237,-1,237,236,238,-1,237,238,239,-1,239,238,240,-1,239,240,241,-1,241,240,242,-1,241,242,243,-1,243,242,244,-1,243,244,245,-1,244,246,245,-1,245,246,247,-1,245,247,248,-1,248,247,249,-1,248,249,250,-1,250,249,251,-1,250,251,252,-1,252,251,253,-1,252,253,254,-1,254,253,255,-1,254,255,256,-1,256,255,257,-1,256,257,258,-1,258,257,259,-1,258,259,260,-1,260,259,226,-1,260,226,261,-1,261,226,228,-1,255,253,262,-1,262,253,263,-1,255,262,264,-1,255,264,257,-1,257,264,265,-1,257,265,259,-1,259,265,266,-1,259,266,226,-1,226,266,267,-1,226,267,227,-1,227,267,268,-1,227,268,230,-1,230,268,269,-1,230,269,232,-1,232,269,270,-1,232,270,234,-1,234,270,271,-1,234,271,236,-1,236,271,272,-1,236,272,238,-1,238,272,273,-1,238,273,240,-1,240,273,274,-1,240,274,242,-1,242,274,275,-1,242,275,244,-1,244,275,276,-1,244,276,246,-1,246,276,277,-1,246,277,247,-1,247,277,278,-1,247,278,249,-1,251,249,279,-1,279,249,278,-1,253,251,263,-1,263,251,279,-1,248,250,280,-1,280,250,281,-1,250,252,281,-1,281,252,282,-1,252,254,282,-1,282,254,283,-1,261,284,285,-1,261,285,260,-1,260,285,286,-1,260,286,258,-1,258,286,287,-1,258,287,256,-1,256,287,283,-1,256,283,254,-1,233,288,289,-1,233,289,231,-1,231,289,290,-1,231,290,229,-1,229,290,291,-1,229,291,228,-1,228,291,284,-1,228,284,261,-1,241,292,293,-1,241,293,239,-1,239,293,294,-1,239,294,237,-1,237,294,295,-1,237,295,235,-1,235,295,288,-1,235,288,233,-1,248,280,296,-1,248,296,245,-1,245,296,297,-1,245,297,243,-1,243,297,292,-1,243,292,241,-1,
        ]
    }
}
Shape{
    appearance Appearance {
        material  Material 	{
            diffuseColor 0.25098039215686274 0.25098039215686274 0.25098039215686274
            specularColor 0.12549019607843137 0.12549019607843137 0.12549019607843137
            ambientIntensity 0.2
            transparency 0
            shininess 0.5
        }
    }
    geometry IndexedFaceSet {
        ccw TRUE
        solid FALSE
        coord DEF co Coordinate {
            point [
                1.4947 -1.6883 0.7087, 1.4947 -1.75 0.7087, 1.5068 -1.6883 0.7087, 1.5063 -1.75 0.7087, 1.5172 -1.7487 0.7087, 1.5239 -1.7462 0.7087, 1.5291 -1.7426 0.7087, 1.5301 -1.7417 0.7087, 1.5384 -1.723 0.7087, 1.5386 -1.7184 0.7087, 1.5377 -1.7095 0.7087, 1.5356 -1.7033 0.7087, 1.5327 -1.6987 0.7087, 1.5299 -1.6958 0.7087, 1.517 -1.6894 0.7087, 1.524 -1.6919 0.7087, 1.5343 -1.7364 0.7087, 1.5369 -1.7304 0.7087, 1.5369 -1.7304 0.7087
            ]
        }
        coordIndex [
            0,1,2,-1,2,1,3,-1,2,3,4,-1,4,5,2,-1,2,5,6,-1,2,6,7,-1,8,9,2,-1,2,9,10,-1,2,10,11,-1,11,12,2,-1,2,12,13,-1,2,13,14,-1,14,13,15,-1,7,16,2,-1,2,16,17,-1,2,17,8,-1,
        ]
    }
}
Shape{
    appearance Appearance {
        material  Material 	{
            diffuseColor 1.0 1.0 1.0
            specularColor 0.5019607843137255 0.5019607843137255 0.5019607843137255
            ambientIntensity 0.2
            transparency 0
            shininess 0.5
        }
    }
    geometry IndexedFaceSet {
        ccw TRUE
        solid FALSE
        coord DEF co Coordinate {
            point [
                1.5763 -1.7282 0.7126, 1.5731 -1.7372 0.7126, 1.6032 -1.7282 0.7126, 1.6064 -1.7372 0.7126, 1.5883 -1.6949 0.7126, 1.5845 -1.6791 0.7126, 1.554 -1.7591 0.7126, 1.5654 -1.7591 0.7126, 1.589 -1.6925 0.7126, 1.5896 -1.6893 0.7126, 1.5955 -1.6791 0.7126, 1.5899 -1.6893 0.7126, 1.5905 -1.6927 0.7126, 1.5911 -1.6949 0.7126, 1.626 -1.7591 0.7126, 1.6146 -1.7591 0.7126, 1.5955 -1.6791 0.7087, 1.626 -1.7591 0.7087, 1.5845 -1.6791 0.7087, 1.554 -1.7591 0.7087, 1.5654 -1.7591 0.7087, 1.5731 -1.7372 0.7087, 1.6064 -1.7372 0.7087, 1.6146 -1.7591 0.7087, 1.5763 -1.7282 0.7087, 1.6032 -1.7282 0.7087, 1.5911 -1.6949 0.7087, 1.5899 -1.6893 0.7087, 1.5905 -1.6927 0.7087, 1.5896 -1.6893 0.7087, 1.5883 -1.6949 0.7087, 1.589 -1.6925 0.7087, 1.589 -1.6925 0.7087
            ]
        }
        coordIndex [
            0,1,2,-1,2,1,3,-1,4,5,0,-1,0,5,6,-1,0,6,1,-1,1,6,7,-1,4,8,5,-1,5,8,9,-1,5,9,10,-1,10,9,11,-1,10,11,12,-1,12,13,10,-1,10,13,2,-1,10,2,14,-1,14,2,3,-1,14,3,15,-1,10,14,16,-1,16,14,17,-1,5,10,18,-1,18,10,16,-1,6,5,19,-1,19,5,18,-1,7,6,20,-1,20,6,19,-1,1,7,21,-1,21,7,20,-1,3,1,22,-1,22,1,21,-1,15,3,23,-1,23,3,22,-1,14,15,17,-1,17,15,23,-1,0,2,24,-1,24,2,25,-1,2,13,25,-1,25,13,26,-1,11,27,28,-1,11,28,12,-1,12,28,26,-1,12,26,13,-1,11,9,27,-1,27,9,29,-1,4,30,31,-1,4,31,8,-1,8,31,29,-1,8,29,9,-1,4,0,30,-1,30,0,24,-1,
        ]
    }
}
Shape{
    appearance Appearance {
        material  Material 	{
            diffuseColor 0.25098039215686274 0.25098039215686274 0.25098039215686274
            specularColor 0.12549019607843137 0.12549019607843137 0.12549019607843137
            ambientIntensity 0.2
            transparency 0
            shininess 0.5
        }
    }
    geometry IndexedFaceSet {
        ccw TRUE
        solid FALSE
        coord DEF co Coordinate {
            point [
                1.5899 -1.6893 0.7087, 1.5896 -1.6893 0.7087, 1.5905 -1.6927 0.7087, 1.589 -1.6925 0.7087, 1.5911 -1.6949 0.7087, 1.5883 -1.6949 0.7087, 1.6032 -1.7282 0.7087, 1.5763 -1.7282 0.7087, 1.5763 -1.7282 0.7087
            ]
        }
        coordIndex [
            0,1,2,-1,2,1,3,-1,2,3,4,-1,4,3,5,-1,4,5,6,-1,6,5,7,-1,
        ]
    }
}
Shape{
    appearance Appearance {
        material  Material 	{
            diffuseColor 1.0 1.0 1.0
            specularColor 0.5019607843137255 0.5019607843137255 0.5019607843137255
            ambientIntensity 0.2
            transparency 0
            shininess 0.5
        }
    }
    geometry IndexedFaceSet {
        ccw TRUE
        solid FALSE
        coord DEF co Coordinate {
            point [
                0.8508 -1.7705 0.7126, 0.8593 -1.781 0.7126, 0.8456 -1.7201 0.7126, 0.8357 -1.6212 0.7126, 0.8484 -1.6145 0.7126, 0.8454 -1.5794 0.7126, 0.8809 -1.5778 0.7126, 0.8986 -1.6194 0.7126, 0.9073 -1.6013 0.7126, 0.8332 -1.7125 0.7126, 0.8378 -1.7561 0.7126, 0.8451 -1.7583 0.7126, 0.8678 -1.5767 0.7126, 0.9033 -1.7189 0.7126, 0.9086 -1.7208 0.7126, 0.9561 -1.7344 0.7126, 0.9132 -1.7239 0.7126, 0.9168 -1.728 0.7126, 1.0358 -1.6922 0.7126, 1.0181 -1.6621 0.7126, 0.9418 -1.7019 0.7126, 0.8986 -1.7184 0.7126, 0.893 -1.7191 0.7126, 0.8855 -1.6842 0.7126, 0.888 -1.7211 0.7126, 0.873 -1.6891 0.7126, 0.8836 -1.7243 0.7126, 0.8613 -1.6971 0.7126, 0.8813 -1.7266 0.7126, 0.8519 -1.7079 0.7126, 0.8784 -1.7314 0.7126, 0.8767 -1.7367 0.7126, 0.8764 -1.7423 0.7126, 0.9198 -1.6864 0.7126, 0.906 -1.683 0.7126, 0.8991 -1.6826 0.7126, 0.9193 -1.7327 0.7126, 0.9206 -1.738 0.7126, 0.9561 -1.7401 0.7126, 0.9206 -1.7432 0.7126, 0.9558 -1.7461 0.7126, 1.0546 -1.6359 0.7126, 1.0591 -1.6359 0.7126, 1.0825 -1.6051 0.7126, 1.07 -1.6372 0.7126, 1.0852 -1.6061 0.7126, 1.0799 -1.641 0.7126, 1.1022 -1.6145 0.7126, 1.1176 -1.6275 0.7126, 0.8926 -1.5642 0.7126, 0.9201 -1.5861 0.7126, 0.906 -1.5528 0.7126, 0.9353 -1.575 0.7126, 0.9199 -1.5441 0.7126, 0.8624 -1.6111 0.7126, 0.8684 -1.6108 0.7126, 0.8744 -1.577 0.7126, 0.8818 -1.6125 0.7126, 0.8946 -1.6172 0.7126, 0.9319 -1.6928 0.7126, 1.1178 -1.7338 0.7126, 1.0912 -1.7112 0.7126, 1.1023 -1.7469 0.7126, 1.0828 -1.718 0.7126, 1.0849 -1.7554 0.7126, 1.0728 -1.7227 0.7126, 1.0659 -1.7594 0.7126, 1.0625 -1.7247 0.7126, 1.0324 -1.7594 0.7126, 1.0369 -1.7247 0.7126, 1.0292 -1.7589 0.7126, 0.8775 -1.7476 0.7126, 0.8797 -1.7524 0.7126, 1.0887 -1.6472 0.7126, 1.0952 -1.6545 0.7126, 1.1292 -1.6437 0.7126, 1.1005 -1.6643 0.7126, 1.1362 -1.6611 0.7126, 1.1032 -1.6752 0.7126, 1.1388 -1.6797 0.7126, 1.1035 -1.6803 0.7126, 1.1362 -1.7 0.7126, 1.1021 -1.6914 0.7126, 1.1291 -1.718 0.7126, 1.0982 -1.7015 0.7126, 1.092 -1.7104 0.7126, 1.0517 -1.5602 0.7126, 1.0294 -1.5863 0.7126, 1.0706 -1.5821 0.7126, 1.0422 -1.6016 0.7126, 1.051 -1.6199 0.7126, 0.8132 -1.654 0.7126, 0.7758 -1.6634 0.7126, 0.8115 -1.6678 0.7126, 0.7756 -1.6689 0.7126, 0.8122 -1.6766 0.7126, 0.7784 -1.6912 0.7126, 0.8163 -1.6905 0.7126, 0.7865 -1.7124 0.7126, 0.823 -1.702 0.7126, 0.7995 -1.7309 0.7126, 0.8173 -1.7461 0.7126, 0.9524 -1.7601 0.7126, 0.9193 -1.7486 0.7126, 0.9457 -1.7728 0.7126, 0.9166 -1.7535 0.7126, 0.937 -1.7825 0.7126, 0.9135 -1.757 0.7126, 0.9256 -1.7904 0.7126, 0.9092 -1.7601 0.7126, 0.9129 -1.7953 0.7126, 0.9043 -1.7621 0.7126, 0.8991 -1.797 0.7126, 0.8986 -1.7628 0.7126, 0.897 -1.7969 0.7126, 0.8976 -1.7628 0.7126, 0.8835 -1.7949 0.7126, 0.8925 -1.762 0.7126, 0.8704 -1.7893 0.7126, 0.8873 -1.7598 0.7126, 0.883 -1.7564 0.7126, 0.9461 -1.534 0.7126, 0.9539 -1.5674 0.7126, 0.9743 -1.5306 0.7126, 0.9749 -1.5647 0.7126, 0.9982 -1.5331 0.7126, 0.9942 -1.5671 0.7126, 1.0267 -1.5433 0.7126, 1.012 -1.5739 0.7126, 1.028 -1.585 0.7126, 0.8243 -1.5876 0.7126, 0.8062 -1.6004 0.7126, 0.826 -1.6299 0.7126, 0.8024 -1.604 0.7126, 0.8181 -1.6413 0.7126, 0.7887 -1.6216 0.7126, 0.7796 -1.6421 0.7126, 1.034 -1.7242 0.7126, 1.0204 -1.7534 0.7126, 1.0217 -1.7548 0.7126, 1.0358 -1.7245 0.7126, 1.0254 -1.7574 0.7126, 1.0158 -1.7418 0.7126, 1.0164 -1.746 0.7126, 1.0179 -1.7499 0.7126, 1.0291 -1.7247 0.7126, 1.0252 -1.7262 0.7126, 1.016 -1.7395 0.7126, 1.0217 -1.7287 0.7126, 1.0193 -1.7313 0.7126, 1.0171 -1.7352 0.7126, 1.0335 -1.7241 0.7126, 1.1214 -1.6328 0.7087, 1.1292 -1.6437 0.7087, 1.1343 -1.6563 0.7087, 1.1362 -1.6611 0.7087, 1.1388 -1.6797 0.7087, 1.1176 -1.6275 0.7087, 1.1022 -1.6145 0.7087, 1.0852 -1.6061 0.7087, 1.0825 -1.6051 0.7087, 1.0706 -1.5821 0.7087, 1.0517 -1.5602 0.7087, 1.0387 -1.5514 0.7087, 1.0267 -1.5433 0.7087, 0.9982 -1.5331 0.7087, 0.9743 -1.5306 0.7087, 0.9461 -1.534 0.7087, 0.9199 -1.5441 0.7087, 0.9082 -1.5514 0.7087, 0.906 -1.5528 0.7087, 0.8926 -1.5642 0.7087, 0.8809 -1.5778 0.7087, 0.8744 -1.577 0.7087, 0.8678 -1.5767 0.7087, 0.8454 -1.5794 0.7087, 0.8243 -1.5876 0.7087, 0.8062 -1.6004 0.7087, 0.8024 -1.604 0.7087, 0.7887 -1.6216 0.7087, 0.7837 -1.6328 0.7087, 0.7796 -1.6421 0.7087, 0.7771 -1.6563 0.7087, 0.7758 -1.6634 0.7087, 0.7756 -1.6689 0.7087, 0.7784 -1.6912 0.7087, 0.7865 -1.7124 0.7087, 0.7995 -1.7309 0.7087, 0.8173 -1.7461 0.7087, 0.8378 -1.7561 0.7087, 0.8451 -1.7583 0.7087, 0.8458 -1.7598 0.7087, 0.8508 -1.7705 0.7087, 0.8593 -1.781 0.7087, 0.8704 -1.7893 0.7087, 0.8756 -1.7915 0.7087, 0.8835 -1.7949 0.7087, 0.897 -1.7969 0.7087, 0.8991 -1.797 0.7087, 0.9561 -1.7401 0.7087, 0.9129 -1.7953 0.7087, 0.9227 -1.7915 0.7087, 0.9256 -1.7904 0.7087, 0.937 -1.7825 0.7087, 0.9457 -1.7728 0.7087, 0.9524 -1.7601 0.7087, 0.9525 -1.7598 0.7087, 0.9558 -1.7461 0.7087, 0.9561 -1.7344 0.7087, 1.0358 -1.6922 0.7087, 1.0181 -1.6621 0.7087, 0.9418 -1.7019 0.7087, 0.9319 -1.6928 0.7087, 0.9198 -1.6864 0.7087, 0.906 -1.683 0.7087, 0.8991 -1.6826 0.7087, 0.8855 -1.6842 0.7087, 0.873 -1.6891 0.7087, 0.8613 -1.6971 0.7087, 0.8519 -1.7079 0.7087, 0.8456 -1.7201 0.7087, 0.8332 -1.7125 0.7087, 0.823 -1.702 0.7087, 0.8163 -1.6905 0.7087, 0.8122 -1.6766 0.7087, 0.8115 -1.6678 0.7087, 0.8129 -1.6563 0.7087, 0.8132 -1.654 0.7087, 0.8181 -1.6413 0.7087, 0.824 -1.6328 0.7087, 0.826 -1.6299 0.7087, 0.8357 -1.6212 0.7087, 0.8484 -1.6145 0.7087, 0.8624 -1.6111 0.7087, 0.8684 -1.6108 0.7087, 0.8818 -1.6125 0.7087, 0.8946 -1.6172 0.7087, 0.8986 -1.6194 0.7087, 0.9073 -1.6013 0.7087, 0.9201 -1.5861 0.7087, 0.9353 -1.575 0.7087, 0.9539 -1.5674 0.7087, 0.9749 -1.5647 0.7087, 0.9942 -1.5671 0.7087, 1.012 -1.5739 0.7087, 1.028 -1.585 0.7087, 1.0294 -1.5863 0.7087, 1.0422 -1.6016 0.7087, 1.051 -1.6199 0.7087, 1.0539 -1.6328 0.7087, 1.0546 -1.6359 0.7087, 1.0591 -1.6359 0.7087, 1.07 -1.6372 0.7087, 1.0799 -1.641 0.7087, 1.0887 -1.6472 0.7087, 1.0952 -1.6545 0.7087, 1.0962 -1.6563 0.7087, 1.1005 -1.6643 0.7087, 1.1032 -1.6752 0.7087, 1.1035 -1.6803 0.7087, 1.1021 -1.6914 0.7087, 1.0982 -1.7015 0.7087, 1.092 -1.7104 0.7087, 1.0912 -1.7112 0.7087, 1.0828 -1.718 0.7087, 1.0728 -1.7227 0.7087, 1.0625 -1.7247 0.7087, 1.0369 -1.7247 0.7087, 1.0358 -1.7245 0.7087, 1.034 -1.7242 0.7087, 1.0335 -1.7241 0.7087, 1.0291 -1.7247 0.7087, 1.0252 -1.7262 0.7087, 1.0217 -1.7287 0.7087, 1.0193 -1.7313 0.7087, 1.0171 -1.7352 0.7087, 1.016 -1.7395 0.7087, 1.0158 -1.7418 0.7087, 1.0164 -1.746 0.7087, 1.0179 -1.7499 0.7087, 1.0204 -1.7534 0.7087, 1.0217 -1.7548 0.7087, 1.0254 -1.7574 0.7087, 1.0292 -1.7589 0.7087, 1.0324 -1.7594 0.7087, 1.0659 -1.7594 0.7087, 1.0849 -1.7554 0.7087, 1.1023 -1.7469 0.7087, 1.1178 -1.7338 0.7087, 1.1291 -1.718 0.7087, 1.1362 -1.7 0.7087, 0.8986 -1.7184 0.7087, 0.9033 -1.7189 0.7087, 0.9086 -1.7208 0.7087, 0.9132 -1.7239 0.7087, 0.9168 -1.728 0.7087, 0.9193 -1.7327 0.7087, 0.9206 -1.738 0.7087, 0.9206 -1.7432 0.7087, 0.9193 -1.7486 0.7087, 0.9166 -1.7535 0.7087, 0.9135 -1.757 0.7087, 0.9092 -1.7601 0.7087, 0.9043 -1.7621 0.7087, 0.8986 -1.7628 0.7087, 0.8976 -1.7628 0.7087, 0.8925 -1.762 0.7087, 0.8873 -1.7598 0.7087, 0.883 -1.7564 0.7087, 0.8797 -1.7524 0.7087, 0.8775 -1.7476 0.7087, 0.8764 -1.7423 0.7087, 0.8767 -1.7367 0.7087, 0.8784 -1.7314 0.7087, 0.8813 -1.7266 0.7087, 0.8836 -1.7243 0.7087, 0.888 -1.7211 0.7087, 0.893 -1.7191 0.7087, 0.893 -1.7191 0.7087
            ]
        }
        coordIndex [
            0,1,2,-1,3,4,5,-1,6,7,8,-1,9,10,2,-1,2,10,11,-1,2,11,0,-1,5,4,12,-1,13,14,15,-1,15,14,16,-1,15,16,17,-1,18,19,15,-1,15,19,20,-1,15,20,13,-1,13,20,21,-1,22,23,24,-1,24,23,25,-1,24,25,26,-1,26,25,27,-1,26,27,28,-1,28,27,29,-1,28,29,30,-1,30,29,2,-1,30,2,31,-1,31,2,32,-1,33,34,22,-1,22,34,35,-1,22,35,23,-1,17,36,15,-1,15,36,37,-1,15,37,38,-1,38,37,39,-1,38,39,40,-1,41,42,43,-1,43,42,44,-1,43,44,45,-1,45,44,46,-1,45,46,47,-1,47,46,48,-1,6,8,49,-1,49,8,50,-1,49,50,51,-1,51,50,52,-1,51,52,53,-1,4,54,12,-1,12,54,55,-1,12,55,56,-1,56,55,57,-1,56,57,6,-1,6,57,58,-1,6,58,7,-1,21,20,22,-1,22,20,59,-1,22,59,33,-1,60,61,62,-1,62,61,63,-1,62,63,64,-1,64,63,65,-1,64,65,66,-1,66,65,67,-1,66,67,68,-1,68,67,69,-1,68,69,70,-1,32,2,71,-1,71,2,1,-1,71,1,72,-1,46,73,48,-1,48,73,74,-1,48,74,75,-1,75,74,76,-1,75,76,77,-1,77,76,78,-1,77,78,79,-1,79,78,80,-1,79,80,81,-1,81,80,82,-1,81,82,83,-1,83,82,84,-1,83,84,60,-1,60,84,85,-1,60,85,61,-1,86,87,88,-1,88,87,89,-1,88,89,43,-1,43,89,90,-1,43,90,41,-1,91,92,93,-1,93,92,94,-1,93,94,95,-1,95,94,96,-1,95,96,97,-1,97,96,98,-1,97,98,99,-1,99,98,100,-1,99,100,9,-1,9,100,101,-1,9,101,10,-1,40,39,102,-1,102,39,103,-1,102,103,104,-1,104,103,105,-1,104,105,106,-1,106,105,107,-1,106,107,108,-1,108,107,109,-1,108,109,110,-1,110,109,111,-1,110,111,112,-1,112,111,113,-1,112,113,114,-1,114,113,115,-1,114,115,116,-1,116,115,117,-1,116,117,118,-1,118,117,119,-1,118,119,1,-1,1,119,120,-1,1,120,72,-1,53,52,121,-1,121,52,122,-1,121,122,123,-1,123,122,124,-1,123,124,125,-1,125,124,126,-1,125,126,127,-1,127,126,128,-1,127,128,86,-1,86,128,129,-1,86,129,87,-1,5,130,3,-1,3,130,131,-1,3,131,132,-1,132,131,133,-1,132,133,134,-1,134,133,135,-1,134,135,91,-1,91,135,136,-1,91,136,92,-1,137,138,139,-1,69,140,70,-1,70,140,137,-1,70,137,141,-1,141,137,139,-1,142,143,137,-1,137,143,144,-1,137,144,138,-1,145,146,147,-1,146,148,147,-1,147,148,149,-1,147,149,150,-1,142,137,147,-1,147,137,151,-1,147,151,145,-1,152,48,153,-1,153,48,75,-1,153,75,154,-1,154,75,77,-1,154,77,155,-1,155,77,79,-1,155,79,156,-1,152,157,48,-1,48,157,158,-1,48,158,47,-1,47,158,159,-1,47,159,45,-1,45,159,160,-1,45,160,43,-1,43,160,161,-1,43,161,88,-1,88,161,162,-1,88,162,86,-1,127,86,163,-1,163,86,162,-1,163,164,127,-1,127,164,165,-1,127,165,125,-1,125,165,166,-1,125,166,123,-1,123,166,167,-1,123,167,121,-1,121,167,168,-1,121,168,53,-1,53,168,51,-1,51,168,169,-1,51,169,170,-1,51,170,171,-1,51,171,49,-1,49,171,172,-1,49,172,6,-1,6,172,173,-1,6,173,56,-1,56,173,174,-1,56,174,12,-1,12,174,175,-1,12,175,5,-1,5,175,176,-1,5,176,130,-1,130,176,177,-1,130,177,131,-1,131,177,178,-1,131,178,133,-1,136,135,179,-1,179,135,133,-1,179,133,178,-1,179,180,136,-1,136,180,181,-1,136,181,92,-1,92,181,182,-1,182,183,92,-1,92,183,184,-1,92,184,94,-1,94,184,185,-1,94,185,96,-1,96,185,186,-1,96,186,98,-1,98,186,187,-1,98,187,100,-1,100,187,188,-1,100,188,101,-1,101,188,189,-1,101,189,10,-1,10,189,190,-1,10,190,11,-1,11,190,191,-1,11,191,0,-1,191,192,0,-1,0,192,193,-1,0,193,1,-1,1,193,194,-1,1,194,118,-1,118,194,195,-1,118,195,116,-1,195,196,116,-1,116,196,197,-1,116,197,114,-1,114,197,198,-1,114,198,112,-1,199,38,40,-1,112,198,200,-1,201,108,200,-1,200,108,110,-1,200,110,112,-1,201,202,108,-1,108,202,203,-1,108,203,106,-1,106,203,204,-1,106,204,104,-1,104,204,205,-1,104,205,102,-1,102,205,206,-1,102,206,40,-1,40,206,207,-1,40,207,199,-1,15,38,208,-1,208,38,199,-1,18,15,209,-1,209,15,208,-1,19,18,210,-1,210,18,209,-1,20,19,211,-1,211,19,210,-1,20,211,212,-1,20,212,59,-1,59,212,213,-1,59,213,33,-1,33,213,214,-1,33,214,34,-1,34,214,215,-1,34,215,35,-1,35,215,216,-1,35,216,23,-1,23,216,217,-1,23,217,25,-1,25,217,218,-1,25,218,27,-1,27,218,219,-1,27,219,29,-1,29,219,220,-1,29,220,2,-1,2,220,221,-1,2,221,9,-1,9,221,222,-1,9,222,99,-1,99,222,223,-1,99,223,97,-1,97,223,224,-1,97,224,95,-1,95,224,225,-1,95,225,93,-1,91,93,225,-1,225,226,91,-1,91,226,227,-1,91,227,228,-1,229,132,228,-1,228,132,134,-1,228,134,91,-1,229,230,132,-1,132,230,231,-1,132,231,3,-1,3,231,232,-1,3,232,4,-1,4,232,233,-1,4,233,54,-1,54,233,234,-1,54,234,55,-1,55,234,235,-1,55,235,57,-1,57,235,236,-1,57,236,58,-1,58,236,237,-1,58,237,7,-1,7,237,238,-1,7,238,8,-1,8,238,239,-1,8,239,50,-1,50,239,240,-1,50,240,52,-1,52,240,241,-1,52,241,122,-1,122,241,242,-1,122,242,124,-1,124,242,243,-1,124,243,126,-1,126,243,244,-1,126,244,128,-1,128,244,245,-1,128,245,129,-1,129,245,246,-1,129,246,87,-1,87,246,247,-1,87,247,89,-1,89,247,248,-1,89,248,90,-1,90,248,41,-1,41,248,249,-1,41,249,250,-1,42,41,251,-1,251,41,250,-1,42,251,252,-1,42,252,44,-1,44,252,253,-1,44,253,46,-1,46,253,254,-1,46,254,73,-1,73,254,255,-1,73,255,74,-1,74,255,256,-1,74,256,76,-1,256,257,76,-1,76,257,258,-1,76,258,78,-1,78,258,259,-1,78,259,80,-1,80,259,260,-1,80,260,82,-1,82,260,261,-1,82,261,84,-1,84,261,262,-1,84,262,85,-1,85,262,263,-1,85,263,61,-1,61,263,264,-1,61,264,63,-1,63,264,265,-1,63,265,65,-1,65,265,266,-1,65,266,67,-1,69,67,267,-1,267,67,266,-1,69,267,268,-1,69,268,140,-1,140,268,269,-1,140,269,137,-1,137,269,270,-1,137,270,151,-1,151,270,271,-1,151,271,145,-1,145,271,272,-1,145,272,146,-1,146,272,273,-1,146,273,148,-1,148,273,274,-1,148,274,149,-1,149,274,275,-1,149,275,150,-1,150,275,276,-1,150,276,147,-1,147,276,277,-1,147,277,142,-1,142,277,278,-1,142,278,143,-1,143,278,279,-1,143,279,144,-1,144,279,280,-1,144,280,138,-1,138,280,281,-1,138,281,139,-1,139,281,282,-1,139,282,141,-1,141,282,283,-1,141,283,70,-1,70,283,284,-1,70,284,68,-1,66,68,285,-1,285,68,284,-1,66,285,286,-1,66,286,64,-1,64,286,287,-1,64,287,62,-1,62,287,288,-1,62,288,60,-1,60,288,289,-1,60,289,83,-1,83,289,290,-1,83,290,81,-1,81,290,156,-1,81,156,79,-1,21,291,292,-1,21,292,13,-1,13,292,293,-1,13,293,14,-1,14,293,294,-1,14,294,16,-1,16,294,295,-1,16,295,17,-1,17,295,296,-1,17,296,36,-1,36,296,297,-1,36,297,37,-1,37,297,298,-1,37,298,39,-1,39,298,299,-1,39,299,103,-1,103,299,300,-1,103,300,105,-1,105,300,301,-1,105,301,107,-1,107,301,302,-1,107,302,109,-1,109,302,303,-1,109,303,111,-1,111,303,304,-1,111,304,113,-1,113,304,305,-1,113,305,115,-1,115,305,306,-1,115,306,117,-1,117,306,307,-1,117,307,119,-1,119,307,308,-1,119,308,120,-1,120,308,309,-1,120,309,72,-1,72,309,310,-1,72,310,71,-1,71,310,311,-1,71,311,32,-1,32,311,312,-1,32,312,31,-1,31,312,313,-1,31,313,30,-1,30,313,314,-1,30,314,28,-1,28,314,315,-1,28,315,26,-1,26,315,316,-1,26,316,24,-1,24,316,317,-1,24,317,22,-1,22,317,291,-1,22,291,21,-1,
        ]
    }
}
Shape{
    appearance Appearance {
        material  Material 	{
            diffuseColor 0.25098039215686274 0.25098039215686274 0.25098039215686274
            specularColor 0.12549019607843137 0.12549019607843137 0.12549019607843137
            ambientIntensity 0.2
            transparency 0
            shininess 0.5
        }
    }
    geometry IndexedFaceSet {
        ccw TRUE
        solid FALSE
        coord DEF co Coordinate {
            point [
                0.8976 -1.7628 0.7087, 0.8836 -1.7243 0.7087, 0.8813 -1.7266 0.7087, 0.9043 -1.7621 0.7087, 0.9092 -1.7601 0.7087, 0.9033 -1.7189 0.7087, 0.8986 -1.7184 0.7087, 0.893 -1.7191 0.7087, 0.888 -1.7211 0.7087, 0.8775 -1.7476 0.7087, 0.8797 -1.7524 0.7087, 0.883 -1.7564 0.7087, 0.8986 -1.7628 0.7087, 0.8784 -1.7314 0.7087, 0.8767 -1.7367 0.7087, 0.8764 -1.7423 0.7087, 0.8873 -1.7598 0.7087, 0.8925 -1.762 0.7087, 0.9135 -1.757 0.7087, 0.9166 -1.7535 0.7087, 0.9193 -1.7486 0.7087, 0.9206 -1.7432 0.7087, 0.9206 -1.738 0.7087, 0.9193 -1.7327 0.7087, 0.9168 -1.728 0.7087, 0.9132 -1.7239 0.7087, 0.9086 -1.7208 0.7087, 0.9086 -1.7208 0.7087
            ]
        }
        coordIndex [
            0,1,2,-1,3,4,5,-1,6,7,0,-1,0,7,8,-1,0,8,1,-1,9,10,2,-1,2,10,11,-1,6,0,5,-1,5,0,12,-1,5,12,3,-1,13,14,2,-1,2,14,15,-1,2,15,9,-1,11,16,2,-1,2,16,17,-1,2,17,0,-1,4,18,5,-1,5,18,19,-1,5,19,20,-1,20,21,5,-1,5,21,22,-1,5,22,23,-1,23,24,5,-1,5,24,25,-1,5,25,26,-1,
        ]
    }
}