#VRML V2.0 utf8
# 3D model generated by easyeda2kicad.py (https://github.com/uPesy/easyeda2kicad.py)

Shape{
    appearance Appearance {
        material  Material 	{
            diffuseColor 0.20784313725490197 0.20784313725490197 0.20784313725490197
            specularColor 0.01568627450980392 0.01568627450980392 0.01568627450980392
            ambientIntensity 0.2
            transparency 0
            shininess 0.5
        }
    }
    geometry IndexedFaceSet {
        ccw TRUE
        solid FALSE
        coord DEF co Coordinate {
            point [
                -0.8268 -0.9793 0.0, -0.53 -0.9793 0.0, -0.53 -1.0506 0.0, 0.1206 -1.0506 0.0, 0.1206 -0.9793 0.0, 0.9055 -0.9793 0.0, 1.2106 -1.0315 0.0, 1.1984 -1.0409 0.0, 1.191 -1.0506 0.0, 0.8288 1.2249 0.0, 0.7185 1.189 0.0, 0.7307 1.1984 0.0, 1.378 1.1417 0.0, 1.2402 1.1417 0.0, 1.1338 1.2106 0.0, 1.1417 1.378 0.0, 1.378 1.378 0.0, 1.1417 1.2402 0.0, 1.1397 1.2249 0.0, 0.9011 1.1831 0.0, 0.9154 1.189 0.0, 1.0256 1.2249 0.0, 0.9276 1.1984 0.0, 1.1811 1.0827 0.0, 1.1831 1.0674 0.0, 0.9055 0.9793 0.0, 1.189 1.0531 0.0, 1.1984 1.0409 0.0, 0.1575 1.378 0.0, 0.2362 1.378 0.0, 0.1575 1.2402 0.0, 0.2362 1.2402 0.0, 0.1555 1.2249 0.0, 0.2382 1.2249 0.0, 0.1496 1.2106 0.0, 0.1402 1.1984 0.0, 0.6472 1.1984 0.0, 0.6594 1.189 0.0, 0.5217 1.189 0.0, 1.2249 1.1397 0.0, 1.2106 1.1338 0.0, 1.1244 1.1984 0.0, 1.1984 1.1244 0.0, 1.189 1.1122 0.0, 1.1831 1.098 0.0, 1.2106 1.0315 0.0, 1.1984 0.9276 0.0, 1.2249 1.0256 0.0, 1.2106 0.937 0.0, 0.748 1.378 0.0, 0.8268 1.378 0.0, 0.748 1.2402 0.0, 0.8268 1.2402 0.0, 0.746 1.2249 0.0, 0.7401 1.2106 0.0, 0.9449 1.378 0.0, 1.0236 1.378 0.0, 0.9449 1.2402 0.0, 1.0236 1.2402 0.0, 0.9429 1.2249 0.0, 0.937 1.2106 0.0, 0.1137 1.1831 0.0, 0.1206 1.186 0.0, 0.1206 0.9793 0.0, 0.128 1.189 0.0, 0.4921 1.1811 0.0, 0.5074 1.1831 0.0, 0.7043 1.1831 0.0, 0.8347 1.2106 0.0, 0.8441 1.1984 0.0, 1.378 1.0236 0.0, 1.378 0.9449 0.0, 1.2402 1.0236 0.0, 1.2402 0.9449 0.0, 1.2249 0.9429 0.0, 1.189 0.9154 0.0, 1.1831 0.9011 0.0, 1.189 0.2657 0.0, 1.1984 0.2535 0.0, 0.2657 1.189 0.0, 0.28 1.1831 0.0, 0.6737 1.1831 0.0, 0.689 1.1811 0.0, 1.1811 0.8858 0.0, 1.1831 0.8705 0.0, 1.189 0.8563 0.0, 1.1984 0.8441 0.0, 1.189 -0.3248 0.0, 1.1984 -0.337 0.0, 0.4504 1.1984 0.0, 0.4626 1.189 0.0, 0.3248 1.189 0.0, 0.8563 1.189 0.0, 1.0674 1.1831 0.0, 1.0827 1.1811 0.0, 1.1984 -0.8441 0.0, 1.189 -0.8563 0.0, 1.2249 -1.0256 0.0, 1.1984 -0.9276 0.0, 1.189 -0.9154 0.0, 1.1831 -0.9011 0.0, 0.2441 1.2106 0.0, 0.2535 1.1984 0.0, 0.2953 1.1811 0.0, 0.3106 1.1831 0.0, 0.4768 1.1831 0.0, 0.5512 1.378 0.0, 0.6299 1.378 0.0, 0.5512 1.2402 0.0, 0.6299 1.2402 0.0, 0.5492 1.2249 0.0, 0.6319 1.2249 0.0, 0.5433 1.2106 0.0, 0.5339 1.1984 0.0, 0.6378 1.2106 0.0, 0.8705 1.1831 0.0, 0.8858 1.1811 0.0, 1.189 0.6594 0.0, 1.1984 0.6472 0.0, 1.1831 -0.6737 0.0, 1.1811 -0.689 0.0, 1.1831 -0.8705 0.0, 1.1811 -0.8858 0.0, 1.378 -0.9449 0.0, 1.378 -1.0236 0.0, 1.2402 -0.9449 0.0, 1.2402 -1.0236 0.0, 1.2249 -0.9429 0.0, 1.2106 -0.937 0.0, 1.0315 1.2106 0.0, 1.0409 1.1984 0.0, 1.0531 1.189 0.0, 1.098 1.1831 0.0, 1.1122 1.189 0.0, 1.2249 0.746 0.0, 1.2106 0.7401 0.0, 1.1984 0.7307 0.0, 1.189 0.7185 0.0, 1.2106 0.2441 0.0, 1.1984 0.1402 0.0, 1.2249 0.2382 0.0, 1.2106 0.1496 0.0, 1.1984 -0.5339 0.0, 1.2249 -0.6319 0.0, 1.189 -0.5217 0.0, 1.1831 -0.5074 0.0, 1.378 -0.748 0.0, 1.378 -0.8268 0.0, 1.2402 -0.748 0.0, 1.2402 -0.8268 0.0, 1.2249 -0.746 0.0, 1.2249 -0.8288 0.0, 1.2106 -0.8347 0.0, 1.1831 0.7043 0.0, 1.1811 0.689 0.0, 1.1831 0.6737 0.0, 1.2106 0.6378 0.0, 1.1984 0.5339 0.0, 1.2249 0.6319 0.0, 1.2106 0.5433 0.0, 1.1831 -0.0831 0.0, 1.1811 -0.0984 0.0, 1.2106 -0.7401 0.0, 1.1984 -0.7307 0.0, 0.3543 1.378 0.0, 0.4331 1.378 0.0, 0.3543 1.2402 0.0, 0.4331 1.2402 0.0, 0.3523 1.2249 0.0, 0.4351 1.2249 0.0, 0.3464 1.2106 0.0, 0.337 1.1984 0.0, 0.441 1.2106 0.0, 1.189 0.4626 0.0, 1.1984 0.4504 0.0, 1.1831 0.4768 0.0, 1.378 0.2362 0.0, 1.378 0.1575 0.0, 1.2402 0.2362 0.0, 1.2402 0.1575 0.0, 1.2249 0.1555 0.0, 1.2249 -0.0414 0.0, 1.2106 -0.0473 0.0, 1.1984 0.0567 0.0, 1.1984 -0.0567 0.0, 1.189 0.0689 0.0, 1.2106 -0.3464 0.0, 1.1984 -0.4504 0.0, 1.2249 -0.3523 0.0, 1.2106 -0.441 0.0, 1.1831 -0.7043 0.0, 1.189 -0.7185 0.0, 1.378 0.8268 0.0, 1.378 0.748 0.0, 1.2402 0.8268 0.0, 1.2402 0.748 0.0, 1.2249 0.8288 0.0, 1.2106 0.8347 0.0, 1.1984 0.337 0.0, 1.2106 0.3464 0.0, 1.2249 0.3523 0.0, 1.1831 0.28 0.0, 1.189 -0.0689 0.0, 1.1811 0.0984 0.0, 1.1831 0.0831 0.0, 1.1831 -0.1137 0.0, 1.189 -0.128 0.0, 1.1984 -0.1402 0.0, 1.1984 -0.2535 0.0, 1.2106 -0.2441 0.0, 1.2249 -0.2382 0.0, 1.1831 -0.3106 0.0, 1.378 -0.5512 0.0, 1.378 -0.6299 0.0, 1.2402 -0.5512 0.0, 1.2402 -0.6299 0.0, 1.2249 -0.5492 0.0, 1.2106 -0.5433 0.0, 1.189 -0.6594 0.0, 1.1811 -0.4921 0.0, 1.1984 -0.6472 0.0, 1.2106 -0.6378 0.0, 1.378 0.6299 0.0, 1.378 0.5512 0.0, 1.2402 0.6299 0.0, 1.2402 0.5512 0.0, 1.2249 0.5492 0.0, 1.189 0.5217 0.0, 1.1831 0.5074 0.0, 1.1811 0.4921 0.0, 1.378 0.0394 0.0, 1.378 -0.0394 0.0, 1.2402 0.0394 0.0, 1.2402 -0.0394 0.0, 1.2249 0.0414 0.0, 1.2106 0.0473 0.0, 1.189 0.3248 0.0, 1.1831 0.3106 0.0, 1.1811 0.2953 0.0, 1.378 -0.1575 0.0, 1.378 -0.2362 0.0, 1.2402 -0.1575 0.0, 1.2402 -0.2362 0.0, 1.2249 -0.1555 0.0, 1.2106 -0.1496 0.0, 1.189 -0.2657 0.0, 1.1831 -0.28 0.0, 1.1811 -0.2953 0.0, 1.378 -0.3543 0.0, 1.378 -0.4331 0.0, 1.2402 -0.3543 0.0, 1.2402 -0.4331 0.0, 1.2249 -0.4351 0.0, 1.378 0.4331 0.0, 1.378 0.3543 0.0, 1.2402 0.4331 0.0, 1.2402 0.3543 0.0, 1.2249 0.4351 0.0, 1.2106 0.441 0.0, 1.1831 0.1137 0.0, 1.189 0.128 0.0, 1.1831 -0.4768 0.0, 1.189 -0.4626 0.0, 0.0567 1.1984 0.0, 0.0689 1.189 0.0, 0.0509 0.9793 0.0, 0.0831 1.1831 0.0, 0.0984 1.1811 0.0, -0.0067 1.378 0.0, 0.0394 1.378 0.0, 0.0394 1.2402 0.0, -0.0067 0.9793 0.0, 0.0414 1.2249 0.0, 0.0473 1.2106 0.0, 0.0509 1.2059 0.0, -0.0567 1.1984 0.0, -0.0473 1.2106 0.0, -0.0394 1.378 0.0, -0.0394 1.2402 0.0, -0.0414 1.2249 0.0, -0.53 0.9793 0.0, -0.5217 1.189 0.0, -0.5074 1.1831 0.0, -0.4331 1.378 0.0, -0.3543 1.378 0.0, -0.4331 1.2402 0.0, -0.3543 1.2402 0.0, -0.4351 1.2249 0.0, -0.3523 1.2249 0.0, -0.441 1.2106 0.0, -0.4504 1.1984 0.0, -0.28 1.1831 0.0, -0.2657 1.189 0.0, -0.1555 1.2249 0.0, -0.2535 1.1984 0.0, -0.1402 1.1984 0.0, -0.128 1.189 0.0, -0.0806 0.9793 0.0, -0.1137 1.1831 0.0, -0.0984 1.1811 0.0, -0.0831 1.1831 0.0, -0.0806 1.1842 0.0, -0.0689 1.189 0.0, -0.4626 1.189 0.0, -0.3464 1.2106 0.0, -0.337 1.1984 0.0, -0.3248 1.189 0.0, -0.4768 1.1831 0.0, -0.4921 1.1811 0.0, -0.2362 1.378 0.0, -0.1575 1.378 0.0, -0.2362 1.2402 0.0, -0.1575 1.2402 0.0, -0.2382 1.2249 0.0, -0.2441 1.2106 0.0, -0.3106 1.1831 0.0, -0.2953 1.1811 0.0, -0.1496 1.2106 0.0, -1.2402 1.1417 0.0, -1.378 1.1417 0.0, -1.1397 1.2249 0.0, -1.1984 -1.0409 0.0, -1.2106 -1.0315 0.0, -0.9055 -0.9006 0.0, -0.9429 1.2249 0.0, -1.0674 1.1831 0.0, -1.0531 1.189 0.0, -0.9055 0.9793 0.0, -0.5339 1.1984 0.0, -0.53 1.1954 0.0, -1.0236 1.378 0.0, -0.9449 1.378 0.0, -1.0236 1.2402 0.0, -0.9449 1.2402 0.0, -1.0256 1.2249 0.0, -1.378 1.378 0.0, -1.1417 1.378 0.0, -1.1417 1.2402 0.0, -1.191 -1.0506 0.0, -1.0409 1.1984 0.0, -1.0315 1.2106 0.0, -0.6594 1.189 0.0, -0.6472 1.1984 0.0, -0.5492 1.2249 0.0, -0.6737 1.1831 0.0, -0.5433 1.2106 0.0, -1.2106 -0.937 0.0, -1.2249 -1.0256 0.0, -1.189 0.7185 0.0, -1.1984 0.7307 0.0, -1.1984 0.8441 0.0, -1.2106 0.7401 0.0, -1.2106 1.0315 0.0, -1.1984 1.0409 0.0, -1.2249 0.9429 0.0, -1.1244 1.1984 0.0, -1.1122 1.189 0.0, -1.098 1.1831 0.0, -1.0827 1.1811 0.0, -0.9011 1.1831 0.0, -0.8858 1.1811 0.0, -1.1811 -0.8858 0.0, -1.1831 -0.9011 0.0, -1.189 -0.9154 0.0, -1.189 0.3248 0.0, -1.1984 0.337 0.0, -0.937 1.2106 0.0, -0.9276 1.1984 0.0, -0.7307 1.1984 0.0, -0.7185 1.189 0.0, -0.8347 1.2106 0.0, -0.6299 1.378 0.0, -0.5512 1.378 0.0, -0.6299 1.2402 0.0, -0.5512 1.2402 0.0, -0.6319 1.2249 0.0, -0.6378 1.2106 0.0, -1.1984 -0.9276 0.0, -0.9154 1.189 0.0, -0.7043 1.1831 0.0, -0.689 1.1811 0.0, -1.378 -1.0236 0.0, -1.378 -0.9449 0.0, -1.2402 -1.0236 0.0, -1.2402 -0.9449 0.0, -1.2249 -0.9429 0.0, -1.189 -0.2657 0.0, -1.1984 -0.2535 0.0, -1.378 -0.8268 0.0, -1.378 -0.748 0.0, -1.2402 -0.8268 0.0, -1.2402 -0.748 0.0, -1.1831 1.0674 0.0, -1.1811 1.0827 0.0, -1.1831 1.098 0.0, -1.378 0.748 0.0, -1.378 0.8268 0.0, -1.2402 0.748 0.0, -1.2402 0.8268 0.0, -1.2249 0.746 0.0, -1.2249 0.8288 0.0, -1.2106 0.8347 0.0, -1.2106 -0.2441 0.0, -1.1984 -0.1402 0.0, -1.2249 -0.2382 0.0, -1.2106 -0.1496 0.0, -1.2106 0.3464 0.0, -1.1984 0.4504 0.0, -1.2249 0.3523 0.0, -1.2106 0.441 0.0, -1.378 0.9449 0.0, -1.378 1.0236 0.0, -1.2402 0.9449 0.0, -1.2402 1.0236 0.0, -1.2249 1.0256 0.0, -1.189 1.0531 0.0, -1.1984 0.9276 0.0, -1.2106 0.937 0.0, -1.2106 -0.7401 0.0, -1.1984 -0.8441 0.0, -1.2249 -0.746 0.0, -1.2106 -0.8347 0.0, -1.2249 -0.8288 0.0, -1.1831 0.0831 0.0, -1.1811 0.0984 0.0, -1.1831 0.8705 0.0, -1.1811 0.8858 0.0, -1.189 1.1122 0.0, -1.1984 1.1244 0.0, -1.1338 1.2106 0.0, -1.2106 1.1338 0.0, -1.2249 1.1397 0.0, -0.8705 1.1831 0.0, -0.8563 1.189 0.0, -0.8441 1.1984 0.0, -1.1984 -0.7307 0.0, -1.189 -0.7185 0.0, -1.1831 -0.7043 0.0, -1.1811 -0.689 0.0, -1.1831 -0.6737 0.0, -1.189 -0.6594 0.0, -1.1984 -0.6472 0.0, -1.378 -0.2362 0.0, -1.378 -0.1575 0.0, -1.2402 -0.2362 0.0, -1.2402 -0.1575 0.0, -1.2249 -0.1555 0.0, -1.2249 0.0414 0.0, -1.2106 0.0473 0.0, -1.1984 -0.0567 0.0, -1.1984 0.0567 0.0, -1.189 -0.0689 0.0, -1.1984 0.5339 0.0, -1.189 0.5217 0.0, -1.1831 0.5074 0.0, -1.189 -0.8563 0.0, -1.1831 -0.8705 0.0, -1.2106 -0.6378 0.0, -1.1984 -0.5339 0.0, -1.2249 -0.6319 0.0, -1.2106 -0.5433 0.0, -1.189 0.0689 0.0, -1.1811 -0.0984 0.0, -1.1831 -0.0831 0.0, -1.1831 0.1137 0.0, -1.189 0.128 0.0, -1.1984 0.1402 0.0, -1.1984 0.2535 0.0, -1.2106 0.2441 0.0, -1.2249 0.2382 0.0, -1.1831 0.3106 0.0, -1.378 0.3543 0.0, -1.378 0.4331 0.0, -1.2402 0.3543 0.0, -1.2402 0.4331 0.0, -1.2249 0.4351 0.0, -1.189 0.4626 0.0, -1.1831 0.4768 0.0, -1.1811 0.4921 0.0, -0.8268 1.378 0.0, -0.748 1.378 0.0, -0.8268 1.2402 0.0, -0.748 1.2402 0.0, -0.8288 1.2249 0.0, -0.746 1.2249 0.0, -0.7401 1.2106 0.0, -1.189 -0.4626 0.0, -1.1984 -0.4504 0.0, -1.1831 -0.4768 0.0, -1.378 -0.0394 0.0, -1.378 0.0394 0.0, -1.2402 -0.0394 0.0, -1.2402 0.0394 0.0, -1.2249 -0.0414 0.0, -1.2106 -0.0473 0.0, -1.189 0.9154 0.0, -1.1831 0.9011 0.0, -1.1984 -0.337 0.0, -1.2106 -0.3464 0.0, -1.2249 -0.3523 0.0, -1.1831 -0.28 0.0, -1.378 0.1575 0.0, -1.378 0.2362 0.0, -1.2402 0.1575 0.0, -1.2402 0.2362 0.0, -1.2249 0.1555 0.0, -1.2106 0.1496 0.0, -1.189 0.2657 0.0, -1.1831 0.28 0.0, -1.1811 0.2953 0.0, -1.378 -0.6299 0.0, -1.378 -0.5512 0.0, -1.2402 -0.6299 0.0, -1.2402 -0.5512 0.0, -1.2249 -0.5492 0.0, -1.189 -0.5217 0.0, -1.1831 -0.5074 0.0, -1.1811 -0.4921 0.0, -1.378 0.5512 0.0, -1.378 0.6299 0.0, -1.2402 0.5512 0.0, -1.2402 0.6299 0.0, -1.2249 0.5492 0.0, -1.2249 0.6319 0.0, -1.2106 0.6378 0.0, -1.2106 0.5433 0.0, -1.1984 0.6472 0.0, -1.189 0.6594 0.0, -1.1831 0.6737 0.0, -1.1811 0.689 0.0, -1.189 -0.3248 0.0, -1.1831 -0.3106 0.0, -1.1811 -0.2953 0.0, -1.1831 -0.1137 0.0, -1.189 -0.128 0.0, -1.189 0.8563 0.0, -1.1831 0.7043 0.0, -1.378 -0.4331 0.0, -1.378 -0.3543 0.0, -1.2402 -0.4331 0.0, -1.2402 -0.3543 0.0, -1.2249 -0.4351 0.0, -1.2106 -0.441 0.0, -1.189 -1.0531 0.0, -1.1831 -1.0674 0.0, -1.1984 -1.1244 0.0, -1.189 -1.1122 0.0, -0.53 -1.1303 0.0, -1.1831 -1.098 0.0, -1.1811 -1.0827 0.0, -0.748 -1.378 0.0, -0.8268 -1.378 0.0, -0.748 -1.2402 0.0, -0.8268 -1.2402 0.0, -0.9449 -1.378 0.0, -1.0236 -1.378 0.0, -0.9449 -1.2402 0.0, -1.0236 -1.2402 0.0, -0.5512 -1.378 0.0, -0.6299 -1.378 0.0, -0.5512 -1.2402 0.0, -0.6299 -1.2402 0.0, -0.5492 -1.2249 0.0, -1.1417 -1.378 0.0, -1.378 -1.378 0.0, -1.1417 -1.2402 0.0, -1.378 -1.1417 0.0, -0.6319 -1.2249 0.0, -0.6378 -1.2106 0.0, -0.5433 -1.2106 0.0, -0.6472 -1.1984 0.0, -0.5339 -1.1984 0.0, -0.6594 -1.189 0.0, -0.6737 -1.1831 0.0, -0.689 -1.1811 0.0, -1.206 -1.1303 0.0, -0.8288 -1.2249 0.0, -0.7401 -1.2106 0.0, -0.746 -1.2249 0.0, -1.0256 -1.2249 0.0, -0.9011 -1.1831 0.0, -0.9154 -1.189 0.0, -0.9276 -1.1984 0.0, -0.937 -1.2106 0.0, -0.9429 -1.2249 0.0, -1.0315 -1.2106 0.0, -1.0409 -1.1984 0.0, -0.8858 -1.1811 0.0, -0.8347 -1.2106 0.0, -0.7185 -1.189 0.0, -0.7307 -1.1984 0.0, -1.2402 -1.1417 0.0, -1.1338 -1.2106 0.0, -1.1397 -1.2249 0.0, -0.8441 -1.1984 0.0, -0.8563 -1.189 0.0, -0.8705 -1.1831 0.0, -1.098 -1.1831 0.0, -1.1122 -1.189 0.0, -1.1244 -1.1984 0.0, -1.2106 -1.1338 0.0, -1.2249 -1.1397 0.0, -0.7043 -1.1831 0.0, -1.0531 -1.189 0.0, -1.0674 -1.1831 0.0, -1.0827 -1.1811 0.0, -0.5074 -1.1831 0.0, -0.5217 -1.189 0.0, -0.53 -1.1954 0.0, -0.1575 -1.378 0.0, -0.2362 -1.378 0.0, -0.1575 -1.2402 0.0, -0.2362 -1.2402 0.0, -0.1555 -1.2249 0.0, -0.441 -1.2106 0.0, -0.4504 -1.1984 0.0, -0.3523 -1.2249 0.0, -0.4626 -1.189 0.0, -0.4768 -1.1831 0.0, -0.4921 -1.1811 0.0, -0.28 -1.1831 0.0, -0.128 -1.189 0.0, -0.2657 -1.189 0.0, -0.1402 -1.1984 0.0, -0.2535 -1.1984 0.0, -0.0831 -1.1831 0.0, -0.0984 -1.1811 0.0, -0.0806 -1.1303 0.0, -0.1137 -1.1831 0.0, -0.2953 -1.1811 0.0, -0.3106 -1.1831 0.0, -0.3248 -1.189 0.0, -0.337 -1.1984 0.0, -0.3464 -1.2106 0.0, -0.1496 -1.2106 0.0, -0.2382 -1.2249 0.0, -0.2441 -1.2106 0.0, -0.3543 -1.378 0.0, -0.4331 -1.378 0.0, -0.3543 -1.2402 0.0, -0.4331 -1.2402 0.0, -0.4351 -1.2249 0.0, -0.0067 -1.1303 0.0, -0.0689 -1.189 0.0, -0.0806 -1.1842 0.0, -0.0394 -1.2402 0.0, -0.0414 -1.2249 0.0, -0.0473 -1.2106 0.0, -0.0567 -1.1984 0.0, -0.0067 -1.378 0.0, -0.0394 -1.378 0.0, 0.0414 -1.2249 0.0, 0.0394 -1.2402 0.0, 0.0394 -1.378 0.0, 0.0831 -1.1831 0.0, 0.0689 -1.189 0.0, 0.0509 -1.1303 0.0, 0.0567 -1.1984 0.0, 0.0509 -1.2059 0.0, 0.0473 -1.2106 0.0, 0.1206 -1.1303 0.0, 0.1206 -1.186 0.0, 0.1137 -1.1831 0.0, 0.0803 -1.1308 0.0, 0.0984 -1.1811 0.0, 0.0849 -1.1303 0.0, 0.6299 -1.378 0.0, 0.5512 -1.378 0.0, 0.6299 -1.2402 0.0, 0.5512 -1.2402 0.0, 0.6319 -1.2249 0.0, 0.4331 -1.378 0.0, 0.3543 -1.378 0.0, 0.4331 -1.2402 0.0, 0.3543 -1.2402 0.0, 0.4351 -1.2249 0.0, 0.1555 -1.2249 0.0, 0.2382 -1.2249 0.0, 0.1575 -1.2402 0.0, 0.2362 -1.2402 0.0, 0.1575 -1.378 0.0, 0.2362 -1.378 0.0, 0.6737 -1.1831 0.0, 0.6594 -1.189 0.0, 1.378 -1.1417 0.0, 1.378 -1.378 0.0, 1.1417 -1.378 0.0, 1.0236 -1.378 0.0, 0.9449 -1.378 0.0, 1.0236 -1.2402 0.0, 0.9449 -1.2402 0.0, 1.0256 -1.2249 0.0, 1.1417 -1.2402 0.0, 1.1397 -1.2249 0.0, 1.2402 -1.1417 0.0, 0.689 -1.1811 0.0, 0.5339 -1.1984 0.0, 0.5217 -1.189 0.0, 0.4626 -1.189 0.0, 0.3248 -1.189 0.0, 0.3106 -1.1831 0.0, 0.28 -1.1831 0.0, 0.2657 -1.189 0.0, 0.5074 -1.1831 0.0, 0.4921 -1.1811 0.0, 0.4768 -1.1831 0.0, 0.2953 -1.1811 0.0, 1.1244 -1.1984 0.0, 1.1122 -1.189 0.0, 1.206 -1.1303 0.0, 1.098 -1.1831 0.0, 1.1338 -1.2106 0.0, 1.2106 -1.1338 0.0, 1.2249 -1.1397 0.0, 0.9276 -1.1984 0.0, 0.9154 -1.189 0.0, 0.5433 -1.2106 0.0, 0.6472 -1.1984 0.0, 0.6378 -1.2106 0.0, 0.441 -1.2106 0.0, 0.3523 -1.2249 0.0, 0.4504 -1.1984 0.0, 0.3464 -1.2106 0.0, 0.337 -1.1984 0.0, 0.2535 -1.1984 0.0, 0.2441 -1.2106 0.0, 1.0827 -1.1811 0.0, 1.0674 -1.1831 0.0, 1.0531 -1.189 0.0, 0.9429 -1.2249 0.0, 0.937 -1.2106 0.0, 1.0315 -1.2106 0.0, 1.0409 -1.1984 0.0, 0.7185 -1.189 0.0, 0.7043 -1.1831 0.0, 0.1496 -1.2106 0.0, 0.1402 -1.1984 0.0, 0.128 -1.189 0.0, 0.5492 -1.2249 0.0, 0.9011 -1.1831 0.0, 0.8858 -1.1811 0.0, 0.8705 -1.1831 0.0, 0.8563 -1.189 0.0, 0.8441 -1.1984 0.0, 0.8347 -1.2106 0.0, 0.7307 -1.1984 0.0, 0.8268 -1.378 0.0, 0.748 -1.378 0.0, 0.8268 -1.2402 0.0, 0.748 -1.2402 0.0, 0.8288 -1.2249 0.0, 0.746 -1.2249 0.0, 0.7401 -1.2106 0.0, 0.1239 -1.1298 0.0, 0.1642 -1.1298 0.0, 0.1239 -1.1212 0.0, 0.1537 -1.1212 0.0, 1.189 -1.0531 0.0, 0.1642 -1.0511 0.0, 0.1537 -1.0511 0.0, 1.1831 -1.0674 0.0, 1.1811 -1.0827 0.0, 1.1831 -1.098 0.0, 1.1984 -1.1244 0.0, 1.189 -1.1122 0.0, 0.083 -1.0506 0.0, 0.0772 -1.0501 0.0, 0.0509 -0.9793 0.0, -0.0067 -1.0506 0.0, -0.0067 -0.9793 0.0, 0.0509 -1.0506 0.0, 0.0702 -1.0506 0.0, 0.0586 -1.1171 0.0, 0.0586 -1.1257 0.0, 0.067 -1.1292 0.0, 0.075 -1.1303 0.0, 0.0781 -1.1307 0.0, 0.0677 -1.0508 0.0, 0.0586 -1.0532 0.0, 0.0586 -1.0638 0.0, 0.0675 -1.06 0.0, 0.06 -1.1179 0.0, 0.0771 -1.0588 0.0, 0.0848 -1.0596 0.0, 0.0907 -1.0618 0.0, 0.0962 -1.0654 0.0, 0.1009 -1.0707 0.0, 0.1066 -1.0913 0.0, 0.1058 -1.0998 0.0, 0.1037 -1.1066 0.0, 0.0862 -1.1213 0.0, 0.0788 -1.1221 0.0, 0.0919 -1.1192 0.0, 0.0967 -1.1159 0.0, 0.1004 -1.112 0.0, 0.0684 -1.121 0.0, 0.1042 -1.0767 0.0, 0.1063 -1.0852 0.0, 0.0976 -1.1271 0.0, 0.104 -1.1231 0.0, 0.1099 -1.1169 0.0, 0.1141 -1.1094 0.0, 0.09 -1.1298 0.0, 0.113 -1.0718 0.0, 0.1084 -1.0645 0.0, 0.1013 -1.0576 0.0, 0.0938 -1.0533 0.0, 0.0851 -1.0508 0.0, 0.1164 -1.1011 0.0, 0.1172 -1.0919 0.0, 0.1161 -1.0807 0.0, 0.001 -1.1212 0.0, 0.001 -1.1298 0.0, 0.0433 -1.1298 0.0, 0.0433 -1.0511 0.0, 0.0029 -1.0511 0.0, 0.0029 -1.0597 0.0, 0.0048 -1.0943 0.0, 0.0327 -1.0943 0.0, 0.0327 -1.1212 0.0, 0.0048 -1.0856 0.0, 0.0327 -1.0856 0.0, 0.0327 -1.0597 0.0, -0.0366 -1.0511 0.0, -0.0806 -1.0506 0.0, -0.0806 -0.9793 0.0, -0.048 -1.0523 0.0, -0.0572 -1.0555 0.0, -0.0657 -1.0613 0.0, -0.0738 -1.1082 0.0, -0.0693 -1.1153 0.0, -0.0628 -1.1215 0.0, -0.0546 -1.1263 0.0, -0.0658 -1.0613 0.0, -0.0714 -1.0675 0.0, -0.075 -1.0743 0.0, -0.0772 -1.082 0.0, -0.0777 -1.0895 0.0, -0.0766 -1.1 0.0, -0.0455 -1.129 0.0, -0.0358 -1.1298 0.0, -0.0144 -1.1298 0.0, -0.0144 -1.0511 0.0, -0.143 -1.1298 0.0, -0.1546 -1.1298 0.0, -0.1238 -1.0511 0.0, -0.1351 -1.1077 0.0, -0.1025 -1.1077 0.0, -0.095 -1.1298 0.0, -0.0835 -1.1298 0.0, -0.1133 -1.0511 0.0, -1.378 1.1994 0.0591, -1.378 -1.378 0.3543, -1.378 1.378 0.3543, -1.378 1.2599 0.0181, -1.378 1.2599 0.0591, -1.378 1.0236 0.0591, -1.378 0.9449 0.0591, -1.378 0.8268 0.0591, -1.378 1.1417 0.0591, -1.378 1.1994 0.0181, -1.378 0.6299 0.0591, -1.378 0.5512 0.0591, -1.378 0.4331 0.0591, -1.378 0.748 0.0591, -1.378 0.2362 0.0591, -1.378 0.1575 0.0591, -1.378 0.0394 0.0591, -1.378 0.3543 0.0591, -1.378 -0.1575 0.0591, -1.378 -0.2362 0.0591, -1.378 -0.3543 0.0591, -1.378 -0.0394 0.0591, -1.378 -0.5512 0.0591, -1.378 -0.6299 0.0591, -1.378 -0.748 0.0591, -1.378 -0.4331 0.0591, -1.378 -0.9449 0.0591, -1.378 -1.0236 0.0591, -1.378 -1.1417 0.0591, -1.378 -0.8268 0.0591, -1.378 -1.1994 0.0591, -1.378 -1.1994 0.0181, -1.378 -1.2599 0.0181, -1.378 -1.2599 0.0591, -1.2802 -1.378 0.0293, -1.2123 -1.378 0.0593, 1.378 -1.378 0.3543, -1.2802 -1.378 0.0593, -1.0236 -1.378 0.0591, -0.9449 -1.378 0.0591, -0.8268 -1.378 0.0591, -1.1417 -1.378 0.0591, -1.2123 -1.378 0.0293, -0.6299 -1.378 0.0591, -0.5512 -1.378 0.0591, -0.4331 -1.378 0.0591, -0.748 -1.378 0.0591, -0.2362 -1.378 0.0591, -0.1575 -1.378 0.0591, -0.0394 -1.378 0.0591, -0.3543 -1.378 0.0591, 0.1575 -1.378 0.0591, 0.2362 -1.378 0.0591, 0.3543 -1.378 0.0591, 0.0394 -1.378 0.0591, 0.5512 -1.378 0.0591, 0.6299 -1.378 0.0591, 0.748 -1.378 0.0591, 0.4331 -1.378 0.0591, 0.9449 -1.378 0.0591, 1.0236 -1.378 0.0591, 1.1417 -1.378 0.0591, 0.8268 -1.378 0.0591, 1.2123 -1.378 0.0593, 1.2123 -1.378 0.0293, 1.2802 -1.378 0.0293, 1.2802 -1.378 0.0593, 1.378 1.1417 0.0591, 1.378 1.1994 0.0181, 1.378 1.2599 0.0181, 1.378 1.2599 0.0591, 1.378 1.378 0.3543, 1.378 1.1994 0.0591, 1.378 -1.1417 0.0591, 1.378 -1.1994 0.0591, 1.378 -1.1994 0.0181, 1.378 -1.2599 0.0181, 1.378 -1.2599 0.0591, 1.378 -1.0236 0.0591, 1.378 -0.8268 0.0591, 1.378 -0.748 0.0591, 1.378 -0.6299 0.0591, 1.378 -0.9449 0.0591, 1.378 -0.4331 0.0591, 1.378 -0.3543 0.0591, 1.378 -0.2362 0.0591, 1.378 -0.5512 0.0591, 1.378 -0.0394 0.0591, 1.378 0.0394 0.0591, 1.378 0.1575 0.0591, 1.378 -0.1575 0.0591, 1.378 0.3543 0.0591, 1.378 0.4331 0.0591, 1.378 0.5512 0.0591, 1.378 0.2362 0.0591, 1.378 0.748 0.0591, 1.378 0.8268 0.0591, 1.378 0.9449 0.0591, 1.378 0.6299 0.0591, 1.378 1.0236 0.0591, 1.2802 1.378 0.0293, 1.2802 1.378 0.0593, 1.2123 1.378 0.0593, -0.748 1.378 0.0591, 1.0236 1.378 0.0591, 1.1417 1.378 0.0591, 1.2123 1.378 0.0293, -1.2123 1.378 0.0593, -1.2802 1.378 0.0593, -1.2802 1.378 0.0293, -1.2123 1.378 0.0293, -1.1417 1.378 0.0591, 0.9449 1.378 0.0591, 0.8268 1.378 0.0591, 0.748 1.378 0.0591, 0.6299 1.378 0.0591, 0.5512 1.378 0.0591, 0.4331 1.378 0.0591, 0.3543 1.378 0.0591, 0.2362 1.378 0.0591, 0.1575 1.378 0.0591, 0.0394 1.378 0.0591, -0.0394 1.378 0.0591, -0.1575 1.378 0.0591, -0.2362 1.378 0.0591, -0.3543 1.378 0.0591, -0.4331 1.378 0.0591, -0.5512 1.378 0.0591, -0.8268 1.378 0.0591, -0.9449 1.378 0.0591, -0.6299 1.378 0.0591, -1.0236 1.378 0.0591, -1.1539 1.2026 0.3543, -1.2026 1.1539 0.3543, -1.2205 1.1516 0.3543, -1.2383 1.1539 0.3543, -1.2549 1.1608 0.3543, -1.2692 1.1718 0.3543, -1.1608 1.186 0.3543, -1.1718 1.1718 0.3543, -1.186 1.1608 0.3543, -1.2801 1.186 0.3543, -1.287 1.2026 0.3543, -1.2894 1.2205 0.3543, -1.287 1.2383 0.3543, -1.2801 1.2549 0.3543, -1.2692 1.2692 0.3543, -1.2549 1.2801 0.3543, -1.2383 1.287 0.3543, -1.1718 1.2692 0.3543, -1.1608 1.2549 0.3543, -1.2205 1.2894 0.3543, -1.2026 1.287 0.3543, -1.186 1.2801 0.3543, -1.1539 1.2383 0.3543, -1.1516 1.2205 0.3543, -1.1516 1.2205 0.3543
            ]
        }
        coordIndex [
            0,1,2,-1,3,4,5,-1,6,7,5,-1,5,7,8,-1,5,8,3,-1,9,10,11,-1,12,13,14,-1,15,16,17,-1,17,16,12,-1,17,12,18,-1,18,12,14,-1,19,20,21,-1,21,20,22,-1,23,24,25,-1,25,24,26,-1,25,26,27,-1,28,29,30,-1,30,29,31,-1,30,31,32,-1,32,31,33,-1,32,33,34,-1,34,33,35,-1,36,37,38,-1,13,39,14,-1,14,39,40,-1,14,40,41,-1,40,42,41,-1,41,42,43,-1,41,43,25,-1,25,43,44,-1,25,44,23,-1,27,45,46,-1,46,45,47,-1,46,47,48,-1,49,50,51,-1,51,50,52,-1,51,52,53,-1,53,52,9,-1,53,9,54,-1,54,9,11,-1,55,56,57,-1,57,56,58,-1,57,58,59,-1,59,58,21,-1,59,21,60,-1,60,21,22,-1,61,62,63,-1,63,62,64,-1,63,65,25,-1,25,65,66,-1,25,66,38,-1,10,9,67,-1,67,9,68,-1,67,68,69,-1,70,71,72,-1,72,71,73,-1,72,73,47,-1,47,73,74,-1,47,74,48,-1,27,46,25,-1,25,46,75,-1,25,75,76,-1,77,78,5,-1,63,79,80,-1,38,37,25,-1,25,37,81,-1,25,81,82,-1,76,83,25,-1,25,83,84,-1,25,84,5,-1,5,84,85,-1,5,85,86,-1,87,88,5,-1,89,90,91,-1,92,25,69,-1,69,25,82,-1,69,82,67,-1,93,94,25,-1,95,96,5,-1,97,6,98,-1,98,6,5,-1,98,5,99,-1,99,5,100,-1,35,33,64,-1,64,33,101,-1,64,101,63,-1,63,101,102,-1,63,102,79,-1,80,103,63,-1,63,103,104,-1,63,104,65,-1,65,104,91,-1,65,91,105,-1,105,91,90,-1,106,107,108,-1,108,107,109,-1,108,109,110,-1,110,109,111,-1,110,111,112,-1,112,111,113,-1,113,111,38,-1,38,111,114,-1,38,114,36,-1,92,115,25,-1,25,115,116,-1,25,116,19,-1,117,118,5,-1,119,120,5,-1,96,121,5,-1,5,121,122,-1,5,122,100,-1,123,124,125,-1,125,124,126,-1,125,126,127,-1,127,126,97,-1,127,97,128,-1,128,97,98,-1,21,129,19,-1,19,129,130,-1,19,130,25,-1,25,130,131,-1,25,131,93,-1,94,132,25,-1,25,132,133,-1,25,133,41,-1,134,135,86,-1,86,135,136,-1,86,136,137,-1,78,138,139,-1,139,138,140,-1,139,140,141,-1,142,143,144,-1,144,143,145,-1,146,147,148,-1,148,147,149,-1,148,149,150,-1,150,149,151,-1,150,151,152,-1,137,153,86,-1,86,153,154,-1,86,154,5,-1,5,154,155,-1,5,155,117,-1,118,156,157,-1,157,156,158,-1,157,158,159,-1,160,161,5,-1,152,95,150,-1,150,95,5,-1,150,5,162,-1,162,5,163,-1,164,165,166,-1,166,165,167,-1,166,167,168,-1,168,167,169,-1,168,169,170,-1,170,169,171,-1,171,169,91,-1,91,169,172,-1,91,172,89,-1,173,174,5,-1,173,5,175,-1,176,177,178,-1,178,177,179,-1,178,179,140,-1,140,179,180,-1,140,180,141,-1,181,182,183,-1,183,182,184,-1,183,184,185,-1,88,186,187,-1,187,186,188,-1,187,188,189,-1,120,190,5,-1,5,190,191,-1,5,191,163,-1,192,193,194,-1,194,193,195,-1,194,195,196,-1,196,195,134,-1,196,134,197,-1,197,134,86,-1,198,174,199,-1,199,174,200,-1,77,5,201,-1,202,203,184,-1,184,203,204,-1,184,204,185,-1,161,205,5,-1,5,205,206,-1,5,206,207,-1,208,207,209,-1,209,207,210,-1,87,5,211,-1,212,213,214,-1,214,213,215,-1,214,215,216,-1,216,215,143,-1,216,143,217,-1,217,143,142,-1,218,219,220,-1,220,219,145,-1,220,145,221,-1,221,145,143,-1,222,223,224,-1,224,223,225,-1,224,225,158,-1,158,225,226,-1,158,226,159,-1,157,227,118,-1,118,227,228,-1,118,228,5,-1,5,228,229,-1,5,229,175,-1,230,231,232,-1,232,231,233,-1,232,233,234,-1,234,233,181,-1,234,181,235,-1,235,181,183,-1,198,236,174,-1,174,236,237,-1,174,237,5,-1,5,237,238,-1,5,238,201,-1,239,240,241,-1,241,240,242,-1,241,242,243,-1,243,242,210,-1,243,210,244,-1,244,210,207,-1,208,245,207,-1,207,245,246,-1,207,246,5,-1,5,246,247,-1,5,247,211,-1,248,249,250,-1,250,249,251,-1,250,251,188,-1,188,251,252,-1,188,252,189,-1,253,254,255,-1,255,254,256,-1,255,256,257,-1,257,256,200,-1,257,200,258,-1,258,200,174,-1,202,160,203,-1,203,160,5,-1,203,5,259,-1,259,5,78,-1,259,78,260,-1,260,78,139,-1,218,119,219,-1,219,119,5,-1,219,5,261,-1,261,5,88,-1,261,88,262,-1,262,88,187,-1,263,264,265,-1,265,264,266,-1,265,266,63,-1,63,266,267,-1,63,267,61,-1,268,269,270,-1,268,270,271,-1,270,272,271,-1,271,272,273,-1,271,273,265,-1,265,273,274,-1,265,274,263,-1,271,275,276,-1,277,268,278,-1,278,268,271,-1,278,271,279,-1,279,271,276,-1,280,281,282,-1,283,284,285,-1,285,284,286,-1,285,286,287,-1,287,286,288,-1,287,288,289,-1,289,288,290,-1,291,292,293,-1,293,292,294,-1,295,296,297,-1,297,296,298,-1,297,298,299,-1,299,300,297,-1,297,300,301,-1,297,301,271,-1,271,301,302,-1,271,302,275,-1,290,288,303,-1,303,288,304,-1,303,304,305,-1,305,306,303,-1,303,306,297,-1,303,297,307,-1,307,297,280,-1,307,280,308,-1,308,280,282,-1,309,310,311,-1,311,310,312,-1,311,312,313,-1,313,312,293,-1,313,293,314,-1,314,293,294,-1,306,315,297,-1,297,315,316,-1,297,316,295,-1,295,316,291,-1,295,291,317,-1,317,291,293,-1,318,319,320,-1,321,322,323,-1,324,325,326,-1,327,328,280,-1,280,328,329,-1,280,329,281,-1,330,331,332,-1,332,331,333,-1,332,333,334,-1,334,333,324,-1,335,336,319,-1,319,336,337,-1,319,337,320,-1,321,323,338,-1,326,339,324,-1,324,339,340,-1,324,340,334,-1,341,342,343,-1,327,344,328,-1,328,344,341,-1,328,341,345,-1,345,341,343,-1,346,322,347,-1,348,349,350,-1,350,349,351,-1,352,353,354,-1,355,356,327,-1,327,356,357,-1,327,357,358,-1,359,360,327,-1,361,323,362,-1,362,323,363,-1,364,365,327,-1,324,366,325,-1,325,366,367,-1,325,367,358,-1,368,369,370,-1,371,372,373,-1,373,372,374,-1,373,374,375,-1,375,374,343,-1,375,343,376,-1,376,343,342,-1,322,346,323,-1,323,346,377,-1,323,377,363,-1,358,367,327,-1,327,367,378,-1,327,378,359,-1,369,379,327,-1,327,379,380,-1,327,380,344,-1,381,382,383,-1,383,382,384,-1,383,384,347,-1,347,384,385,-1,347,385,346,-1,386,387,327,-1,388,389,390,-1,390,389,391,-1,392,393,355,-1,355,393,394,-1,395,396,397,-1,397,396,398,-1,397,398,399,-1,399,398,400,-1,399,400,351,-1,351,400,401,-1,351,401,350,-1,387,402,403,-1,403,402,404,-1,403,404,405,-1,365,406,407,-1,407,406,408,-1,407,408,409,-1,410,411,412,-1,412,411,413,-1,412,413,354,-1,354,413,414,-1,354,414,352,-1,415,416,353,-1,353,416,417,-1,353,417,354,-1,418,419,420,-1,420,419,421,-1,420,421,391,-1,391,421,422,-1,391,422,390,-1,423,424,327,-1,425,426,327,-1,394,427,355,-1,355,427,428,-1,355,428,429,-1,429,428,430,-1,429,430,320,-1,320,430,431,-1,320,431,318,-1,360,432,327,-1,327,432,433,-1,327,433,369,-1,369,433,434,-1,369,434,370,-1,418,435,419,-1,419,435,436,-1,419,436,437,-1,438,439,327,-1,327,439,440,-1,327,440,441,-1,442,443,444,-1,444,443,445,-1,444,445,404,-1,404,445,446,-1,404,446,405,-1,447,448,449,-1,449,448,450,-1,449,450,451,-1,452,327,453,-1,453,327,454,-1,437,438,419,-1,419,438,327,-1,419,327,455,-1,455,327,323,-1,455,323,456,-1,456,323,361,-1,441,457,458,-1,458,457,459,-1,458,459,460,-1,461,462,450,-1,450,462,463,-1,450,463,451,-1,424,464,327,-1,327,464,465,-1,327,465,466,-1,467,466,468,-1,468,466,469,-1,364,327,470,-1,471,472,473,-1,473,472,474,-1,473,474,408,-1,408,474,475,-1,408,475,409,-1,407,476,365,-1,365,476,477,-1,365,477,327,-1,327,477,478,-1,327,478,454,-1,479,480,481,-1,481,480,482,-1,481,482,483,-1,483,482,484,-1,483,484,370,-1,370,484,485,-1,370,485,368,-1,486,487,327,-1,486,327,488,-1,489,490,491,-1,491,490,492,-1,491,492,493,-1,493,492,447,-1,493,447,494,-1,494,447,449,-1,415,392,416,-1,416,392,355,-1,416,355,495,-1,495,355,327,-1,495,327,496,-1,496,327,426,-1,497,487,498,-1,498,487,499,-1,386,327,500,-1,501,502,503,-1,503,502,504,-1,503,504,505,-1,505,504,469,-1,505,469,506,-1,506,469,466,-1,467,507,466,-1,466,507,508,-1,466,508,327,-1,327,508,509,-1,327,509,470,-1,510,511,512,-1,512,511,513,-1,512,513,459,-1,459,513,514,-1,459,514,460,-1,458,515,441,-1,441,515,516,-1,441,516,327,-1,327,516,517,-1,327,517,488,-1,518,519,520,-1,520,519,521,-1,520,521,522,-1,521,523,522,-1,522,523,524,-1,522,524,525,-1,525,524,526,-1,525,526,452,-1,452,526,527,-1,452,527,327,-1,327,527,528,-1,327,528,529,-1,497,530,487,-1,487,530,531,-1,487,531,327,-1,327,531,532,-1,327,532,500,-1,461,423,462,-1,462,423,327,-1,462,327,533,-1,533,327,387,-1,533,387,534,-1,534,387,403,-1,425,327,535,-1,535,327,529,-1,535,529,350,-1,350,529,536,-1,350,536,348,-1,537,538,539,-1,539,538,540,-1,539,540,541,-1,541,540,499,-1,541,499,542,-1,542,499,487,-1,323,0,338,-1,338,0,2,-1,338,2,543,-1,543,2,544,-1,545,546,547,-1,547,546,548,-1,547,548,2,-1,2,548,549,-1,2,549,544,-1,550,551,552,-1,552,551,553,-1,554,555,556,-1,556,555,557,-1,558,559,560,-1,560,559,561,-1,560,561,562,-1,563,564,565,-1,565,564,566,-1,561,567,562,-1,562,567,568,-1,562,568,569,-1,569,568,570,-1,569,570,571,-1,571,570,572,-1,572,573,571,-1,571,573,574,-1,571,574,547,-1,547,574,575,-1,547,575,545,-1,576,577,553,-1,553,577,578,-1,553,578,552,-1,579,580,581,-1,581,582,579,-1,579,582,583,-1,579,583,557,-1,557,583,584,-1,557,584,556,-1,579,585,580,-1,580,585,586,-1,580,586,587,-1,588,589,576,-1,576,589,590,-1,576,590,577,-1,591,592,566,-1,566,592,593,-1,566,593,565,-1,588,594,589,-1,589,594,595,-1,589,595,596,-1,597,598,575,-1,575,598,599,-1,575,599,600,-1,600,599,592,-1,600,592,601,-1,601,592,591,-1,574,602,575,-1,575,602,589,-1,575,589,587,-1,587,589,596,-1,586,603,587,-1,587,603,604,-1,587,604,575,-1,575,604,605,-1,575,605,597,-1,606,607,547,-1,547,607,608,-1,547,608,571,-1,609,610,611,-1,611,610,612,-1,611,612,613,-1,614,615,616,-1,617,618,547,-1,547,618,619,-1,547,619,606,-1,620,621,622,-1,622,621,623,-1,622,623,624,-1,625,626,627,-1,627,626,628,-1,627,628,547,-1,547,628,621,-1,547,621,629,-1,629,621,620,-1,629,630,547,-1,547,630,631,-1,547,631,632,-1,615,617,616,-1,616,617,547,-1,616,547,633,-1,633,547,632,-1,613,612,634,-1,634,612,635,-1,634,635,623,-1,623,635,636,-1,623,636,624,-1,637,638,639,-1,639,638,640,-1,639,640,616,-1,616,640,641,-1,616,641,614,-1,642,643,627,-1,627,643,644,-1,627,644,625,-1,645,646,642,-1,646,647,642,-1,642,647,648,-1,642,648,643,-1,649,650,645,-1,642,651,652,-1,645,642,649,-1,649,642,652,-1,649,652,653,-1,654,655,656,-1,655,657,656,-1,656,657,658,-1,656,658,642,-1,642,658,659,-1,642,659,651,-1,660,661,662,-1,654,663,664,-1,664,663,665,-1,664,665,662,-1,666,667,668,-1,668,667,669,-1,668,669,670,-1,671,672,673,-1,673,672,674,-1,673,674,675,-1,676,677,678,-1,678,677,679,-1,678,679,680,-1,680,679,681,-1,682,683,660,-1,684,685,686,-1,687,688,689,-1,689,688,690,-1,689,690,691,-1,686,692,684,-1,684,692,693,-1,684,693,694,-1,682,660,695,-1,696,697,683,-1,698,699,700,-1,701,702,660,-1,697,703,683,-1,683,703,704,-1,683,704,660,-1,660,704,705,-1,660,705,698,-1,698,700,660,-1,660,700,706,-1,660,706,701,-1,707,708,709,-1,709,708,710,-1,707,709,711,-1,711,709,712,-1,711,712,693,-1,693,712,713,-1,693,713,694,-1,709,714,715,-1,696,683,716,-1,716,683,717,-1,716,717,718,-1,675,674,719,-1,719,674,720,-1,719,720,721,-1,721,720,722,-1,721,722,698,-1,698,722,723,-1,698,723,699,-1,702,724,660,-1,660,724,725,-1,660,725,677,-1,710,726,709,-1,709,726,727,-1,709,727,714,-1,714,727,728,-1,690,729,691,-1,691,729,730,-1,691,730,731,-1,731,730,714,-1,731,714,732,-1,732,714,728,-1,709,733,734,-1,676,735,677,-1,677,735,736,-1,677,736,660,-1,660,736,737,-1,660,737,661,-1,670,669,718,-1,718,669,738,-1,718,738,716,-1,715,739,709,-1,709,739,740,-1,709,740,733,-1,733,740,741,-1,733,741,742,-1,742,743,733,-1,733,743,744,-1,733,744,745,-1,746,747,748,-1,748,747,749,-1,748,749,750,-1,750,749,751,-1,750,751,744,-1,744,751,752,-1,744,752,745,-1,660,753,754,-1,753,660,755,-1,755,660,3,-1,755,3,756,-1,757,754,8,-1,8,754,758,-1,8,758,3,-1,3,758,759,-1,3,759,756,-1,757,760,754,-1,754,760,761,-1,754,761,762,-1,734,695,709,-1,709,695,660,-1,709,660,763,-1,763,660,754,-1,763,754,764,-1,764,754,762,-1,765,766,767,-1,768,769,770,-1,770,769,767,-1,770,767,771,-1,771,767,766,-1,772,773,656,-1,773,774,656,-1,656,774,775,-1,656,775,654,-1,654,775,776,-1,654,776,663,-1,771,777,770,-1,770,777,778,-1,770,778,779,-1,772,780,781,-1,781,780,782,-1,781,782,783,-1,783,784,781,-1,781,784,785,-1,781,785,786,-1,787,788,781,-1,781,788,789,-1,790,791,792,-1,792,791,793,-1,789,794,781,-1,781,794,793,-1,781,793,795,-1,795,793,791,-1,786,796,781,-1,781,796,797,-1,781,797,787,-1,798,799,660,-1,660,799,800,-1,660,800,801,-1,662,665,660,-1,660,665,802,-1,660,802,798,-1,803,804,3,-1,3,804,805,-1,3,805,806,-1,767,4,765,-1,765,4,3,-1,765,3,807,-1,807,3,806,-1,801,808,660,-1,660,808,809,-1,660,809,3,-1,3,809,810,-1,3,810,803,-1,811,812,642,-1,642,812,813,-1,642,813,656,-1,656,813,770,-1,656,770,772,-1,772,770,779,-1,772,779,780,-1,813,814,770,-1,770,814,815,-1,770,815,768,-1,768,815,816,-1,768,816,642,-1,817,818,819,-1,819,811,817,-1,817,811,642,-1,817,642,820,-1,820,642,816,-1,820,816,821,-1,821,816,822,-1,823,824,768,-1,768,824,825,-1,768,825,769,-1,823,826,824,-1,824,826,827,-1,824,827,828,-1,829,830,627,-1,627,830,831,-1,627,831,832,-1,828,833,824,-1,824,833,834,-1,824,834,835,-1,835,836,824,-1,824,836,837,-1,824,837,627,-1,627,837,838,-1,627,838,829,-1,832,839,627,-1,627,839,840,-1,627,840,642,-1,642,840,841,-1,642,841,768,-1,768,841,842,-1,768,842,823,-1,843,627,844,-1,844,627,547,-1,844,547,845,-1,845,547,2,-1,845,2,824,-1,824,2,1,-1,824,1,825,-1,846,847,843,-1,843,847,848,-1,843,848,627,-1,627,848,849,-1,627,849,824,-1,824,849,850,-1,824,850,845,-1,851,852,853,-1,854,335,319,-1,335,854,853,-1,853,854,855,-1,853,855,851,-1,856,411,410,-1,857,858,852,-1,410,857,856,-1,856,857,852,-1,856,852,859,-1,859,852,851,-1,859,851,319,-1,319,851,860,-1,319,860,854,-1,861,519,518,-1,862,863,852,-1,518,862,861,-1,861,862,852,-1,861,852,864,-1,864,852,858,-1,864,858,395,-1,395,858,396,-1,865,502,501,-1,866,867,852,-1,501,866,865,-1,865,866,852,-1,865,852,868,-1,868,852,863,-1,868,863,471,-1,471,863,472,-1,869,443,442,-1,870,871,852,-1,442,870,869,-1,869,870,852,-1,869,852,872,-1,872,852,867,-1,872,867,489,-1,489,867,490,-1,873,511,510,-1,874,875,852,-1,510,874,873,-1,873,874,852,-1,873,852,876,-1,876,852,871,-1,876,871,537,-1,537,871,538,-1,877,382,381,-1,878,879,852,-1,381,878,877,-1,877,878,852,-1,877,852,880,-1,880,852,875,-1,880,875,388,-1,388,875,389,-1,881,879,882,-1,882,879,566,-1,882,566,883,-1,883,566,564,-1,883,564,884,-1,884,564,852,-1,884,852,881,-1,881,852,879,-1,885,564,563,-1,886,887,852,-1,564,885,852,-1,852,885,888,-1,852,888,886,-1,889,555,554,-1,890,891,887,-1,554,890,889,-1,889,890,887,-1,889,887,892,-1,892,887,886,-1,892,886,563,-1,563,886,893,-1,563,893,885,-1,894,559,558,-1,895,896,887,-1,558,895,894,-1,894,895,887,-1,894,887,897,-1,897,887,891,-1,897,891,550,-1,550,891,551,-1,898,610,609,-1,899,900,887,-1,609,899,898,-1,898,899,887,-1,898,887,901,-1,901,887,896,-1,901,896,637,-1,637,896,638,-1,902,680,681,-1,903,904,887,-1,681,903,902,-1,902,903,887,-1,902,887,905,-1,905,887,900,-1,905,900,653,-1,653,900,650,-1,906,667,666,-1,907,908,887,-1,666,907,906,-1,906,907,887,-1,906,887,909,-1,909,887,904,-1,909,904,671,-1,671,904,672,-1,910,688,687,-1,911,912,887,-1,687,911,910,-1,910,911,887,-1,910,887,913,-1,913,887,908,-1,913,908,746,-1,746,908,747,-1,914,912,915,-1,915,912,686,-1,915,686,916,-1,916,686,685,-1,916,685,917,-1,917,685,887,-1,917,887,914,-1,914,887,912,-1,918,12,919,-1,919,12,920,-1,920,12,16,-1,920,16,921,-1,921,16,922,-1,921,922,923,-1,684,924,925,-1,925,926,684,-1,684,926,927,-1,684,927,685,-1,685,927,887,-1,927,928,887,-1,887,928,925,-1,887,925,922,-1,922,925,924,-1,922,924,929,-1,930,147,146,-1,931,932,922,-1,146,931,930,-1,930,931,922,-1,930,922,933,-1,933,922,929,-1,933,929,123,-1,123,929,124,-1,934,249,248,-1,935,936,922,-1,248,935,934,-1,934,935,922,-1,934,922,937,-1,937,922,932,-1,937,932,212,-1,212,932,213,-1,938,231,230,-1,939,940,922,-1,230,939,938,-1,938,939,922,-1,938,922,941,-1,941,922,936,-1,941,936,239,-1,239,936,240,-1,942,254,253,-1,943,944,922,-1,253,943,942,-1,942,943,922,-1,942,922,945,-1,945,922,940,-1,945,940,176,-1,176,940,177,-1,946,193,192,-1,947,948,922,-1,192,947,946,-1,946,947,922,-1,946,922,949,-1,949,922,944,-1,949,944,222,-1,222,944,223,-1,71,70,948,-1,948,70,950,-1,948,950,922,-1,922,950,918,-1,922,918,923,-1,923,918,919,-1,951,16,15,-1,16,951,922,-1,922,951,952,-1,922,952,953,-1,954,480,479,-1,955,922,956,-1,956,922,953,-1,956,953,15,-1,15,953,957,-1,15,957,951,-1,922,958,853,-1,853,958,959,-1,853,959,335,-1,335,959,960,-1,335,960,336,-1,336,960,961,-1,336,961,962,-1,56,55,955,-1,955,55,963,-1,955,963,922,-1,922,963,964,-1,50,49,964,-1,964,49,965,-1,964,965,922,-1,922,965,966,-1,107,106,966,-1,966,106,967,-1,966,967,922,-1,922,967,968,-1,165,164,968,-1,968,164,969,-1,968,969,922,-1,922,969,970,-1,29,28,970,-1,970,28,971,-1,970,971,922,-1,922,971,972,-1,269,277,972,-1,972,277,973,-1,972,973,922,-1,922,973,974,-1,310,309,974,-1,974,309,975,-1,974,975,922,-1,922,975,976,-1,284,283,976,-1,976,283,977,-1,976,977,922,-1,922,977,978,-1,979,980,922,-1,479,979,954,-1,954,979,922,-1,954,922,981,-1,981,922,978,-1,981,978,371,-1,371,978,372,-1,961,958,962,-1,962,958,922,-1,962,922,982,-1,982,922,980,-1,982,980,330,-1,330,980,331,-1,887,922,983,-1,984,985,852,-1,985,986,852,-1,852,986,987,-1,852,987,988,-1,983,989,887,-1,887,989,990,-1,887,990,852,-1,852,990,991,-1,852,991,984,-1,988,992,852,-1,852,992,993,-1,852,993,853,-1,993,994,853,-1,853,994,995,-1,853,995,996,-1,996,997,853,-1,853,997,998,-1,853,998,999,-1,1000,1001,922,-1,999,1002,853,-1,853,1002,1003,-1,853,1003,922,-1,922,1003,1004,-1,922,1004,1000,-1,1001,1005,922,-1,922,1005,1006,-1,922,1006,983,-1,
        ]
    }
}
Shape{
    appearance Appearance {
        material  Material 	{
            diffuseColor 0.8313725490196079 0.8313725490196079 0.8196078431372549
            specularColor 0.6666666666666666 0.6666666666666666 0.6549019607843137
            ambientIntensity 0.2
            transparency 0
            shininess 0.5
        }
    }
    geometry IndexedFaceSet {
        ccw TRUE
        solid FALSE
        coord DEF co Coordinate {
            point [
                1.0236 -1.3819 0.0591, 1.0236 -1.378 0.0591, 1.0236 -1.378 0.0, 1.0236 -1.2402 0.0, 1.0236 -1.2402 -0.0197, 1.0236 -1.3819 -0.0197, 1.0256 -1.2249 0.0, 1.0256 -1.2249 -0.0197, 1.0315 -1.2106 0.0, 1.0315 -1.2106 -0.0197, 1.0409 -1.1984 0.0, 1.0409 -1.1984 -0.0197, 1.0531 -1.189 0.0, 1.0531 -1.189 -0.0197, 1.0674 -1.1831 0.0, 1.0674 -1.1831 -0.0197, 1.0827 -1.1811 0.0, 1.0827 -1.1811 -0.0197, 1.098 -1.1831 0.0, 1.098 -1.1831 -0.0197, 1.1122 -1.189 0.0, 1.1122 -1.189 -0.0197, 1.1244 -1.1984 0.0, 1.1244 -1.1984 -0.0197, 1.1338 -1.2106 0.0, 1.1338 -1.2106 -0.0197, 1.1397 -1.2249 0.0, 1.1397 -1.2249 -0.0197, 1.1417 -1.2402 0.0, 1.1417 -1.2402 -0.0197, 1.1417 -1.378 0.0591, 1.1417 -1.3819 0.0591, 1.1417 -1.378 0.0, 1.1417 -1.3819 -0.0197, 1.3819 -1.1417 0.0591, 1.378 -1.1417 0.0591, 1.378 -1.1417 0.0, 1.2402 -1.1417 0.0, 1.2402 -1.1417 -0.0197, 1.3819 -1.1417 -0.0197, 1.2249 -1.1397 0.0, 1.2249 -1.1397 -0.0197, 1.2106 -1.1338 0.0, 1.2106 -1.1338 -0.0197, 1.1984 -1.1244 0.0, 1.1984 -1.1244 -0.0197, 1.189 -1.1122 0.0, 1.189 -1.1122 -0.0197, 1.1831 -1.098 0.0, 1.1831 -1.098 -0.0197, 1.1811 -1.0827 0.0, 1.1811 -1.0827 -0.0197, 1.1831 -1.0674 0.0, 1.1831 -1.0674 -0.0197, 1.189 -1.0531 0.0, 1.189 -1.0531 -0.0197, 1.1984 -1.0409 0.0, 1.1984 -1.0409 -0.0197, 1.2106 -1.0315 0.0, 1.2106 -1.0315 -0.0197, 1.2249 -1.0256 0.0, 1.2249 -1.0256 -0.0197, 1.2402 -1.0236 0.0, 1.2402 -1.0236 -0.0197, 1.378 -1.0236 0.0591, 1.3819 -1.0236 0.0591, 1.378 -1.0236 0.0, 1.3819 -1.0236 -0.0197, 1.3819 -0.9449 0.0591, 1.378 -0.9449 0.0591, 1.378 -0.9449 0.0, 1.2402 -0.9449 0.0, 1.2402 -0.9449 -0.0197, 1.3819 -0.9449 -0.0197, 1.2249 -0.9429 0.0, 1.2249 -0.9429 -0.0197, 1.2106 -0.937 0.0, 1.2106 -0.937 -0.0197, 1.1984 -0.9276 0.0, 1.1984 -0.9276 -0.0197, 1.189 -0.9154 0.0, 1.189 -0.9154 -0.0197, 1.1831 -0.9011 0.0, 1.1831 -0.9011 -0.0197, 1.1811 -0.8858 0.0, 1.1811 -0.8858 -0.0197, 1.1831 -0.8705 0.0, 1.1831 -0.8705 -0.0197, 1.189 -0.8563 0.0, 1.189 -0.8563 -0.0197, 1.1984 -0.8441 0.0, 1.1984 -0.8441 -0.0197, 1.2106 -0.8347 0.0, 1.2106 -0.8347 -0.0197, 1.2249 -0.8288 0.0, 1.2249 -0.8288 -0.0197, 1.2402 -0.8268 0.0, 1.2402 -0.8268 -0.0197, 1.378 -0.8268 0.0591, 1.3819 -0.8268 0.0591, 1.378 -0.8268 0.0, 1.3819 -0.8268 -0.0197, 1.3819 -0.748 0.0591, 1.378 -0.748 0.0591, 1.378 -0.748 0.0, 1.2402 -0.748 0.0, 1.2402 -0.748 -0.0197, 1.3819 -0.748 -0.0197, 1.2249 -0.746 0.0, 1.2249 -0.746 -0.0197, 1.2106 -0.7401 0.0, 1.2106 -0.7401 -0.0197, 1.1984 -0.7307 0.0, 1.1984 -0.7307 -0.0197, 1.189 -0.7185 0.0, 1.189 -0.7185 -0.0197, 1.1831 -0.7043 0.0, 1.1831 -0.7043 -0.0197, 1.1811 -0.689 0.0, 1.1811 -0.689 -0.0197, 1.1831 -0.6737 0.0, 1.1831 -0.6737 -0.0197, 1.189 -0.6594 0.0, 1.189 -0.6594 -0.0197, 1.1984 -0.6472 0.0, 1.1984 -0.6472 -0.0197, 1.2106 -0.6378 0.0, 1.2106 -0.6378 -0.0197, 1.2249 -0.6319 0.0, 1.2249 -0.6319 -0.0197, 1.2402 -0.6299 0.0, 1.2402 -0.6299 -0.0197, 1.378 -0.6299 0.0591, 1.3819 -0.6299 0.0591, 1.378 -0.6299 0.0, 1.3819 -0.6299 -0.0197, 1.3819 -0.5512 0.0591, 1.378 -0.5512 0.0591, 1.378 -0.5512 0.0, 1.2402 -0.5512 0.0, 1.2402 -0.5512 -0.0197, 1.3819 -0.5512 -0.0197, 1.2249 -0.5492 0.0, 1.2249 -0.5492 -0.0197, 1.2106 -0.5433 0.0, 1.2106 -0.5433 -0.0197, 1.1984 -0.5339 0.0, 1.1984 -0.5339 -0.0197, 1.189 -0.5217 0.0, 1.189 -0.5217 -0.0197, 1.1831 -0.5074 0.0, 1.1831 -0.5074 -0.0197, 1.1811 -0.4921 0.0, 1.1811 -0.4921 -0.0197, 1.1831 -0.4768 0.0, 1.1831 -0.4768 -0.0197, 1.189 -0.4626 0.0, 1.189 -0.4626 -0.0197, 1.1984 -0.4504 0.0, 1.1984 -0.4504 -0.0197, 1.2106 -0.441 0.0, 1.2106 -0.441 -0.0197, 1.2249 -0.4351 0.0, 1.2249 -0.4351 -0.0197, 1.2402 -0.4331 0.0, 1.2402 -0.4331 -0.0197, 1.378 -0.4331 0.0591, 1.3819 -0.4331 0.0591, 1.378 -0.4331 0.0, 1.3819 -0.4331 -0.0197, 1.3819 -0.3543 0.0591, 1.378 -0.3543 0.0591, 1.378 -0.3543 0.0, 1.2402 -0.3543 0.0, 1.2402 -0.3543 -0.0197, 1.3819 -0.3543 -0.0197, 1.2249 -0.3523 0.0, 1.2249 -0.3523 -0.0197, 1.2106 -0.3464 0.0, 1.2106 -0.3464 -0.0197, 1.1984 -0.337 0.0, 1.1984 -0.337 -0.0197, 1.189 -0.3248 0.0, 1.189 -0.3248 -0.0197, 1.1831 -0.3106 0.0, 1.1831 -0.3106 -0.0197, 1.1811 -0.2953 0.0, 1.1811 -0.2953 -0.0197, 1.1831 -0.28 0.0, 1.1831 -0.28 -0.0197, 1.189 -0.2657 0.0, 1.189 -0.2657 -0.0197, 1.1984 -0.2535 0.0, 1.1984 -0.2535 -0.0197, 1.2106 -0.2441 0.0, 1.2106 -0.2441 -0.0197, 1.2249 -0.2382 0.0, 1.2249 -0.2382 -0.0197, 1.2402 -0.2362 0.0, 1.2402 -0.2362 -0.0197, 1.378 -0.2362 0.0591, 1.3819 -0.2362 0.0591, 1.378 -0.2362 0.0, 1.3819 -0.2362 -0.0197, 1.3819 -0.1575 0.0591, 1.378 -0.1575 0.0591, 1.378 -0.1575 0.0, 1.2402 -0.1575 0.0, 1.2402 -0.1575 -0.0197, 1.3819 -0.1575 -0.0197, 1.2249 -0.1555 0.0, 1.2249 -0.1555 -0.0197, 1.2106 -0.1496 0.0, 1.2106 -0.1496 -0.0197, 1.1984 -0.1402 0.0, 1.1984 -0.1402 -0.0197, 1.189 -0.128 0.0, 1.189 -0.128 -0.0197, 1.1831 -0.1137 0.0, 1.1831 -0.1137 -0.0197, 1.1811 -0.0984 0.0, 1.1811 -0.0984 -0.0197, 1.1831 -0.0831 0.0, 1.1831 -0.0831 -0.0197, 1.189 -0.0689 0.0, 1.189 -0.0689 -0.0197, 1.1984 -0.0567 0.0, 1.1984 -0.0567 -0.0197, 1.2106 -0.0473 0.0, 1.2106 -0.0473 -0.0197, 1.2249 -0.0414 0.0, 1.2249 -0.0414 -0.0197, 1.2402 -0.0394 0.0, 1.2402 -0.0394 -0.0197, 1.378 -0.0394 0.0591, 1.3819 -0.0394 0.0591, 1.378 -0.0394 0.0, 1.3819 -0.0394 -0.0197, 1.3819 0.0394 0.0591, 1.378 0.0394 0.0591, 1.378 0.0394 0.0, 1.2402 0.0394 0.0, 1.2402 0.0394 -0.0197, 1.3819 0.0394 -0.0197, 1.2249 0.0414 0.0, 1.2249 0.0414 -0.0197, 1.2106 0.0473 0.0, 1.2106 0.0473 -0.0197, 1.1984 0.0567 0.0, 1.1984 0.0567 -0.0197, 1.189 0.0689 0.0, 1.189 0.0689 -0.0197, 1.1831 0.0831 0.0, 1.1831 0.0831 -0.0197, 1.1811 0.0984 0.0, 1.1811 0.0984 -0.0197, 1.1831 0.1137 0.0, 1.1831 0.1137 -0.0197, 1.189 0.128 0.0, 1.189 0.128 -0.0197, 1.1984 0.1402 0.0, 1.1984 0.1402 -0.0197, 1.2106 0.1496 0.0, 1.2106 0.1496 -0.0197, 1.2249 0.1555 0.0, 1.2249 0.1555 -0.0197, 1.2402 0.1575 0.0, 1.2402 0.1575 -0.0197, 1.378 0.1575 0.0591, 1.3819 0.1575 0.0591, 1.378 0.1575 0.0, 1.3819 0.1575 -0.0197, 1.3819 0.2362 0.0591, 1.378 0.2362 0.0591, 1.378 0.2362 0.0, 1.2402 0.2362 0.0, 1.2402 0.2362 -0.0197, 1.3819 0.2362 -0.0197, 1.2249 0.2382 0.0, 1.2249 0.2382 -0.0197, 1.2106 0.2441 0.0, 1.2106 0.2441 -0.0197, 1.1984 0.2535 0.0, 1.1984 0.2535 -0.0197, 1.189 0.2657 0.0, 1.189 0.2657 -0.0197, 1.1831 0.28 0.0, 1.1831 0.28 -0.0197, 1.1811 0.2953 0.0, 1.1811 0.2953 -0.0197, 1.1831 0.3106 0.0, 1.1831 0.3106 -0.0197, 1.189 0.3248 0.0, 1.189 0.3248 -0.0197, 1.1984 0.337 0.0, 1.1984 0.337 -0.0197, 1.2106 0.3464 0.0, 1.2106 0.3464 -0.0197, 1.2249 0.3523 0.0, 1.2249 0.3523 -0.0197, 1.2402 0.3543 0.0, 1.2402 0.3543 -0.0197, 1.378 0.3543 0.0591, 1.3819 0.3543 0.0591, 1.378 0.3543 0.0, 1.3819 0.3543 -0.0197, 1.3819 0.4331 0.0591, 1.378 0.4331 0.0591, 1.378 0.4331 0.0, 1.2402 0.4331 0.0, 1.2402 0.4331 -0.0197, 1.3819 0.4331 -0.0197, 1.2249 0.4351 0.0, 1.2249 0.4351 -0.0197, 1.2106 0.441 0.0, 1.2106 0.441 -0.0197, 1.1984 0.4504 0.0, 1.1984 0.4504 -0.0197, 1.189 0.4626 0.0, 1.189 0.4626 -0.0197, 1.1831 0.4768 0.0, 1.1831 0.4768 -0.0197, 1.1811 0.4921 0.0, 1.1811 0.4921 -0.0197, 1.1831 0.5074 0.0, 1.1831 0.5074 -0.0197, 1.189 0.5217 0.0, 1.189 0.5217 -0.0197, 1.1984 0.5339 0.0, 1.1984 0.5339 -0.0197, 1.2106 0.5433 0.0, 1.2106 0.5433 -0.0197, 1.2249 0.5492 0.0, 1.2249 0.5492 -0.0197, 1.2402 0.5512 0.0, 1.2402 0.5512 -0.0197, 1.378 0.5512 0.0591, 1.3819 0.5512 0.0591, 1.378 0.5512 0.0, 1.3819 0.5512 -0.0197, 1.3819 0.6299 0.0591, 1.378 0.6299 0.0591, 1.378 0.6299 0.0, 1.2402 0.6299 0.0, 1.2402 0.6299 -0.0197, 1.3819 0.6299 -0.0197, 1.2249 0.6319 0.0, 1.2249 0.6319 -0.0197, 1.2106 0.6378 0.0, 1.2106 0.6378 -0.0197, 1.1984 0.6472 0.0, 1.1984 0.6472 -0.0197, 1.189 0.6594 0.0, 1.189 0.6594 -0.0197, 1.1831 0.6737 0.0, 1.1831 0.6737 -0.0197, 1.1811 0.689 0.0, 1.1811 0.689 -0.0197, 1.1831 0.7043 0.0, 1.1831 0.7043 -0.0197, 1.189 0.7185 0.0, 1.189 0.7185 -0.0197, 1.1984 0.7307 0.0, 1.1984 0.7307 -0.0197, 1.2106 0.7401 0.0, 1.2106 0.7401 -0.0197, 1.2249 0.746 0.0, 1.2249 0.746 -0.0197, 1.2402 0.748 0.0, 1.2402 0.748 -0.0197, 1.378 0.748 0.0591, 1.3819 0.748 0.0591, 1.378 0.748 0.0, 1.3819 0.748 -0.0197, 1.3819 0.8268 0.0591, 1.378 0.8268 0.0591, 1.378 0.8268 0.0, 1.2402 0.8268 0.0, 1.2402 0.8268 -0.0197, 1.3819 0.8268 -0.0197, 1.2249 0.8288 0.0, 1.2249 0.8288 -0.0197, 1.2106 0.8347 0.0, 1.2106 0.8347 -0.0197, 1.1984 0.8441 0.0, 1.1984 0.8441 -0.0197, 1.189 0.8563 0.0, 1.189 0.8563 -0.0197, 1.1831 0.8705 0.0, 1.1831 0.8705 -0.0197, 1.1811 0.8858 0.0, 1.1811 0.8858 -0.0197, 1.1831 0.9011 0.0, 1.1831 0.9011 -0.0197, 1.189 0.9154 0.0, 1.189 0.9154 -0.0197, 1.1984 0.9276 0.0, 1.1984 0.9276 -0.0197, 1.2106 0.937 0.0, 1.2106 0.937 -0.0197, 1.2249 0.9429 0.0, 1.2249 0.9429 -0.0197, 1.2402 0.9449 0.0, 1.2402 0.9449 -0.0197, 1.378 0.9449 0.0591, 1.3819 0.9449 0.0591, 1.378 0.9449 0.0, 1.3819 0.9449 -0.0197, 1.3819 1.0236 0.0591, 1.378 1.0236 0.0591, 1.378 1.0236 0.0, 1.2402 1.0236 0.0, 1.2402 1.0236 -0.0197, 1.3819 1.0236 -0.0197, 1.2249 1.0256 0.0, 1.2249 1.0256 -0.0197, 1.2106 1.0315 0.0, 1.2106 1.0315 -0.0197, 1.1984 1.0409 0.0, 1.1984 1.0409 -0.0197, 1.189 1.0531 0.0, 1.189 1.0531 -0.0197, 1.1831 1.0674 0.0, 1.1831 1.0674 -0.0197, 1.1811 1.0827 0.0, 1.1811 1.0827 -0.0197, 1.1831 1.098 0.0, 1.1831 1.098 -0.0197, 1.189 1.1122 0.0, 1.189 1.1122 -0.0197, 1.1984 1.1244 0.0, 1.1984 1.1244 -0.0197, 1.2106 1.1338 0.0, 1.2106 1.1338 -0.0197, 1.2249 1.1397 0.0, 1.2249 1.1397 -0.0197, 1.2402 1.1417 0.0, 1.2402 1.1417 -0.0197, 1.378 1.1417 0.0591, 1.3819 1.1417 0.0591, 1.378 1.1417 0.0, 1.3819 1.1417 -0.0197, 0.8268 -1.3819 0.0591, 0.8268 -1.378 0.0591, 0.8268 -1.378 0.0, 0.8268 -1.2402 0.0, 0.8268 -1.2402 -0.0197, 0.8268 -1.3819 -0.0197, 0.8288 -1.2249 0.0, 0.8288 -1.2249 -0.0197, 0.8347 -1.2106 0.0, 0.8347 -1.2106 -0.0197, 0.8441 -1.1984 0.0, 0.8441 -1.1984 -0.0197, 0.8563 -1.189 0.0, 0.8563 -1.189 -0.0197, 0.8705 -1.1831 0.0, 0.8705 -1.1831 -0.0197, 0.8858 -1.1811 0.0, 0.8858 -1.1811 -0.0197, 0.9011 -1.1831 0.0, 0.9011 -1.1831 -0.0197, 0.9154 -1.189 0.0, 0.9154 -1.189 -0.0197, 0.9276 -1.1984 0.0, 0.9276 -1.1984 -0.0197, 0.937 -1.2106 0.0, 0.937 -1.2106 -0.0197, 0.9429 -1.2249 0.0, 0.9429 -1.2249 -0.0197, 0.9449 -1.2402 0.0, 0.9449 -1.2402 -0.0197, 0.9449 -1.378 0.0591, 0.9449 -1.3819 0.0591, 0.9449 -1.378 0.0, 0.9449 -1.3819 -0.0197, 0.6299 -1.3819 0.0591, 0.6299 -1.378 0.0591, 0.6299 -1.378 0.0, 0.6299 -1.2402 0.0, 0.6299 -1.2402 -0.0197, 0.6299 -1.3819 -0.0197, 0.6319 -1.2249 0.0, 0.6319 -1.2249 -0.0197, 0.6378 -1.2106 0.0, 0.6378 -1.2106 -0.0197, 0.6472 -1.1984 0.0, 0.6472 -1.1984 -0.0197, 0.6594 -1.189 0.0, 0.6594 -1.189 -0.0197, 0.6737 -1.1831 0.0, 0.6737 -1.1831 -0.0197, 0.689 -1.1811 0.0, 0.689 -1.1811 -0.0197, 0.7043 -1.1831 0.0, 0.7043 -1.1831 -0.0197, 0.7185 -1.189 0.0, 0.7185 -1.189 -0.0197, 0.7307 -1.1984 0.0, 0.7307 -1.1984 -0.0197, 0.7401 -1.2106 0.0, 0.7401 -1.2106 -0.0197, 0.746 -1.2249 0.0, 0.746 -1.2249 -0.0197, 0.748 -1.2402 0.0, 0.748 -1.2402 -0.0197, 0.748 -1.378 0.0591, 0.748 -1.3819 0.0591, 0.748 -1.378 0.0, 0.748 -1.3819 -0.0197, 0.4331 -1.3819 0.0591, 0.4331 -1.378 0.0591, 0.4331 -1.378 0.0, 0.4331 -1.2402 0.0, 0.4331 -1.2402 -0.0197, 0.4331 -1.3819 -0.0197, 0.4351 -1.2249 0.0, 0.4351 -1.2249 -0.0197, 0.441 -1.2106 0.0, 0.441 -1.2106 -0.0197, 0.4504 -1.1984 0.0, 0.4504 -1.1984 -0.0197, 0.4626 -1.189 0.0, 0.4626 -1.189 -0.0197, 0.4768 -1.1831 0.0, 0.4768 -1.1831 -0.0197, 0.4921 -1.1811 0.0, 0.4921 -1.1811 -0.0197, 0.5074 -1.1831 0.0, 0.5074 -1.1831 -0.0197, 0.5217 -1.189 0.0, 0.5217 -1.189 -0.0197, 0.5339 -1.1984 0.0, 0.5339 -1.1984 -0.0197, 0.5433 -1.2106 0.0, 0.5433 -1.2106 -0.0197, 0.5492 -1.2249 0.0, 0.5492 -1.2249 -0.0197, 0.5512 -1.2402 0.0, 0.5512 -1.2402 -0.0197, 0.5512 -1.378 0.0591, 0.5512 -1.3819 0.0591, 0.5512 -1.378 0.0, 0.5512 -1.3819 -0.0197, 0.2362 -1.3819 0.0591, 0.2362 -1.378 0.0591, 0.2362 -1.378 0.0, 0.2362 -1.2402 0.0, 0.2362 -1.2402 -0.0197, 0.2362 -1.3819 -0.0197, 0.2382 -1.2249 0.0, 0.2382 -1.2249 -0.0197, 0.2441 -1.2106 0.0, 0.2441 -1.2106 -0.0197, 0.2535 -1.1984 0.0, 0.2535 -1.1984 -0.0197, 0.2657 -1.189 0.0, 0.2657 -1.189 -0.0197, 0.28 -1.1831 0.0, 0.28 -1.1831 -0.0197, 0.2953 -1.1811 0.0, 0.2953 -1.1811 -0.0197, 0.3106 -1.1831 0.0, 0.3106 -1.1831 -0.0197, 0.3248 -1.189 0.0, 0.3248 -1.189 -0.0197, 0.337 -1.1984 0.0, 0.337 -1.1984 -0.0197, 0.3464 -1.2106 0.0, 0.3464 -1.2106 -0.0197, 0.3523 -1.2249 0.0, 0.3523 -1.2249 -0.0197, 0.3543 -1.2402 0.0, 0.3543 -1.2402 -0.0197, 0.3543 -1.378 0.0591, 0.3543 -1.3819 0.0591, 0.3543 -1.378 0.0, 0.3543 -1.3819 -0.0197, 0.0394 -1.3819 0.0591, 0.0394 -1.378 0.0591, 0.0394 -1.378 0.0, 0.0394 -1.2402 0.0, 0.0394 -1.2402 -0.0197, 0.0394 -1.3819 -0.0197, 0.0414 -1.2249 0.0, 0.0414 -1.2249 -0.0197, 0.0473 -1.2106 0.0, 0.0473 -1.2106 -0.0197, 0.0567 -1.1984 0.0, 0.0567 -1.1984 -0.0197, 0.0689 -1.189 0.0, 0.0689 -1.189 -0.0197, 0.0831 -1.1831 0.0, 0.0831 -1.1831 -0.0197, 0.0984 -1.1811 0.0, 0.0984 -1.1811 -0.0197, 0.1137 -1.1831 0.0, 0.1137 -1.1831 -0.0197, 0.128 -1.189 0.0, 0.128 -1.189 -0.0197, 0.1402 -1.1984 0.0, 0.1402 -1.1984 -0.0197, 0.1496 -1.2106 0.0, 0.1496 -1.2106 -0.0197, 0.1555 -1.2249 0.0, 0.1555 -1.2249 -0.0197, 0.1575 -1.2402 0.0, 0.1575 -1.2402 -0.0197, 0.1575 -1.378 0.0591, 0.1575 -1.3819 0.0591, 0.1575 -1.378 0.0, 0.1575 -1.3819 -0.0197, -0.1575 -1.3819 0.0591, -0.1575 -1.378 0.0591, -0.1575 -1.378 0.0, -0.1575 -1.2402 0.0, -0.1575 -1.2402 -0.0197, -0.1575 -1.3819 -0.0197, -0.1555 -1.2249 0.0, -0.1555 -1.2249 -0.0197, -0.1496 -1.2106 0.0, -0.1496 -1.2106 -0.0197, -0.1402 -1.1984 0.0, -0.1402 -1.1984 -0.0197, -0.128 -1.189 0.0, -0.128 -1.189 -0.0197, -0.1137 -1.1831 0.0, -0.1137 -1.1831 -0.0197, -0.0984 -1.1811 0.0, -0.0984 -1.1811 -0.0197, -0.0831 -1.1831 0.0, -0.0831 -1.1831 -0.0197, -0.0689 -1.189 0.0, -0.0689 -1.189 -0.0197, -0.0567 -1.1984 0.0, -0.0567 -1.1984 -0.0197, -0.0473 -1.2106 0.0, -0.0473 -1.2106 -0.0197, -0.0414 -1.2249 0.0, -0.0414 -1.2249 -0.0197, -0.0394 -1.2402 0.0, -0.0394 -1.2402 -0.0197, -0.0394 -1.378 0.0591, -0.0394 -1.3819 0.0591, -0.0394 -1.378 0.0, -0.0394 -1.3819 -0.0197, -0.3543 -1.3819 0.0591, -0.3543 -1.378 0.0591, -0.3543 -1.378 0.0, -0.3543 -1.2402 0.0, -0.3543 -1.2402 -0.0197, -0.3543 -1.3819 -0.0197, -0.3523 -1.2249 0.0, -0.3523 -1.2249 -0.0197, -0.3464 -1.2106 0.0, -0.3464 -1.2106 -0.0197, -0.337 -1.1984 0.0, -0.337 -1.1984 -0.0197, -0.3248 -1.189 0.0, -0.3248 -1.189 -0.0197, -0.3106 -1.1831 0.0, -0.3106 -1.1831 -0.0197, -0.2953 -1.1811 0.0, -0.2953 -1.1811 -0.0197, -0.28 -1.1831 0.0, -0.28 -1.1831 -0.0197, -0.2657 -1.189 0.0, -0.2657 -1.189 -0.0197, -0.2535 -1.1984 0.0, -0.2535 -1.1984 -0.0197, -0.2441 -1.2106 0.0, -0.2441 -1.2106 -0.0197, -0.2382 -1.2249 0.0, -0.2382 -1.2249 -0.0197, -0.2362 -1.2402 0.0, -0.2362 -1.2402 -0.0197, -0.2362 -1.378 0.0591, -0.2362 -1.3819 0.0591, -0.2362 -1.378 0.0, -0.2362 -1.3819 -0.0197, -0.5512 -1.3819 0.0591, -0.5512 -1.378 0.0591, -0.5512 -1.378 0.0, -0.5512 -1.2402 0.0, -0.5512 -1.2402 -0.0197, -0.5512 -1.3819 -0.0197, -0.5492 -1.2249 0.0, -0.5492 -1.2249 -0.0197, -0.5433 -1.2106 0.0, -0.5433 -1.2106 -0.0197, -0.5339 -1.1984 0.0, -0.5339 -1.1984 -0.0197, -0.5217 -1.189 0.0, -0.5217 -1.189 -0.0197, -0.5074 -1.1831 0.0, -0.5074 -1.1831 -0.0197, -0.4921 -1.1811 0.0, -0.4921 -1.1811 -0.0197, -0.4768 -1.1831 0.0, -0.4768 -1.1831 -0.0197, -0.4626 -1.189 0.0, -0.4626 -1.189 -0.0197, -0.4504 -1.1984 0.0, -0.4504 -1.1984 -0.0197, -0.441 -1.2106 0.0, -0.441 -1.2106 -0.0197, -0.4351 -1.2249 0.0, -0.4351 -1.2249 -0.0197, -0.4331 -1.2402 0.0, -0.4331 -1.2402 -0.0197, -0.4331 -1.378 0.0591, -0.4331 -1.3819 0.0591, -0.4331 -1.378 0.0, -0.4331 -1.3819 -0.0197, -0.748 -1.3819 0.0591, -0.748 -1.378 0.0591, -0.748 -1.378 0.0, -0.748 -1.2402 0.0, -0.748 -1.2402 -0.0197, -0.748 -1.3819 -0.0197, -0.746 -1.2249 0.0, -0.746 -1.2249 -0.0197, -0.7401 -1.2106 0.0, -0.7401 -1.2106 -0.0197, -0.7307 -1.1984 0.0, -0.7307 -1.1984 -0.0197, -0.7185 -1.189 0.0, -0.7185 -1.189 -0.0197, -0.7043 -1.1831 0.0, -0.7043 -1.1831 -0.0197, -0.689 -1.1811 0.0, -0.689 -1.1811 -0.0197, -0.6737 -1.1831 0.0, -0.6737 -1.1831 -0.0197, -0.6594 -1.189 0.0, -0.6594 -1.189 -0.0197, -0.6472 -1.1984 0.0, -0.6472 -1.1984 -0.0197, -0.6378 -1.2106 0.0, -0.6378 -1.2106 -0.0197, -0.6319 -1.2249 0.0, -0.6319 -1.2249 -0.0197, -0.6299 -1.2402 0.0, -0.6299 -1.2402 -0.0197, -0.6299 -1.378 0.0591, -0.6299 -1.3819 0.0591, -0.6299 -1.378 0.0, -0.6299 -1.3819 -0.0197, -0.9449 -1.3819 0.0591, -0.9449 -1.378 0.0591, -0.9449 -1.378 0.0, -0.9449 -1.2402 0.0, -0.9449 -1.2402 -0.0197, -0.9449 -1.3819 -0.0197, -0.9429 -1.2249 0.0, -0.9429 -1.2249 -0.0197, -0.937 -1.2106 0.0, -0.937 -1.2106 -0.0197, -0.9276 -1.1984 0.0, -0.9276 -1.1984 -0.0197, -0.9154 -1.189 0.0, -0.9154 -1.189 -0.0197, -0.9011 -1.1831 0.0, -0.9011 -1.1831 -0.0197, -0.8858 -1.1811 0.0, -0.8858 -1.1811 -0.0197, -0.8705 -1.1831 0.0, -0.8705 -1.1831 -0.0197, -0.8563 -1.189 0.0, -0.8563 -1.189 -0.0197, -0.8441 -1.1984 0.0, -0.8441 -1.1984 -0.0197, -0.8347 -1.2106 0.0, -0.8347 -1.2106 -0.0197, -0.8288 -1.2249 0.0, -0.8288 -1.2249 -0.0197, -0.8268 -1.2402 0.0, -0.8268 -1.2402 -0.0197, -0.8268 -1.378 0.0591, -0.8268 -1.3819 0.0591, -0.8268 -1.378 0.0, -0.8268 -1.3819 -0.0197, -1.1417 -1.3819 0.0591, -1.1417 -1.378 0.0591, -1.1417 -1.378 0.0, -1.1417 -1.2402 0.0, -1.1417 -1.2402 -0.0197, -1.1417 -1.3819 -0.0197, -1.1397 -1.2249 0.0, -1.1397 -1.2249 -0.0197, -1.1338 -1.2106 0.0, -1.1338 -1.2106 -0.0197, -1.1244 -1.1984 0.0, -1.1244 -1.1984 -0.0197, -1.1122 -1.189 0.0, -1.1122 -1.189 -0.0197, -1.098 -1.1831 0.0, -1.098 -1.1831 -0.0197, -1.0827 -1.1811 0.0, -1.0827 -1.1811 -0.0197, -1.0674 -1.1831 0.0, -1.0674 -1.1831 -0.0197, -1.0531 -1.189 0.0, -1.0531 -1.189 -0.0197, -1.0409 -1.1984 0.0, -1.0409 -1.1984 -0.0197, -1.0315 -1.2106 0.0, -1.0315 -1.2106 -0.0197, -1.0256 -1.2249 0.0, -1.0256 -1.2249 -0.0197, -1.0236 -1.2402 0.0, -1.0236 -1.2402 -0.0197, -1.0236 -1.378 0.0591, -1.0236 -1.3819 0.0591, -1.0236 -1.378 0.0, -1.0236 -1.3819 -0.0197, -1.2402 1.1417 -0.0197, -1.2402 1.1417 0.0, -1.2249 1.1397 0.0, -1.2249 1.1397 -0.0197, -1.2106 1.1338 0.0, -1.2106 1.1338 -0.0197, -1.1984 1.1244 0.0, -1.1984 1.1244 -0.0197, -1.189 1.1122 0.0, -1.189 1.1122 -0.0197, -1.1831 1.098 0.0, -1.1831 1.098 -0.0197, -1.1811 1.0827 0.0, -1.1811 1.0827 -0.0197, -1.1831 1.0674 0.0, -1.1831 1.0674 -0.0197, -1.189 1.0531 0.0, -1.189 1.0531 -0.0197, -1.1984 1.0409 0.0, -1.1984 1.0409 -0.0197, -1.2106 1.0315 0.0, -1.2106 1.0315 -0.0197, -1.2249 1.0256 0.0, -1.2249 1.0256 -0.0197, -1.2402 1.0236 0.0, -1.2402 1.0236 -0.0197, -1.378 1.0236 0.0591, -1.3819 1.0236 0.0591, -1.378 1.0236 0.0, -1.3819 1.0236 -0.0197, -1.3819 1.1417 0.0591, -1.378 1.1417 0.0591, -1.378 1.1417 0.0, -1.3819 1.1417 -0.0197, -1.2402 0.9449 -0.0197, -1.2402 0.9449 0.0, -1.2249 0.9429 0.0, -1.2249 0.9429 -0.0197, -1.2106 0.937 0.0, -1.2106 0.937 -0.0197, -1.1984 0.9276 0.0, -1.1984 0.9276 -0.0197, -1.189 0.9154 0.0, -1.189 0.9154 -0.0197, -1.1831 0.9011 0.0, -1.1831 0.9011 -0.0197, -1.1811 0.8858 0.0, -1.1811 0.8858 -0.0197, -1.1831 0.8705 0.0, -1.1831 0.8705 -0.0197, -1.189 0.8563 0.0, -1.189 0.8563 -0.0197, -1.1984 0.8441 0.0, -1.1984 0.8441 -0.0197, -1.2106 0.8347 0.0, -1.2106 0.8347 -0.0197, -1.2249 0.8288 0.0, -1.2249 0.8288 -0.0197, -1.2402 0.8268 0.0, -1.2402 0.8268 -0.0197, -1.378 0.8268 0.0591, -1.3819 0.8268 0.0591, -1.378 0.8268 0.0, -1.3819 0.8268 -0.0197, -1.3819 0.9449 0.0591, -1.378 0.9449 0.0591, -1.378 0.9449 0.0, -1.3819 0.9449 -0.0197, -1.2402 0.748 -0.0197, -1.2402 0.748 0.0, -1.2249 0.746 0.0, -1.2249 0.746 -0.0197, -1.2106 0.7401 0.0, -1.2106 0.7401 -0.0197, -1.1984 0.7307 0.0, -1.1984 0.7307 -0.0197, -1.189 0.7185 0.0, -1.189 0.7185 -0.0197, -1.1831 0.7043 0.0, -1.1831 0.7043 -0.0197, -1.1811 0.689 0.0, -1.1811 0.689 -0.0197, -1.1831 0.6737 0.0, -1.1831 0.6737 -0.0197, -1.189 0.6594 0.0, -1.189 0.6594 -0.0197, -1.1984 0.6472 0.0, -1.1984 0.6472 -0.0197, -1.2106 0.6378 0.0, -1.2106 0.6378 -0.0197, -1.2249 0.6319 0.0, -1.2249 0.6319 -0.0197, -1.2402 0.6299 0.0, -1.2402 0.6299 -0.0197, -1.378 0.6299 0.0591, -1.3819 0.6299 0.0591, -1.378 0.6299 0.0, -1.3819 0.6299 -0.0197, -1.3819 0.748 0.0591, -1.378 0.748 0.0591, -1.378 0.748 0.0, -1.3819 0.748 -0.0197, -1.2402 0.5512 -0.0197, -1.2402 0.5512 0.0, -1.2249 0.5492 0.0, -1.2249 0.5492 -0.0197, -1.2106 0.5433 0.0, -1.2106 0.5433 -0.0197, -1.1984 0.5339 0.0, -1.1984 0.5339 -0.0197, -1.189 0.5217 0.0, -1.189 0.5217 -0.0197, -1.1831 0.5074 0.0, -1.1831 0.5074 -0.0197, -1.1811 0.4921 0.0, -1.1811 0.4921 -0.0197, -1.1831 0.4768 0.0, -1.1831 0.4768 -0.0197, -1.189 0.4626 0.0, -1.189 0.4626 -0.0197, -1.1984 0.4504 0.0, -1.1984 0.4504 -0.0197, -1.2106 0.441 0.0, -1.2106 0.441 -0.0197, -1.2249 0.4351 0.0, -1.2249 0.4351 -0.0197, -1.2402 0.4331 0.0, -1.2402 0.4331 -0.0197, -1.378 0.4331 0.0591, -1.3819 0.4331 0.0591, -1.378 0.4331 0.0, -1.3819 0.4331 -0.0197, -1.3819 0.5512 0.0591, -1.378 0.5512 0.0591, -1.378 0.5512 0.0, -1.3819 0.5512 -0.0197, -1.2402 0.3543 -0.0197, -1.2402 0.3543 0.0, -1.2249 0.3523 0.0, -1.2249 0.3523 -0.0197, -1.2106 0.3464 0.0, -1.2106 0.3464 -0.0197, -1.1984 0.337 0.0, -1.1984 0.337 -0.0197, -1.189 0.3248 0.0, -1.189 0.3248 -0.0197, -1.1831 0.3106 0.0, -1.1831 0.3106 -0.0197, -1.1811 0.2953 0.0, -1.1811 0.2953 -0.0197, -1.1831 0.28 0.0, -1.1831 0.28 -0.0197, -1.189 0.2657 0.0, -1.189 0.2657 -0.0197, -1.1984 0.2535 0.0, -1.1984 0.2535 -0.0197, -1.2106 0.2441 0.0, -1.2106 0.2441 -0.0197, -1.2249 0.2382 0.0, -1.2249 0.2382 -0.0197, -1.2402 0.2362 0.0, -1.2402 0.2362 -0.0197, -1.378 0.2362 0.0591, -1.3819 0.2362 0.0591, -1.378 0.2362 0.0, -1.3819 0.2362 -0.0197, -1.3819 0.3543 0.0591, -1.378 0.3543 0.0591, -1.378 0.3543 0.0, -1.3819 0.3543 -0.0197, -1.2402 0.1575 -0.0197, -1.2402 0.1575 0.0, -1.2249 0.1555 0.0, -1.2249 0.1555 -0.0197, -1.2106 0.1496 0.0, -1.2106 0.1496 -0.0197, -1.1984 0.1402 0.0, -1.1984 0.1402 -0.0197, -1.189 0.128 0.0, -1.189 0.128 -0.0197, -1.1831 0.1137 0.0, -1.1831 0.1137 -0.0197, -1.1811 0.0984 0.0, -1.1811 0.0984 -0.0197, -1.1831 0.0831 0.0, -1.1831 0.0831 -0.0197, -1.189 0.0689 0.0, -1.189 0.0689 -0.0197, -1.1984 0.0567 0.0, -1.1984 0.0567 -0.0197, -1.2106 0.0473 0.0, -1.2106 0.0473 -0.0197, -1.2249 0.0414 0.0, -1.2249 0.0414 -0.0197, -1.2402 0.0394 0.0, -1.2402 0.0394 -0.0197, -1.378 0.0394 0.0591, -1.3819 0.0394 0.0591, -1.378 0.0394 0.0, -1.3819 0.0394 -0.0197, -1.3819 0.1575 0.0591, -1.378 0.1575 0.0591, -1.378 0.1575 0.0, -1.3819 0.1575 -0.0197, -1.2402 -0.0394 -0.0197, -1.2402 -0.0394 0.0, -1.2249 -0.0414 0.0, -1.2249 -0.0414 -0.0197, -1.2106 -0.0473 0.0, -1.2106 -0.0473 -0.0197, -1.1984 -0.0567 0.0, -1.1984 -0.0567 -0.0197, -1.189 -0.0689 0.0, -1.189 -0.0689 -0.0197, -1.1831 -0.0831 0.0, -1.1831 -0.0831 -0.0197, -1.1811 -0.0984 0.0, -1.1811 -0.0984 -0.0197, -1.1831 -0.1137 0.0, -1.1831 -0.1137 -0.0197, -1.189 -0.128 0.0, -1.189 -0.128 -0.0197, -1.1984 -0.1402 0.0, -1.1984 -0.1402 -0.0197, -1.2106 -0.1496 0.0, -1.2106 -0.1496 -0.0197, -1.2249 -0.1555 0.0, -1.2249 -0.1555 -0.0197, -1.2402 -0.1575 0.0, -1.2402 -0.1575 -0.0197, -1.378 -0.1575 0.0591, -1.3819 -0.1575 0.0591, -1.378 -0.1575 0.0, -1.3819 -0.1575 -0.0197, -1.3819 -0.0394 0.0591, -1.378 -0.0394 0.0591, -1.378 -0.0394 0.0, -1.3819 -0.0394 -0.0197, -1.2402 -0.2362 -0.0197, -1.2402 -0.2362 0.0, -1.2249 -0.2382 0.0, -1.2249 -0.2382 -0.0197, -1.2106 -0.2441 0.0, -1.2106 -0.2441 -0.0197, -1.1984 -0.2535 0.0, -1.1984 -0.2535 -0.0197, -1.189 -0.2657 0.0, -1.189 -0.2657 -0.0197, -1.1831 -0.28 0.0, -1.1831 -0.28 -0.0197, -1.1811 -0.2953 0.0, -1.1811 -0.2953 -0.0197, -1.1831 -0.3106 0.0, -1.1831 -0.3106 -0.0197, -1.189 -0.3248 0.0, -1.189 -0.3248 -0.0197, -1.1984 -0.337 0.0, -1.1984 -0.337 -0.0197, -1.2106 -0.3464 0.0, -1.2106 -0.3464 -0.0197, -1.2249 -0.3523 0.0, -1.2249 -0.3523 -0.0197, -1.2402 -0.3543 0.0, -1.2402 -0.3543 -0.0197, -1.378 -0.3543 0.0591, -1.3819 -0.3543 0.0591, -1.378 -0.3543 0.0, -1.3819 -0.3543 -0.0197, -1.3819 -0.2362 0.0591, -1.378 -0.2362 0.0591, -1.378 -0.2362 0.0, -1.3819 -0.2362 -0.0197, -1.2402 -0.4331 -0.0197, -1.2402 -0.4331 0.0, -1.2249 -0.4351 0.0, -1.2249 -0.4351 -0.0197, -1.2106 -0.441 0.0, -1.2106 -0.441 -0.0197, -1.1984 -0.4504 0.0, -1.1984 -0.4504 -0.0197, -1.189 -0.4626 0.0, -1.189 -0.4626 -0.0197, -1.1831 -0.4768 0.0, -1.1831 -0.4768 -0.0197, -1.1811 -0.4921 0.0, -1.1811 -0.4921 -0.0197, -1.1831 -0.5074 0.0, -1.1831 -0.5074 -0.0197, -1.189 -0.5217 0.0, -1.189 -0.5217 -0.0197, -1.1984 -0.5339 0.0, -1.1984 -0.5339 -0.0197, -1.2106 -0.5433 0.0, -1.2106 -0.5433 -0.0197, -1.2249 -0.5492 0.0, -1.2249 -0.5492 -0.0197, -1.2402 -0.5512 0.0, -1.2402 -0.5512 -0.0197, -1.378 -0.5512 0.0591, -1.3819 -0.5512 0.0591, -1.378 -0.5512 0.0, -1.3819 -0.5512 -0.0197, -1.3819 -0.4331 0.0591, -1.378 -0.4331 0.0591, -1.378 -0.4331 0.0, -1.3819 -0.4331 -0.0197, -1.2402 -0.6299 -0.0197, -1.2402 -0.6299 0.0, -1.2249 -0.6319 0.0, -1.2249 -0.6319 -0.0197, -1.2106 -0.6378 0.0, -1.2106 -0.6378 -0.0197, -1.1984 -0.6472 0.0, -1.1984 -0.6472 -0.0197, -1.189 -0.6594 0.0, -1.189 -0.6594 -0.0197, -1.1831 -0.6737 0.0, -1.1831 -0.6737 -0.0197, -1.1811 -0.689 0.0, -1.1811 -0.689 -0.0197, -1.1831 -0.7043 0.0, -1.1831 -0.7043 -0.0197, -1.189 -0.7185 0.0, -1.189 -0.7185 -0.0197, -1.1984 -0.7307 0.0, -1.1984 -0.7307 -0.0197, -1.2106 -0.7401 0.0, -1.2106 -0.7401 -0.0197, -1.2249 -0.746 0.0, -1.2249 -0.746 -0.0197, -1.2402 -0.748 0.0, -1.2402 -0.748 -0.0197, -1.378 -0.748 0.0591, -1.3819 -0.748 0.0591, -1.378 -0.748 0.0, -1.3819 -0.748 -0.0197, -1.3819 -0.6299 0.0591, -1.378 -0.6299 0.0591, -1.378 -0.6299 0.0, -1.3819 -0.6299 -0.0197, -1.2402 -0.8268 -0.0197, -1.2402 -0.8268 0.0, -1.2249 -0.8288 0.0, -1.2249 -0.8288 -0.0197, -1.2106 -0.8347 0.0, -1.2106 -0.8347 -0.0197, -1.1984 -0.8441 0.0, -1.1984 -0.8441 -0.0197, -1.189 -0.8563 0.0, -1.189 -0.8563 -0.0197, -1.1831 -0.8705 0.0, -1.1831 -0.8705 -0.0197, -1.1811 -0.8858 0.0, -1.1811 -0.8858 -0.0197, -1.1831 -0.9011 0.0, -1.1831 -0.9011 -0.0197, -1.189 -0.9154 0.0, -1.189 -0.9154 -0.0197, -1.1984 -0.9276 0.0, -1.1984 -0.9276 -0.0197, -1.2106 -0.937 0.0, -1.2106 -0.937 -0.0197, -1.2249 -0.9429 0.0, -1.2249 -0.9429 -0.0197, -1.2402 -0.9449 0.0, -1.2402 -0.9449 -0.0197, -1.378 -0.9449 0.0591, -1.3819 -0.9449 0.0591, -1.378 -0.9449 0.0, -1.3819 -0.9449 -0.0197, -1.3819 -0.8268 0.0591, -1.378 -0.8268 0.0591, -1.378 -0.8268 0.0, -1.3819 -0.8268 -0.0197, -1.2402 -1.0236 -0.0197, -1.2402 -1.0236 0.0, -1.2249 -1.0256 0.0, -1.2249 -1.0256 -0.0197, -1.2106 -1.0315 0.0, -1.2106 -1.0315 -0.0197, -1.1984 -1.0409 0.0, -1.1984 -1.0409 -0.0197, -1.189 -1.0531 0.0, -1.189 -1.0531 -0.0197, -1.1831 -1.0674 0.0, -1.1831 -1.0674 -0.0197, -1.1811 -1.0827 0.0, -1.1811 -1.0827 -0.0197, -1.1831 -1.098 0.0, -1.1831 -1.098 -0.0197, -1.189 -1.1122 0.0, -1.189 -1.1122 -0.0197, -1.1984 -1.1244 0.0, -1.1984 -1.1244 -0.0197, -1.2106 -1.1338 0.0, -1.2106 -1.1338 -0.0197, -1.2249 -1.1397 0.0, -1.2249 -1.1397 -0.0197, -1.2402 -1.1417 0.0, -1.2402 -1.1417 -0.0197, -1.378 -1.1417 0.0591, -1.3819 -1.1417 0.0591, -1.378 -1.1417 0.0, -1.3819 -1.1417 -0.0197, -1.3819 -1.0236 0.0591, -1.378 -1.0236 0.0591, -1.378 -1.0236 0.0, -1.3819 -1.0236 -0.0197, -1.0236 1.2402 -0.0197, -1.0236 1.2402 0.0, -1.0256 1.2249 0.0, -1.0256 1.2249 -0.0197, -1.0315 1.2106 0.0, -1.0315 1.2106 -0.0197, -1.0409 1.1984 0.0, -1.0409 1.1984 -0.0197, -1.0531 1.189 0.0, -1.0531 1.189 -0.0197, -1.0674 1.1831 0.0, -1.0674 1.1831 -0.0197, -1.0827 1.1811 0.0, -1.0827 1.1811 -0.0197, -1.098 1.1831 0.0, -1.098 1.1831 -0.0197, -1.1122 1.189 0.0, -1.1122 1.189 -0.0197, -1.1244 1.1984 0.0, -1.1244 1.1984 -0.0197, -1.1338 1.2106 0.0, -1.1338 1.2106 -0.0197, -1.1397 1.2249 0.0, -1.1397 1.2249 -0.0197, -1.1417 1.2402 0.0, -1.1417 1.2402 -0.0197, -1.1417 1.378 0.0591, -1.1417 1.3819 0.0591, -1.1417 1.378 0.0, -1.1417 1.3819 -0.0197, -1.0236 1.3819 0.0591, -1.0236 1.378 0.0591, -1.0236 1.378 0.0, -1.0236 1.3819 -0.0197, -0.8268 1.2402 -0.0197, -0.8268 1.2402 0.0, -0.8288 1.2249 0.0, -0.8288 1.2249 -0.0197, -0.8347 1.2106 0.0, -0.8347 1.2106 -0.0197, -0.8441 1.1984 0.0, -0.8441 1.1984 -0.0197, -0.8563 1.189 0.0, -0.8563 1.189 -0.0197, -0.8705 1.1831 0.0, -0.8705 1.1831 -0.0197, -0.8858 1.1811 0.0, -0.8858 1.1811 -0.0197, -0.9011 1.1831 0.0, -0.9011 1.1831 -0.0197, -0.9154 1.189 0.0, -0.9154 1.189 -0.0197, -0.9276 1.1984 0.0, -0.9276 1.1984 -0.0197, -0.937 1.2106 0.0, -0.937 1.2106 -0.0197, -0.9429 1.2249 0.0, -0.9429 1.2249 -0.0197, -0.9449 1.2402 0.0, -0.9449 1.2402 -0.0197, -0.9449 1.378 0.0591, -0.9449 1.3819 0.0591, -0.9449 1.378 0.0, -0.9449 1.3819 -0.0197, -0.8268 1.3819 0.0591, -0.8268 1.378 0.0591, -0.8268 1.378 0.0, -0.8268 1.3819 -0.0197, -0.6299 1.2402 -0.0197, -0.6299 1.2402 0.0, -0.6319 1.2249 0.0, -0.6319 1.2249 -0.0197, -0.6378 1.2106 0.0, -0.6378 1.2106 -0.0197, -0.6472 1.1984 0.0, -0.6472 1.1984 -0.0197, -0.6594 1.189 0.0, -0.6594 1.189 -0.0197, -0.6737 1.1831 0.0, -0.6737 1.1831 -0.0197, -0.689 1.1811 0.0, -0.689 1.1811 -0.0197, -0.7043 1.1831 0.0, -0.7043 1.1831 -0.0197, -0.7185 1.189 0.0, -0.7185 1.189 -0.0197, -0.7307 1.1984 0.0, -0.7307 1.1984 -0.0197, -0.7401 1.2106 0.0, -0.7401 1.2106 -0.0197, -0.746 1.2249 0.0, -0.746 1.2249 -0.0197, -0.748 1.2402 0.0, -0.748 1.2402 -0.0197, -0.748 1.378 0.0591, -0.748 1.3819 0.0591, -0.748 1.378 0.0, -0.748 1.3819 -0.0197, -0.6299 1.3819 0.0591, -0.6299 1.378 0.0591, -0.6299 1.378 0.0, -0.6299 1.3819 -0.0197, -0.4331 1.2402 -0.0197, -0.4331 1.2402 0.0, -0.4351 1.2249 0.0, -0.4351 1.2249 -0.0197, -0.441 1.2106 0.0, -0.441 1.2106 -0.0197, -0.4504 1.1984 0.0, -0.4504 1.1984 -0.0197, -0.4626 1.189 0.0, -0.4626 1.189 -0.0197, -0.4768 1.1831 0.0, -0.4768 1.1831 -0.0197, -0.4921 1.1811 0.0, -0.4921 1.1811 -0.0197, -0.5074 1.1831 0.0, -0.5074 1.1831 -0.0197, -0.5217 1.189 0.0, -0.5217 1.189 -0.0197, -0.5339 1.1984 0.0, -0.5339 1.1984 -0.0197, -0.5433 1.2106 0.0, -0.5433 1.2106 -0.0197, -0.5492 1.2249 0.0, -0.5492 1.2249 -0.0197, -0.5512 1.2402 0.0, -0.5512 1.2402 -0.0197, -0.5512 1.378 0.0591, -0.5512 1.3819 0.0591, -0.5512 1.378 0.0, -0.5512 1.3819 -0.0197, -0.4331 1.3819 0.0591, -0.4331 1.378 0.0591, -0.4331 1.378 0.0, -0.4331 1.3819 -0.0197, -0.2362 1.2402 -0.0197, -0.2362 1.2402 0.0, -0.2382 1.2249 0.0, -0.2382 1.2249 -0.0197, -0.2441 1.2106 0.0, -0.2441 1.2106 -0.0197, -0.2535 1.1984 0.0, -0.2535 1.1984 -0.0197, -0.2657 1.189 0.0, -0.2657 1.189 -0.0197, -0.28 1.1831 0.0, -0.28 1.1831 -0.0197, -0.2953 1.1811 0.0, -0.2953 1.1811 -0.0197, -0.3106 1.1831 0.0, -0.3106 1.1831 -0.0197, -0.3248 1.189 0.0, -0.3248 1.189 -0.0197, -0.337 1.1984 0.0, -0.337 1.1984 -0.0197, -0.3464 1.2106 0.0, -0.3464 1.2106 -0.0197, -0.3523 1.2249 0.0, -0.3523 1.2249 -0.0197, -0.3543 1.2402 0.0, -0.3543 1.2402 -0.0197, -0.3543 1.378 0.0591, -0.3543 1.3819 0.0591, -0.3543 1.378 0.0, -0.3543 1.3819 -0.0197, -0.2362 1.3819 0.0591, -0.2362 1.378 0.0591, -0.2362 1.378 0.0, -0.2362 1.3819 -0.0197, -0.0394 1.2402 -0.0197, -0.0394 1.2402 0.0, -0.0414 1.2249 0.0, -0.0414 1.2249 -0.0197, -0.0473 1.2106 0.0, -0.0473 1.2106 -0.0197, -0.0567 1.1984 0.0, -0.0567 1.1984 -0.0197, -0.0689 1.189 0.0, -0.0689 1.189 -0.0197, -0.0831 1.1831 0.0, -0.0831 1.1831 -0.0197, -0.0984 1.1811 0.0, -0.0984 1.1811 -0.0197, -0.1137 1.1831 0.0, -0.1137 1.1831 -0.0197, -0.128 1.189 0.0, -0.128 1.189 -0.0197, -0.1402 1.1984 0.0, -0.1402 1.1984 -0.0197, -0.1496 1.2106 0.0, -0.1496 1.2106 -0.0197, -0.1555 1.2249 0.0, -0.1555 1.2249 -0.0197, -0.1575 1.2402 0.0, -0.1575 1.2402 -0.0197, -0.1575 1.378 0.0591, -0.1575 1.3819 0.0591, -0.1575 1.378 0.0, -0.1575 1.3819 -0.0197, -0.0394 1.3819 0.0591, -0.0394 1.378 0.0591, -0.0394 1.378 0.0, -0.0394 1.3819 -0.0197, 0.1575 1.2402 -0.0197, 0.1575 1.2402 0.0, 0.1555 1.2249 0.0, 0.1555 1.2249 -0.0197, 0.1496 1.2106 0.0, 0.1496 1.2106 -0.0197, 0.1402 1.1984 0.0, 0.1402 1.1984 -0.0197, 0.128 1.189 0.0, 0.128 1.189 -0.0197, 0.1137 1.1831 0.0, 0.1137 1.1831 -0.0197, 0.0984 1.1811 0.0, 0.0984 1.1811 -0.0197, 0.0831 1.1831 0.0, 0.0831 1.1831 -0.0197, 0.0689 1.189 0.0, 0.0689 1.189 -0.0197, 0.0567 1.1984 0.0, 0.0567 1.1984 -0.0197, 0.0473 1.2106 0.0, 0.0473 1.2106 -0.0197, 0.0414 1.2249 0.0, 0.0414 1.2249 -0.0197, 0.0394 1.2402 0.0, 0.0394 1.2402 -0.0197, 0.0394 1.378 0.0591, 0.0394 1.3819 0.0591, 0.0394 1.378 0.0, 0.0394 1.3819 -0.0197, 0.1575 1.3819 0.0591, 0.1575 1.378 0.0591, 0.1575 1.378 0.0, 0.1575 1.3819 -0.0197, 0.3543 1.2402 -0.0197, 0.3543 1.2402 0.0, 0.3523 1.2249 0.0, 0.3523 1.2249 -0.0197, 0.3464 1.2106 0.0, 0.3464 1.2106 -0.0197, 0.337 1.1984 0.0, 0.337 1.1984 -0.0197, 0.3248 1.189 0.0, 0.3248 1.189 -0.0197, 0.3106 1.1831 0.0, 0.3106 1.1831 -0.0197, 0.2953 1.1811 0.0, 0.2953 1.1811 -0.0197, 0.28 1.1831 0.0, 0.28 1.1831 -0.0197, 0.2657 1.189 0.0, 0.2657 1.189 -0.0197, 0.2535 1.1984 0.0, 0.2535 1.1984 -0.0197, 0.2441 1.2106 0.0, 0.2441 1.2106 -0.0197, 0.2382 1.2249 0.0, 0.2382 1.2249 -0.0197, 0.2362 1.2402 0.0, 0.2362 1.2402 -0.0197, 0.2362 1.378 0.0591, 0.2362 1.3819 0.0591, 0.2362 1.378 0.0, 0.2362 1.3819 -0.0197, 0.3543 1.3819 0.0591, 0.3543 1.378 0.0591, 0.3543 1.378 0.0, 0.3543 1.3819 -0.0197, 0.5512 1.2402 -0.0197, 0.5512 1.2402 0.0, 0.5492 1.2249 0.0, 0.5492 1.2249 -0.0197, 0.5433 1.2106 0.0, 0.5433 1.2106 -0.0197, 0.5339 1.1984 0.0, 0.5339 1.1984 -0.0197, 0.5217 1.189 0.0, 0.5217 1.189 -0.0197, 0.5074 1.1831 0.0, 0.5074 1.1831 -0.0197, 0.4921 1.1811 0.0, 0.4921 1.1811 -0.0197, 0.4768 1.1831 0.0, 0.4768 1.1831 -0.0197, 0.4626 1.189 0.0, 0.4626 1.189 -0.0197, 0.4504 1.1984 0.0, 0.4504 1.1984 -0.0197, 0.441 1.2106 0.0, 0.441 1.2106 -0.0197, 0.4351 1.2249 0.0, 0.4351 1.2249 -0.0197, 0.4331 1.2402 0.0, 0.4331 1.2402 -0.0197, 0.4331 1.378 0.0591, 0.4331 1.3819 0.0591, 0.4331 1.378 0.0, 0.4331 1.3819 -0.0197, 0.5512 1.3819 0.0591, 0.5512 1.378 0.0591, 0.5512 1.378 0.0, 0.5512 1.3819 -0.0197, 0.748 1.2402 -0.0197, 0.748 1.2402 0.0, 0.746 1.2249 0.0, 0.746 1.2249 -0.0197, 0.7401 1.2106 0.0, 0.7401 1.2106 -0.0197, 0.7307 1.1984 0.0, 0.7307 1.1984 -0.0197, 0.7185 1.189 0.0, 0.7185 1.189 -0.0197, 0.7043 1.1831 0.0, 0.7043 1.1831 -0.0197, 0.689 1.1811 0.0, 0.689 1.1811 -0.0197, 0.6737 1.1831 0.0, 0.6737 1.1831 -0.0197, 0.6594 1.189 0.0, 0.6594 1.189 -0.0197, 0.6472 1.1984 0.0, 0.6472 1.1984 -0.0197, 0.6378 1.2106 0.0, 0.6378 1.2106 -0.0197, 0.6319 1.2249 0.0, 0.6319 1.2249 -0.0197, 0.6299 1.2402 0.0, 0.6299 1.2402 -0.0197, 0.6299 1.378 0.0591, 0.6299 1.3819 0.0591, 0.6299 1.378 0.0, 0.6299 1.3819 -0.0197, 0.748 1.3819 0.0591, 0.748 1.378 0.0591, 0.748 1.378 0.0, 0.748 1.3819 -0.0197, 0.9449 1.2402 -0.0197, 0.9449 1.2402 0.0, 0.9429 1.2249 0.0, 0.9429 1.2249 -0.0197, 0.937 1.2106 0.0, 0.937 1.2106 -0.0197, 0.9276 1.1984 0.0, 0.9276 1.1984 -0.0197, 0.9154 1.189 0.0, 0.9154 1.189 -0.0197, 0.9011 1.1831 0.0, 0.9011 1.1831 -0.0197, 0.8858 1.1811 0.0, 0.8858 1.1811 -0.0197, 0.8705 1.1831 0.0, 0.8705 1.1831 -0.0197, 0.8563 1.189 0.0, 0.8563 1.189 -0.0197, 0.8441 1.1984 0.0, 0.8441 1.1984 -0.0197, 0.8347 1.2106 0.0, 0.8347 1.2106 -0.0197, 0.8288 1.2249 0.0, 0.8288 1.2249 -0.0197, 0.8268 1.2402 0.0, 0.8268 1.2402 -0.0197, 0.8268 1.378 0.0591, 0.8268 1.3819 0.0591, 0.8268 1.378 0.0, 0.8268 1.3819 -0.0197, 0.9449 1.3819 0.0591, 0.9449 1.378 0.0591, 0.9449 1.378 0.0, 0.9449 1.3819 -0.0197, 1.1417 1.2402 -0.0197, 1.1417 1.2402 0.0, 1.1397 1.2249 0.0, 1.1397 1.2249 -0.0197, 1.1338 1.2106 0.0, 1.1338 1.2106 -0.0197, 1.1244 1.1984 0.0, 1.1244 1.1984 -0.0197, 1.1122 1.189 0.0, 1.1122 1.189 -0.0197, 1.098 1.1831 0.0, 1.098 1.1831 -0.0197, 1.0827 1.1811 0.0, 1.0827 1.1811 -0.0197, 1.0674 1.1831 0.0, 1.0674 1.1831 -0.0197, 1.0531 1.189 0.0, 1.0531 1.189 -0.0197, 1.0409 1.1984 0.0, 1.0409 1.1984 -0.0197, 1.0315 1.2106 0.0, 1.0315 1.2106 -0.0197, 1.0256 1.2249 0.0, 1.0256 1.2249 -0.0197, 1.0236 1.2402 0.0, 1.0236 1.2402 -0.0197, 1.0236 1.378 0.0591, 1.0236 1.3819 0.0591, 1.0236 1.378 0.0, 1.0236 1.3819 -0.0197, 1.1417 1.3819 0.0591, 1.1417 1.378 0.0591, 1.1417 1.378 0.0, 1.1417 1.3819 -0.0197, -0.9055 0.9793 -0.0197, -0.9055 -0.9006 -0.0197, -0.9055 0.9793 0.0, -0.9055 -0.9006 0.0, 0.9055 0.9793 -0.0197, 0.9055 0.9793 0.0, 0.9055 -0.9793 -0.0197, 0.9055 -0.9793 0.0, -0.8268 -0.9793 -0.0197, -0.8268 -0.9793 0.0, -1.2802 -1.3819 0.0293, -1.2802 -1.3819 0.0593, -1.2802 -1.378 0.0293, -1.2802 -1.378 0.0593, -1.2123 -1.3819 0.0293, -1.2123 -1.378 0.0293, -1.2123 -1.3819 0.0593, -1.2123 -1.378 0.0593, 1.2123 -1.3819 0.0593, 1.2802 -1.3819 0.0593, 1.2123 -1.378 0.0593, 1.2802 -1.378 0.0593, 1.2123 -1.3819 0.0293, 1.2123 -1.378 0.0293, 1.2802 -1.3819 0.0293, 1.2802 -1.378 0.0293, -1.2802 1.3819 0.0593, -1.2802 1.3819 0.0293, -1.2802 1.378 0.0593, -1.2802 1.378 0.0293, -1.2123 1.3819 0.0593, -1.2123 1.378 0.0593, -1.2123 1.3819 0.0293, -1.2123 1.378 0.0293, 1.2802 1.3819 0.0593, 1.2123 1.3819 0.0593, 1.2802 1.378 0.0593, 1.2123 1.378 0.0593, 1.2802 1.3819 0.0293, 1.2802 1.378 0.0293, 1.2123 1.3819 0.0293, 1.2123 1.378 0.0293, -1.3819 1.2599 0.0591, -1.3819 1.1994 0.0591, -1.378 1.2599 0.0591, -1.378 1.1994 0.0591, -1.3819 1.2599 0.0181, -1.378 1.2599 0.0181, -1.3819 1.1994 0.0181, -1.378 1.1994 0.0181, -1.3819 -1.2599 0.0591, -1.3819 -1.2599 0.0181, -1.378 -1.2599 0.0591, -1.378 -1.2599 0.0181, -1.3819 -1.1994 0.0591, -1.378 -1.1994 0.0591, -1.3819 -1.1994 0.0181, -1.378 -1.1994 0.0181, 1.3819 1.1994 0.0591, 1.3819 1.2599 0.0591, 1.378 1.1994 0.0591, 1.378 1.2599 0.0591, 1.3819 1.1994 0.0181, 1.378 1.1994 0.0181, 1.3819 1.2599 0.0181, 1.378 1.2599 0.0181, 1.3819 -1.2599 0.0181, 1.3819 -1.2599 0.0591, 1.378 -1.2599 0.0181, 1.378 -1.2599 0.0591, 1.3819 -1.1994 0.0181, 1.378 -1.1994 0.0181, 1.3819 -1.1994 0.0591, 1.378 -1.1994 0.0591, -1.1516 1.2205 0.3504, -1.1516 1.2205 0.3543, -1.1539 1.2383 0.3504, -1.1539 1.2383 0.3543, -1.1608 1.2549 0.3504, -1.1608 1.2549 0.3543, -1.1718 1.2692 0.3504, -1.1718 1.2692 0.3543, -1.186 1.2801 0.3504, -1.186 1.2801 0.3543, -1.2026 1.287 0.3504, -1.2026 1.287 0.3543, -1.2205 1.2894 0.3504, -1.2205 1.2894 0.3543, -1.2383 1.287 0.3504, -1.2383 1.287 0.3543, -1.2549 1.2801 0.3504, -1.2549 1.2801 0.3543, -1.2692 1.2692 0.3504, -1.2692 1.2692 0.3543, -1.2801 1.2549 0.3504, -1.2801 1.2549 0.3543, -1.287 1.2383 0.3504, -1.287 1.2383 0.3543, -1.2894 1.2205 0.3504, -1.2894 1.2205 0.3543, -1.287 1.2026 0.3504, -1.287 1.2026 0.3543, -1.2801 1.186 0.3504, -1.2801 1.186 0.3543, -1.2692 1.1718 0.3504, -1.2692 1.1718 0.3543, -1.2549 1.1608 0.3504, -1.2549 1.1608 0.3543, -1.2383 1.1539 0.3504, -1.2383 1.1539 0.3543, -1.2205 1.1516 0.3504, -1.2205 1.1516 0.3543, -1.2026 1.1539 0.3504, -1.2026 1.1539 0.3543, -1.186 1.1608 0.3504, -1.186 1.1608 0.3543, -1.1718 1.1718 0.3504, -1.1718 1.1718 0.3543, -1.1608 1.186 0.3504, -1.1608 1.186 0.3543, -1.1539 1.2026 0.3504, -1.1539 1.2026 0.3543, -1.2205 1.2205 0.3504, -0.1052 -1.0991 0.0039, -0.1025 -1.1077 0.0039, -0.1315 -1.0991 0.0039, -0.1351 -1.1077 0.0039, -0.1169 -1.0662 0.0039, -0.1133 -1.0511 0.0039, -0.0835 -1.1298 0.0039, -0.095 -1.1298 0.0039, -0.1177 -1.0635 0.0039, -0.1182 -1.0607 0.0039, -0.1238 -1.0511 0.0039, -0.1185 -1.0607 0.0039, -0.119 -1.0635 0.0039, -0.1197 -1.0662 0.0039, -0.1546 -1.1298 0.0039, -0.143 -1.1298 0.0039, -0.1351 -1.1077 0.0, -0.143 -1.1298 0.0, -0.1025 -1.1077 0.0, -0.095 -1.1298 0.0, -0.0835 -1.1298 0.0, -0.1133 -1.0511 0.0, -0.1238 -1.0511 0.0, -0.1546 -1.1298 0.0, -0.1197 -1.0662 0.0, -0.119 -1.0635 0.0, -0.1185 -1.0607 0.0, -0.1182 -1.0607 0.0, -0.1177 -1.0635 0.0, -0.1169 -1.0662 0.0, -0.1052 -1.0991 0.0, -0.1315 -1.0991 0.0, -0.0366 -1.0511 0.0039, -0.0366 -1.0511 0.0, -0.0144 -1.0511 0.0039, -0.0144 -1.0511 0.0, -0.048 -1.0523 0.0039, -0.048 -1.0523 0.0, -0.0572 -1.0555 0.0039, -0.0572 -1.0555 0.0, -0.0657 -1.0613 0.0039, -0.0657 -1.0613 0.0, -0.0658 -1.0613 0.0039, -0.0658 -1.0613 0.0, -0.0714 -1.0675 0.0039, -0.0714 -1.0675 0.0, -0.075 -1.0743 0.0039, -0.075 -1.0743 0.0, -0.0772 -1.082 0.0039, -0.0772 -1.082 0.0, -0.0777 -1.0895 0.0039, -0.0777 -1.0895 0.0, -0.0766 -1.1 0.0039, -0.0766 -1.1 0.0, -0.0738 -1.1082 0.0039, -0.0738 -1.1082 0.0, -0.0693 -1.1153 0.0039, -0.0693 -1.1153 0.0, -0.0628 -1.1215 0.0039, -0.0628 -1.1215 0.0, -0.0546 -1.1263 0.0039, -0.0546 -1.1263 0.0, -0.0455 -1.129 0.0039, -0.0455 -1.129 0.0, -0.0358 -1.1298 0.0039, -0.0358 -1.1298 0.0, -0.0144 -1.1298 0.0039, -0.0144 -1.1298 0.0, -0.0619 -1.0708 0.0039, -0.0581 -1.0667 0.0039, -0.0524 -1.063 0.0039, -0.0459 -1.0607 0.0039, -0.0365 -1.0597 0.0039, -0.0249 -1.0597 0.0039, -0.0249 -1.1212 0.0039, -0.0361 -1.1212 0.0039, -0.0444 -1.1204 0.0039, -0.051 -1.1183 0.0039, -0.0564 -1.1151 0.0039, -0.0608 -1.1108 0.0039, -0.0641 -1.1054 0.0039, -0.0664 -1.098 0.0039, -0.0672 -1.0897 0.0039, -0.0665 -1.0818 0.0039, -0.0647 -1.0756 0.0039, -0.0361 -1.1212 0.0, -0.0249 -1.1212 0.0, -0.0444 -1.1204 0.0, -0.051 -1.1183 0.0, -0.0564 -1.1151 0.0, -0.0608 -1.1108 0.0, -0.0641 -1.1054 0.0, -0.0664 -1.098 0.0, -0.0672 -1.0897 0.0, -0.0665 -1.0818 0.0, -0.0647 -1.0756 0.0, -0.0619 -1.0708 0.0, -0.0581 -1.0667 0.0, -0.0524 -1.063 0.0, -0.0459 -1.0607 0.0, -0.0365 -1.0597 0.0, -0.0249 -1.0597 0.0, 0.0433 -1.0511 0.0039, 0.0433 -1.0511 0.0, 0.0433 -1.1298 0.0039, 0.0433 -1.1298 0.0, 0.0029 -1.0511 0.0039, 0.0029 -1.0511 0.0, 0.0029 -1.0597 0.0039, 0.0029 -1.0597 0.0, 0.0327 -1.0597 0.0039, 0.0327 -1.0597 0.0, 0.0327 -1.0856 0.0039, 0.0327 -1.0856 0.0, 0.0048 -1.0856 0.0039, 0.0048 -1.0856 0.0, 0.0048 -1.0943 0.0039, 0.0048 -1.0943 0.0, 0.0327 -1.0943 0.0039, 0.0327 -1.0943 0.0, 0.0327 -1.1212 0.0039, 0.0327 -1.1212 0.0, 0.001 -1.1212 0.0039, 0.001 -1.1212 0.0, 0.001 -1.1298 0.0039, 0.001 -1.1298 0.0, 0.0849 -1.1303 0.0, 0.0803 -1.1308 0.0, 0.0803 -1.1308 0.0039, 0.09 -1.1298 0.0, 0.09 -1.1298 0.0039, 0.0976 -1.1271 0.0039, 0.0976 -1.1271 0.0, 0.104 -1.1231 0.0039, 0.104 -1.1231 0.0, 0.1099 -1.1169 0.0039, 0.1099 -1.1169 0.0, 0.1141 -1.1094 0.0039, 0.1141 -1.1094 0.0, 0.1164 -1.1011 0.0039, 0.1164 -1.1011 0.0, 0.1172 -1.0919 0.0039, 0.1172 -1.0919 0.0, 0.1161 -1.0807 0.0039, 0.1161 -1.0807 0.0, 0.113 -1.0718 0.0039, 0.113 -1.0718 0.0, 0.1084 -1.0645 0.0039, 0.1084 -1.0645 0.0, 0.1013 -1.0576 0.0039, 0.1013 -1.0576 0.0, 0.0938 -1.0533 0.0039, 0.0938 -1.0533 0.0, 0.0851 -1.0508 0.0039, 0.0851 -1.0508 0.0, 0.083 -1.0506 0.0, 0.0772 -1.0501 0.0039, 0.0772 -1.0501 0.0, 0.0702 -1.0506 0.0, 0.0677 -1.0508 0.0039, 0.0677 -1.0508 0.0, 0.0586 -1.0532 0.0039, 0.0586 -1.0532 0.0, 0.0586 -1.0638 0.0039, 0.0586 -1.0638 0.0, 0.0675 -1.06 0.0039, 0.0675 -1.06 0.0, 0.0771 -1.0588 0.0039, 0.0771 -1.0588 0.0, 0.0848 -1.0596 0.0039, 0.0848 -1.0596 0.0, 0.0907 -1.0618 0.0039, 0.0907 -1.0618 0.0, 0.0962 -1.0654 0.0039, 0.0962 -1.0654 0.0, 0.1009 -1.0707 0.0039, 0.1009 -1.0707 0.0, 0.1042 -1.0767 0.0039, 0.1042 -1.0767 0.0, 0.1063 -1.0852 0.0039, 0.1063 -1.0852 0.0, 0.1066 -1.0913 0.0039, 0.1066 -1.0913 0.0, 0.1058 -1.0998 0.0039, 0.1058 -1.0998 0.0, 0.1037 -1.1066 0.0039, 0.1037 -1.1066 0.0, 0.1004 -1.112 0.0039, 0.1004 -1.112 0.0, 0.0967 -1.1159 0.0039, 0.0967 -1.1159 0.0, 0.0919 -1.1192 0.0039, 0.0919 -1.1192 0.0, 0.0862 -1.1213 0.0039, 0.0862 -1.1213 0.0, 0.0788 -1.1221 0.0039, 0.0788 -1.1221 0.0, 0.0684 -1.121 0.0039, 0.0684 -1.121 0.0, 0.06 -1.1179 0.0039, 0.06 -1.1179 0.0, 0.0586 -1.1171 0.0039, 0.0586 -1.1171 0.0, 0.0586 -1.1257 0.0039, 0.0586 -1.1257 0.0, 0.067 -1.1292 0.0, 0.067 -1.1292 0.0039, 0.075 -1.1303 0.0, 0.0781 -1.1307 0.0039, 0.0781 -1.1307 0.0, 0.1642 -1.0511 0.0039, 0.1642 -1.0511 0.0, 0.1642 -1.1298 0.0039, 0.1642 -1.1298 0.0, 0.1537 -1.0511 0.0039, 0.1537 -1.0511 0.0, 0.1537 -1.1212 0.0039, 0.1537 -1.1212 0.0, 0.1239 -1.1212 0.0039, 0.1239 -1.1212 0.0, 0.1239 -1.1298 0.0039, 0.1239 -1.1298 0.0, 0.1239 -1.1298 0.0
            ]
        }
        coordIndex [
            0,1,2,-1,3,4,2,-1,2,4,5,-1,2,5,0,-1,4,3,6,-1,4,6,7,-1,7,6,8,-1,7,8,9,-1,9,8,10,-1,9,10,11,-1,11,10,12,-1,11,12,13,-1,13,12,14,-1,13,14,15,-1,15,14,16,-1,15,16,17,-1,17,16,18,-1,17,18,19,-1,19,18,20,-1,19,20,21,-1,21,20,22,-1,21,22,23,-1,23,22,24,-1,23,24,25,-1,25,24,26,-1,25,26,27,-1,27,26,28,-1,27,28,29,-1,30,31,32,-1,32,31,33,-1,32,33,28,-1,28,33,29,-1,33,5,29,-1,29,5,4,-1,29,4,27,-1,9,11,25,-1,27,4,25,-1,25,4,7,-1,25,7,9,-1,11,13,25,-1,25,13,15,-1,25,15,17,-1,17,19,25,-1,25,19,21,-1,25,21,23,-1,34,35,36,-1,37,38,36,-1,36,38,39,-1,36,39,34,-1,38,37,40,-1,38,40,41,-1,41,40,42,-1,41,42,43,-1,43,42,44,-1,43,44,45,-1,45,44,46,-1,45,46,47,-1,47,46,48,-1,47,48,49,-1,49,48,50,-1,49,50,51,-1,51,50,52,-1,51,52,53,-1,53,52,54,-1,53,54,55,-1,55,54,56,-1,55,56,57,-1,57,56,58,-1,57,58,59,-1,59,58,60,-1,59,60,61,-1,61,60,62,-1,61,62,63,-1,64,65,66,-1,66,65,67,-1,66,67,62,-1,62,67,63,-1,63,67,39,-1,39,38,63,-1,63,38,41,-1,63,41,43,-1,43,45,63,-1,63,45,47,-1,63,47,49,-1,57,59,55,-1,55,59,61,-1,55,61,63,-1,49,51,63,-1,63,51,53,-1,63,53,55,-1,68,69,70,-1,71,72,70,-1,70,72,73,-1,70,73,68,-1,72,71,74,-1,72,74,75,-1,75,74,76,-1,75,76,77,-1,77,76,78,-1,77,78,79,-1,79,78,80,-1,79,80,81,-1,81,80,82,-1,81,82,83,-1,83,82,84,-1,83,84,85,-1,85,84,86,-1,85,86,87,-1,87,86,88,-1,87,88,89,-1,89,88,90,-1,89,90,91,-1,91,90,92,-1,91,92,93,-1,93,92,94,-1,93,94,95,-1,95,94,96,-1,95,96,97,-1,98,99,100,-1,100,99,101,-1,100,101,96,-1,96,101,97,-1,97,101,73,-1,73,72,97,-1,97,72,75,-1,97,75,77,-1,77,79,97,-1,97,79,81,-1,97,81,83,-1,91,93,95,-1,83,85,97,-1,97,85,87,-1,97,87,95,-1,95,87,89,-1,95,89,91,-1,102,103,104,-1,105,106,104,-1,104,106,107,-1,104,107,102,-1,106,105,108,-1,106,108,109,-1,109,108,110,-1,109,110,111,-1,111,110,112,-1,111,112,113,-1,113,112,114,-1,113,114,115,-1,115,114,116,-1,115,116,117,-1,117,116,118,-1,117,118,119,-1,119,118,120,-1,119,120,121,-1,121,120,122,-1,121,122,123,-1,123,122,124,-1,123,124,125,-1,125,124,126,-1,125,126,127,-1,127,126,128,-1,127,128,129,-1,129,128,130,-1,129,130,131,-1,132,133,134,-1,134,133,135,-1,134,135,130,-1,130,135,131,-1,131,135,107,-1,107,106,131,-1,131,106,109,-1,131,109,111,-1,113,127,111,-1,111,127,129,-1,111,129,131,-1,113,115,127,-1,127,115,117,-1,127,117,119,-1,119,121,127,-1,127,121,123,-1,127,123,125,-1,136,137,138,-1,139,140,138,-1,138,140,141,-1,138,141,136,-1,140,139,142,-1,140,142,143,-1,143,142,144,-1,143,144,145,-1,145,144,146,-1,145,146,147,-1,147,146,148,-1,147,148,149,-1,149,148,150,-1,149,150,151,-1,151,150,152,-1,151,152,153,-1,153,152,154,-1,153,154,155,-1,155,154,156,-1,155,156,157,-1,157,156,158,-1,157,158,159,-1,159,158,160,-1,159,160,161,-1,161,160,162,-1,161,162,163,-1,163,162,164,-1,163,164,165,-1,166,167,168,-1,168,167,169,-1,168,169,164,-1,164,169,165,-1,169,141,165,-1,165,141,140,-1,159,161,140,-1,140,161,163,-1,140,163,165,-1,151,143,149,-1,149,143,145,-1,149,145,147,-1,151,153,143,-1,143,153,155,-1,143,155,140,-1,140,155,157,-1,140,157,159,-1,170,171,172,-1,173,174,172,-1,172,174,175,-1,172,175,170,-1,174,173,176,-1,174,176,177,-1,177,176,178,-1,177,178,179,-1,179,178,180,-1,179,180,181,-1,181,180,182,-1,181,182,183,-1,183,182,184,-1,183,184,185,-1,185,184,186,-1,185,186,187,-1,187,186,188,-1,187,188,189,-1,189,188,190,-1,189,190,191,-1,191,190,192,-1,191,192,193,-1,193,192,194,-1,193,194,195,-1,195,194,196,-1,195,196,197,-1,197,196,198,-1,197,198,199,-1,200,201,202,-1,202,201,203,-1,202,203,198,-1,198,203,199,-1,203,175,199,-1,199,175,174,-1,174,177,199,-1,199,177,179,-1,199,179,197,-1,185,179,183,-1,183,179,181,-1,185,187,179,-1,179,187,189,-1,179,189,191,-1,191,193,179,-1,179,193,195,-1,179,195,197,-1,204,205,206,-1,207,208,206,-1,206,208,209,-1,206,209,204,-1,208,207,210,-1,208,210,211,-1,211,210,212,-1,211,212,213,-1,213,212,214,-1,213,214,215,-1,215,214,216,-1,215,216,217,-1,217,216,218,-1,217,218,219,-1,219,218,220,-1,219,220,221,-1,221,220,222,-1,221,222,223,-1,223,222,224,-1,223,224,225,-1,225,224,226,-1,225,226,227,-1,227,226,228,-1,227,228,229,-1,229,228,230,-1,229,230,231,-1,231,230,232,-1,231,232,233,-1,234,235,236,-1,236,235,237,-1,236,237,232,-1,232,237,233,-1,233,237,209,-1,209,208,233,-1,233,208,211,-1,233,211,213,-1,213,215,233,-1,233,215,217,-1,233,217,219,-1,227,229,225,-1,225,229,223,-1,219,221,233,-1,233,221,223,-1,233,223,231,-1,231,223,229,-1,238,239,240,-1,241,242,240,-1,240,242,243,-1,240,243,238,-1,242,241,244,-1,242,244,245,-1,245,244,246,-1,245,246,247,-1,247,246,248,-1,247,248,249,-1,249,248,250,-1,249,250,251,-1,251,250,252,-1,251,252,253,-1,253,252,254,-1,253,254,255,-1,255,254,256,-1,255,256,257,-1,257,256,258,-1,257,258,259,-1,259,258,260,-1,259,260,261,-1,261,260,262,-1,261,262,263,-1,263,262,264,-1,263,264,265,-1,265,264,266,-1,265,266,267,-1,268,269,270,-1,270,269,271,-1,270,271,266,-1,266,271,267,-1,271,243,267,-1,267,243,242,-1,267,242,265,-1,253,255,242,-1,242,255,257,-1,242,257,259,-1,242,245,253,-1,253,245,247,-1,253,247,251,-1,251,247,249,-1,259,261,242,-1,242,261,263,-1,242,263,265,-1,272,273,274,-1,275,276,274,-1,274,276,277,-1,274,277,272,-1,276,275,278,-1,276,278,279,-1,279,278,280,-1,279,280,281,-1,281,280,282,-1,281,282,283,-1,283,282,284,-1,283,284,285,-1,285,284,286,-1,285,286,287,-1,287,286,288,-1,287,288,289,-1,289,288,290,-1,289,290,291,-1,291,290,292,-1,291,292,293,-1,293,292,294,-1,293,294,295,-1,295,294,296,-1,295,296,297,-1,297,296,298,-1,297,298,299,-1,299,298,300,-1,299,300,301,-1,302,303,304,-1,304,303,305,-1,304,305,300,-1,300,305,301,-1,305,277,301,-1,301,277,276,-1,276,279,301,-1,301,279,281,-1,301,281,299,-1,287,281,285,-1,285,281,283,-1,287,289,281,-1,281,289,291,-1,281,291,293,-1,293,295,281,-1,281,295,297,-1,281,297,299,-1,306,307,308,-1,309,310,308,-1,308,310,311,-1,308,311,306,-1,310,309,312,-1,310,312,313,-1,313,312,314,-1,313,314,315,-1,315,314,316,-1,315,316,317,-1,317,316,318,-1,317,318,319,-1,319,318,320,-1,319,320,321,-1,321,320,322,-1,321,322,323,-1,323,322,324,-1,323,324,325,-1,325,324,326,-1,325,326,327,-1,327,326,328,-1,327,328,329,-1,329,328,330,-1,329,330,331,-1,331,330,332,-1,331,332,333,-1,333,332,334,-1,333,334,335,-1,336,337,338,-1,338,337,339,-1,338,339,334,-1,334,339,335,-1,339,311,335,-1,335,311,310,-1,329,331,310,-1,310,331,333,-1,310,333,335,-1,321,313,319,-1,319,313,315,-1,319,315,317,-1,321,323,313,-1,313,323,325,-1,313,325,310,-1,310,325,327,-1,310,327,329,-1,340,341,342,-1,343,344,342,-1,342,344,345,-1,342,345,340,-1,344,343,346,-1,344,346,347,-1,347,346,348,-1,347,348,349,-1,349,348,350,-1,349,350,351,-1,351,350,352,-1,351,352,353,-1,353,352,354,-1,353,354,355,-1,355,354,356,-1,355,356,357,-1,357,356,358,-1,357,358,359,-1,359,358,360,-1,359,360,361,-1,361,360,362,-1,361,362,363,-1,363,362,364,-1,363,364,365,-1,365,364,366,-1,365,366,367,-1,367,366,368,-1,367,368,369,-1,370,371,372,-1,372,371,373,-1,372,373,368,-1,368,373,369,-1,373,345,369,-1,369,345,344,-1,363,365,344,-1,344,365,367,-1,344,367,369,-1,355,347,353,-1,353,347,349,-1,353,349,351,-1,355,357,347,-1,347,357,359,-1,347,359,344,-1,344,359,361,-1,344,361,363,-1,374,375,376,-1,377,378,376,-1,376,378,379,-1,376,379,374,-1,378,377,380,-1,378,380,381,-1,381,380,382,-1,381,382,383,-1,383,382,384,-1,383,384,385,-1,385,384,386,-1,385,386,387,-1,387,386,388,-1,387,388,389,-1,389,388,390,-1,389,390,391,-1,391,390,392,-1,391,392,393,-1,393,392,394,-1,393,394,395,-1,395,394,396,-1,395,396,397,-1,397,396,398,-1,397,398,399,-1,399,398,400,-1,399,400,401,-1,401,400,402,-1,401,402,403,-1,404,405,406,-1,406,405,407,-1,406,407,402,-1,402,407,403,-1,403,407,379,-1,379,378,403,-1,403,378,381,-1,403,381,383,-1,383,385,403,-1,403,385,387,-1,403,387,389,-1,397,399,395,-1,395,399,401,-1,395,401,403,-1,389,391,403,-1,403,391,393,-1,403,393,395,-1,408,409,410,-1,411,412,410,-1,410,412,413,-1,410,413,408,-1,412,411,414,-1,412,414,415,-1,415,414,416,-1,415,416,417,-1,417,416,418,-1,417,418,419,-1,419,418,420,-1,419,420,421,-1,421,420,422,-1,421,422,423,-1,423,422,424,-1,423,424,425,-1,425,424,426,-1,425,426,427,-1,427,426,428,-1,427,428,429,-1,429,428,430,-1,429,430,431,-1,431,430,432,-1,431,432,433,-1,433,432,434,-1,433,434,435,-1,435,434,436,-1,435,436,437,-1,438,439,440,-1,440,439,441,-1,440,441,436,-1,436,441,437,-1,437,441,413,-1,413,412,437,-1,437,412,415,-1,437,415,417,-1,417,419,437,-1,437,419,421,-1,437,421,423,-1,431,433,429,-1,429,433,435,-1,429,435,437,-1,423,425,437,-1,437,425,427,-1,437,427,429,-1,442,443,444,-1,445,446,444,-1,444,446,447,-1,444,447,442,-1,446,445,448,-1,446,448,449,-1,449,448,450,-1,449,450,451,-1,451,450,452,-1,451,452,453,-1,453,452,454,-1,453,454,455,-1,455,454,456,-1,455,456,457,-1,457,456,458,-1,457,458,459,-1,459,458,460,-1,459,460,461,-1,461,460,462,-1,461,462,463,-1,463,462,464,-1,463,464,465,-1,465,464,466,-1,465,466,467,-1,467,466,468,-1,467,468,469,-1,469,468,470,-1,469,470,471,-1,472,473,474,-1,474,473,475,-1,474,475,470,-1,470,475,471,-1,475,447,471,-1,471,447,446,-1,471,446,469,-1,451,453,467,-1,469,446,467,-1,467,446,449,-1,467,449,451,-1,453,455,467,-1,467,455,457,-1,467,457,459,-1,459,461,467,-1,467,461,463,-1,467,463,465,-1,476,477,478,-1,479,480,478,-1,478,480,481,-1,478,481,476,-1,480,479,482,-1,480,482,483,-1,483,482,484,-1,483,484,485,-1,485,484,486,-1,485,486,487,-1,487,486,488,-1,487,488,489,-1,489,488,490,-1,489,490,491,-1,491,490,492,-1,491,492,493,-1,493,492,494,-1,493,494,495,-1,495,494,496,-1,495,496,497,-1,497,496,498,-1,497,498,499,-1,499,498,500,-1,499,500,501,-1,501,500,502,-1,501,502,503,-1,503,502,504,-1,503,504,505,-1,506,507,508,-1,508,507,509,-1,508,509,504,-1,504,509,505,-1,501,503,485,-1,509,481,505,-1,505,481,480,-1,505,480,503,-1,503,480,483,-1,503,483,485,-1,487,489,491,-1,487,491,485,-1,485,491,493,-1,485,493,495,-1,495,497,485,-1,485,497,499,-1,485,499,501,-1,510,511,512,-1,513,514,512,-1,512,514,515,-1,512,515,510,-1,514,513,516,-1,514,516,517,-1,517,516,518,-1,517,518,519,-1,519,518,520,-1,519,520,521,-1,521,520,522,-1,521,522,523,-1,523,522,524,-1,523,524,525,-1,525,524,526,-1,525,526,527,-1,527,526,528,-1,527,528,529,-1,529,528,530,-1,529,530,531,-1,531,530,532,-1,531,532,533,-1,533,532,534,-1,533,534,535,-1,535,534,536,-1,535,536,537,-1,537,536,538,-1,537,538,539,-1,540,541,542,-1,542,541,543,-1,542,543,538,-1,538,543,539,-1,535,537,519,-1,543,515,539,-1,539,515,514,-1,539,514,537,-1,537,514,517,-1,537,517,519,-1,521,523,525,-1,521,525,519,-1,519,525,527,-1,519,527,529,-1,529,531,519,-1,519,531,533,-1,519,533,535,-1,544,545,546,-1,547,548,546,-1,546,548,549,-1,546,549,544,-1,548,547,550,-1,548,550,551,-1,551,550,552,-1,551,552,553,-1,553,552,554,-1,553,554,555,-1,555,554,556,-1,555,556,557,-1,557,556,558,-1,557,558,559,-1,559,558,560,-1,559,560,561,-1,561,560,562,-1,561,562,563,-1,563,562,564,-1,563,564,565,-1,565,564,566,-1,565,566,567,-1,567,566,568,-1,567,568,569,-1,569,568,570,-1,569,570,571,-1,571,570,572,-1,571,572,573,-1,574,575,576,-1,576,575,577,-1,576,577,572,-1,572,577,573,-1,577,549,573,-1,573,549,548,-1,573,548,551,-1,551,553,573,-1,573,553,555,-1,573,555,557,-1,557,559,573,-1,573,559,561,-1,573,561,563,-1,563,565,573,-1,573,565,567,-1,573,567,571,-1,571,567,569,-1,578,579,580,-1,581,582,580,-1,580,582,583,-1,580,583,578,-1,582,581,584,-1,582,584,585,-1,585,584,586,-1,585,586,587,-1,587,586,588,-1,587,588,589,-1,589,588,590,-1,589,590,591,-1,591,590,592,-1,591,592,593,-1,593,592,594,-1,593,594,595,-1,595,594,596,-1,595,596,597,-1,597,596,598,-1,597,598,599,-1,599,598,600,-1,599,600,601,-1,601,600,602,-1,601,602,603,-1,603,602,604,-1,603,604,605,-1,605,604,606,-1,605,606,607,-1,608,609,610,-1,610,609,611,-1,610,611,606,-1,606,611,607,-1,611,583,607,-1,607,583,582,-1,607,582,605,-1,605,582,603,-1,585,593,582,-1,582,593,595,-1,582,595,597,-1,585,587,593,-1,593,587,589,-1,593,589,591,-1,597,599,582,-1,582,599,601,-1,582,601,603,-1,612,613,614,-1,615,616,614,-1,614,616,617,-1,614,617,612,-1,616,615,618,-1,616,618,619,-1,619,618,620,-1,619,620,621,-1,621,620,622,-1,621,622,623,-1,623,622,624,-1,623,624,625,-1,625,624,626,-1,625,626,627,-1,627,626,628,-1,627,628,629,-1,629,628,630,-1,629,630,631,-1,631,630,632,-1,631,632,633,-1,633,632,634,-1,633,634,635,-1,635,634,636,-1,635,636,637,-1,637,636,638,-1,637,638,639,-1,639,638,640,-1,639,640,641,-1,642,643,644,-1,644,643,645,-1,644,645,640,-1,640,645,641,-1,641,645,617,-1,617,616,641,-1,641,616,619,-1,641,619,621,-1,621,623,641,-1,641,623,625,-1,641,625,627,-1,637,631,635,-1,635,631,633,-1,627,629,641,-1,641,629,631,-1,641,631,639,-1,639,631,637,-1,646,647,648,-1,649,650,648,-1,648,650,651,-1,648,651,646,-1,650,649,652,-1,650,652,653,-1,653,652,654,-1,653,654,655,-1,655,654,656,-1,655,656,657,-1,657,656,658,-1,657,658,659,-1,659,658,660,-1,659,660,661,-1,661,660,662,-1,661,662,663,-1,663,662,664,-1,663,664,665,-1,665,664,666,-1,665,666,667,-1,667,666,668,-1,667,668,669,-1,669,668,670,-1,669,670,671,-1,671,670,672,-1,671,672,673,-1,673,672,674,-1,673,674,675,-1,676,677,678,-1,678,677,679,-1,678,679,674,-1,674,679,675,-1,679,651,675,-1,675,651,650,-1,675,650,653,-1,653,655,675,-1,675,655,657,-1,675,657,659,-1,659,661,675,-1,675,661,663,-1,675,663,665,-1,665,667,675,-1,675,667,669,-1,675,669,673,-1,673,669,671,-1,680,681,682,-1,683,684,682,-1,682,684,685,-1,682,685,680,-1,684,683,686,-1,684,686,687,-1,687,686,688,-1,687,688,689,-1,689,688,690,-1,689,690,691,-1,691,690,692,-1,691,692,693,-1,693,692,694,-1,693,694,695,-1,695,694,696,-1,695,696,697,-1,697,696,698,-1,697,698,699,-1,699,698,700,-1,699,700,701,-1,701,700,702,-1,701,702,703,-1,703,702,704,-1,703,704,705,-1,705,704,706,-1,705,706,707,-1,707,706,708,-1,707,708,709,-1,710,711,712,-1,712,711,713,-1,712,713,708,-1,708,713,709,-1,705,707,689,-1,713,685,709,-1,709,685,684,-1,709,684,707,-1,707,684,687,-1,707,687,689,-1,691,693,695,-1,691,695,689,-1,689,695,697,-1,689,697,699,-1,699,701,689,-1,689,701,703,-1,689,703,705,-1,714,715,716,-1,717,718,716,-1,716,718,719,-1,716,719,714,-1,718,717,720,-1,718,720,721,-1,721,720,722,-1,721,722,723,-1,723,722,724,-1,723,724,725,-1,725,724,726,-1,725,726,727,-1,727,726,728,-1,727,728,729,-1,729,728,730,-1,729,730,731,-1,731,730,732,-1,731,732,733,-1,733,732,734,-1,733,734,735,-1,735,734,736,-1,735,736,737,-1,737,736,738,-1,737,738,739,-1,739,738,740,-1,739,740,741,-1,741,740,742,-1,741,742,743,-1,744,745,746,-1,746,745,747,-1,746,747,742,-1,742,747,743,-1,739,741,723,-1,747,719,743,-1,743,719,718,-1,743,718,741,-1,741,718,721,-1,741,721,723,-1,725,727,729,-1,725,729,723,-1,723,729,731,-1,723,731,733,-1,733,735,723,-1,723,735,737,-1,723,737,739,-1,748,749,750,-1,751,752,750,-1,750,752,753,-1,750,753,748,-1,752,751,754,-1,752,754,755,-1,755,754,756,-1,755,756,757,-1,757,756,758,-1,757,758,759,-1,759,758,760,-1,759,760,761,-1,761,760,762,-1,761,762,763,-1,763,762,764,-1,763,764,765,-1,765,764,766,-1,765,766,767,-1,767,766,768,-1,767,768,769,-1,769,768,770,-1,769,770,771,-1,771,770,772,-1,771,772,773,-1,773,772,774,-1,773,774,775,-1,775,774,776,-1,775,776,777,-1,778,779,780,-1,780,779,781,-1,780,781,776,-1,776,781,777,-1,781,753,777,-1,777,753,752,-1,777,752,775,-1,757,759,773,-1,775,752,773,-1,773,752,755,-1,773,755,757,-1,759,761,773,-1,773,761,763,-1,773,763,765,-1,765,767,773,-1,773,767,769,-1,773,769,771,-1,782,783,784,-1,785,786,784,-1,784,786,787,-1,784,787,782,-1,786,785,788,-1,786,788,789,-1,789,788,790,-1,789,790,791,-1,791,790,792,-1,791,792,793,-1,793,792,794,-1,793,794,795,-1,795,794,796,-1,795,796,797,-1,797,796,798,-1,797,798,799,-1,799,798,800,-1,799,800,801,-1,801,800,802,-1,801,802,803,-1,803,802,804,-1,803,804,805,-1,805,804,806,-1,805,806,807,-1,807,806,808,-1,807,808,809,-1,809,808,810,-1,809,810,811,-1,812,813,814,-1,814,813,815,-1,814,815,810,-1,810,815,811,-1,815,787,811,-1,811,787,786,-1,811,786,809,-1,791,793,807,-1,809,786,807,-1,807,786,789,-1,807,789,791,-1,793,795,807,-1,807,795,797,-1,807,797,799,-1,799,801,807,-1,807,801,803,-1,807,803,805,-1,816,817,818,-1,816,818,819,-1,819,818,820,-1,819,820,821,-1,821,820,822,-1,821,822,823,-1,823,822,824,-1,823,824,825,-1,825,824,826,-1,825,826,827,-1,827,826,828,-1,827,828,829,-1,829,828,830,-1,829,830,831,-1,831,830,832,-1,831,832,833,-1,833,832,834,-1,833,834,835,-1,835,834,836,-1,835,836,837,-1,837,836,838,-1,837,838,839,-1,839,838,840,-1,839,840,841,-1,842,843,844,-1,844,843,845,-1,844,845,840,-1,840,845,841,-1,846,847,848,-1,817,816,848,-1,848,816,849,-1,848,849,846,-1,841,845,849,-1,849,816,841,-1,841,816,819,-1,841,819,821,-1,821,823,841,-1,841,823,825,-1,841,825,827,-1,835,837,833,-1,833,837,839,-1,833,839,841,-1,827,829,841,-1,841,829,831,-1,841,831,833,-1,850,851,852,-1,850,852,853,-1,853,852,854,-1,853,854,855,-1,855,854,856,-1,855,856,857,-1,857,856,858,-1,857,858,859,-1,859,858,860,-1,859,860,861,-1,861,860,862,-1,861,862,863,-1,863,862,864,-1,863,864,865,-1,865,864,866,-1,865,866,867,-1,867,866,868,-1,867,868,869,-1,869,868,870,-1,869,870,871,-1,871,870,872,-1,871,872,873,-1,873,872,874,-1,873,874,875,-1,876,877,878,-1,878,877,879,-1,878,879,874,-1,874,879,875,-1,880,881,882,-1,851,850,882,-1,882,850,883,-1,882,883,880,-1,875,879,883,-1,883,850,875,-1,875,850,853,-1,875,853,855,-1,855,857,875,-1,875,857,859,-1,875,859,861,-1,869,871,867,-1,867,871,873,-1,867,873,875,-1,861,863,875,-1,875,863,865,-1,875,865,867,-1,884,885,886,-1,884,886,887,-1,887,886,888,-1,887,888,889,-1,889,888,890,-1,889,890,891,-1,891,890,892,-1,891,892,893,-1,893,892,894,-1,893,894,895,-1,895,894,896,-1,895,896,897,-1,897,896,898,-1,897,898,899,-1,899,898,900,-1,899,900,901,-1,901,900,902,-1,901,902,903,-1,903,902,904,-1,903,904,905,-1,905,904,906,-1,905,906,907,-1,907,906,908,-1,907,908,909,-1,910,911,912,-1,912,911,913,-1,912,913,908,-1,908,913,909,-1,914,915,916,-1,885,884,916,-1,916,884,917,-1,916,917,914,-1,913,917,909,-1,909,917,884,-1,903,905,884,-1,884,905,907,-1,884,907,909,-1,895,887,893,-1,893,887,889,-1,893,889,891,-1,895,897,887,-1,887,897,899,-1,887,899,884,-1,884,899,901,-1,884,901,903,-1,918,919,920,-1,918,920,921,-1,921,920,922,-1,921,922,923,-1,923,922,924,-1,923,924,925,-1,925,924,926,-1,925,926,927,-1,927,926,928,-1,927,928,929,-1,929,928,930,-1,929,930,931,-1,931,930,932,-1,931,932,933,-1,933,932,934,-1,933,934,935,-1,935,934,936,-1,935,936,937,-1,937,936,938,-1,937,938,939,-1,939,938,940,-1,939,940,941,-1,941,940,942,-1,941,942,943,-1,944,945,946,-1,946,945,947,-1,946,947,942,-1,942,947,943,-1,948,949,950,-1,919,918,950,-1,950,918,951,-1,950,951,948,-1,947,951,943,-1,943,951,918,-1,937,939,918,-1,918,939,941,-1,918,941,943,-1,929,921,927,-1,927,921,923,-1,927,923,925,-1,929,931,921,-1,921,931,933,-1,921,933,918,-1,918,933,935,-1,918,935,937,-1,952,953,954,-1,952,954,955,-1,955,954,956,-1,955,956,957,-1,957,956,958,-1,957,958,959,-1,959,958,960,-1,959,960,961,-1,961,960,962,-1,961,962,963,-1,963,962,964,-1,963,964,965,-1,965,964,966,-1,965,966,967,-1,967,966,968,-1,967,968,969,-1,969,968,970,-1,969,970,971,-1,971,970,972,-1,971,972,973,-1,973,972,974,-1,973,974,975,-1,975,974,976,-1,975,976,977,-1,978,979,980,-1,980,979,981,-1,980,981,976,-1,976,981,977,-1,982,983,984,-1,953,952,984,-1,984,952,985,-1,984,985,982,-1,981,985,977,-1,977,985,952,-1,952,955,977,-1,977,955,957,-1,977,957,975,-1,963,957,961,-1,961,957,959,-1,963,965,957,-1,957,965,967,-1,957,967,969,-1,969,971,957,-1,957,971,973,-1,957,973,975,-1,986,987,988,-1,986,988,989,-1,989,988,990,-1,989,990,991,-1,991,990,992,-1,991,992,993,-1,993,992,994,-1,993,994,995,-1,995,994,996,-1,995,996,997,-1,997,996,998,-1,997,998,999,-1,999,998,1000,-1,999,1000,1001,-1,1001,1000,1002,-1,1001,1002,1003,-1,1003,1002,1004,-1,1003,1004,1005,-1,1005,1004,1006,-1,1005,1006,1007,-1,1007,1006,1008,-1,1007,1008,1009,-1,1009,1008,1010,-1,1009,1010,1011,-1,1012,1013,1014,-1,1014,1013,1015,-1,1014,1015,1010,-1,1010,1015,1011,-1,1016,1017,1018,-1,987,986,1018,-1,1018,986,1019,-1,1018,1019,1016,-1,1011,1015,1019,-1,1019,986,1011,-1,1011,986,989,-1,1011,989,991,-1,991,993,1011,-1,1011,993,995,-1,1011,995,997,-1,1005,1007,1003,-1,1003,1007,1001,-1,997,999,1011,-1,1011,999,1001,-1,1011,1001,1009,-1,1009,1001,1007,-1,1020,1021,1022,-1,1020,1022,1023,-1,1023,1022,1024,-1,1023,1024,1025,-1,1025,1024,1026,-1,1025,1026,1027,-1,1027,1026,1028,-1,1027,1028,1029,-1,1029,1028,1030,-1,1029,1030,1031,-1,1031,1030,1032,-1,1031,1032,1033,-1,1033,1032,1034,-1,1033,1034,1035,-1,1035,1034,1036,-1,1035,1036,1037,-1,1037,1036,1038,-1,1037,1038,1039,-1,1039,1038,1040,-1,1039,1040,1041,-1,1041,1040,1042,-1,1041,1042,1043,-1,1043,1042,1044,-1,1043,1044,1045,-1,1046,1047,1048,-1,1048,1047,1049,-1,1048,1049,1044,-1,1044,1049,1045,-1,1050,1051,1052,-1,1021,1020,1052,-1,1052,1020,1053,-1,1052,1053,1050,-1,1049,1053,1045,-1,1045,1053,1020,-1,1045,1020,1043,-1,1031,1033,1020,-1,1020,1033,1035,-1,1020,1035,1037,-1,1020,1023,1031,-1,1031,1023,1025,-1,1031,1025,1029,-1,1029,1025,1027,-1,1037,1039,1020,-1,1020,1039,1041,-1,1020,1041,1043,-1,1054,1055,1056,-1,1054,1056,1057,-1,1057,1056,1058,-1,1057,1058,1059,-1,1059,1058,1060,-1,1059,1060,1061,-1,1061,1060,1062,-1,1061,1062,1063,-1,1063,1062,1064,-1,1063,1064,1065,-1,1065,1064,1066,-1,1065,1066,1067,-1,1067,1066,1068,-1,1067,1068,1069,-1,1069,1068,1070,-1,1069,1070,1071,-1,1071,1070,1072,-1,1071,1072,1073,-1,1073,1072,1074,-1,1073,1074,1075,-1,1075,1074,1076,-1,1075,1076,1077,-1,1077,1076,1078,-1,1077,1078,1079,-1,1080,1081,1082,-1,1082,1081,1083,-1,1082,1083,1078,-1,1078,1083,1079,-1,1084,1085,1086,-1,1055,1054,1086,-1,1086,1054,1087,-1,1086,1087,1084,-1,1083,1087,1079,-1,1079,1087,1054,-1,1054,1057,1079,-1,1079,1057,1059,-1,1079,1059,1077,-1,1065,1059,1063,-1,1063,1059,1061,-1,1065,1067,1059,-1,1059,1067,1069,-1,1059,1069,1071,-1,1071,1073,1059,-1,1059,1073,1075,-1,1059,1075,1077,-1,1088,1089,1090,-1,1088,1090,1091,-1,1091,1090,1092,-1,1091,1092,1093,-1,1093,1092,1094,-1,1093,1094,1095,-1,1095,1094,1096,-1,1095,1096,1097,-1,1097,1096,1098,-1,1097,1098,1099,-1,1099,1098,1100,-1,1099,1100,1101,-1,1101,1100,1102,-1,1101,1102,1103,-1,1103,1102,1104,-1,1103,1104,1105,-1,1105,1104,1106,-1,1105,1106,1107,-1,1107,1106,1108,-1,1107,1108,1109,-1,1109,1108,1110,-1,1109,1110,1111,-1,1111,1110,1112,-1,1111,1112,1113,-1,1114,1115,1116,-1,1116,1115,1117,-1,1116,1117,1112,-1,1112,1117,1113,-1,1118,1119,1120,-1,1089,1088,1120,-1,1120,1088,1121,-1,1120,1121,1118,-1,1117,1121,1113,-1,1113,1121,1088,-1,1107,1109,1088,-1,1088,1109,1111,-1,1088,1111,1113,-1,1099,1091,1097,-1,1097,1091,1093,-1,1097,1093,1095,-1,1099,1101,1091,-1,1091,1101,1103,-1,1091,1103,1088,-1,1088,1103,1105,-1,1088,1105,1107,-1,1122,1123,1124,-1,1122,1124,1125,-1,1125,1124,1126,-1,1125,1126,1127,-1,1127,1126,1128,-1,1127,1128,1129,-1,1129,1128,1130,-1,1129,1130,1131,-1,1131,1130,1132,-1,1131,1132,1133,-1,1133,1132,1134,-1,1133,1134,1135,-1,1135,1134,1136,-1,1135,1136,1137,-1,1137,1136,1138,-1,1137,1138,1139,-1,1139,1138,1140,-1,1139,1140,1141,-1,1141,1140,1142,-1,1141,1142,1143,-1,1143,1142,1144,-1,1143,1144,1145,-1,1145,1144,1146,-1,1145,1146,1147,-1,1148,1149,1150,-1,1150,1149,1151,-1,1150,1151,1146,-1,1146,1151,1147,-1,1152,1153,1154,-1,1123,1122,1154,-1,1154,1122,1155,-1,1154,1155,1152,-1,1147,1151,1155,-1,1155,1122,1147,-1,1147,1122,1125,-1,1147,1125,1127,-1,1129,1143,1127,-1,1127,1143,1145,-1,1127,1145,1147,-1,1129,1131,1143,-1,1143,1131,1133,-1,1143,1133,1135,-1,1135,1137,1143,-1,1143,1137,1139,-1,1143,1139,1141,-1,1156,1157,1158,-1,1156,1158,1159,-1,1159,1158,1160,-1,1159,1160,1161,-1,1161,1160,1162,-1,1161,1162,1163,-1,1163,1162,1164,-1,1163,1164,1165,-1,1165,1164,1166,-1,1165,1166,1167,-1,1167,1166,1168,-1,1167,1168,1169,-1,1169,1168,1170,-1,1169,1170,1171,-1,1171,1170,1172,-1,1171,1172,1173,-1,1173,1172,1174,-1,1173,1174,1175,-1,1175,1174,1176,-1,1175,1176,1177,-1,1177,1176,1178,-1,1177,1178,1179,-1,1179,1178,1180,-1,1179,1180,1181,-1,1182,1183,1184,-1,1184,1183,1185,-1,1184,1185,1180,-1,1180,1185,1181,-1,1186,1187,1188,-1,1157,1156,1188,-1,1188,1156,1189,-1,1188,1189,1186,-1,1181,1185,1189,-1,1189,1156,1181,-1,1181,1156,1159,-1,1181,1159,1161,-1,1161,1163,1181,-1,1181,1163,1165,-1,1181,1165,1167,-1,1175,1177,1179,-1,1167,1169,1181,-1,1181,1169,1171,-1,1181,1171,1179,-1,1179,1171,1173,-1,1179,1173,1175,-1,1190,1191,1192,-1,1190,1192,1193,-1,1193,1192,1194,-1,1193,1194,1195,-1,1195,1194,1196,-1,1195,1196,1197,-1,1197,1196,1198,-1,1197,1198,1199,-1,1199,1198,1200,-1,1199,1200,1201,-1,1201,1200,1202,-1,1201,1202,1203,-1,1203,1202,1204,-1,1203,1204,1205,-1,1205,1204,1206,-1,1205,1206,1207,-1,1207,1206,1208,-1,1207,1208,1209,-1,1209,1208,1210,-1,1209,1210,1211,-1,1211,1210,1212,-1,1211,1212,1213,-1,1213,1212,1214,-1,1213,1214,1215,-1,1216,1217,1218,-1,1218,1217,1219,-1,1218,1219,1214,-1,1214,1219,1215,-1,1220,1221,1222,-1,1191,1190,1222,-1,1222,1190,1223,-1,1222,1223,1220,-1,1215,1219,1223,-1,1223,1190,1215,-1,1215,1190,1193,-1,1215,1193,1195,-1,1195,1197,1215,-1,1215,1197,1199,-1,1215,1199,1201,-1,1209,1211,1207,-1,1207,1211,1213,-1,1207,1213,1215,-1,1201,1203,1215,-1,1215,1203,1205,-1,1215,1205,1207,-1,1224,1225,1226,-1,1224,1226,1227,-1,1227,1226,1228,-1,1227,1228,1229,-1,1229,1228,1230,-1,1229,1230,1231,-1,1231,1230,1232,-1,1231,1232,1233,-1,1233,1232,1234,-1,1233,1234,1235,-1,1235,1234,1236,-1,1235,1236,1237,-1,1237,1236,1238,-1,1237,1238,1239,-1,1239,1238,1240,-1,1239,1240,1241,-1,1241,1240,1242,-1,1241,1242,1243,-1,1243,1242,1244,-1,1243,1244,1245,-1,1245,1244,1246,-1,1245,1246,1247,-1,1247,1246,1248,-1,1247,1248,1249,-1,1250,1251,1252,-1,1252,1251,1253,-1,1252,1253,1248,-1,1248,1253,1249,-1,1254,1255,1256,-1,1225,1224,1256,-1,1256,1224,1257,-1,1256,1257,1254,-1,1253,1257,1249,-1,1249,1257,1224,-1,1249,1224,1247,-1,1229,1231,1245,-1,1247,1224,1245,-1,1245,1224,1227,-1,1245,1227,1229,-1,1231,1233,1245,-1,1245,1233,1235,-1,1245,1235,1237,-1,1237,1239,1245,-1,1245,1239,1241,-1,1245,1241,1243,-1,1258,1259,1260,-1,1258,1260,1261,-1,1261,1260,1262,-1,1261,1262,1263,-1,1263,1262,1264,-1,1263,1264,1265,-1,1265,1264,1266,-1,1265,1266,1267,-1,1267,1266,1268,-1,1267,1268,1269,-1,1269,1268,1270,-1,1269,1270,1271,-1,1271,1270,1272,-1,1271,1272,1273,-1,1273,1272,1274,-1,1273,1274,1275,-1,1275,1274,1276,-1,1275,1276,1277,-1,1277,1276,1278,-1,1277,1278,1279,-1,1279,1278,1280,-1,1279,1280,1281,-1,1281,1280,1282,-1,1281,1282,1283,-1,1284,1285,1286,-1,1286,1285,1287,-1,1286,1287,1282,-1,1282,1287,1283,-1,1288,1289,1290,-1,1259,1258,1290,-1,1290,1258,1291,-1,1290,1291,1288,-1,1287,1291,1283,-1,1283,1291,1258,-1,1283,1258,1281,-1,1263,1265,1279,-1,1281,1258,1279,-1,1279,1258,1261,-1,1279,1261,1263,-1,1265,1267,1279,-1,1279,1267,1269,-1,1279,1269,1271,-1,1271,1273,1279,-1,1279,1273,1275,-1,1279,1275,1277,-1,1292,1293,1294,-1,1292,1294,1295,-1,1295,1294,1296,-1,1295,1296,1297,-1,1297,1296,1298,-1,1297,1298,1299,-1,1299,1298,1300,-1,1299,1300,1301,-1,1301,1300,1302,-1,1301,1302,1303,-1,1303,1302,1304,-1,1303,1304,1305,-1,1305,1304,1306,-1,1305,1306,1307,-1,1307,1306,1308,-1,1307,1308,1309,-1,1309,1308,1310,-1,1309,1310,1311,-1,1311,1310,1312,-1,1311,1312,1313,-1,1313,1312,1314,-1,1313,1314,1315,-1,1315,1314,1316,-1,1315,1316,1317,-1,1318,1319,1320,-1,1320,1319,1321,-1,1320,1321,1316,-1,1316,1321,1317,-1,1322,1323,1324,-1,1293,1292,1324,-1,1324,1292,1325,-1,1324,1325,1322,-1,1321,1325,1317,-1,1317,1325,1292,-1,1299,1301,1303,-1,1299,1303,1297,-1,1297,1303,1305,-1,1297,1305,1307,-1,1292,1295,1317,-1,1317,1295,1297,-1,1317,1297,1315,-1,1315,1297,1313,-1,1307,1309,1297,-1,1297,1309,1311,-1,1297,1311,1313,-1,1326,1327,1328,-1,1326,1328,1329,-1,1329,1328,1330,-1,1329,1330,1331,-1,1331,1330,1332,-1,1331,1332,1333,-1,1333,1332,1334,-1,1333,1334,1335,-1,1335,1334,1336,-1,1335,1336,1337,-1,1337,1336,1338,-1,1337,1338,1339,-1,1339,1338,1340,-1,1339,1340,1341,-1,1341,1340,1342,-1,1341,1342,1343,-1,1343,1342,1344,-1,1343,1344,1345,-1,1345,1344,1346,-1,1345,1346,1347,-1,1347,1346,1348,-1,1347,1348,1349,-1,1349,1348,1350,-1,1349,1350,1351,-1,1352,1353,1354,-1,1354,1353,1355,-1,1354,1355,1350,-1,1350,1355,1351,-1,1356,1357,1358,-1,1327,1326,1358,-1,1358,1326,1359,-1,1358,1359,1356,-1,1355,1359,1351,-1,1351,1359,1326,-1,1333,1335,1337,-1,1333,1337,1331,-1,1331,1337,1339,-1,1331,1339,1341,-1,1326,1329,1351,-1,1351,1329,1331,-1,1351,1331,1349,-1,1349,1331,1347,-1,1341,1343,1331,-1,1331,1343,1345,-1,1331,1345,1347,-1,1360,1361,1362,-1,1360,1362,1363,-1,1363,1362,1364,-1,1363,1364,1365,-1,1365,1364,1366,-1,1365,1366,1367,-1,1367,1366,1368,-1,1367,1368,1369,-1,1369,1368,1370,-1,1369,1370,1371,-1,1371,1370,1372,-1,1371,1372,1373,-1,1373,1372,1374,-1,1373,1374,1375,-1,1375,1374,1376,-1,1375,1376,1377,-1,1377,1376,1378,-1,1377,1378,1379,-1,1379,1378,1380,-1,1379,1380,1381,-1,1381,1380,1382,-1,1381,1382,1383,-1,1383,1382,1384,-1,1383,1384,1385,-1,1386,1387,1388,-1,1388,1387,1389,-1,1388,1389,1384,-1,1384,1389,1385,-1,1390,1391,1392,-1,1361,1360,1392,-1,1392,1360,1393,-1,1392,1393,1390,-1,1385,1389,1393,-1,1393,1360,1385,-1,1385,1360,1363,-1,1385,1363,1365,-1,1365,1367,1385,-1,1385,1367,1369,-1,1385,1369,1371,-1,1371,1373,1385,-1,1385,1373,1375,-1,1385,1375,1377,-1,1377,1379,1385,-1,1385,1379,1381,-1,1385,1381,1383,-1,1394,1395,1396,-1,1394,1396,1397,-1,1397,1396,1398,-1,1397,1398,1399,-1,1399,1398,1400,-1,1399,1400,1401,-1,1401,1400,1402,-1,1401,1402,1403,-1,1403,1402,1404,-1,1403,1404,1405,-1,1405,1404,1406,-1,1405,1406,1407,-1,1407,1406,1408,-1,1407,1408,1409,-1,1409,1408,1410,-1,1409,1410,1411,-1,1411,1410,1412,-1,1411,1412,1413,-1,1413,1412,1414,-1,1413,1414,1415,-1,1415,1414,1416,-1,1415,1416,1417,-1,1417,1416,1418,-1,1417,1418,1419,-1,1420,1421,1422,-1,1422,1421,1423,-1,1422,1423,1418,-1,1418,1423,1419,-1,1424,1425,1426,-1,1395,1394,1426,-1,1426,1394,1427,-1,1426,1427,1424,-1,1397,1405,1394,-1,1394,1405,1407,-1,1394,1407,1409,-1,1423,1427,1419,-1,1419,1427,1394,-1,1419,1394,1417,-1,1417,1394,1415,-1,1409,1411,1394,-1,1394,1411,1413,-1,1394,1413,1415,-1,1397,1399,1405,-1,1405,1399,1401,-1,1405,1401,1403,-1,1428,1429,1430,-1,1428,1430,1431,-1,1431,1430,1432,-1,1431,1432,1433,-1,1433,1432,1434,-1,1433,1434,1435,-1,1435,1434,1436,-1,1435,1436,1437,-1,1437,1436,1438,-1,1437,1438,1439,-1,1439,1438,1440,-1,1439,1440,1441,-1,1441,1440,1442,-1,1441,1442,1443,-1,1443,1442,1444,-1,1443,1444,1445,-1,1445,1444,1446,-1,1445,1446,1447,-1,1447,1446,1448,-1,1447,1448,1449,-1,1449,1448,1450,-1,1449,1450,1451,-1,1451,1450,1452,-1,1451,1452,1453,-1,1454,1455,1456,-1,1456,1455,1457,-1,1456,1457,1452,-1,1452,1457,1453,-1,1458,1459,1460,-1,1429,1428,1460,-1,1460,1428,1461,-1,1460,1461,1458,-1,1453,1457,1461,-1,1461,1428,1453,-1,1453,1428,1431,-1,1453,1431,1433,-1,1433,1435,1453,-1,1453,1435,1437,-1,1453,1437,1439,-1,1449,1443,1447,-1,1447,1443,1445,-1,1439,1441,1453,-1,1453,1441,1443,-1,1453,1443,1451,-1,1451,1443,1449,-1,1462,1463,1464,-1,1462,1464,1465,-1,1465,1464,1466,-1,1465,1466,1467,-1,1467,1466,1468,-1,1467,1468,1469,-1,1469,1468,1470,-1,1469,1470,1471,-1,1471,1470,1472,-1,1471,1472,1473,-1,1473,1472,1474,-1,1473,1474,1475,-1,1475,1474,1476,-1,1475,1476,1477,-1,1477,1476,1478,-1,1477,1478,1479,-1,1479,1478,1480,-1,1479,1480,1481,-1,1481,1480,1482,-1,1481,1482,1483,-1,1483,1482,1484,-1,1483,1484,1485,-1,1485,1484,1486,-1,1485,1486,1487,-1,1488,1489,1490,-1,1490,1489,1491,-1,1490,1491,1486,-1,1486,1491,1487,-1,1492,1493,1494,-1,1463,1462,1494,-1,1494,1462,1495,-1,1494,1495,1492,-1,1487,1491,1495,-1,1495,1462,1487,-1,1487,1462,1465,-1,1487,1465,1467,-1,1467,1469,1487,-1,1487,1469,1471,-1,1487,1471,1473,-1,1473,1475,1487,-1,1487,1475,1477,-1,1487,1477,1479,-1,1479,1481,1487,-1,1487,1481,1483,-1,1487,1483,1485,-1,1496,1497,1498,-1,1496,1498,1499,-1,1499,1498,1500,-1,1499,1500,1501,-1,1501,1500,1502,-1,1501,1502,1503,-1,1503,1502,1504,-1,1503,1504,1505,-1,1505,1504,1506,-1,1505,1506,1507,-1,1507,1506,1508,-1,1507,1508,1509,-1,1509,1508,1510,-1,1509,1510,1511,-1,1511,1510,1512,-1,1511,1512,1513,-1,1513,1512,1514,-1,1513,1514,1515,-1,1515,1514,1516,-1,1515,1516,1517,-1,1517,1516,1518,-1,1517,1518,1519,-1,1519,1518,1520,-1,1519,1520,1521,-1,1522,1523,1524,-1,1524,1523,1525,-1,1524,1525,1520,-1,1520,1525,1521,-1,1526,1527,1528,-1,1497,1496,1528,-1,1528,1496,1529,-1,1528,1529,1526,-1,1525,1529,1521,-1,1521,1529,1496,-1,1503,1505,1507,-1,1503,1507,1501,-1,1501,1507,1509,-1,1501,1509,1511,-1,1496,1499,1521,-1,1521,1499,1501,-1,1521,1501,1519,-1,1519,1501,1517,-1,1511,1513,1501,-1,1501,1513,1515,-1,1501,1515,1517,-1,1530,1531,1532,-1,1530,1532,1533,-1,1533,1532,1534,-1,1533,1534,1535,-1,1535,1534,1536,-1,1535,1536,1537,-1,1537,1536,1538,-1,1537,1538,1539,-1,1539,1538,1540,-1,1539,1540,1541,-1,1541,1540,1542,-1,1541,1542,1543,-1,1543,1542,1544,-1,1543,1544,1545,-1,1545,1544,1546,-1,1545,1546,1547,-1,1547,1546,1548,-1,1547,1548,1549,-1,1549,1548,1550,-1,1549,1550,1551,-1,1551,1550,1552,-1,1551,1552,1553,-1,1553,1552,1554,-1,1553,1554,1555,-1,1556,1557,1558,-1,1558,1557,1559,-1,1558,1559,1554,-1,1554,1559,1555,-1,1560,1561,1562,-1,1531,1530,1562,-1,1562,1530,1563,-1,1562,1563,1560,-1,1559,1563,1555,-1,1555,1563,1530,-1,1537,1539,1541,-1,1537,1541,1535,-1,1535,1541,1543,-1,1535,1543,1545,-1,1530,1533,1555,-1,1555,1533,1535,-1,1555,1535,1553,-1,1553,1535,1551,-1,1545,1547,1535,-1,1535,1547,1549,-1,1535,1549,1551,-1,1564,1565,1566,-1,1564,1566,1567,-1,1567,1566,1568,-1,1567,1568,1569,-1,1569,1568,1570,-1,1569,1570,1571,-1,1571,1570,1572,-1,1571,1572,1573,-1,1573,1572,1574,-1,1573,1574,1575,-1,1575,1574,1576,-1,1575,1576,1577,-1,1577,1576,1578,-1,1577,1578,1579,-1,1579,1578,1580,-1,1579,1580,1581,-1,1581,1580,1582,-1,1581,1582,1583,-1,1583,1582,1584,-1,1583,1584,1585,-1,1585,1584,1586,-1,1585,1586,1587,-1,1587,1586,1588,-1,1587,1588,1589,-1,1590,1591,1592,-1,1592,1591,1593,-1,1592,1593,1588,-1,1588,1593,1589,-1,1594,1595,1596,-1,1565,1564,1596,-1,1596,1564,1597,-1,1596,1597,1594,-1,1593,1597,1589,-1,1589,1597,1564,-1,1589,1564,1587,-1,1569,1571,1585,-1,1587,1564,1585,-1,1585,1564,1567,-1,1585,1567,1569,-1,1571,1573,1585,-1,1585,1573,1575,-1,1585,1575,1577,-1,1577,1579,1585,-1,1585,1579,1581,-1,1585,1581,1583,-1,1598,1599,1600,-1,1598,1600,1601,-1,1601,1600,1602,-1,1601,1602,1603,-1,1603,1602,1604,-1,1603,1604,1605,-1,1605,1604,1606,-1,1605,1606,1607,-1,1607,1606,1608,-1,1607,1608,1609,-1,1609,1608,1610,-1,1609,1610,1611,-1,1611,1610,1612,-1,1611,1612,1613,-1,1613,1612,1614,-1,1613,1614,1615,-1,1615,1614,1616,-1,1615,1616,1617,-1,1617,1616,1618,-1,1617,1618,1619,-1,1619,1618,1620,-1,1619,1620,1621,-1,1621,1620,1622,-1,1621,1622,1623,-1,1624,1625,1626,-1,1626,1625,1627,-1,1626,1627,1622,-1,1622,1627,1623,-1,1628,1629,1630,-1,1599,1598,1630,-1,1630,1598,1631,-1,1630,1631,1628,-1,1627,1631,1623,-1,1623,1631,1598,-1,1623,1598,1621,-1,1603,1605,1619,-1,1621,1598,1619,-1,1619,1598,1601,-1,1619,1601,1603,-1,1605,1607,1619,-1,1619,1607,1609,-1,1619,1609,1611,-1,1611,1613,1619,-1,1619,1613,1615,-1,1619,1615,1617,-1,1632,1633,1634,-1,1634,1633,1635,-1,1636,1632,1637,-1,1637,1632,1634,-1,1638,1636,1639,-1,1639,1636,1637,-1,1640,1638,1641,-1,1641,1638,1639,-1,1633,1640,1635,-1,1635,1640,1641,-1,1633,1632,1640,-1,1640,1632,1636,-1,1640,1636,1638,-1,782,813,783,-1,783,813,812,-1,815,813,787,-1,787,813,782,-1,1642,1643,1644,-1,1644,1643,1645,-1,1646,1642,1647,-1,1647,1642,1644,-1,1648,1646,1649,-1,1649,1646,1647,-1,1643,1648,1645,-1,1645,1648,1649,-1,1646,1648,1642,-1,1642,1648,1643,-1,748,779,749,-1,749,779,778,-1,779,748,781,-1,781,748,753,-1,714,745,715,-1,715,745,744,-1,745,714,747,-1,747,714,719,-1,680,711,681,-1,681,711,710,-1,711,680,713,-1,713,680,685,-1,646,677,647,-1,647,677,676,-1,677,646,679,-1,679,646,651,-1,612,643,613,-1,613,643,642,-1,643,612,645,-1,645,612,617,-1,578,609,579,-1,579,609,608,-1,609,578,611,-1,611,578,583,-1,544,575,545,-1,545,575,574,-1,575,544,577,-1,577,544,549,-1,510,541,511,-1,511,541,540,-1,541,510,543,-1,543,510,515,-1,476,507,477,-1,477,507,506,-1,507,476,509,-1,509,476,481,-1,442,473,443,-1,443,473,472,-1,473,442,475,-1,475,442,447,-1,0,31,1,-1,1,31,30,-1,31,0,33,-1,33,0,5,-1,1650,1651,1652,-1,1652,1651,1653,-1,1654,1650,1655,-1,1655,1650,1652,-1,1656,1654,1657,-1,1657,1654,1655,-1,1651,1656,1653,-1,1653,1656,1657,-1,1654,1656,1650,-1,1650,1656,1651,-1,1254,1251,1255,-1,1255,1251,1250,-1,1254,1257,1251,-1,1251,1257,1253,-1,1658,1659,1660,-1,1660,1659,1661,-1,1662,1658,1663,-1,1663,1658,1660,-1,1664,1662,1665,-1,1665,1662,1663,-1,1659,1664,1661,-1,1661,1664,1665,-1,1662,1664,1658,-1,1658,1664,1659,-1,1288,1285,1289,-1,1289,1285,1284,-1,1285,1288,1287,-1,1287,1288,1291,-1,1322,1319,1323,-1,1323,1319,1318,-1,1319,1322,1321,-1,1321,1322,1325,-1,1356,1353,1357,-1,1357,1353,1352,-1,1353,1356,1355,-1,1355,1356,1359,-1,1390,1387,1391,-1,1391,1387,1386,-1,1387,1390,1389,-1,1389,1390,1393,-1,1424,1421,1425,-1,1425,1421,1420,-1,1421,1424,1423,-1,1423,1424,1427,-1,1458,1455,1459,-1,1459,1455,1454,-1,1455,1458,1457,-1,1457,1458,1461,-1,1492,1489,1493,-1,1493,1489,1488,-1,1489,1492,1491,-1,1491,1492,1495,-1,1526,1523,1527,-1,1527,1523,1522,-1,1523,1526,1525,-1,1525,1526,1529,-1,1560,1557,1561,-1,1561,1557,1556,-1,1557,1560,1559,-1,1559,1560,1563,-1,1594,1591,1595,-1,1595,1591,1590,-1,1591,1594,1593,-1,1593,1594,1597,-1,1628,1625,1629,-1,1629,1625,1624,-1,1625,1628,1627,-1,1627,1628,1631,-1,1666,1667,1668,-1,1668,1667,1669,-1,1670,1666,1671,-1,1671,1666,1668,-1,1672,1670,1673,-1,1673,1670,1671,-1,1667,1672,1669,-1,1669,1672,1673,-1,1670,1672,1666,-1,1666,1672,1667,-1,846,843,847,-1,847,843,842,-1,843,846,845,-1,845,846,849,-1,1674,1675,1676,-1,1676,1675,1677,-1,1678,1674,1679,-1,1679,1674,1676,-1,1680,1678,1681,-1,1681,1678,1679,-1,1675,1680,1677,-1,1677,1680,1681,-1,1678,1680,1674,-1,1674,1680,1675,-1,880,877,881,-1,881,877,876,-1,877,880,879,-1,879,880,883,-1,914,911,915,-1,915,911,910,-1,911,914,913,-1,913,914,917,-1,948,945,949,-1,949,945,944,-1,945,948,947,-1,947,948,951,-1,982,979,983,-1,983,979,978,-1,979,982,981,-1,981,982,985,-1,1016,1013,1017,-1,1017,1013,1012,-1,1013,1016,1015,-1,1015,1016,1019,-1,1050,1047,1051,-1,1051,1047,1046,-1,1047,1050,1049,-1,1049,1050,1053,-1,1084,1081,1085,-1,1085,1081,1080,-1,1081,1084,1083,-1,1083,1084,1087,-1,1118,1115,1119,-1,1119,1115,1114,-1,1115,1118,1117,-1,1117,1118,1121,-1,1152,1149,1153,-1,1153,1149,1148,-1,1149,1152,1151,-1,1151,1152,1155,-1,1186,1183,1187,-1,1187,1183,1182,-1,1183,1186,1185,-1,1185,1186,1189,-1,1220,1217,1221,-1,1221,1217,1216,-1,1217,1220,1219,-1,1219,1220,1223,-1,1682,1683,1684,-1,1684,1683,1685,-1,1686,1682,1687,-1,1687,1682,1684,-1,1688,1686,1689,-1,1689,1686,1687,-1,1683,1688,1685,-1,1685,1688,1689,-1,1686,1688,1682,-1,1682,1688,1683,-1,408,439,409,-1,409,439,438,-1,439,408,441,-1,441,408,413,-1,1690,1691,1692,-1,1692,1691,1693,-1,1694,1690,1695,-1,1695,1690,1692,-1,1696,1694,1697,-1,1697,1694,1695,-1,1691,1696,1693,-1,1693,1696,1697,-1,1694,1696,1690,-1,1690,1696,1691,-1,374,405,375,-1,375,405,404,-1,405,374,407,-1,407,374,379,-1,340,371,341,-1,341,371,370,-1,371,340,373,-1,373,340,345,-1,306,337,307,-1,307,337,336,-1,337,306,339,-1,339,306,311,-1,272,303,273,-1,273,303,302,-1,303,272,305,-1,305,272,277,-1,238,269,239,-1,239,269,268,-1,269,238,271,-1,271,238,243,-1,204,235,205,-1,205,235,234,-1,235,204,237,-1,237,204,209,-1,170,201,171,-1,171,201,200,-1,201,170,203,-1,203,170,175,-1,136,167,137,-1,137,167,166,-1,167,136,169,-1,169,136,141,-1,102,133,103,-1,103,133,132,-1,133,102,135,-1,135,102,107,-1,68,99,69,-1,69,99,98,-1,99,68,101,-1,101,68,73,-1,34,65,35,-1,35,65,64,-1,65,34,67,-1,67,34,39,-1,1698,1699,1700,-1,1700,1699,1701,-1,1702,1698,1703,-1,1703,1698,1700,-1,1704,1702,1705,-1,1705,1702,1703,-1,1699,1704,1701,-1,1701,1704,1705,-1,1702,1704,1698,-1,1698,1704,1699,-1,1706,1707,1708,-1,1708,1707,1709,-1,1708,1709,1710,-1,1710,1709,1711,-1,1710,1711,1712,-1,1712,1711,1713,-1,1712,1713,1714,-1,1714,1713,1715,-1,1714,1715,1716,-1,1716,1715,1717,-1,1716,1717,1718,-1,1718,1717,1719,-1,1718,1719,1720,-1,1720,1719,1721,-1,1720,1721,1722,-1,1722,1721,1723,-1,1722,1723,1724,-1,1724,1723,1725,-1,1724,1725,1726,-1,1726,1725,1727,-1,1726,1727,1728,-1,1728,1727,1729,-1,1728,1729,1730,-1,1730,1729,1731,-1,1730,1731,1732,-1,1732,1731,1733,-1,1732,1733,1734,-1,1734,1733,1735,-1,1734,1735,1736,-1,1736,1735,1737,-1,1736,1737,1738,-1,1738,1737,1739,-1,1738,1739,1740,-1,1740,1739,1741,-1,1740,1741,1742,-1,1742,1741,1743,-1,1742,1743,1744,-1,1744,1743,1745,-1,1744,1745,1746,-1,1746,1745,1747,-1,1746,1747,1748,-1,1748,1747,1749,-1,1748,1749,1750,-1,1750,1749,1751,-1,1750,1751,1752,-1,1752,1751,1753,-1,1752,1753,1706,-1,1706,1753,1707,-1,1750,1752,1754,-1,1754,1752,1706,-1,1754,1706,1708,-1,1744,1746,1754,-1,1754,1746,1748,-1,1754,1748,1750,-1,1738,1740,1754,-1,1754,1740,1742,-1,1754,1742,1744,-1,1732,1734,1754,-1,1754,1734,1736,-1,1754,1736,1738,-1,1726,1728,1754,-1,1754,1728,1730,-1,1754,1730,1732,-1,1720,1722,1754,-1,1754,1722,1724,-1,1754,1724,1726,-1,1714,1716,1754,-1,1754,1716,1718,-1,1754,1718,1720,-1,1708,1710,1754,-1,1754,1710,1712,-1,1754,1712,1714,-1,1755,1756,1757,-1,1757,1756,1758,-1,1759,1760,1755,-1,1755,1760,1761,-1,1755,1761,1756,-1,1756,1761,1762,-1,1759,1763,1760,-1,1760,1763,1764,-1,1760,1764,1765,-1,1765,1764,1766,-1,1765,1766,1767,-1,1767,1768,1765,-1,1765,1768,1757,-1,1765,1757,1769,-1,1769,1757,1758,-1,1769,1758,1770,-1,1758,1771,1770,-1,1770,1771,1772,-1,1756,1773,1758,-1,1758,1773,1771,-1,1762,1774,1756,-1,1756,1774,1773,-1,1761,1775,1762,-1,1762,1775,1774,-1,1760,1776,1761,-1,1761,1776,1775,-1,1765,1777,1760,-1,1760,1777,1776,-1,1769,1778,1765,-1,1765,1778,1777,-1,1769,1770,1778,-1,1778,1770,1772,-1,1779,1768,1767,-1,1779,1767,1780,-1,1780,1767,1766,-1,1780,1766,1781,-1,1764,1782,1766,-1,1766,1782,1781,-1,1782,1764,1763,-1,1782,1763,1783,-1,1783,1763,1759,-1,1783,1759,1784,-1,1755,1785,1759,-1,1759,1785,1784,-1,1757,1786,1755,-1,1755,1786,1785,-1,1779,1786,1768,-1,1768,1786,1757,-1,1787,1788,1789,-1,1789,1788,1790,-1,1788,1787,1791,-1,1788,1791,1792,-1,1792,1791,1793,-1,1792,1793,1794,-1,1794,1793,1795,-1,1794,1795,1796,-1,1796,1795,1797,-1,1796,1797,1798,-1,1798,1797,1799,-1,1798,1799,1800,-1,1800,1799,1801,-1,1800,1801,1802,-1,1802,1801,1803,-1,1802,1803,1804,-1,1804,1803,1805,-1,1804,1805,1806,-1,1806,1805,1807,-1,1806,1807,1808,-1,1808,1807,1809,-1,1808,1809,1810,-1,1810,1809,1811,-1,1810,1811,1812,-1,1812,1811,1813,-1,1812,1813,1814,-1,1814,1813,1815,-1,1814,1815,1816,-1,1816,1815,1817,-1,1816,1817,1818,-1,1818,1817,1819,-1,1818,1819,1820,-1,1821,1822,1819,-1,1819,1822,1820,-1,1821,1789,1822,-1,1822,1789,1790,-1,1801,1799,1823,-1,1823,1799,1797,-1,1823,1797,1824,-1,1824,1797,1795,-1,1824,1795,1825,-1,1825,1795,1793,-1,1825,1793,1826,-1,1826,1793,1791,-1,1826,1791,1827,-1,1827,1791,1787,-1,1827,1787,1828,-1,1828,1787,1789,-1,1828,1789,1829,-1,1829,1789,1821,-1,1829,1821,1830,-1,1830,1821,1819,-1,1830,1819,1831,-1,1831,1819,1817,-1,1831,1817,1832,-1,1832,1817,1815,-1,1832,1815,1833,-1,1833,1815,1813,-1,1833,1813,1834,-1,1834,1813,1811,-1,1834,1811,1835,-1,1835,1811,1809,-1,1835,1809,1836,-1,1836,1809,1807,-1,1836,1807,1837,-1,1837,1807,1805,-1,1837,1805,1838,-1,1838,1805,1803,-1,1838,1803,1839,-1,1839,1803,1801,-1,1839,1801,1823,-1,1830,1840,1829,-1,1829,1840,1841,-1,1840,1830,1831,-1,1840,1831,1842,-1,1842,1831,1832,-1,1842,1832,1843,-1,1843,1832,1833,-1,1843,1833,1844,-1,1844,1833,1834,-1,1844,1834,1845,-1,1845,1834,1835,-1,1845,1835,1846,-1,1846,1835,1836,-1,1846,1836,1847,-1,1847,1836,1837,-1,1847,1837,1848,-1,1848,1837,1838,-1,1848,1838,1849,-1,1849,1838,1839,-1,1849,1839,1850,-1,1850,1839,1823,-1,1850,1823,1851,-1,1851,1823,1824,-1,1851,1824,1852,-1,1852,1824,1825,-1,1852,1825,1853,-1,1853,1825,1826,-1,1853,1826,1854,-1,1854,1826,1827,-1,1854,1827,1855,-1,1828,1856,1827,-1,1827,1856,1855,-1,1841,1856,1829,-1,1829,1856,1828,-1,1857,1858,1859,-1,1859,1858,1860,-1,1861,1862,1857,-1,1857,1862,1858,-1,1863,1864,1861,-1,1861,1864,1862,-1,1865,1866,1863,-1,1863,1866,1864,-1,1867,1868,1865,-1,1865,1868,1866,-1,1869,1870,1867,-1,1867,1870,1868,-1,1871,1872,1869,-1,1869,1872,1870,-1,1873,1874,1871,-1,1871,1874,1872,-1,1875,1876,1873,-1,1873,1876,1874,-1,1877,1878,1875,-1,1875,1878,1876,-1,1879,1880,1877,-1,1877,1880,1878,-1,1879,1859,1880,-1,1880,1859,1860,-1,1859,1879,1877,-1,1877,1875,1859,-1,1859,1875,1873,-1,1859,1873,1857,-1,1863,1861,1865,-1,1865,1861,1857,-1,1865,1857,1867,-1,1867,1857,1873,-1,1867,1873,1869,-1,1869,1873,1871,-1,1881,1882,1883,-1,1881,1883,1884,-1,1883,1885,1884,-1,1884,1885,1886,-1,1884,1886,1887,-1,1887,1886,1888,-1,1887,1888,1889,-1,1889,1888,1890,-1,1889,1890,1891,-1,1891,1890,1892,-1,1891,1892,1893,-1,1893,1892,1894,-1,1893,1894,1895,-1,1895,1894,1896,-1,1895,1896,1897,-1,1897,1896,1898,-1,1897,1898,1899,-1,1899,1898,1900,-1,1899,1900,1901,-1,1901,1900,1902,-1,1901,1902,1903,-1,1903,1902,1904,-1,1903,1904,1905,-1,1905,1904,1906,-1,1905,1906,1907,-1,1907,1906,1908,-1,1907,1908,1909,-1,1909,1908,1910,-1,1910,1908,1911,-1,1910,1911,1912,-1,1912,1911,1913,-1,1913,1911,1914,-1,1913,1914,1915,-1,1915,1914,1916,-1,1915,1916,1917,-1,1918,1919,1916,-1,1916,1919,1917,-1,1919,1918,1920,-1,1919,1920,1921,-1,1921,1920,1922,-1,1921,1922,1923,-1,1923,1922,1924,-1,1923,1924,1925,-1,1925,1924,1926,-1,1925,1926,1927,-1,1927,1926,1928,-1,1927,1928,1929,-1,1929,1928,1930,-1,1929,1930,1931,-1,1931,1930,1932,-1,1931,1932,1933,-1,1933,1932,1934,-1,1933,1934,1935,-1,1935,1934,1936,-1,1935,1936,1937,-1,1937,1936,1938,-1,1937,1938,1939,-1,1939,1938,1940,-1,1939,1940,1941,-1,1941,1940,1942,-1,1941,1942,1943,-1,1943,1942,1944,-1,1943,1944,1945,-1,1945,1944,1946,-1,1945,1946,1947,-1,1947,1946,1948,-1,1947,1948,1949,-1,1949,1948,1950,-1,1949,1950,1951,-1,1951,1950,1952,-1,1951,1952,1953,-1,1953,1952,1954,-1,1953,1954,1955,-1,1955,1954,1956,-1,1955,1956,1957,-1,1958,1959,1956,-1,1956,1959,1957,-1,1960,1959,1961,-1,1961,1959,1958,-1,1960,1961,1962,-1,1962,1961,1963,-1,1962,1963,1964,-1,1964,1963,1883,-1,1964,1883,1882,-1,1948,1883,1950,-1,1950,1883,1963,-1,1950,1963,1952,-1,1952,1963,1961,-1,1952,1961,1954,-1,1954,1961,1958,-1,1954,1958,1956,-1,1918,1916,1920,-1,1920,1916,1914,-1,1920,1914,1922,-1,1922,1914,1911,-1,1922,1911,1924,-1,1924,1911,1908,-1,1924,1908,1926,-1,1926,1908,1906,-1,1926,1906,1928,-1,1928,1906,1904,-1,1928,1904,1930,-1,1930,1904,1902,-1,1930,1902,1932,-1,1932,1902,1900,-1,1932,1900,1934,-1,1934,1900,1898,-1,1934,1898,1936,-1,1936,1898,1896,-1,1936,1896,1938,-1,1938,1896,1894,-1,1938,1894,1940,-1,1940,1894,1892,-1,1940,1892,1942,-1,1942,1892,1890,-1,1942,1890,1944,-1,1944,1890,1888,-1,1944,1888,1946,-1,1946,1888,1886,-1,1946,1886,1948,-1,1948,1886,1885,-1,1948,1885,1883,-1,1965,1966,1967,-1,1967,1966,1968,-1,1969,1970,1965,-1,1965,1970,1966,-1,1971,1972,1969,-1,1969,1972,1970,-1,1973,1974,1971,-1,1971,1974,1972,-1,1975,1976,1973,-1,1973,1976,1974,-1,1975,1967,1976,-1,1976,1967,1968,-1,1969,1965,1971,-1,1971,1965,1967,-1,1971,1967,1973,-1,1973,1967,1975,-1,
        ]
    }
}
Shape{
    appearance Appearance {
        material  Material 	{
            diffuseColor 0.20784313725490197 0.20784313725490197 0.20784313725490197
            specularColor 0.01568627450980392 0.01568627450980392 0.01568627450980392
            ambientIntensity 0.2
            transparency 0
            shininess 0.5
        }
    }
    geometry IndexedFaceSet {
        ccw TRUE
        solid FALSE
        coord DEF co Coordinate {
            point [
                -0.1052 -1.0991 0.0, -0.1315 -1.0991 0.0, -0.1169 -1.0662 0.0, -0.1197 -1.0662 0.0, -0.1177 -1.0635 0.0, -0.119 -1.0635 0.0, -0.1182 -1.0607 0.0, -0.1185 -1.0607 0.0, -0.0249 -1.0597 0.0, -0.0249 -1.1212 0.0, -0.0365 -1.0597 0.0, -0.0361 -1.1212 0.0, -0.0444 -1.1204 0.0, -0.0672 -1.0897 0.0, -0.0665 -1.0818 0.0, -0.0647 -1.0756 0.0, -0.0459 -1.0607 0.0, -0.051 -1.1183 0.0, -0.0564 -1.1151 0.0, -0.0608 -1.1108 0.0, -0.0641 -1.1054 0.0, -0.0664 -1.098 0.0, -0.0619 -1.0708 0.0, -0.0581 -1.0667 0.0, -0.0524 -1.063 0.0, -0.0524 -1.063 0.0
            ]
        }
        coordIndex [
            0,1,2,-1,2,1,3,-1,2,3,4,-1,4,3,5,-1,4,5,6,-1,6,5,7,-1,8,9,10,-1,10,9,11,-1,10,11,12,-1,13,14,10,-1,10,14,15,-1,10,15,16,-1,12,17,10,-1,10,17,18,-1,10,18,19,-1,19,20,10,-1,10,20,21,-1,10,21,13,-1,22,23,15,-1,15,23,24,-1,15,24,16,-1,
        ]
    }
}